ISO-10303-21;
HEADER;
/* Generated by software containing ST-Developer
 * from STEP Tools, Inc. (www.steptools.com) 
 */

FILE_DESCRIPTION(
/* description */ ('STEP AP242'),
/* implementation_level */ '2;1');

FILE_NAME(
/* name */ 'toki_case_bottom_3deg.step',
/* time_stamp */ '2026-08-12T22:33:48-05:00',
/* author */ (''),
/* organization */ (''),
/* preprocessor_version */ 'ST-DEVELOPER v20.1',
/* originating_system */ 'Autodesk Translation Framework v15.8.0.0',
/* authorisation */ '');

FILE_SCHEMA (('AUTOMOTIVE_DESIGN { 1 0 10303 214 3 1 1 }'));
ENDSEC;

DATA;
#10=MECHANICAL_DESIGN_GEOMETRIC_PRESENTATION_REPRESENTATION('',(#13),#7431);
#11=SHAPE_REPRESENTATION_RELATIONSHIP('SRR','None',#7438,#12);
#12=ADVANCED_BREP_SHAPE_REPRESENTATION('',(#14),#7430);
#13=STYLED_ITEM('',(#7448),#14);
#14=MANIFOLD_SOLID_BREP('Body3',#3909);
#15=B_SPLINE_SURFACE_WITH_KNOTS('',3,3,((#6018,#6019,#6020,#6021,#6022,
#6023,#6024),(#6025,#6026,#6027,#6028,#6029,#6030,#6031),(#6032,#6033,#6034,
#6035,#6036,#6037,#6038),(#6039,#6040,#6041,#6042,#6043,#6044,#6045),(#6046,
#6047,#6048,#6049,#6050,#6051,#6052)),.UNSPECIFIED.,.F.,.F.,.F.,(4,1,4),
(4,1,1,1,4),(0.,0.571428571428571,1.),(0.117606426693511,0.44752676750914,
0.777447108324769,1.21734089607894,1.65723468383311),.UNSPECIFIED.);
#16=B_SPLINE_SURFACE_WITH_KNOTS('',3,3,((#6186,#6187,#6188,#6189,#6190,
#6191,#6192),(#6193,#6194,#6195,#6196,#6197,#6198,#6199),(#6200,#6201,#6202,
#6203,#6204,#6205,#6206),(#6207,#6208,#6209,#6210,#6211,#6212,#6213),(#6214,
#6215,#6216,#6217,#6218,#6219,#6220)),.UNSPECIFIED.,.F.,.F.,.F.,(4,1,4),
(4,1,1,1,4),(0.,0.571428571428571,1.),(0.0997387972723601,0.545635882334801,
0.768584424866022,1.21448150992846,1.6603785949909),.UNSPECIFIED.);
#17=B_SPLINE_SURFACE_WITH_KNOTS('',3,3,((#6279,#6280,#6281,#6282,#6283,
#6284,#6285),(#6286,#6287,#6288,#6289,#6290,#6291,#6292),(#6293,#6294,#6295,
#6296,#6297,#6298,#6299),(#6300,#6301,#6302,#6303,#6304,#6305,#6306),(#6307,
#6308,#6309,#6310,#6311,#6312,#6313)),.UNSPECIFIED.,.F.,.F.,.F.,(4,1,4),
(4,1,1,1,4),(0.,0.571428571428571,1.),(-1.59218076023955,-1.10017574721359,
-0.854173240700608,-0.362168227674648,0.129836785351312),.UNSPECIFIED.);
#18=B_SPLINE_SURFACE_WITH_KNOTS('',3,3,((#6337,#6338,#6339,#6340,#6341),
(#6342,#6343,#6344,#6345,#6346),(#6347,#6348,#6349,#6350,#6351),(#6352,
#6353,#6354,#6355,#6356),(#6357,#6358,#6359,#6360,#6361)),.UNSPECIFIED.,
 .F.,.F.,.F.,(4,1,4),(4,1,4),(0.,0.571428571428571,1.),(-0.886810940975106,
-0.362571798014799,0.0306075592054309),.UNSPECIFIED.);
#19=B_SPLINE_SURFACE_WITH_KNOTS('',3,3,((#6374,#6375,#6376,#6377),(#6378,
#6379,#6380,#6381),(#6382,#6383,#6384,#6385),(#6386,#6387,#6388,#6389),
(#6390,#6391,#6392,#6393)),.UNSPECIFIED.,.F.,.F.,.F.,(4,1,4),(4,4),(0.,
0.571428571428571,1.),(0.0306075592054349,0.184036116890265),
 .UNSPECIFIED.);
#20=B_SPLINE_SURFACE_WITH_KNOTS('',3,3,((#6406,#6407,#6408,#6409),(#6410,
#6411,#6412,#6413),(#6414,#6415,#6416,#6417),(#6418,#6419,#6420,#6421),
(#6422,#6423,#6424,#6425)),.UNSPECIFIED.,.F.,.F.,.F.,(4,1,4),(4,4),(0.,
0.571428571428571,1.),(-0.184036116890263,-0.0306076810072161),
 .UNSPECIFIED.);
#21=B_SPLINE_SURFACE_WITH_KNOTS('',3,3,((#6433,#6434,#6435,#6436,#6437),
(#6438,#6439,#6440,#6441,#6442),(#6443,#6444,#6445,#6446,#6447),(#6448,
#6449,#6450,#6451,#6452),(#6453,#6454,#6455,#6456,#6457)),.UNSPECIFIED.,
 .F.,.F.,.F.,(4,1,4),(4,1,4),(0.,0.571428571428571,1.),(-0.0306076810072167,
0.362571946099866,0.88681144890931),.UNSPECIFIED.);
#22=B_SPLINE_SURFACE_WITH_KNOTS('',3,3,((#6483,#6484,#6485,#6486,#6487,
#6488,#6489),(#6490,#6491,#6492,#6493,#6494,#6495,#6496),(#6497,#6498,#6499,
#6500,#6501,#6502,#6503),(#6504,#6505,#6506,#6507,#6508,#6509,#6510),(#6511,
#6512,#6513,#6514,#6515,#6516,#6517)),.UNSPECIFIED.,.F.,.F.,.F.,(4,1,4),
(4,1,1,1,4),(0.,0.571428571428571,1.),(-0.129835858555337,0.362168874572359,
0.608171241136208,1.1001759742639,1.5921807073916),.UNSPECIFIED.);
#23=B_SPLINE_SURFACE_WITH_KNOTS('',3,3,((#6587,#6588,#6589,#6590,#6591,
#6592,#6593),(#6594,#6595,#6596,#6597,#6598,#6599,#6600),(#6601,#6602,#6603,
#6604,#6605,#6606,#6607),(#6608,#6609,#6610,#6611,#6612,#6613,#6614),(#6615,
#6616,#6617,#6618,#6619,#6620,#6621)),.UNSPECIFIED.,.F.,.F.,.F.,(4,1,4),
(4,1,1,1,4),(0.,0.571428571428571,1.),(-1.66037859499096,-1.21475402316479,
-0.991941737251698,-0.54631716542552,-0.100692593599342),.UNSPECIFIED.);
#24=B_SPLINE_SURFACE_WITH_KNOTS('',3,3,((#6869,#6870,#6871,#6872,#6873,
#6874),(#6875,#6876,#6877,#6878,#6879,#6880),(#6881,#6882,#6883,#6884,#6885,
#6886),(#6887,#6888,#6889,#6890,#6891,#6892),(#6893,#6894,#6895,#6896,#6897,
#6898)),.UNSPECIFIED.,.F.,.F.,.F.,(4,1,4),(4,1,1,4),(0.,0.571428571428571,
1.),(-1.65728900162804,-0.99750849305017,-0.557654820664925,-0.11780114827968),
 .UNSPECIFIED.);
#25=B_SPLINE_CURVE_WITH_KNOTS('',3,(#5957,#5958,#5959,#5960,#5961,#5962,
#5963,#5964,#5965,#5966,#5967,#5968,#5969,#5970,#5971,#5972,#5973,#5974,
#5975,#5976,#5977,#5978,#5979,#5980,#5981,#5982,#5983,#5984,#5985,#5986,
#5987,#5988,#5989,#5990,#5991,#5992,#5993,#5994,#5995,#5996,#5997,#5998,
#5999,#6000,#6001,#6002,#6003,#6004,#6005,#6006,#6007,#6008,#6009,#6010,
#6011,#6012,#6013,#6014),.UNSPECIFIED.,.F.,.F.,(4,3,3,3,3,3,3,3,3,3,3,3,
3,3,3,3,3,3,3,4),(-0.00128884897427817,0.,0.0297507540726897,0.0601840846818368,
0.0676382232150272,0.0979929963230926,0.128657976511646,0.135273288187961,
0.16598279005934,0.196687900115114,0.226765910917272,0.252477167612771,
0.277497160662256,0.307597595806222,0.338628921673105,0.369660247539988,
0.400165194469956,0.430718224787068,0.460677143606255,0.486751456334047),
 .UNSPECIFIED.);
#26=B_SPLINE_CURVE_WITH_KNOTS('',3,(#6054,#6055,#6056,#6057,#6058,#6059,
#6060,#6061,#6062,#6063,#6064,#6065,#6066,#6067,#6068,#6069,#6070,#6071,
#6072,#6073,#6074,#6075,#6076,#6077,#6078,#6079,#6080,#6081,#6082,#6083,
#6084,#6085,#6086,#6087,#6088,#6089,#6090,#6091,#6092,#6093,#6094,#6095,
#6096,#6097,#6098,#6099,#6100,#6101,#6102,#6103,#6104,#6105,#6106,#6107,
#6108),.UNSPECIFIED.,.F.,.F.,(4,3,3,3,3,3,3,3,3,3,3,3,3,3,3,3,3,3,4),(-0.00152755973742618,
0.,0.0281571277748803,0.0579824071299876,0.0884987612824708,0.117594003800722,
0.148245127950438,0.178956893711528,0.209128251285378,0.234795825382353,
0.265377508766487,0.267499929159471,0.297678109604497,0.328222430370978,
0.351985965851146,0.382468548075233,0.413022472669753,0.443016858903428,
0.469169089712436),.UNSPECIFIED.);
#27=B_SPLINE_CURVE_WITH_KNOTS('',3,(#6110,#6111,#6112,#6113),
 .UNSPECIFIED.,.F.,.F.,(4,4),(0.0502384075542137,0.0506229982551483),
 .UNSPECIFIED.);
#28=B_SPLINE_CURVE_WITH_KNOTS('',3,(#6123,#6124,#6125,#6126,#6127,#6128,
#6129,#6130,#6131,#6132,#6133,#6134,#6135,#6136,#6137,#6138,#6139,#6140,
#6141,#6142,#6143,#6144,#6145,#6146,#6147,#6148,#6149,#6150,#6151,#6152,
#6153,#6154,#6155,#6156,#6157,#6158,#6159,#6160,#6161,#6162,#6163,#6164,
#6165,#6166,#6167,#6168,#6169,#6170,#6171,#6172,#6173,#6174,#6175,#6176,
#6177,#6178,#6179,#6180),.UNSPECIFIED.,.F.,.F.,(4,3,3,3,3,3,3,3,3,3,3,3,
3,3,3,3,3,3,3,4),(-0.48862531053596,-0.487754638903688,-0.457942057671255,
-0.427447513875084,-0.419540171407139,-0.389116365095673,-0.358402724249926,
-0.351348018332108,-0.320603886101623,-0.28988927545693,-0.259834928559954,
-0.2340550178114,-0.209405247132119,-0.17929777624104,-0.148140443163859,
-0.116983110086678,-0.0865066102841393,-0.0559924894529825,-0.0260780271075777,
0.),.UNSPECIFIED.);
#29=B_SPLINE_CURVE_WITH_KNOTS('',3,(#6227,#6228,#6229,#6230,#6231,#6232,
#6233,#6234,#6235,#6236,#6237,#6238,#6239,#6240,#6241,#6242,#6243,#6244,
#6245,#6246,#6247,#6248,#6249,#6250,#6251,#6252,#6253,#6254,#6255,#6256,
#6257,#6258,#6259,#6260,#6261,#6262,#6263,#6264,#6265,#6266,#6267,#6268,
#6269,#6270,#6271,#6272,#6273,#6274,#6275,#6276,#6277,#6278),
 .UNSPECIFIED.,.F.,.F.,(4,3,3,3,3,3,3,3,3,3,3,3,3,3,3,3,3,4),(-0.000943970649623898,
0.,0.0301603831883031,0.0602178061454922,0.0907727999219374,0.120410177923929,
0.151085436668138,0.181801494638691,0.211950213977142,0.237700567455801,
0.269226058409127,0.299383720613957,0.329902892146334,0.354841711718097,
0.385301130161674,0.415828748516193,0.445807809728009,0.47042347702314),
 .UNSPECIFIED.);
#30=B_SPLINE_CURVE_WITH_KNOTS('',3,(#6318,#6319,#6320,#6321),
 .UNSPECIFIED.,.F.,.F.,(4,4),(-0.201923701020745,-0.200354642138678),
 .UNSPECIFIED.);
#31=B_SPLINE_CURVE_WITH_KNOTS('',3,(#6325,#6326,#6327,#6328,#6329,#6330,
#6331,#6332,#6333,#6334,#6335,#6336),.UNSPECIFIED.,.F.,.F.,(4,2,2,2,2,4),
(-0.000887021611210125,0.,0.146147052160948,0.271470699409707,0.384573543412265,
0.487746271060873),.UNSPECIFIED.);
#32=B_SPLINE_CURVE_WITH_KNOTS('',3,(#6366,#6367,#6368,#6369),
 .UNSPECIFIED.,.F.,.F.,(4,4),(-0.772461275441117,-0.765438380155685),
 .UNSPECIFIED.);
#33=B_SPLINE_CURVE_WITH_KNOTS('',3,(#6461,#6462,#6463,#6464,#6465,#6466,
#6467,#6468,#6469,#6470,#6471,#6472,#6473,#6474),.UNSPECIFIED.,.F.,.F.,
(4,2,2,2,2,2,4),(-0.489975163800247,-0.489092021552593,-0.373695775511813,
-0.262122688348364,-0.145895260858721,-0.0379040921477338,-0.00409857367375616),
 .UNSPECIFIED.);
#34=B_SPLINE_CURVE_WITH_KNOTS('',3,(#6475,#6476,#6477,#6478),
 .UNSPECIFIED.,.F.,.F.,(4,4),(-0.0041018139193959,0.),.UNSPECIFIED.);
#35=B_SPLINE_CURVE_WITH_KNOTS('',3,(#6521,#6522,#6523,#6524,#6525,#6526,
#6527,#6528,#6529,#6530,#6531,#6532,#6533,#6534,#6535,#6536,#6537,#6538,
#6539,#6540,#6541,#6542,#6543,#6544,#6545,#6546,#6547,#6548,#6549,#6550,
#6551,#6552,#6553,#6554,#6555,#6556,#6557,#6558,#6559,#6560,#6561,#6562,
#6563,#6564,#6565,#6566,#6567,#6568,#6569,#6570,#6571,#6572,#6573,#6574,
#6575,#6576,#6577,#6578),.UNSPECIFIED.,.F.,.F.,(4,3,3,3,3,3,3,3,3,3,3,3,
3,3,3,3,3,3,3,4),(-0.472998988285275,-0.472055075912944,-0.442252252847837,
-0.411915682639603,-0.38121210976189,-0.365709981492114,-0.335084128295801,
-0.304344679203909,-0.274073560044472,-0.24840484001009,-0.217838070509145,
-0.20261154561468,-0.172360557308646,-0.141853517594095,-0.131254927684696,
-0.100850237895431,-0.0703078115663144,-0.0402261458906937,-0.0141915393954797,
-0.00148330886249811),.UNSPECIFIED.);
#36=B_SPLINE_CURVE_WITH_KNOTS('',3,(#6579,#6580,#6581,#6582),
 .UNSPECIFIED.,.F.,.F.,(4,4),(-0.0014885800408834,0.),.UNSPECIFIED.);
#37=B_SPLINE_CURVE_WITH_KNOTS('',3,(#6624,#6625,#6626,#6627,#6628,#6629,
#6630,#6631,#6632,#6633,#6634,#6635,#6636,#6637,#6638,#6639,#6640,#6641,
#6642,#6643,#6644,#6645,#6646,#6647,#6648,#6649,#6650,#6651,#6652,#6653,
#6654,#6655,#6656,#6657,#6658,#6659,#6660,#6661,#6662,#6663,#6664,#6665,
#6666,#6667,#6668,#6669,#6670,#6671,#6672,#6673,#6674,#6675,#6676,#6677,
#6678,#6679,#6680,#6681),.UNSPECIFIED.,.F.,.F.,(4,3,3,3,3,3,3,3,3,3,3,3,
3,3,3,3,3,3,3,4),(-0.000871511391608665,0.,0.0298148433187676,0.060311833987621,
0.068215656928186,0.0986416531202349,0.129357700140275,0.136409222530524,
0.167155745137356,0.197872958544945,0.227930127679791,0.25371130150933,
0.27836733982206,0.30847732582404,0.339635817123956,0.370794308423871,0.40127374944161,
0.431790913432397,0.461708401953992,0.487789339129834),.UNSPECIFIED.);
#38=B_SPLINE_CURVE_WITH_KNOTS('',3,(#6684,#6685,#6686,#6687,#6688,#6689,
#6690,#6691,#6692,#6693,#6694,#6695,#6696,#6697,#6698,#6699,#6700,#6701,
#6702,#6703,#6704,#6705,#6706,#6707,#6708,#6709,#6710,#6711,#6712,#6713,
#6714,#6715,#6716,#6717,#6718,#6719,#6720,#6721,#6722,#6723,#6724,#6725,
#6726,#6727,#6728,#6729,#6730,#6731,#6732),.UNSPECIFIED.,.F.,.F.,(4,3,3,
3,3,3,3,3,3,3,3,3,3,3,3,3,4),(0.,0.101447262777846,0.202517740527608,0.303585282376569,
0.40465009026363,0.505712366070162,0.606772311624262,0.707830128704822,
0.808886019045955,0.910669792220902,1.01173745583156,1.11279983601807,1.21385774013567,
1.31618235621314,1.41724485875653,1.52020053160103,1.62315620444553),
 .UNSPECIFIED.);
#39=B_SPLINE_CURVE_WITH_KNOTS('',3,(#6753,#6754,#6755,#6756,#6757,#6758,
#6759,#6760,#6761,#6762,#6763,#6764,#6765,#6766,#6767,#6768,#6769,#6770,
#6771,#6772,#6773,#6774,#6775,#6776,#6777,#6778,#6779,#6780,#6781,#6782,
#6783,#6784,#6785,#6786,#6787,#6788,#6789,#6790,#6791,#6792,#6793,#6794,
#6795,#6796,#6797,#6798,#6799,#6800,#6801,#6802,#6803,#6804,#6805,#6806,
#6807,#6808,#6809,#6810),.UNSPECIFIED.,.F.,.F.,(4,3,3,3,3,3,3,3,3,3,3,3,
3,3,3,3,3,3,3,4),(-0.488116567756082,-0.486812949021841,-0.457062644783568,
-0.426630025121171,-0.419225100886341,-0.388871205261259,-0.358206816629278,
-0.351640249786527,-0.320931337116677,-0.290226257302216,-0.260147572407177,
-0.234437818245075,-0.209335289884875,-0.179234400699982,-0.148244716035696,
-0.117255031371411,-0.0867501927676627,-0.0561970929207518,-0.02623846295711,
-8.04833133315146E-5),.UNSPECIFIED.);
#40=B_SPLINE_CURVE_WITH_KNOTS('',3,(#6814,#6815,#6816,#6817,#6818,#6819,
#6820,#6821,#6822,#6823,#6824,#6825,#6826,#6827,#6828,#6829,#6830,#6831,
#6832,#6833,#6834,#6835,#6836,#6837,#6838,#6839,#6840,#6841,#6842,#6843,
#6844,#6845,#6846,#6847,#6848,#6849,#6850,#6851,#6852,#6853,#6854,#6855,
#6856,#6857,#6858,#6859,#6860,#6861,#6862,#6863,#6864,#6865,#6866,#6867,
#6868),.UNSPECIFIED.,.F.,.F.,(4,3,3,3,3,3,3,3,3,3,3,3,3,3,3,3,3,3,4),(-0.470696418335912,
-0.469164580080791,-0.441010389697825,-0.411185596813689,-0.380669356033426,
-0.351574001809629,-0.320922980077981,-0.290211316452276,-0.260040061547723,
-0.234372654786632,-0.203791060845838,-0.201670580465192,-0.17149249390679,
-0.140948254217229,-0.117182855619775,-0.0867003595067171,-0.0561465353596509,
-0.0261522665557271,0.),.UNSPECIFIED.);
#41=B_SPLINE_CURVE_WITH_KNOTS('',3,(#6902,#6903,#6904,#6905),
 .UNSPECIFIED.,.F.,.F.,(4,4),(0.,0.000370243618000545),.UNSPECIFIED.);
#42=FACE_BOUND('',#562,.T.);
#43=FACE_BOUND('',#563,.T.);
#44=FACE_BOUND('',#564,.T.);
#45=FACE_BOUND('',#565,.T.);
#46=FACE_BOUND('',#599,.T.);
#47=FACE_BOUND('',#600,.T.);
#48=FACE_BOUND('',#601,.T.);
#49=FACE_BOUND('',#602,.T.);
#50=FACE_BOUND('',#603,.T.);
#51=FACE_BOUND('',#604,.T.);
#52=FACE_BOUND('',#605,.T.);
#53=FACE_BOUND('',#606,.T.);
#54=FACE_BOUND('',#607,.T.);
#55=FACE_BOUND('',#608,.T.);
#56=FACE_BOUND('',#609,.T.);
#57=FACE_BOUND('',#684,.T.);
#58=ELLIPSE('',#3935,8.01101623926225,8.0000374199258);
#59=ELLIPSE('',#3936,9.53722475172926,9.5241543166692);
#60=ELLIPSE('',#3937,7.97195352193586,7.9610282366959);
#61=ELLIPSE('',#3938,9.9109454550833,9.8973628487878);
#62=ELLIPSE('',#3939,102.707675686775,102.566918386808);
#63=ELLIPSE('',#3940,102.320049288472,102.179823217012);
#64=ELLIPSE('',#3941,9.91094965490091,9.8973670428497);
#65=ELLIPSE('',#3942,7.97194866998313,7.9610233913926);
#66=ELLIPSE('',#3943,9.54404096333838,9.5309611868972);
#67=ELLIPSE('',#3944,8.01100336802557,8.0000245663287);
#68=ELLIPSE('',#4066,3.00980266127393,3.);
#69=ELLIPSE('',#4067,11.0080117351177,11.0000245663287);
#70=ELLIPSE('',#4069,4.55676316607003,3.);
#71=ELLIPSE('',#4071,3.02698962635621,3.);
#72=ELLIPSE('',#4073,12.5409124481141,12.5309611868972);
#73=ELLIPSE('',#4076,10.9689610239622,10.9610233913926);
#74=ELLIPSE('',#4079,12.9077932009728,12.8973670428497);
#75=ELLIPSE('',#4083,105.316054928474,105.179823217012);
#76=ELLIPSE('',#4085,3.0127802911268,3.);
#77=ELLIPSE('',#4087,3.0127802911268,3.);
#78=ELLIPSE('',#4091,105.703680897595,105.566918386808);
#79=ELLIPSE('',#4094,12.9077890014659,12.8973628487878);
#80=ELLIPSE('',#4097,10.9689658754178,10.9610282366959);
#81=ELLIPSE('',#4100,12.5340967710088,12.5241543166692);
#82=ELLIPSE('',#4103,3.0096700643826,3.);
#83=ELLIPSE('',#4105,4.5525446140133,3.);
#84=ELLIPSE('',#4106,3.02633437933023,3.);
#85=ELLIPSE('',#4109,11.0080246050451,11.0000374199258);
#86=CYLINDRICAL_SURFACE('',#3931,3.00000000000457);
#87=CYLINDRICAL_SURFACE('',#3952,2.99999999999543);
#88=CYLINDRICAL_SURFACE('',#3961,3.);
#89=CYLINDRICAL_SURFACE('',#3965,3.);
#90=CYLINDRICAL_SURFACE('',#3975,3.00000000000001);
#91=CYLINDRICAL_SURFACE('',#3978,3.00000000000001);
#92=CYLINDRICAL_SURFACE('',#3987,3.00000000000001);
#93=CYLINDRICAL_SURFACE('',#3990,3.00000000000001);
#94=CYLINDRICAL_SURFACE('',#3994,2.);
#95=CYLINDRICAL_SURFACE('',#4041,2.);
#96=CYLINDRICAL_SURFACE('',#4044,1.5);
#97=CYLINDRICAL_SURFACE('',#4047,1.5);
#98=CYLINDRICAL_SURFACE('',#4049,1.5);
#99=CYLINDRICAL_SURFACE('',#4052,1.5);
#100=CYLINDRICAL_SURFACE('',#4055,1.5);
#101=CYLINDRICAL_SURFACE('',#4058,1.5);
#102=CYLINDRICAL_SURFACE('',#4065,3.);
#103=CYLINDRICAL_SURFACE('',#4068,3.);
#104=CYLINDRICAL_SURFACE('',#4070,3.);
#105=CYLINDRICAL_SURFACE('',#4074,3.);
#106=CYLINDRICAL_SURFACE('',#4077,3.);
#107=CYLINDRICAL_SURFACE('',#4080,3.);
#108=CYLINDRICAL_SURFACE('',#4084,3.);
#109=CYLINDRICAL_SURFACE('',#4086,3.);
#110=CYLINDRICAL_SURFACE('',#4088,3.);
#111=CYLINDRICAL_SURFACE('',#4092,3.);
#112=CYLINDRICAL_SURFACE('',#4095,3.);
#113=CYLINDRICAL_SURFACE('',#4098,3.);
#114=CYLINDRICAL_SURFACE('',#4101,3.);
#115=CYLINDRICAL_SURFACE('',#4102,3.);
#116=CYLINDRICAL_SURFACE('',#4104,3.);
#117=CYLINDRICAL_SURFACE('',#4107,3.);
#118=CYLINDRICAL_SURFACE('',#4108,3.);
#119=CYLINDRICAL_SURFACE('',#4111,12.5309611868972);
#120=CYLINDRICAL_SURFACE('',#4113,10.9610233913926);
#121=CYLINDRICAL_SURFACE('',#4115,12.8973670428497);
#122=CYLINDRICAL_SURFACE('',#4117,105.179823217012);
#123=CYLINDRICAL_SURFACE('',#4120,105.566918386808);
#124=CYLINDRICAL_SURFACE('',#4122,12.8973628487878);
#125=CYLINDRICAL_SURFACE('',#4125,11.0000245663287);
#126=CYLINDRICAL_SURFACE('',#4128,10.9610282366959);
#127=CYLINDRICAL_SURFACE('',#4130,12.5241543166692);
#128=CYLINDRICAL_SURFACE('',#4133,11.0000374199258);
#129=CYLINDRICAL_SURFACE('',#4166,6.49999879148993);
#130=CYLINDRICAL_SURFACE('',#4167,6.49999879148974);
#131=CYLINDRICAL_SURFACE('',#4206,100.);
#132=CYLINDRICAL_SURFACE('',#4208,5.);
#133=CYLINDRICAL_SURFACE('',#4212,5.);
#134=CYLINDRICAL_SURFACE('',#4215,5.);
#135=CYLINDRICAL_SURFACE('',#4218,99.9999999999984);
#136=CYLINDRICAL_SURFACE('',#4220,6.69713537271574);
#137=CYLINDRICAL_SURFACE('',#4222,5.00000000000014);
#138=CYLINDRICAL_SURFACE('',#4225,95.1798232170111);
#139=CYLINDRICAL_SURFACE('',#4226,5.00000000000015);
#140=CYLINDRICAL_SURFACE('',#4227,5.);
#141=CYLINDRICAL_SURFACE('',#4229,1.49999879148992);
#142=CYLINDRICAL_SURFACE('',#4230,1.49999879148991);
#143=CYLINDRICAL_SURFACE('',#4232,5.);
#144=CYLINDRICAL_SURFACE('',#4233,5.00000000000017);
#145=CYLINDRICAL_SURFACE('',#4234,95.5669183868088);
#146=CYLINDRICAL_SURFACE('',#4237,5.0000000000002);
#147=CYLINDRICAL_SURFACE('',#4239,6.69714531371739);
#148=CYLINDRICAL_SURFACE('',#4241,100.000000000002);
#149=CYLINDRICAL_SURFACE('',#4244,5.);
#150=CYLINDRICAL_SURFACE('',#4247,5.);
#151=CYLINDRICAL_SURFACE('',#4250,5.);
#152=CYLINDRICAL_SURFACE('',#4252,100.);
#153=CYLINDRICAL_SURFACE('',#4255,15.5896947749574);
#154=CYLINDRICAL_SURFACE('',#4257,15.8109068831019);
#155=CYLINDRICAL_SURFACE('',#4263,6.0000374199258);
#156=CYLINDRICAL_SURFACE('',#4264,5.99997142640403);
#157=CYLINDRICAL_SURFACE('',#4265,5.99995985031715);
#158=CYLINDRICAL_SURFACE('',#4267,6.01541673027085);
#159=CYLINDRICAL_SURFACE('',#4269,100.566918386808);
#160=CYLINDRICAL_SURFACE('',#4270,100.179823217011);
#161=CYLINDRICAL_SURFACE('',#4272,6.01541745147837);
#162=CYLINDRICAL_SURFACE('',#4274,5.99995495421292);
#163=CYLINDRICAL_SURFACE('',#4275,5.999969319749);
#164=CYLINDRICAL_SURFACE('',#4277,6.00002456632871);
#165=CYLINDRICAL_SURFACE('',#4279,1.95);
#166=CYLINDRICAL_SURFACE('',#4282,1.95);
#167=CYLINDRICAL_SURFACE('',#4285,1.95);
#168=CYLINDRICAL_SURFACE('',#4288,1.95);
#169=CYLINDRICAL_SURFACE('',#4291,1.95);
#170=CYLINDRICAL_SURFACE('',#4294,1.95);
#171=CYLINDRICAL_SURFACE('',#4297,1.95);
#172=CYLINDRICAL_SURFACE('',#4300,1.95);
#173=CYLINDRICAL_SURFACE('',#4303,1.95);
#174=CYLINDRICAL_SURFACE('',#4306,1.95);
#175=CYLINDRICAL_SURFACE('',#4309,1.95);
#176=CIRCLE('',#3925,3.10000000000457);
#177=CIRCLE('',#3926,3.00000000000457);
#178=CIRCLE('',#3929,3.09999999999543);
#179=CIRCLE('',#3930,2.99999999999543);
#180=CIRCLE('',#3932,3.00000000000457);
#181=CIRCLE('',#3945,3.1);
#182=CIRCLE('',#3946,3.1);
#183=CIRCLE('',#3947,3.10000000000001);
#184=CIRCLE('',#3948,3.10000000000001);
#185=CIRCLE('',#3949,3.10000000000001);
#186=CIRCLE('',#3950,3.1);
#187=CIRCLE('',#3953,2.99999999999543);
#188=CIRCLE('',#3957,3.);
#189=CIRCLE('',#3960,3.);
#190=CIRCLE('',#3962,3.);
#191=CIRCLE('',#3966,3.);
#192=CIRCLE('',#3969,3.00000000000001);
#193=CIRCLE('',#3972,3.00000000000001);
#194=CIRCLE('',#3976,3.00000000000001);
#195=CIRCLE('',#3979,3.00000000000001);
#196=CIRCLE('',#3983,3.00000000000001);
#197=CIRCLE('',#3986,3.00000000000001);
#198=CIRCLE('',#3988,3.00000000000001);
#199=CIRCLE('',#3991,3.00000000000001);
#200=CIRCLE('',#3995,2.);
#201=CIRCLE('',#3996,2.);
#202=CIRCLE('',#3999,5.99997142640403);
#203=CIRCLE('',#4000,5.99995985031715);
#204=CIRCLE('',#4001,6.01541673027085);
#205=CIRCLE('',#4002,100.566918386808);
#206=CIRCLE('',#4003,1.49999879148991);
#207=CIRCLE('',#4004,1.5);
#208=CIRCLE('',#4005,1.5);
#209=CIRCLE('',#4006,1.5);
#210=CIRCLE('',#4007,6.49999879148974);
#211=CIRCLE('',#4008,105.566918386808);
#212=CIRCLE('',#4009,12.8973628487878);
#213=CIRCLE('',#4010,10.9610282366959);
#214=CIRCLE('',#4011,12.5241543166692);
#215=CIRCLE('',#4012,11.0000374199258);
#216=CIRCLE('',#4013,11.0000245663287);
#217=CIRCLE('',#4014,12.5309611868972);
#218=CIRCLE('',#4015,10.9610233913926);
#219=CIRCLE('',#4016,12.8973670428497);
#220=CIRCLE('',#4017,105.179823217012);
#221=CIRCLE('',#4018,6.49999879148993);
#222=CIRCLE('',#4019,1.5);
#223=CIRCLE('',#4020,1.5);
#224=CIRCLE('',#4021,1.5);
#225=CIRCLE('',#4022,1.49999879148992);
#226=CIRCLE('',#4023,100.179823217011);
#227=CIRCLE('',#4024,6.01541745147837);
#228=CIRCLE('',#4025,5.99995495421292);
#229=CIRCLE('',#4026,5.999969319749);
#230=CIRCLE('',#4027,2.);
#231=CIRCLE('',#4028,6.00002456632871);
#232=CIRCLE('',#4029,6.0000374199258);
#233=CIRCLE('',#4030,1.95);
#234=CIRCLE('',#4031,1.95);
#235=CIRCLE('',#4032,1.95);
#236=CIRCLE('',#4033,1.95);
#237=CIRCLE('',#4034,1.95);
#238=CIRCLE('',#4035,1.95);
#239=CIRCLE('',#4036,1.95);
#240=CIRCLE('',#4037,1.95);
#241=CIRCLE('',#4038,1.95);
#242=CIRCLE('',#4039,1.95);
#243=CIRCLE('',#4040,1.95);
#244=CIRCLE('',#4042,2.);
#245=CIRCLE('',#4045,1.5);
#246=CIRCLE('',#4048,1.5);
#247=CIRCLE('',#4050,1.5);
#248=CIRCLE('',#4053,1.5);
#249=CIRCLE('',#4056,1.5);
#250=CIRCLE('',#4059,1.5);
#251=CIRCLE('',#4072,3.);
#252=CIRCLE('',#4075,3.);
#253=CIRCLE('',#4078,3.);
#254=CIRCLE('',#4081,3.);
#255=CIRCLE('',#4082,3.00000000000001);
#256=CIRCLE('',#4089,3.);
#257=CIRCLE('',#4090,3.00000000000001);
#258=CIRCLE('',#4093,3.);
#259=CIRCLE('',#4096,3.);
#260=CIRCLE('',#4099,3.);
#261=CIRCLE('',#4137,6.49999879148974);
#262=CIRCLE('',#4139,6.49999879148993);
#263=CIRCLE('',#4142,1.49999879148991);
#264=CIRCLE('',#4143,5.);
#265=CIRCLE('',#4144,5.00000000000017);
#266=CIRCLE('',#4145,95.5669183868088);
#267=CIRCLE('',#4146,5.0000000000002);
#268=CIRCLE('',#4147,6.69714531371739);
#269=CIRCLE('',#4148,100.000000000002);
#270=CIRCLE('',#4149,5.);
#271=CIRCLE('',#4150,5.);
#272=CIRCLE('',#4151,5.);
#273=CIRCLE('',#4152,100.);
#274=CIRCLE('',#4153,15.5896947749574);
#275=CIRCLE('',#4154,15.8109068831019);
#276=CIRCLE('',#4155,100.);
#277=CIRCLE('',#4156,5.);
#278=CIRCLE('',#4157,5.);
#279=CIRCLE('',#4158,5.);
#280=CIRCLE('',#4159,99.9999999999984);
#281=CIRCLE('',#4160,6.69713537271574);
#282=CIRCLE('',#4161,5.00000000000014);
#283=CIRCLE('',#4162,95.1798232170111);
#284=CIRCLE('',#4163,5.00000000000015);
#285=CIRCLE('',#4164,5.);
#286=CIRCLE('',#4165,1.49999879148992);
#287=CIRCLE('',#4169,6.69713537271574);
#288=CIRCLE('',#4170,5.99995495421292);
#289=CIRCLE('',#4171,6.01541745147837);
#290=CIRCLE('',#4172,100.179823217011);
#291=CIRCLE('',#4173,5.);
#292=CIRCLE('',#4174,5.00000000000015);
#293=CIRCLE('',#4175,95.1798232170111);
#294=CIRCLE('',#4176,5.00000000000014);
#295=CIRCLE('',#4178,5.999969319749);
#296=CIRCLE('',#4179,99.9999999999984);
#297=CIRCLE('',#4180,5.);
#298=CIRCLE('',#4182,100.000000000002);
#299=CIRCLE('',#4183,5.99997142640403);
#300=CIRCLE('',#4184,5.);
#301=CIRCLE('',#4186,100.566918386808);
#302=CIRCLE('',#4187,6.01541673027085);
#303=CIRCLE('',#4188,5.99995985031715);
#304=CIRCLE('',#4189,6.69714531371739);
#305=CIRCLE('',#4190,5.0000000000002);
#306=CIRCLE('',#4191,95.5669183868088);
#307=CIRCLE('',#4192,5.00000000000017);
#308=CIRCLE('',#4193,5.);
#309=CIRCLE('',#4195,6.0000374199258);
#310=CIRCLE('',#4196,5.);
#311=CIRCLE('',#4197,5.);
#312=CIRCLE('',#4199,15.8109068831019);
#313=CIRCLE('',#4200,100.);
#314=CIRCLE('',#4202,15.5896947749574);
#315=CIRCLE('',#4203,100.);
#316=CIRCLE('',#4209,5.);
#317=CIRCLE('',#4213,5.);
#318=CIRCLE('',#4258,15.8109068831019);
#319=CIRCLE('',#4260,6.00002456632871);
#320=CIRCLE('',#4280,1.95);
#321=CIRCLE('',#4283,1.95);
#322=CIRCLE('',#4286,1.95);
#323=CIRCLE('',#4289,1.95);
#324=CIRCLE('',#4292,1.95);
#325=CIRCLE('',#4295,1.95);
#326=CIRCLE('',#4298,1.95);
#327=CIRCLE('',#4301,1.95);
#328=CIRCLE('',#4304,1.95);
#329=CIRCLE('',#4307,1.95);
#330=CIRCLE('',#4310,1.95);
#331=CONICAL_SURFACE('',#3924,3.05000000000457,0.785398163395371);
#332=CONICAL_SURFACE('',#3928,3.04999999999543,0.785398163395536);
#333=CONICAL_SURFACE('',#3956,3.05,0.785398163397459);
#334=CONICAL_SURFACE('',#3959,3.05,0.785398163397448);
#335=CONICAL_SURFACE('',#3968,3.05000000000001,0.785398163397443);
#336=CONICAL_SURFACE('',#3971,3.05,0.785398163397479);
#337=CONICAL_SURFACE('',#3982,3.05000000000001,0.785398163397488);
#338=CONICAL_SURFACE('',#3985,3.05000000000001,0.785398163397449);
#339=FACE_OUTER_BOUND('',#555,.T.);
#340=FACE_OUTER_BOUND('',#556,.T.);
#341=FACE_OUTER_BOUND('',#557,.T.);
#342=FACE_OUTER_BOUND('',#558,.T.);
#343=FACE_OUTER_BOUND('',#559,.T.);
#344=FACE_OUTER_BOUND('',#560,.T.);
#345=FACE_OUTER_BOUND('',#561,.T.);
#346=FACE_OUTER_BOUND('',#566,.T.);
#347=FACE_OUTER_BOUND('',#567,.T.);
#348=FACE_OUTER_BOUND('',#568,.T.);
#349=FACE_OUTER_BOUND('',#569,.T.);
#350=FACE_OUTER_BOUND('',#570,.T.);
#351=FACE_OUTER_BOUND('',#571,.T.);
#352=FACE_OUTER_BOUND('',#572,.T.);
#353=FACE_OUTER_BOUND('',#573,.T.);
#354=FACE_OUTER_BOUND('',#574,.T.);
#355=FACE_OUTER_BOUND('',#575,.T.);
#356=FACE_OUTER_BOUND('',#576,.T.);
#357=FACE_OUTER_BOUND('',#577,.T.);
#358=FACE_OUTER_BOUND('',#578,.T.);
#359=FACE_OUTER_BOUND('',#579,.T.);
#360=FACE_OUTER_BOUND('',#580,.T.);
#361=FACE_OUTER_BOUND('',#581,.T.);
#362=FACE_OUTER_BOUND('',#582,.T.);
#363=FACE_OUTER_BOUND('',#583,.T.);
#364=FACE_OUTER_BOUND('',#584,.T.);
#365=FACE_OUTER_BOUND('',#585,.T.);
#366=FACE_OUTER_BOUND('',#586,.T.);
#367=FACE_OUTER_BOUND('',#587,.T.);
#368=FACE_OUTER_BOUND('',#588,.T.);
#369=FACE_OUTER_BOUND('',#589,.T.);
#370=FACE_OUTER_BOUND('',#590,.T.);
#371=FACE_OUTER_BOUND('',#591,.T.);
#372=FACE_OUTER_BOUND('',#592,.T.);
#373=FACE_OUTER_BOUND('',#593,.T.);
#374=FACE_OUTER_BOUND('',#594,.T.);
#375=FACE_OUTER_BOUND('',#595,.T.);
#376=FACE_OUTER_BOUND('',#596,.T.);
#377=FACE_OUTER_BOUND('',#597,.T.);
#378=FACE_OUTER_BOUND('',#598,.T.);
#379=FACE_OUTER_BOUND('',#610,.T.);
#380=FACE_OUTER_BOUND('',#611,.T.);
#381=FACE_OUTER_BOUND('',#612,.T.);
#382=FACE_OUTER_BOUND('',#613,.T.);
#383=FACE_OUTER_BOUND('',#614,.T.);
#384=FACE_OUTER_BOUND('',#615,.T.);
#385=FACE_OUTER_BOUND('',#616,.T.);
#386=FACE_OUTER_BOUND('',#617,.T.);
#387=FACE_OUTER_BOUND('',#618,.T.);
#388=FACE_OUTER_BOUND('',#619,.T.);
#389=FACE_OUTER_BOUND('',#620,.T.);
#390=FACE_OUTER_BOUND('',#621,.T.);
#391=FACE_OUTER_BOUND('',#622,.T.);
#392=FACE_OUTER_BOUND('',#623,.T.);
#393=FACE_OUTER_BOUND('',#624,.T.);
#394=FACE_OUTER_BOUND('',#625,.T.);
#395=FACE_OUTER_BOUND('',#626,.T.);
#396=FACE_OUTER_BOUND('',#627,.T.);
#397=FACE_OUTER_BOUND('',#628,.T.);
#398=FACE_OUTER_BOUND('',#629,.T.);
#399=FACE_OUTER_BOUND('',#630,.T.);
#400=FACE_OUTER_BOUND('',#631,.T.);
#401=FACE_OUTER_BOUND('',#632,.T.);
#402=FACE_OUTER_BOUND('',#633,.T.);
#403=FACE_OUTER_BOUND('',#634,.T.);
#404=FACE_OUTER_BOUND('',#635,.T.);
#405=FACE_OUTER_BOUND('',#636,.T.);
#406=FACE_OUTER_BOUND('',#637,.T.);
#407=FACE_OUTER_BOUND('',#638,.T.);
#408=FACE_OUTER_BOUND('',#639,.T.);
#409=FACE_OUTER_BOUND('',#640,.T.);
#410=FACE_OUTER_BOUND('',#641,.T.);
#411=FACE_OUTER_BOUND('',#642,.T.);
#412=FACE_OUTER_BOUND('',#643,.T.);
#413=FACE_OUTER_BOUND('',#644,.T.);
#414=FACE_OUTER_BOUND('',#645,.T.);
#415=FACE_OUTER_BOUND('',#646,.T.);
#416=FACE_OUTER_BOUND('',#647,.T.);
#417=FACE_OUTER_BOUND('',#648,.T.);
#418=FACE_OUTER_BOUND('',#649,.T.);
#419=FACE_OUTER_BOUND('',#650,.T.);
#420=FACE_OUTER_BOUND('',#651,.T.);
#421=FACE_OUTER_BOUND('',#652,.T.);
#422=FACE_OUTER_BOUND('',#653,.T.);
#423=FACE_OUTER_BOUND('',#654,.T.);
#424=FACE_OUTER_BOUND('',#655,.T.);
#425=FACE_OUTER_BOUND('',#656,.T.);
#426=FACE_OUTER_BOUND('',#657,.T.);
#427=FACE_OUTER_BOUND('',#658,.T.);
#428=FACE_OUTER_BOUND('',#659,.T.);
#429=FACE_OUTER_BOUND('',#660,.T.);
#430=FACE_OUTER_BOUND('',#661,.T.);
#431=FACE_OUTER_BOUND('',#662,.T.);
#432=FACE_OUTER_BOUND('',#663,.T.);
#433=FACE_OUTER_BOUND('',#664,.T.);
#434=FACE_OUTER_BOUND('',#665,.T.);
#435=FACE_OUTER_BOUND('',#666,.T.);
#436=FACE_OUTER_BOUND('',#667,.T.);
#437=FACE_OUTER_BOUND('',#668,.T.);
#438=FACE_OUTER_BOUND('',#669,.T.);
#439=FACE_OUTER_BOUND('',#670,.T.);
#440=FACE_OUTER_BOUND('',#671,.T.);
#441=FACE_OUTER_BOUND('',#672,.T.);
#442=FACE_OUTER_BOUND('',#673,.T.);
#443=FACE_OUTER_BOUND('',#674,.T.);
#444=FACE_OUTER_BOUND('',#675,.T.);
#445=FACE_OUTER_BOUND('',#676,.T.);
#446=FACE_OUTER_BOUND('',#677,.T.);
#447=FACE_OUTER_BOUND('',#678,.T.);
#448=FACE_OUTER_BOUND('',#679,.T.);
#449=FACE_OUTER_BOUND('',#680,.T.);
#450=FACE_OUTER_BOUND('',#681,.T.);
#451=FACE_OUTER_BOUND('',#682,.T.);
#452=FACE_OUTER_BOUND('',#683,.T.);
#453=FACE_OUTER_BOUND('',#685,.T.);
#454=FACE_OUTER_BOUND('',#686,.T.);
#455=FACE_OUTER_BOUND('',#687,.T.);
#456=FACE_OUTER_BOUND('',#688,.T.);
#457=FACE_OUTER_BOUND('',#689,.T.);
#458=FACE_OUTER_BOUND('',#690,.T.);
#459=FACE_OUTER_BOUND('',#691,.T.);
#460=FACE_OUTER_BOUND('',#692,.T.);
#461=FACE_OUTER_BOUND('',#693,.T.);
#462=FACE_OUTER_BOUND('',#694,.T.);
#463=FACE_OUTER_BOUND('',#695,.T.);
#464=FACE_OUTER_BOUND('',#696,.T.);
#465=FACE_OUTER_BOUND('',#697,.T.);
#466=FACE_OUTER_BOUND('',#698,.T.);
#467=FACE_OUTER_BOUND('',#699,.T.);
#468=FACE_OUTER_BOUND('',#700,.T.);
#469=FACE_OUTER_BOUND('',#701,.T.);
#470=FACE_OUTER_BOUND('',#702,.T.);
#471=FACE_OUTER_BOUND('',#703,.T.);
#472=FACE_OUTER_BOUND('',#704,.T.);
#473=FACE_OUTER_BOUND('',#705,.T.);
#474=FACE_OUTER_BOUND('',#706,.T.);
#475=FACE_OUTER_BOUND('',#707,.T.);
#476=FACE_OUTER_BOUND('',#708,.T.);
#477=FACE_OUTER_BOUND('',#709,.T.);
#478=FACE_OUTER_BOUND('',#710,.T.);
#479=FACE_OUTER_BOUND('',#711,.T.);
#480=FACE_OUTER_BOUND('',#712,.T.);
#481=FACE_OUTER_BOUND('',#713,.T.);
#482=FACE_OUTER_BOUND('',#714,.T.);
#483=FACE_OUTER_BOUND('',#715,.T.);
#484=FACE_OUTER_BOUND('',#716,.T.);
#485=FACE_OUTER_BOUND('',#717,.T.);
#486=FACE_OUTER_BOUND('',#718,.T.);
#487=FACE_OUTER_BOUND('',#719,.T.);
#488=FACE_OUTER_BOUND('',#720,.T.);
#489=FACE_OUTER_BOUND('',#721,.T.);
#490=FACE_OUTER_BOUND('',#722,.T.);
#491=FACE_OUTER_BOUND('',#723,.T.);
#492=FACE_OUTER_BOUND('',#724,.T.);
#493=FACE_OUTER_BOUND('',#725,.T.);
#494=FACE_OUTER_BOUND('',#726,.T.);
#495=FACE_OUTER_BOUND('',#727,.T.);
#496=FACE_OUTER_BOUND('',#728,.T.);
#497=FACE_OUTER_BOUND('',#729,.T.);
#498=FACE_OUTER_BOUND('',#730,.T.);
#499=FACE_OUTER_BOUND('',#731,.T.);
#500=FACE_OUTER_BOUND('',#732,.T.);
#501=FACE_OUTER_BOUND('',#733,.T.);
#502=FACE_OUTER_BOUND('',#734,.T.);
#503=FACE_OUTER_BOUND('',#735,.T.);
#504=FACE_OUTER_BOUND('',#736,.T.);
#505=FACE_OUTER_BOUND('',#737,.T.);
#506=FACE_OUTER_BOUND('',#738,.T.);
#507=FACE_OUTER_BOUND('',#739,.T.);
#508=FACE_OUTER_BOUND('',#740,.T.);
#509=FACE_OUTER_BOUND('',#741,.T.);
#510=FACE_OUTER_BOUND('',#742,.T.);
#511=FACE_OUTER_BOUND('',#743,.T.);
#512=FACE_OUTER_BOUND('',#744,.T.);
#513=FACE_OUTER_BOUND('',#745,.T.);
#514=FACE_OUTER_BOUND('',#746,.T.);
#515=FACE_OUTER_BOUND('',#747,.T.);
#516=FACE_OUTER_BOUND('',#748,.T.);
#517=FACE_OUTER_BOUND('',#749,.T.);
#518=FACE_OUTER_BOUND('',#750,.T.);
#519=FACE_OUTER_BOUND('',#751,.T.);
#520=FACE_OUTER_BOUND('',#752,.T.);
#521=FACE_OUTER_BOUND('',#753,.T.);
#522=FACE_OUTER_BOUND('',#754,.T.);
#523=FACE_OUTER_BOUND('',#755,.T.);
#524=FACE_OUTER_BOUND('',#756,.T.);
#525=FACE_OUTER_BOUND('',#757,.T.);
#526=FACE_OUTER_BOUND('',#758,.T.);
#527=FACE_OUTER_BOUND('',#759,.T.);
#528=FACE_OUTER_BOUND('',#760,.T.);
#529=FACE_OUTER_BOUND('',#761,.T.);
#530=FACE_OUTER_BOUND('',#762,.T.);
#531=FACE_OUTER_BOUND('',#763,.T.);
#532=FACE_OUTER_BOUND('',#764,.T.);
#533=FACE_OUTER_BOUND('',#765,.T.);
#534=FACE_OUTER_BOUND('',#766,.T.);
#535=FACE_OUTER_BOUND('',#767,.T.);
#536=FACE_OUTER_BOUND('',#768,.T.);
#537=FACE_OUTER_BOUND('',#769,.T.);
#538=FACE_OUTER_BOUND('',#770,.T.);
#539=FACE_OUTER_BOUND('',#771,.T.);
#540=FACE_OUTER_BOUND('',#772,.T.);
#541=FACE_OUTER_BOUND('',#773,.T.);
#542=FACE_OUTER_BOUND('',#774,.T.);
#543=FACE_OUTER_BOUND('',#775,.T.);
#544=FACE_OUTER_BOUND('',#776,.T.);
#545=FACE_OUTER_BOUND('',#777,.T.);
#546=FACE_OUTER_BOUND('',#778,.T.);
#547=FACE_OUTER_BOUND('',#779,.T.);
#548=FACE_OUTER_BOUND('',#780,.T.);
#549=FACE_OUTER_BOUND('',#781,.T.);
#550=FACE_OUTER_BOUND('',#782,.T.);
#551=FACE_OUTER_BOUND('',#783,.T.);
#552=FACE_OUTER_BOUND('',#784,.T.);
#553=FACE_OUTER_BOUND('',#785,.T.);
#554=FACE_OUTER_BOUND('',#786,.T.);
#555=EDGE_LOOP('',(#2453,#2454,#2455,#2456));
#556=EDGE_LOOP('',(#2457,#2458,#2459,#2460));
#557=EDGE_LOOP('',(#2461,#2462,#2463,#2464));
#558=EDGE_LOOP('',(#2465,#2466,#2467,#2468));
#559=EDGE_LOOP('',(#2469,#2470,#2471,#2472));
#560=EDGE_LOOP('',(#2473,#2474,#2475,#2476));
#561=EDGE_LOOP('',(#2477,#2478,#2479,#2480,#2481,#2482,#2483,#2484,#2485,
#2486,#2487,#2488,#2489,#2490,#2491,#2492,#2493,#2494,#2495,#2496,#2497,
#2498,#2499,#2500,#2501,#2502,#2503));
#562=EDGE_LOOP('',(#2504,#2505,#2506,#2507));
#563=EDGE_LOOP('',(#2508,#2509,#2510,#2511));
#564=EDGE_LOOP('',(#2512,#2513,#2514,#2515));
#565=EDGE_LOOP('',(#2516,#2517,#2518,#2519));
#566=EDGE_LOOP('',(#2520,#2521,#2522,#2523));
#567=EDGE_LOOP('',(#2524,#2525,#2526,#2527));
#568=EDGE_LOOP('',(#2528,#2529,#2530,#2531));
#569=EDGE_LOOP('',(#2532,#2533,#2534,#2535));
#570=EDGE_LOOP('',(#2536,#2537,#2538,#2539));
#571=EDGE_LOOP('',(#2540,#2541,#2542,#2543));
#572=EDGE_LOOP('',(#2544,#2545,#2546,#2547));
#573=EDGE_LOOP('',(#2548,#2549,#2550,#2551));
#574=EDGE_LOOP('',(#2552,#2553,#2554,#2555));
#575=EDGE_LOOP('',(#2556,#2557,#2558,#2559));
#576=EDGE_LOOP('',(#2560,#2561,#2562,#2563));
#577=EDGE_LOOP('',(#2564,#2565,#2566,#2567));
#578=EDGE_LOOP('',(#2568,#2569,#2570,#2571));
#579=EDGE_LOOP('',(#2572,#2573,#2574,#2575));
#580=EDGE_LOOP('',(#2576,#2577,#2578,#2579));
#581=EDGE_LOOP('',(#2580,#2581,#2582,#2583));
#582=EDGE_LOOP('',(#2584,#2585,#2586,#2587));
#583=EDGE_LOOP('',(#2588,#2589,#2590,#2591));
#584=EDGE_LOOP('',(#2592,#2593,#2594,#2595));
#585=EDGE_LOOP('',(#2596,#2597,#2598,#2599));
#586=EDGE_LOOP('',(#2600,#2601,#2602,#2603));
#587=EDGE_LOOP('',(#2604,#2605,#2606,#2607));
#588=EDGE_LOOP('',(#2608,#2609,#2610,#2611));
#589=EDGE_LOOP('',(#2612,#2613,#2614,#2615));
#590=EDGE_LOOP('',(#2616,#2617,#2618,#2619));
#591=EDGE_LOOP('',(#2620,#2621,#2622,#2623));
#592=EDGE_LOOP('',(#2624,#2625,#2626,#2627));
#593=EDGE_LOOP('',(#2628,#2629,#2630,#2631));
#594=EDGE_LOOP('',(#2632,#2633,#2634,#2635));
#595=EDGE_LOOP('',(#2636,#2637,#2638,#2639));
#596=EDGE_LOOP('',(#2640,#2641,#2642,#2643));
#597=EDGE_LOOP('',(#2644,#2645,#2646,#2647));
#598=EDGE_LOOP('',(#2648,#2649,#2650,#2651,#2652,#2653,#2654,#2655,#2656,
#2657,#2658,#2659,#2660,#2661,#2662,#2663,#2664,#2665,#2666,#2667,#2668,
#2669,#2670,#2671,#2672,#2673,#2674,#2675,#2676,#2677,#2678,#2679,#2680,
#2681,#2682,#2683,#2684,#2685,#2686,#2687,#2688,#2689,#2690,#2691,#2692,
#2693,#2694,#2695,#2696,#2697,#2698,#2699,#2700,#2701,#2702,#2703,#2704,
#2705,#2706,#2707,#2708,#2709,#2710,#2711,#2712,#2713,#2714,#2715,#2716,
#2717));
#599=EDGE_LOOP('',(#2718));
#600=EDGE_LOOP('',(#2719));
#601=EDGE_LOOP('',(#2720));
#602=EDGE_LOOP('',(#2721));
#603=EDGE_LOOP('',(#2722));
#604=EDGE_LOOP('',(#2723));
#605=EDGE_LOOP('',(#2724));
#606=EDGE_LOOP('',(#2725));
#607=EDGE_LOOP('',(#2726));
#608=EDGE_LOOP('',(#2727));
#609=EDGE_LOOP('',(#2728));
#610=EDGE_LOOP('',(#2729,#2730,#2731,#2732));
#611=EDGE_LOOP('',(#2733,#2734,#2735,#2736,#2737,#2738,#2739,#2740));
#612=EDGE_LOOP('',(#2741,#2742,#2743,#2744));
#613=EDGE_LOOP('',(#2745,#2746,#2747,#2748,#2749,#2750,#2751,#2752,#2753,
#2754,#2755,#2756,#2757,#2758));
#614=EDGE_LOOP('',(#2759,#2760,#2761,#2762));
#615=EDGE_LOOP('',(#2763,#2764,#2765,#2766));
#616=EDGE_LOOP('',(#2767,#2768,#2769,#2770));
#617=EDGE_LOOP('',(#2771,#2772,#2773,#2774));
#618=EDGE_LOOP('',(#2775,#2776,#2777,#2778));
#619=EDGE_LOOP('',(#2779,#2780,#2781,#2782));
#620=EDGE_LOOP('',(#2783,#2784,#2785,#2786));
#621=EDGE_LOOP('',(#2787,#2788,#2789,#2790));
#622=EDGE_LOOP('',(#2791,#2792,#2793,#2794));
#623=EDGE_LOOP('',(#2795,#2796,#2797,#2798));
#624=EDGE_LOOP('',(#2799,#2800,#2801,#2802));
#625=EDGE_LOOP('',(#2803,#2804,#2805,#2806));
#626=EDGE_LOOP('',(#2807,#2808,#2809,#2810));
#627=EDGE_LOOP('',(#2811,#2812,#2813,#2814));
#628=EDGE_LOOP('',(#2815,#2816,#2817,#2818,#2819,#2820));
#629=EDGE_LOOP('',(#2821,#2822,#2823,#2824));
#630=EDGE_LOOP('',(#2825,#2826,#2827,#2828,#2829,#2830));
#631=EDGE_LOOP('',(#2831,#2832,#2833,#2834));
#632=EDGE_LOOP('',(#2835,#2836,#2837,#2838));
#633=EDGE_LOOP('',(#2839,#2840,#2841,#2842,#2843));
#634=EDGE_LOOP('',(#2844,#2845,#2846,#2847));
#635=EDGE_LOOP('',(#2848,#2849,#2850,#2851,#2852));
#636=EDGE_LOOP('',(#2853,#2854,#2855,#2856));
#637=EDGE_LOOP('',(#2857,#2858,#2859,#2860));
#638=EDGE_LOOP('',(#2861,#2862,#2863,#2864,#2865));
#639=EDGE_LOOP('',(#2866,#2867,#2868,#2869));
#640=EDGE_LOOP('',(#2870,#2871,#2872,#2873,#2874));
#641=EDGE_LOOP('',(#2875,#2876,#2877,#2878));
#642=EDGE_LOOP('',(#2879,#2880,#2881,#2882));
#643=EDGE_LOOP('',(#2883,#2884,#2885,#2886,#2887));
#644=EDGE_LOOP('',(#2888,#2889,#2890,#2891));
#645=EDGE_LOOP('',(#2892,#2893,#2894,#2895,#2896));
#646=EDGE_LOOP('',(#2897,#2898,#2899,#2900));
#647=EDGE_LOOP('',(#2901,#2902,#2903,#2904));
#648=EDGE_LOOP('',(#2905,#2906,#2907,#2908,#2909));
#649=EDGE_LOOP('',(#2910,#2911,#2912,#2913,#2914));
#650=EDGE_LOOP('',(#2915,#2916,#2917,#2918,#2919,#2920));
#651=EDGE_LOOP('',(#2921,#2922,#2923,#2924));
#652=EDGE_LOOP('',(#2925,#2926,#2927,#2928));
#653=EDGE_LOOP('',(#2929,#2930,#2931,#2932,#2933,#2934));
#654=EDGE_LOOP('',(#2935,#2936,#2937,#2938));
#655=EDGE_LOOP('',(#2939,#2940,#2941,#2942,#2943));
#656=EDGE_LOOP('',(#2944,#2945,#2946,#2947,#2948));
#657=EDGE_LOOP('',(#2949,#2950,#2951,#2952));
#658=EDGE_LOOP('',(#2953,#2954,#2955,#2956,#2957));
#659=EDGE_LOOP('',(#2958,#2959,#2960,#2961));
#660=EDGE_LOOP('',(#2962,#2963,#2964,#2965));
#661=EDGE_LOOP('',(#2966,#2967,#2968,#2969));
#662=EDGE_LOOP('',(#2970,#2971,#2972,#2973,#2974,#2975));
#663=EDGE_LOOP('',(#2976,#2977,#2978,#2979,#2980,#2981));
#664=EDGE_LOOP('',(#2982,#2983,#2984,#2985));
#665=EDGE_LOOP('',(#2986,#2987,#2988,#2989));
#666=EDGE_LOOP('',(#2990,#2991,#2992,#2993));
#667=EDGE_LOOP('',(#2994,#2995,#2996,#2997));
#668=EDGE_LOOP('',(#2998,#2999,#3000,#3001,#3002,#3003,#3004));
#669=EDGE_LOOP('',(#3005,#3006,#3007,#3008,#3009));
#670=EDGE_LOOP('',(#3010,#3011,#3012,#3013,#3014,#3015));
#671=EDGE_LOOP('',(#3016,#3017,#3018,#3019,#3020));
#672=EDGE_LOOP('',(#3021,#3022,#3023,#3024));
#673=EDGE_LOOP('',(#3025,#3026,#3027,#3028,#3029));
#674=EDGE_LOOP('',(#3030,#3031,#3032,#3033,#3034));
#675=EDGE_LOOP('',(#3035,#3036,#3037,#3038));
#676=EDGE_LOOP('',(#3039,#3040,#3041,#3042,#3043,#3044));
#677=EDGE_LOOP('',(#3045,#3046,#3047,#3048));
#678=EDGE_LOOP('',(#3049,#3050,#3051,#3052,#3053,#3054));
#679=EDGE_LOOP('',(#3055,#3056,#3057,#3058));
#680=EDGE_LOOP('',(#3059,#3060,#3061));
#681=EDGE_LOOP('',(#3062,#3063,#3064));
#682=EDGE_LOOP('',(#3065,#3066,#3067,#3068));
#683=EDGE_LOOP('',(#3069,#3070,#3071,#3072,#3073,#3074,#3075,#3076,#3077,
#3078,#3079,#3080,#3081,#3082,#3083,#3084,#3085,#3086,#3087,#3088,#3089,
#3090,#3091,#3092,#3093,#3094,#3095,#3096,#3097,#3098,#3099,#3100,#3101,
#3102,#3103,#3104,#3105,#3106,#3107,#3108,#3109,#3110,#3111,#3112,#3113,
#3114,#3115,#3116,#3117,#3118,#3119,#3120,#3121,#3122,#3123,#3124,#3125,
#3126,#3127,#3128,#3129,#3130,#3131,#3132));
#684=EDGE_LOOP('',(#3133,#3134,#3135,#3136));
#685=EDGE_LOOP('',(#3137,#3138,#3139,#3140));
#686=EDGE_LOOP('',(#3141,#3142,#3143,#3144));
#687=EDGE_LOOP('',(#3145,#3146,#3147,#3148,#3149,#3150,#3151,#3152,#3153,
#3154,#3155,#3156,#3157,#3158,#3159));
#688=EDGE_LOOP('',(#3160,#3161,#3162,#3163,#3164,#3165,#3166));
#689=EDGE_LOOP('',(#3167,#3168,#3169,#3170,#3171,#3172,#3173));
#690=EDGE_LOOP('',(#3174,#3175,#3176,#3177,#3178,#3179,#3180,#3181,#3182,
#3183,#3184,#3185,#3186,#3187,#3188));
#691=EDGE_LOOP('',(#3189,#3190,#3191,#3192,#3193,#3194,#3195,#3196,#3197,
#3198));
#692=EDGE_LOOP('',(#3199,#3200,#3201,#3202,#3203,#3204));
#693=EDGE_LOOP('',(#3205,#3206,#3207,#3208,#3209,#3210));
#694=EDGE_LOOP('',(#3211,#3212,#3213,#3214));
#695=EDGE_LOOP('',(#3215,#3216,#3217,#3218));
#696=EDGE_LOOP('',(#3219,#3220,#3221,#3222));
#697=EDGE_LOOP('',(#3223,#3224,#3225,#3226,#3227,#3228,#3229,#3230));
#698=EDGE_LOOP('',(#3231,#3232,#3233,#3234));
#699=EDGE_LOOP('',(#3235,#3236,#3237,#3238));
#700=EDGE_LOOP('',(#3239,#3240,#3241,#3242));
#701=EDGE_LOOP('',(#3243,#3244,#3245,#3246));
#702=EDGE_LOOP('',(#3247,#3248,#3249,#3250));
#703=EDGE_LOOP('',(#3251,#3252,#3253,#3254));
#704=EDGE_LOOP('',(#3255,#3256,#3257,#3258));
#705=EDGE_LOOP('',(#3259,#3260,#3261,#3262));
#706=EDGE_LOOP('',(#3263,#3264,#3265,#3266));
#707=EDGE_LOOP('',(#3267,#3268,#3269,#3270,#3271,#3272,#3273,#3274));
#708=EDGE_LOOP('',(#3275,#3276,#3277,#3278));
#709=EDGE_LOOP('',(#3279,#3280,#3281,#3282));
#710=EDGE_LOOP('',(#3283,#3284,#3285,#3286));
#711=EDGE_LOOP('',(#3287,#3288,#3289,#3290));
#712=EDGE_LOOP('',(#3291,#3292,#3293,#3294));
#713=EDGE_LOOP('',(#3295,#3296,#3297,#3298));
#714=EDGE_LOOP('',(#3299,#3300,#3301,#3302));
#715=EDGE_LOOP('',(#3303,#3304,#3305,#3306));
#716=EDGE_LOOP('',(#3307,#3308,#3309,#3310,#3311,#3312));
#717=EDGE_LOOP('',(#3313,#3314,#3315,#3316));
#718=EDGE_LOOP('',(#3317,#3318,#3319,#3320));
#719=EDGE_LOOP('',(#3321,#3322,#3323,#3324,#3325,#3326));
#720=EDGE_LOOP('',(#3327,#3328,#3329,#3330));
#721=EDGE_LOOP('',(#3331,#3332,#3333,#3334));
#722=EDGE_LOOP('',(#3335,#3336,#3337,#3338));
#723=EDGE_LOOP('',(#3339,#3340,#3341,#3342));
#724=EDGE_LOOP('',(#3343,#3344,#3345,#3346));
#725=EDGE_LOOP('',(#3347,#3348,#3349,#3350));
#726=EDGE_LOOP('',(#3351,#3352,#3353,#3354));
#727=EDGE_LOOP('',(#3355,#3356,#3357,#3358));
#728=EDGE_LOOP('',(#3359,#3360,#3361,#3362,#3363,#3364,#3365,#3366));
#729=EDGE_LOOP('',(#3367,#3368,#3369,#3370));
#730=EDGE_LOOP('',(#3371,#3372,#3373,#3374));
#731=EDGE_LOOP('',(#3375,#3376,#3377,#3378));
#732=EDGE_LOOP('',(#3379,#3380,#3381,#3382));
#733=EDGE_LOOP('',(#3383,#3384,#3385,#3386,#3387,#3388,#3389,#3390));
#734=EDGE_LOOP('',(#3391,#3392,#3393,#3394));
#735=EDGE_LOOP('',(#3395,#3396,#3397,#3398));
#736=EDGE_LOOP('',(#3399,#3400,#3401,#3402));
#737=EDGE_LOOP('',(#3403,#3404,#3405,#3406));
#738=EDGE_LOOP('',(#3407,#3408,#3409,#3410));
#739=EDGE_LOOP('',(#3411,#3412,#3413,#3414,#3415,#3416,#3417,#3418));
#740=EDGE_LOOP('',(#3419,#3420,#3421,#3422));
#741=EDGE_LOOP('',(#3423,#3424,#3425,#3426));
#742=EDGE_LOOP('',(#3427,#3428,#3429,#3430));
#743=EDGE_LOOP('',(#3431,#3432,#3433,#3434));
#744=EDGE_LOOP('',(#3435,#3436,#3437,#3438,#3439,#3440));
#745=EDGE_LOOP('',(#3441,#3442,#3443,#3444,#3445));
#746=EDGE_LOOP('',(#3446,#3447,#3448,#3449,#3450,#3451,#3452,#3453,#3454,
#3455));
#747=EDGE_LOOP('',(#3456,#3457,#3458,#3459,#3460,#3461));
#748=EDGE_LOOP('',(#3462,#3463,#3464,#3465,#3466));
#749=EDGE_LOOP('',(#3467,#3468,#3469,#3470));
#750=EDGE_LOOP('',(#3471,#3472,#3473,#3474));
#751=EDGE_LOOP('',(#3475,#3476,#3477,#3478));
#752=EDGE_LOOP('',(#3479,#3480,#3481,#3482));
#753=EDGE_LOOP('',(#3483,#3484,#3485,#3486));
#754=EDGE_LOOP('',(#3487,#3488,#3489,#3490));
#755=EDGE_LOOP('',(#3491,#3492,#3493,#3494));
#756=EDGE_LOOP('',(#3495,#3496,#3497,#3498));
#757=EDGE_LOOP('',(#3499,#3500,#3501,#3502));
#758=EDGE_LOOP('',(#3503,#3504,#3505,#3506));
#759=EDGE_LOOP('',(#3507,#3508,#3509,#3510));
#760=EDGE_LOOP('',(#3511,#3512,#3513,#3514));
#761=EDGE_LOOP('',(#3515,#3516,#3517,#3518));
#762=EDGE_LOOP('',(#3519,#3520,#3521,#3522));
#763=EDGE_LOOP('',(#3523,#3524,#3525,#3526));
#764=EDGE_LOOP('',(#3527,#3528,#3529));
#765=EDGE_LOOP('',(#3530,#3531,#3532,#3533));
#766=EDGE_LOOP('',(#3534));
#767=EDGE_LOOP('',(#3535,#3536,#3537,#3538));
#768=EDGE_LOOP('',(#3539));
#769=EDGE_LOOP('',(#3540,#3541,#3542,#3543));
#770=EDGE_LOOP('',(#3544));
#771=EDGE_LOOP('',(#3545,#3546,#3547,#3548));
#772=EDGE_LOOP('',(#3549));
#773=EDGE_LOOP('',(#3550,#3551,#3552,#3553));
#774=EDGE_LOOP('',(#3554));
#775=EDGE_LOOP('',(#3555,#3556,#3557,#3558));
#776=EDGE_LOOP('',(#3559));
#777=EDGE_LOOP('',(#3560,#3561,#3562,#3563));
#778=EDGE_LOOP('',(#3564));
#779=EDGE_LOOP('',(#3565,#3566,#3567,#3568));
#780=EDGE_LOOP('',(#3569));
#781=EDGE_LOOP('',(#3570,#3571,#3572,#3573));
#782=EDGE_LOOP('',(#3574));
#783=EDGE_LOOP('',(#3575,#3576,#3577,#3578));
#784=EDGE_LOOP('',(#3579));
#785=EDGE_LOOP('',(#3580,#3581,#3582,#3583));
#786=EDGE_LOOP('',(#3584));
#787=LINE('',#5462,#1153);
#788=LINE('',#5464,#1154);
#789=LINE('',#5466,#1155);
#790=LINE('',#5467,#1156);
#791=LINE('',#5471,#1157);
#792=LINE('',#5477,#1158);
#793=LINE('',#5478,#1159);
#794=LINE('',#5479,#1160);
#795=LINE('',#5485,#1161);
#796=LINE('',#5488,#1162);
#797=LINE('',#5491,#1163);
#798=LINE('',#5492,#1164);
#799=LINE('',#5496,#1165);
#800=LINE('',#5498,#1166);
#801=LINE('',#5500,#1167);
#802=LINE('',#5502,#1168);
#803=LINE('',#5506,#1169);
#804=LINE('',#5508,#1170);
#805=LINE('',#5512,#1171);
#806=LINE('',#5516,#1172);
#807=LINE('',#5520,#1173);
#808=LINE('',#5524,#1174);
#809=LINE('',#5526,#1175);
#810=LINE('',#5528,#1176);
#811=LINE('',#5532,#1177);
#812=LINE('',#5536,#1178);
#813=LINE('',#5540,#1179);
#814=LINE('',#5544,#1180);
#815=LINE('',#5546,#1181);
#816=LINE('',#5550,#1182);
#817=LINE('',#5554,#1183);
#818=LINE('',#5558,#1184);
#819=LINE('',#5562,#1185);
#820=LINE('',#5568,#1186);
#821=LINE('',#5571,#1187);
#822=LINE('',#5574,#1188);
#823=LINE('',#5575,#1189);
#824=LINE('',#5581,#1190);
#825=LINE('',#5583,#1191);
#826=LINE('',#5584,#1192);
#827=LINE('',#5587,#1193);
#828=LINE('',#5591,#1194);
#829=LINE('',#5592,#1195);
#830=LINE('',#5597,#1196);
#831=LINE('',#5600,#1197);
#832=LINE('',#5603,#1198);
#833=LINE('',#5604,#1199);
#834=LINE('',#5607,#1200);
#835=LINE('',#5608,#1201);
#836=LINE('',#5614,#1202);
#837=LINE('',#5616,#1203);
#838=LINE('',#5620,#1204);
#839=LINE('',#5621,#1205);
#840=LINE('',#5624,#1206);
#841=LINE('',#5627,#1207);
#842=LINE('',#5630,#1208);
#843=LINE('',#5632,#1209);
#844=LINE('',#5633,#1210);
#845=LINE('',#5636,#1211);
#846=LINE('',#5640,#1212);
#847=LINE('',#5641,#1213);
#848=LINE('',#5647,#1214);
#849=LINE('',#5649,#1215);
#850=LINE('',#5650,#1216);
#851=LINE('',#5653,#1217);
#852=LINE('',#5657,#1218);
#853=LINE('',#5658,#1219);
#854=LINE('',#5663,#1220);
#855=LINE('',#5666,#1221);
#856=LINE('',#5669,#1222);
#857=LINE('',#5670,#1223);
#858=LINE('',#5673,#1224);
#859=LINE('',#5676,#1225);
#860=LINE('',#5683,#1226);
#861=LINE('',#5686,#1227);
#862=LINE('',#5689,#1228);
#863=LINE('',#5691,#1229);
#864=LINE('',#5692,#1230);
#865=LINE('',#5695,#1231);
#866=LINE('',#5699,#1232);
#867=LINE('',#5703,#1233);
#868=LINE('',#5707,#1234);
#869=LINE('',#5711,#1235);
#870=LINE('',#5717,#1236);
#871=LINE('',#5721,#1237);
#872=LINE('',#5725,#1238);
#873=LINE('',#5729,#1239);
#874=LINE('',#5733,#1240);
#875=LINE('',#5737,#1241);
#876=LINE('',#5741,#1242);
#877=LINE('',#5745,#1243);
#878=LINE('',#5747,#1244);
#879=LINE('',#5751,#1245);
#880=LINE('',#5753,#1246);
#881=LINE('',#5755,#1247);
#882=LINE('',#5757,#1248);
#883=LINE('',#5761,#1249);
#884=LINE('',#5763,#1250);
#885=LINE('',#5767,#1251);
#886=LINE('',#5771,#1252);
#887=LINE('',#5775,#1253);
#888=LINE('',#5779,#1254);
#889=LINE('',#5783,#1255);
#890=LINE('',#5787,#1256);
#891=LINE('',#5791,#1257);
#892=LINE('',#5797,#1258);
#893=LINE('',#5801,#1259);
#894=LINE('',#5805,#1260);
#895=LINE('',#5809,#1261);
#896=LINE('',#5813,#1262);
#897=LINE('',#5817,#1263);
#898=LINE('',#5821,#1264);
#899=LINE('',#5823,#1265);
#900=LINE('',#5825,#1266);
#901=LINE('',#5827,#1267);
#902=LINE('',#5853,#1268);
#903=LINE('',#5856,#1269);
#904=LINE('',#5859,#1270);
#905=LINE('',#5861,#1271);
#906=LINE('',#5863,#1272);
#907=LINE('',#5865,#1273);
#908=LINE('',#5867,#1274);
#909=LINE('',#5868,#1275);
#910=LINE('',#5871,#1276);
#911=LINE('',#5874,#1277);
#912=LINE('',#5877,#1278);
#913=LINE('',#5878,#1279);
#914=LINE('',#5880,#1280);
#915=LINE('',#5882,#1281);
#916=LINE('',#5884,#1282);
#917=LINE('',#5886,#1283);
#918=LINE('',#5888,#1284);
#919=LINE('',#5890,#1285);
#920=LINE('',#5892,#1286);
#921=LINE('',#5894,#1287);
#922=LINE('',#5895,#1288);
#923=LINE('',#5899,#1289);
#924=LINE('',#5904,#1290);
#925=LINE('',#5905,#1291);
#926=LINE('',#5908,#1292);
#927=LINE('',#5909,#1293);
#928=LINE('',#5912,#1294);
#929=LINE('',#5915,#1295);
#930=LINE('',#5918,#1296);
#931=LINE('',#5921,#1297);
#932=LINE('',#5924,#1298);
#933=LINE('',#5925,#1299);
#934=LINE('',#5928,#1300);
#935=LINE('',#5933,#1301);
#936=LINE('',#5935,#1302);
#937=LINE('',#5937,#1303);
#938=LINE('',#5938,#1304);
#939=LINE('',#5941,#1305);
#940=LINE('',#5943,#1306);
#941=LINE('',#5944,#1307);
#942=LINE('',#5947,#1308);
#943=LINE('',#5949,#1309);
#944=LINE('',#5950,#1310);
#945=LINE('',#5952,#1311);
#946=LINE('',#5953,#1312);
#947=LINE('',#6016,#1313);
#948=LINE('',#6116,#1314);
#949=LINE('',#6120,#1315);
#950=LINE('',#6182,#1316);
#951=LINE('',#6184,#1317);
#952=LINE('',#6226,#1318);
#953=LINE('',#6324,#1319);
#954=LINE('',#6373,#1320);
#955=LINE('',#6398,#1321);
#956=LINE('',#6405,#1322);
#957=LINE('',#6432,#1323);
#958=LINE('',#6482,#1324);
#959=LINE('',#6586,#1325);
#960=LINE('',#6734,#1326);
#961=LINE('',#6735,#1327);
#962=LINE('',#6738,#1328);
#963=LINE('',#6740,#1329);
#964=LINE('',#6745,#1330);
#965=LINE('',#6746,#1331);
#966=LINE('',#6752,#1332);
#967=LINE('',#6813,#1333);
#968=LINE('',#6906,#1334);
#969=LINE('',#6908,#1335);
#970=LINE('',#6909,#1336);
#971=LINE('',#6911,#1337);
#972=LINE('',#6913,#1338);
#973=LINE('',#6915,#1339);
#974=LINE('',#6917,#1340);
#975=LINE('',#6919,#1341);
#976=LINE('',#6921,#1342);
#977=LINE('',#6923,#1343);
#978=LINE('',#6926,#1344);
#979=LINE('',#6927,#1345);
#980=LINE('',#6929,#1346);
#981=LINE('',#6931,#1347);
#982=LINE('',#6932,#1348);
#983=LINE('',#6934,#1349);
#984=LINE('',#6936,#1350);
#985=LINE('',#6938,#1351);
#986=LINE('',#6940,#1352);
#987=LINE('',#6941,#1353);
#988=LINE('',#6944,#1354);
#989=LINE('',#6945,#1355);
#990=LINE('',#6946,#1356);
#991=LINE('',#6948,#1357);
#992=LINE('',#6951,#1358);
#993=LINE('',#6953,#1359);
#994=LINE('',#6955,#1360);
#995=LINE('',#6957,#1361);
#996=LINE('',#6959,#1362);
#997=LINE('',#6961,#1363);
#998=LINE('',#6963,#1364);
#999=LINE('',#6971,#1365);
#1000=LINE('',#6976,#1366);
#1001=LINE('',#6984,#1367);
#1002=LINE('',#6986,#1368);
#1003=LINE('',#6990,#1369);
#1004=LINE('',#6994,#1370);
#1005=LINE('',#6998,#1371);
#1006=LINE('',#7000,#1372);
#1007=LINE('',#7004,#1373);
#1008=LINE('',#7006,#1374);
#1009=LINE('',#7010,#1375);
#1010=LINE('',#7012,#1376);
#1011=LINE('',#7016,#1377);
#1012=LINE('',#7020,#1378);
#1013=LINE('',#7022,#1379);
#1014=LINE('',#7026,#1380);
#1015=LINE('',#7030,#1381);
#1016=LINE('',#7032,#1382);
#1017=LINE('',#7036,#1383);
#1018=LINE('',#7040,#1384);
#1019=LINE('',#7042,#1385);
#1020=LINE('',#7045,#1386);
#1021=LINE('',#7049,#1387);
#1022=LINE('',#7051,#1388);
#1023=LINE('',#7055,#1389);
#1024=LINE('',#7059,#1390);
#1025=LINE('',#7063,#1391);
#1026=LINE('',#7065,#1392);
#1027=LINE('',#7073,#1393);
#1028=LINE('',#7082,#1394);
#1029=LINE('',#7086,#1395);
#1030=LINE('',#7090,#1396);
#1031=LINE('',#7094,#1397);
#1032=LINE('',#7102,#1398);
#1033=LINE('',#7104,#1399);
#1034=LINE('',#7107,#1400);
#1035=LINE('',#7112,#1401);
#1036=LINE('',#7116,#1402);
#1037=LINE('',#7118,#1403);
#1038=LINE('',#7125,#1404);
#1039=LINE('',#7129,#1405);
#1040=LINE('',#7133,#1406);
#1041=LINE('',#7134,#1407);
#1042=LINE('',#7138,#1408);
#1043=LINE('',#7142,#1409);
#1044=LINE('',#7146,#1410);
#1045=LINE('',#7150,#1411);
#1046=LINE('',#7154,#1412);
#1047=LINE('',#7158,#1413);
#1048=LINE('',#7160,#1414);
#1049=LINE('',#7170,#1415);
#1050=LINE('',#7174,#1416);
#1051=LINE('',#7176,#1417);
#1052=LINE('',#7180,#1418);
#1053=LINE('',#7181,#1419);
#1054=LINE('',#7187,#1420);
#1055=LINE('',#7189,#1421);
#1056=LINE('',#7193,#1422);
#1057=LINE('',#7194,#1423);
#1058=LINE('',#7198,#1424);
#1059=LINE('',#7200,#1425);
#1060=LINE('',#7204,#1426);
#1061=LINE('',#7206,#1427);
#1062=LINE('',#7209,#1428);
#1063=LINE('',#7210,#1429);
#1064=LINE('',#7212,#1430);
#1065=LINE('',#7214,#1431);
#1066=LINE('',#7216,#1432);
#1067=LINE('',#7218,#1433);
#1068=LINE('',#7220,#1434);
#1069=LINE('',#7221,#1435);
#1070=LINE('',#7225,#1436);
#1071=LINE('',#7228,#1437);
#1072=LINE('',#7229,#1438);
#1073=LINE('',#7232,#1439);
#1074=LINE('',#7233,#1440);
#1075=LINE('',#7237,#1441);
#1076=LINE('',#7239,#1442);
#1077=LINE('',#7241,#1443);
#1078=LINE('',#7243,#1444);
#1079=LINE('',#7245,#1445);
#1080=LINE('',#7247,#1446);
#1081=LINE('',#7249,#1447);
#1082=LINE('',#7250,#1448);
#1083=LINE('',#7251,#1449);
#1084=LINE('',#7253,#1450);
#1085=LINE('',#7255,#1451);
#1086=LINE('',#7257,#1452);
#1087=LINE('',#7259,#1453);
#1088=LINE('',#7261,#1454);
#1089=LINE('',#7263,#1455);
#1090=LINE('',#7265,#1456);
#1091=LINE('',#7267,#1457);
#1092=LINE('',#7269,#1458);
#1093=LINE('',#7270,#1459);
#1094=LINE('',#7273,#1460);
#1095=LINE('',#7275,#1461);
#1096=LINE('',#7276,#1462);
#1097=LINE('',#7278,#1463);
#1098=LINE('',#7280,#1464);
#1099=LINE('',#7282,#1465);
#1100=LINE('',#7284,#1466);
#1101=LINE('',#7286,#1467);
#1102=LINE('',#7288,#1468);
#1103=LINE('',#7290,#1469);
#1104=LINE('',#7292,#1470);
#1105=LINE('',#7294,#1471);
#1106=LINE('',#7295,#1472);
#1107=LINE('',#7296,#1473);
#1108=LINE('',#7298,#1474);
#1109=LINE('',#7300,#1475);
#1110=LINE('',#7302,#1476);
#1111=LINE('',#7304,#1477);
#1112=LINE('',#7306,#1478);
#1113=LINE('',#7307,#1479);
#1114=LINE('',#7309,#1480);
#1115=LINE('',#7311,#1481);
#1116=LINE('',#7313,#1482);
#1117=LINE('',#7315,#1483);
#1118=LINE('',#7317,#1484);
#1119=LINE('',#7319,#1485);
#1120=LINE('',#7320,#1486);
#1121=LINE('',#7321,#1487);
#1122=LINE('',#7323,#1488);
#1123=LINE('',#7325,#1489);
#1124=LINE('',#7327,#1490);
#1125=LINE('',#7329,#1491);
#1126=LINE('',#7332,#1492);
#1127=LINE('',#7334,#1493);
#1128=LINE('',#7336,#1494);
#1129=LINE('',#7337,#1495);
#1130=LINE('',#7343,#1496);
#1131=LINE('',#7345,#1497);
#1132=LINE('',#7346,#1498);
#1133=LINE('',#7351,#1499);
#1134=LINE('',#7353,#1500);
#1135=LINE('',#7355,#1501);
#1136=LINE('',#7357,#1502);
#1137=LINE('',#7360,#1503);
#1138=LINE('',#7362,#1504);
#1139=LINE('',#7364,#1505);
#1140=LINE('',#7366,#1506);
#1141=LINE('',#7370,#1507);
#1142=LINE('',#7376,#1508);
#1143=LINE('',#7381,#1509);
#1144=LINE('',#7386,#1510);
#1145=LINE('',#7391,#1511);
#1146=LINE('',#7396,#1512);
#1147=LINE('',#7401,#1513);
#1148=LINE('',#7406,#1514);
#1149=LINE('',#7411,#1515);
#1150=LINE('',#7416,#1516);
#1151=LINE('',#7421,#1517);
#1152=LINE('',#7426,#1518);
#1153=VECTOR('',#4316,10.);
#1154=VECTOR('',#4317,10.);
#1155=VECTOR('',#4318,10.);
#1156=VECTOR('',#4319,10.);
#1157=VECTOR('',#4322,10.);
#1158=VECTOR('',#4329,10.);
#1159=VECTOR('',#4330,10.);
#1160=VECTOR('',#4331,10.);
#1161=VECTOR('',#4340,10.);
#1162=VECTOR('',#4343,10.);
#1163=VECTOR('',#4346,10.);
#1164=VECTOR('',#4347,10.);
#1165=VECTOR('',#4350,10.);
#1166=VECTOR('',#4351,10.);
#1167=VECTOR('',#4352,10.);
#1168=VECTOR('',#4353,10.);
#1169=VECTOR('',#4356,10.);
#1170=VECTOR('',#4357,10.);
#1171=VECTOR('',#4360,10.);
#1172=VECTOR('',#4363,10.);
#1173=VECTOR('',#4366,10.);
#1174=VECTOR('',#4369,10.);
#1175=VECTOR('',#4370,10.);
#1176=VECTOR('',#4371,10.);
#1177=VECTOR('',#4374,10.);
#1178=VECTOR('',#4377,10.);
#1179=VECTOR('',#4380,10.);
#1180=VECTOR('',#4383,10.);
#1181=VECTOR('',#4384,10.);
#1182=VECTOR('',#4387,10.);
#1183=VECTOR('',#4390,10.);
#1184=VECTOR('',#4393,10.);
#1185=VECTOR('',#4396,10.);
#1186=VECTOR('',#4401,10.);
#1187=VECTOR('',#4404,10.);
#1188=VECTOR('',#4407,10.);
#1189=VECTOR('',#4408,10.);
#1190=VECTOR('',#4417,10.);
#1191=VECTOR('',#4418,10.);
#1192=VECTOR('',#4419,10.);
#1193=VECTOR('',#4422,10.);
#1194=VECTOR('',#4427,10.);
#1195=VECTOR('',#4428,10.);
#1196=VECTOR('',#4435,10.);
#1197=VECTOR('',#4438,10.);
#1198=VECTOR('',#4441,10.);
#1199=VECTOR('',#4442,10.);
#1200=VECTOR('',#4445,10.);
#1201=VECTOR('',#4446,10.);
#1202=VECTOR('',#4455,10.);
#1203=VECTOR('',#4456,10.);
#1204=VECTOR('',#4461,10.);
#1205=VECTOR('',#4462,10.);
#1206=VECTOR('',#4465,10.);
#1207=VECTOR('',#4470,10.);
#1208=VECTOR('',#4473,10.);
#1209=VECTOR('',#4474,10.);
#1210=VECTOR('',#4475,10.);
#1211=VECTOR('',#4478,10.);
#1212=VECTOR('',#4483,10.);
#1213=VECTOR('',#4484,10.);
#1214=VECTOR('',#4493,10.);
#1215=VECTOR('',#4494,10.);
#1216=VECTOR('',#4495,10.);
#1217=VECTOR('',#4498,10.);
#1218=VECTOR('',#4503,10.);
#1219=VECTOR('',#4504,10.);
#1220=VECTOR('',#4511,10.);
#1221=VECTOR('',#4514,10.);
#1222=VECTOR('',#4517,10.);
#1223=VECTOR('',#4518,10.);
#1224=VECTOR('',#4521,10.);
#1225=VECTOR('',#4526,10.);
#1226=VECTOR('',#4533,10.);
#1227=VECTOR('',#4536,10.);
#1228=VECTOR('',#4539,1000.);
#1229=VECTOR('',#4540,1000.);
#1230=VECTOR('',#4541,1000.);
#1231=VECTOR('',#4544,1000.);
#1232=VECTOR('',#4547,1000.);
#1233=VECTOR('',#4550,1000.);
#1234=VECTOR('',#4553,1000.);
#1235=VECTOR('',#4556,1000.);
#1236=VECTOR('',#4561,1000.);
#1237=VECTOR('',#4564,1000.);
#1238=VECTOR('',#4567,1000.);
#1239=VECTOR('',#4570,1000.);
#1240=VECTOR('',#4573,1000.);
#1241=VECTOR('',#4576,1000.);
#1242=VECTOR('',#4579,1000.);
#1243=VECTOR('',#4582,1000.);
#1244=VECTOR('',#4583,1000.);
#1245=VECTOR('',#4586,1000.);
#1246=VECTOR('',#4587,1000.);
#1247=VECTOR('',#4588,1000.);
#1248=VECTOR('',#4589,1000.);
#1249=VECTOR('',#4592,1000.);
#1250=VECTOR('',#4593,1000.);
#1251=VECTOR('',#4596,1000.);
#1252=VECTOR('',#4599,1000.);
#1253=VECTOR('',#4602,1000.);
#1254=VECTOR('',#4605,1000.);
#1255=VECTOR('',#4608,1000.);
#1256=VECTOR('',#4611,1000.);
#1257=VECTOR('',#4614,1000.);
#1258=VECTOR('',#4619,1000.);
#1259=VECTOR('',#4622,1000.);
#1260=VECTOR('',#4625,1000.);
#1261=VECTOR('',#4628,1000.);
#1262=VECTOR('',#4631,1000.);
#1263=VECTOR('',#4634,1000.);
#1264=VECTOR('',#4637,1000.);
#1265=VECTOR('',#4638,1000.);
#1266=VECTOR('',#4639,1000.);
#1267=VECTOR('',#4640,1000.);
#1268=VECTOR('',#4667,10.);
#1269=VECTOR('',#4670,10.);
#1270=VECTOR('',#4673,1000.);
#1271=VECTOR('',#4674,1000.);
#1272=VECTOR('',#4675,1000.);
#1273=VECTOR('',#4676,1000.);
#1274=VECTOR('',#4677,1000.);
#1275=VECTOR('',#4678,1000.);
#1276=VECTOR('',#4681,10.);
#1277=VECTOR('',#4684,10.);
#1278=VECTOR('',#4687,10.);
#1279=VECTOR('',#4688,10.);
#1280=VECTOR('',#4689,1000.);
#1281=VECTOR('',#4690,10.);
#1282=VECTOR('',#4691,10.);
#1283=VECTOR('',#4692,10.);
#1284=VECTOR('',#4693,10.);
#1285=VECTOR('',#4694,10.);
#1286=VECTOR('',#4695,10.);
#1287=VECTOR('',#4696,10.);
#1288=VECTOR('',#4697,1000.);
#1289=VECTOR('',#4702,10.);
#1290=VECTOR('',#4707,1.5);
#1291=VECTOR('',#4708,1.5);
#1292=VECTOR('',#4711,10.);
#1293=VECTOR('',#4712,1000.);
#1294=VECTOR('',#4715,10.);
#1295=VECTOR('',#4720,1000.);
#1296=VECTOR('',#4723,10.);
#1297=VECTOR('',#4726,10.);
#1298=VECTOR('',#4729,1.5);
#1299=VECTOR('',#4730,1000.);
#1300=VECTOR('',#4733,1.5);
#1301=VECTOR('',#4738,10.);
#1302=VECTOR('',#4739,10.);
#1303=VECTOR('',#4740,10.);
#1304=VECTOR('',#4741,10.);
#1305=VECTOR('',#4744,10.);
#1306=VECTOR('',#4745,10.);
#1307=VECTOR('',#4746,10.);
#1308=VECTOR('',#4749,10.);
#1309=VECTOR('',#4750,10.);
#1310=VECTOR('',#4751,10.);
#1311=VECTOR('',#4754,10.);
#1312=VECTOR('',#4755,10.);
#1313=VECTOR('',#4760,10.);
#1314=VECTOR('',#4765,10.);
#1315=VECTOR('',#4770,10.);
#1316=VECTOR('',#4773,1000.);
#1317=VECTOR('',#4774,10.);
#1318=VECTOR('',#4783,10.);
#1319=VECTOR('',#4790,10.);
#1320=VECTOR('',#4799,10.);
#1321=VECTOR('',#4806,10.);
#1322=VECTOR('',#4817,10.);
#1323=VECTOR('',#4826,10.);
#1324=VECTOR('',#4833,10.);
#1325=VECTOR('',#4840,10.);
#1326=VECTOR('',#4845,1000.);
#1327=VECTOR('',#4846,10.);
#1328=VECTOR('',#4849,10.);
#1329=VECTOR('',#4850,1000.);
#1330=VECTOR('',#4855,10.);
#1331=VECTOR('',#4856,1000.);
#1332=VECTOR('',#4863,10.);
#1333=VECTOR('',#4866,10.);
#1334=VECTOR('',#4869,1000.);
#1335=VECTOR('',#4872,1000.);
#1336=VECTOR('',#4873,1000.);
#1337=VECTOR('',#4876,10.);
#1338=VECTOR('',#4879,1000.);
#1339=VECTOR('',#4882,1000.);
#1340=VECTOR('',#4885,1000.);
#1341=VECTOR('',#4888,1000.);
#1342=VECTOR('',#4891,1000.);
#1343=VECTOR('',#4894,1000.);
#1344=VECTOR('',#4897,10.);
#1345=VECTOR('',#4898,1000.);
#1346=VECTOR('',#4901,105.566918386808);
#1347=VECTOR('',#4902,1000.);
#1348=VECTOR('',#4903,10.);
#1349=VECTOR('',#4906,1000.);
#1350=VECTOR('',#4909,1000.);
#1351=VECTOR('',#4912,10.);
#1352=VECTOR('',#4915,10.);
#1353=VECTOR('',#4916,1000.);
#1354=VECTOR('',#4919,10.);
#1355=VECTOR('',#4920,1000.);
#1356=VECTOR('',#4921,1000.);
#1357=VECTOR('',#4924,1000.);
#1358=VECTOR('',#4929,10.);
#1359=VECTOR('',#4932,1000.);
#1360=VECTOR('',#4935,10.);
#1361=VECTOR('',#4938,1000.);
#1362=VECTOR('',#4941,1000.);
#1363=VECTOR('',#4944,1000.);
#1364=VECTOR('',#4947,1000.);
#1365=VECTOR('',#4962,1000.);
#1366=VECTOR('',#4967,1000.);
#1367=VECTOR('',#4974,1000.);
#1368=VECTOR('',#4975,1000.);
#1369=VECTOR('',#4978,1000.);
#1370=VECTOR('',#4981,1000.);
#1371=VECTOR('',#4984,1000.);
#1372=VECTOR('',#4985,1000.);
#1373=VECTOR('',#4988,1000.);
#1374=VECTOR('',#4989,1000.);
#1375=VECTOR('',#4992,1000.);
#1376=VECTOR('',#4993,1000.);
#1377=VECTOR('',#4996,1000.);
#1378=VECTOR('',#4999,1000.);
#1379=VECTOR('',#5000,1000.);
#1380=VECTOR('',#5003,1000.);
#1381=VECTOR('',#5006,1000.);
#1382=VECTOR('',#5007,1000.);
#1383=VECTOR('',#5010,1000.);
#1384=VECTOR('',#5013,1000.);
#1385=VECTOR('',#5014,1000.);
#1386=VECTOR('',#5017,1000.);
#1387=VECTOR('',#5020,1000.);
#1388=VECTOR('',#5021,999.999999999999);
#1389=VECTOR('',#5024,1000.);
#1390=VECTOR('',#5027,1000.);
#1391=VECTOR('',#5030,1000.);
#1392=VECTOR('',#5031,1000.);
#1393=VECTOR('',#5038,1000.);
#1394=VECTOR('',#5049,1000.);
#1395=VECTOR('',#5052,1000.);
#1396=VECTOR('',#5055,1000.);
#1397=VECTOR('',#5058,1000.);
#1398=VECTOR('',#5065,1000.);
#1399=VECTOR('',#5066,1000.);
#1400=VECTOR('',#5069,1000.);
#1401=VECTOR('',#5074,1000.);
#1402=VECTOR('',#5077,999.999999999999);
#1403=VECTOR('',#5078,1000.);
#1404=VECTOR('',#5085,1000.);
#1405=VECTOR('',#5088,1000.);
#1406=VECTOR('',#5091,1000.);
#1407=VECTOR('',#5092,1000.);
#1408=VECTOR('',#5095,1000.);
#1409=VECTOR('',#5098,1000.);
#1410=VECTOR('',#5101,1000.);
#1411=VECTOR('',#5104,1000.);
#1412=VECTOR('',#5107,1000.);
#1413=VECTOR('',#5110,1000.);
#1414=VECTOR('',#5111,1000.);
#1415=VECTOR('',#5122,1000.);
#1416=VECTOR('',#5125,1000.);
#1417=VECTOR('',#5126,1000.);
#1418=VECTOR('',#5129,1000.);
#1419=VECTOR('',#5130,1000.);
#1420=VECTOR('',#5135,1000.);
#1421=VECTOR('',#5136,1000.);
#1422=VECTOR('',#5139,1000.);
#1423=VECTOR('',#5140,1000.);
#1424=VECTOR('',#5143,1000.);
#1425=VECTOR('',#5144,1000.);
#1426=VECTOR('',#5147,1000.);
#1427=VECTOR('',#5148,1000.);
#1428=VECTOR('',#5153,1000.);
#1429=VECTOR('',#5154,1000.);
#1430=VECTOR('',#5157,1000.);
#1431=VECTOR('',#5160,1000.);
#1432=VECTOR('',#5163,1000.);
#1433=VECTOR('',#5164,1000.);
#1434=VECTOR('',#5165,1000.);
#1435=VECTOR('',#5166,1000.);
#1436=VECTOR('',#5171,1000.);
#1437=VECTOR('',#5174,1000.);
#1438=VECTOR('',#5175,1000.);
#1439=VECTOR('',#5178,1000.);
#1440=VECTOR('',#5179,1000.);
#1441=VECTOR('',#5184,1000.);
#1442=VECTOR('',#5187,1000.);
#1443=VECTOR('',#5190,1000.);
#1444=VECTOR('',#5193,1000.);
#1445=VECTOR('',#5196,1000.);
#1446=VECTOR('',#5199,1000.);
#1447=VECTOR('',#5202,1000.);
#1448=VECTOR('',#5203,1000.);
#1449=VECTOR('',#5204,1000.);
#1450=VECTOR('',#5207,1000.);
#1451=VECTOR('',#5210,1000.);
#1452=VECTOR('',#5213,1000.);
#1453=VECTOR('',#5216,1000.);
#1454=VECTOR('',#5219,1000.);
#1455=VECTOR('',#5222,1000.);
#1456=VECTOR('',#5225,1000.);
#1457=VECTOR('',#5228,1000.);
#1458=VECTOR('',#5231,1000.);
#1459=VECTOR('',#5232,1000.);
#1460=VECTOR('',#5237,1000.);
#1461=VECTOR('',#5240,1000.);
#1462=VECTOR('',#5241,1000.);
#1463=VECTOR('',#5244,1000.);
#1464=VECTOR('',#5247,1000.);
#1465=VECTOR('',#5250,1000.);
#1466=VECTOR('',#5253,1000.);
#1467=VECTOR('',#5256,1000.);
#1468=VECTOR('',#5259,1000.);
#1469=VECTOR('',#5262,1000.);
#1470=VECTOR('',#5265,1000.);
#1471=VECTOR('',#5268,1000.);
#1472=VECTOR('',#5269,1000.);
#1473=VECTOR('',#5270,1000.);
#1474=VECTOR('',#5273,1000.);
#1475=VECTOR('',#5276,1000.);
#1476=VECTOR('',#5279,1000.);
#1477=VECTOR('',#5282,1000.);
#1478=VECTOR('',#5285,1000.);
#1479=VECTOR('',#5286,1000.);
#1480=VECTOR('',#5289,1000.);
#1481=VECTOR('',#5292,1000.);
#1482=VECTOR('',#5295,1000.);
#1483=VECTOR('',#5298,1000.);
#1484=VECTOR('',#5301,1000.);
#1485=VECTOR('',#5304,1000.);
#1486=VECTOR('',#5305,1000.);
#1487=VECTOR('',#5306,1000.);
#1488=VECTOR('',#5309,1000.);
#1489=VECTOR('',#5312,1000.);
#1490=VECTOR('',#5315,1000.);
#1491=VECTOR('',#5318,1000.);
#1492=VECTOR('',#5321,1000.);
#1493=VECTOR('',#5322,1000.);
#1494=VECTOR('',#5323,1000.);
#1495=VECTOR('',#5324,1000.);
#1496=VECTOR('',#5333,1000.);
#1497=VECTOR('',#5336,1000.);
#1498=VECTOR('',#5337,1000.);
#1499=VECTOR('',#5346,1000.);
#1500=VECTOR('',#5349,1000.);
#1501=VECTOR('',#5352,1000.);
#1502=VECTOR('',#5355,1000.);
#1503=VECTOR('',#5360,1000.);
#1504=VECTOR('',#5363,1000.);
#1505=VECTOR('',#5366,1000.);
#1506=VECTOR('',#5369,1000.);
#1507=VECTOR('',#5376,1000.);
#1508=VECTOR('',#5385,1.95);
#1509=VECTOR('',#5392,1.95);
#1510=VECTOR('',#5399,1.95);
#1511=VECTOR('',#5406,1.95);
#1512=VECTOR('',#5413,1.95);
#1513=VECTOR('',#5420,1.95);
#1514=VECTOR('',#5427,1.95);
#1515=VECTOR('',#5434,1.95);
#1516=VECTOR('',#5441,1.95);
#1517=VECTOR('',#5448,1.95);
#1518=VECTOR('',#5455,1.95);
#1519=VERTEX_POINT('',#5460);
#1520=VERTEX_POINT('',#5461);
#1521=VERTEX_POINT('',#5463);
#1522=VERTEX_POINT('',#5465);
#1523=VERTEX_POINT('',#5469);
#1524=VERTEX_POINT('',#5470);
#1525=VERTEX_POINT('',#5475);
#1526=VERTEX_POINT('',#5476);
#1527=VERTEX_POINT('',#5484);
#1528=VERTEX_POINT('',#5486);
#1529=VERTEX_POINT('',#5490);
#1530=VERTEX_POINT('',#5494);
#1531=VERTEX_POINT('',#5495);
#1532=VERTEX_POINT('',#5497);
#1533=VERTEX_POINT('',#5499);
#1534=VERTEX_POINT('',#5501);
#1535=VERTEX_POINT('',#5503);
#1536=VERTEX_POINT('',#5505);
#1537=VERTEX_POINT('',#5507);
#1538=VERTEX_POINT('',#5509);
#1539=VERTEX_POINT('',#5511);
#1540=VERTEX_POINT('',#5513);
#1541=VERTEX_POINT('',#5515);
#1542=VERTEX_POINT('',#5517);
#1543=VERTEX_POINT('',#5519);
#1544=VERTEX_POINT('',#5521);
#1545=VERTEX_POINT('',#5523);
#1546=VERTEX_POINT('',#5525);
#1547=VERTEX_POINT('',#5527);
#1548=VERTEX_POINT('',#5529);
#1549=VERTEX_POINT('',#5531);
#1550=VERTEX_POINT('',#5533);
#1551=VERTEX_POINT('',#5535);
#1552=VERTEX_POINT('',#5537);
#1553=VERTEX_POINT('',#5539);
#1554=VERTEX_POINT('',#5541);
#1555=VERTEX_POINT('',#5543);
#1556=VERTEX_POINT('',#5545);
#1557=VERTEX_POINT('',#5548);
#1558=VERTEX_POINT('',#5549);
#1559=VERTEX_POINT('',#5551);
#1560=VERTEX_POINT('',#5553);
#1561=VERTEX_POINT('',#5556);
#1562=VERTEX_POINT('',#5557);
#1563=VERTEX_POINT('',#5559);
#1564=VERTEX_POINT('',#5561);
#1565=VERTEX_POINT('',#5564);
#1566=VERTEX_POINT('',#5565);
#1567=VERTEX_POINT('',#5567);
#1568=VERTEX_POINT('',#5569);
#1569=VERTEX_POINT('',#5573);
#1570=VERTEX_POINT('',#5580);
#1571=VERTEX_POINT('',#5582);
#1572=VERTEX_POINT('',#5586);
#1573=VERTEX_POINT('',#5590);
#1574=VERTEX_POINT('',#5596);
#1575=VERTEX_POINT('',#5598);
#1576=VERTEX_POINT('',#5602);
#1577=VERTEX_POINT('',#5606);
#1578=VERTEX_POINT('',#5613);
#1579=VERTEX_POINT('',#5615);
#1580=VERTEX_POINT('',#5619);
#1581=VERTEX_POINT('',#5623);
#1582=VERTEX_POINT('',#5629);
#1583=VERTEX_POINT('',#5631);
#1584=VERTEX_POINT('',#5635);
#1585=VERTEX_POINT('',#5639);
#1586=VERTEX_POINT('',#5646);
#1587=VERTEX_POINT('',#5648);
#1588=VERTEX_POINT('',#5652);
#1589=VERTEX_POINT('',#5656);
#1590=VERTEX_POINT('',#5662);
#1591=VERTEX_POINT('',#5664);
#1592=VERTEX_POINT('',#5668);
#1593=VERTEX_POINT('',#5672);
#1594=VERTEX_POINT('',#5679);
#1595=VERTEX_POINT('',#5680);
#1596=VERTEX_POINT('',#5682);
#1597=VERTEX_POINT('',#5684);
#1598=VERTEX_POINT('',#5688);
#1599=VERTEX_POINT('',#5690);
#1600=VERTEX_POINT('',#5694);
#1601=VERTEX_POINT('',#5696);
#1602=VERTEX_POINT('',#5698);
#1603=VERTEX_POINT('',#5700);
#1604=VERTEX_POINT('',#5702);
#1605=VERTEX_POINT('',#5704);
#1606=VERTEX_POINT('',#5706);
#1607=VERTEX_POINT('',#5708);
#1608=VERTEX_POINT('',#5710);
#1609=VERTEX_POINT('',#5712);
#1610=VERTEX_POINT('',#5714);
#1611=VERTEX_POINT('',#5716);
#1612=VERTEX_POINT('',#5718);
#1613=VERTEX_POINT('',#5720);
#1614=VERTEX_POINT('',#5722);
#1615=VERTEX_POINT('',#5724);
#1616=VERTEX_POINT('',#5726);
#1617=VERTEX_POINT('',#5728);
#1618=VERTEX_POINT('',#5730);
#1619=VERTEX_POINT('',#5732);
#1620=VERTEX_POINT('',#5734);
#1621=VERTEX_POINT('',#5736);
#1622=VERTEX_POINT('',#5738);
#1623=VERTEX_POINT('',#5740);
#1624=VERTEX_POINT('',#5742);
#1625=VERTEX_POINT('',#5744);
#1626=VERTEX_POINT('',#5746);
#1627=VERTEX_POINT('',#5748);
#1628=VERTEX_POINT('',#5750);
#1629=VERTEX_POINT('',#5752);
#1630=VERTEX_POINT('',#5754);
#1631=VERTEX_POINT('',#5756);
#1632=VERTEX_POINT('',#5758);
#1633=VERTEX_POINT('',#5760);
#1634=VERTEX_POINT('',#5762);
#1635=VERTEX_POINT('',#5764);
#1636=VERTEX_POINT('',#5766);
#1637=VERTEX_POINT('',#5768);
#1638=VERTEX_POINT('',#5770);
#1639=VERTEX_POINT('',#5772);
#1640=VERTEX_POINT('',#5774);
#1641=VERTEX_POINT('',#5776);
#1642=VERTEX_POINT('',#5778);
#1643=VERTEX_POINT('',#5780);
#1644=VERTEX_POINT('',#5782);
#1645=VERTEX_POINT('',#5784);
#1646=VERTEX_POINT('',#5786);
#1647=VERTEX_POINT('',#5788);
#1648=VERTEX_POINT('',#5790);
#1649=VERTEX_POINT('',#5792);
#1650=VERTEX_POINT('',#5794);
#1651=VERTEX_POINT('',#5796);
#1652=VERTEX_POINT('',#5798);
#1653=VERTEX_POINT('',#5800);
#1654=VERTEX_POINT('',#5802);
#1655=VERTEX_POINT('',#5804);
#1656=VERTEX_POINT('',#5806);
#1657=VERTEX_POINT('',#5808);
#1658=VERTEX_POINT('',#5810);
#1659=VERTEX_POINT('',#5812);
#1660=VERTEX_POINT('',#5814);
#1661=VERTEX_POINT('',#5816);
#1662=VERTEX_POINT('',#5818);
#1663=VERTEX_POINT('',#5820);
#1664=VERTEX_POINT('',#5822);
#1665=VERTEX_POINT('',#5824);
#1666=VERTEX_POINT('',#5826);
#1667=VERTEX_POINT('',#5829);
#1668=VERTEX_POINT('',#5831);
#1669=VERTEX_POINT('',#5833);
#1670=VERTEX_POINT('',#5835);
#1671=VERTEX_POINT('',#5837);
#1672=VERTEX_POINT('',#5839);
#1673=VERTEX_POINT('',#5841);
#1674=VERTEX_POINT('',#5843);
#1675=VERTEX_POINT('',#5845);
#1676=VERTEX_POINT('',#5847);
#1677=VERTEX_POINT('',#5849);
#1678=VERTEX_POINT('',#5852);
#1679=VERTEX_POINT('',#5854);
#1680=VERTEX_POINT('',#5858);
#1681=VERTEX_POINT('',#5860);
#1682=VERTEX_POINT('',#5862);
#1683=VERTEX_POINT('',#5864);
#1684=VERTEX_POINT('',#5866);
#1685=VERTEX_POINT('',#5870);
#1686=VERTEX_POINT('',#5872);
#1687=VERTEX_POINT('',#5876);
#1688=VERTEX_POINT('',#5879);
#1689=VERTEX_POINT('',#5881);
#1690=VERTEX_POINT('',#5883);
#1691=VERTEX_POINT('',#5885);
#1692=VERTEX_POINT('',#5887);
#1693=VERTEX_POINT('',#5889);
#1694=VERTEX_POINT('',#5891);
#1695=VERTEX_POINT('',#5893);
#1696=VERTEX_POINT('',#5897);
#1697=VERTEX_POINT('',#5901);
#1698=VERTEX_POINT('',#5902);
#1699=VERTEX_POINT('',#5907);
#1700=VERTEX_POINT('',#5911);
#1701=VERTEX_POINT('',#5917);
#1702=VERTEX_POINT('',#5919);
#1703=VERTEX_POINT('',#5923);
#1704=VERTEX_POINT('',#5927);
#1705=VERTEX_POINT('',#5931);
#1706=VERTEX_POINT('',#5932);
#1707=VERTEX_POINT('',#5934);
#1708=VERTEX_POINT('',#5936);
#1709=VERTEX_POINT('',#5940);
#1710=VERTEX_POINT('',#5942);
#1711=VERTEX_POINT('',#5946);
#1712=VERTEX_POINT('',#5948);
#1713=VERTEX_POINT('',#5956);
#1714=VERTEX_POINT('',#6015);
#1715=VERTEX_POINT('',#6053);
#1716=VERTEX_POINT('',#6109);
#1717=VERTEX_POINT('',#6114);
#1718=VERTEX_POINT('',#6118);
#1719=VERTEX_POINT('',#6122);
#1720=VERTEX_POINT('',#6181);
#1721=VERTEX_POINT('',#6183);
#1722=VERTEX_POINT('',#6221);
#1723=VERTEX_POINT('',#6225);
#1724=VERTEX_POINT('',#6314);
#1725=VERTEX_POINT('',#6316);
#1726=VERTEX_POINT('',#6323);
#1727=VERTEX_POINT('',#6362);
#1728=VERTEX_POINT('',#6364);
#1729=VERTEX_POINT('',#6371);
#1730=VERTEX_POINT('',#6394);
#1731=VERTEX_POINT('',#6403);
#1732=VERTEX_POINT('',#6426);
#1733=VERTEX_POINT('',#6430);
#1734=VERTEX_POINT('',#6458);
#1735=VERTEX_POINT('',#6460);
#1736=VERTEX_POINT('',#6480);
#1737=VERTEX_POINT('',#6518);
#1738=VERTEX_POINT('',#6520);
#1739=VERTEX_POINT('',#6584);
#1740=VERTEX_POINT('',#6622);
#1741=VERTEX_POINT('',#6683);
#1742=VERTEX_POINT('',#6733);
#1743=VERTEX_POINT('',#6737);
#1744=VERTEX_POINT('',#6739);
#1745=VERTEX_POINT('',#6743);
#1746=VERTEX_POINT('',#6744);
#1747=VERTEX_POINT('',#6747);
#1748=VERTEX_POINT('',#6751);
#1749=VERTEX_POINT('',#6812);
#1750=VERTEX_POINT('',#6899);
#1751=VERTEX_POINT('',#6900);
#1752=VERTEX_POINT('',#6925);
#1753=VERTEX_POINT('',#6930);
#1754=VERTEX_POINT('',#6943);
#1755=VERTEX_POINT('',#6973);
#1756=VERTEX_POINT('',#6975);
#1757=VERTEX_POINT('',#6977);
#1758=VERTEX_POINT('',#6979);
#1759=VERTEX_POINT('',#6981);
#1760=VERTEX_POINT('',#6983);
#1761=VERTEX_POINT('',#6985);
#1762=VERTEX_POINT('',#6987);
#1763=VERTEX_POINT('',#6989);
#1764=VERTEX_POINT('',#6991);
#1765=VERTEX_POINT('',#6993);
#1766=VERTEX_POINT('',#6995);
#1767=VERTEX_POINT('',#6997);
#1768=VERTEX_POINT('',#6999);
#1769=VERTEX_POINT('',#7001);
#1770=VERTEX_POINT('',#7003);
#1771=VERTEX_POINT('',#7005);
#1772=VERTEX_POINT('',#7007);
#1773=VERTEX_POINT('',#7009);
#1774=VERTEX_POINT('',#7011);
#1775=VERTEX_POINT('',#7013);
#1776=VERTEX_POINT('',#7015);
#1777=VERTEX_POINT('',#7017);
#1778=VERTEX_POINT('',#7019);
#1779=VERTEX_POINT('',#7021);
#1780=VERTEX_POINT('',#7023);
#1781=VERTEX_POINT('',#7025);
#1782=VERTEX_POINT('',#7027);
#1783=VERTEX_POINT('',#7029);
#1784=VERTEX_POINT('',#7031);
#1785=VERTEX_POINT('',#7033);
#1786=VERTEX_POINT('',#7035);
#1787=VERTEX_POINT('',#7037);
#1788=VERTEX_POINT('',#7039);
#1789=VERTEX_POINT('',#7041);
#1790=VERTEX_POINT('',#7043);
#1791=VERTEX_POINT('',#7046);
#1792=VERTEX_POINT('',#7048);
#1793=VERTEX_POINT('',#7050);
#1794=VERTEX_POINT('',#7052);
#1795=VERTEX_POINT('',#7054);
#1796=VERTEX_POINT('',#7056);
#1797=VERTEX_POINT('',#7058);
#1798=VERTEX_POINT('',#7060);
#1799=VERTEX_POINT('',#7062);
#1800=VERTEX_POINT('',#7064);
#1801=VERTEX_POINT('',#7066);
#1802=VERTEX_POINT('',#7068);
#1803=VERTEX_POINT('',#7070);
#1804=VERTEX_POINT('',#7072);
#1805=VERTEX_POINT('',#7078);
#1806=VERTEX_POINT('',#7079);
#1807=VERTEX_POINT('',#7081);
#1808=VERTEX_POINT('',#7083);
#1809=VERTEX_POINT('',#7085);
#1810=VERTEX_POINT('',#7087);
#1811=VERTEX_POINT('',#7089);
#1812=VERTEX_POINT('',#7091);
#1813=VERTEX_POINT('',#7093);
#1814=VERTEX_POINT('',#7095);
#1815=VERTEX_POINT('',#7097);
#1816=VERTEX_POINT('',#7099);
#1817=VERTEX_POINT('',#7101);
#1818=VERTEX_POINT('',#7103);
#1819=VERTEX_POINT('',#7105);
#1820=VERTEX_POINT('',#7109);
#1821=VERTEX_POINT('',#7111);
#1822=VERTEX_POINT('',#7113);
#1823=VERTEX_POINT('',#7115);
#1824=VERTEX_POINT('',#7117);
#1825=VERTEX_POINT('',#7121);
#1826=VERTEX_POINT('',#7122);
#1827=VERTEX_POINT('',#7124);
#1828=VERTEX_POINT('',#7126);
#1829=VERTEX_POINT('',#7128);
#1830=VERTEX_POINT('',#7130);
#1831=VERTEX_POINT('',#7132);
#1832=VERTEX_POINT('',#7136);
#1833=VERTEX_POINT('',#7137);
#1834=VERTEX_POINT('',#7139);
#1835=VERTEX_POINT('',#7141);
#1836=VERTEX_POINT('',#7143);
#1837=VERTEX_POINT('',#7145);
#1838=VERTEX_POINT('',#7147);
#1839=VERTEX_POINT('',#7149);
#1840=VERTEX_POINT('',#7151);
#1841=VERTEX_POINT('',#7153);
#1842=VERTEX_POINT('',#7155);
#1843=VERTEX_POINT('',#7157);
#1844=VERTEX_POINT('',#7159);
#1845=VERTEX_POINT('',#7161);
#1846=VERTEX_POINT('',#7163);
#1847=VERTEX_POINT('',#7167);
#1848=VERTEX_POINT('',#7169);
#1849=VERTEX_POINT('',#7171);
#1850=VERTEX_POINT('',#7173);
#1851=VERTEX_POINT('',#7175);
#1852=VERTEX_POINT('',#7177);
#1853=VERTEX_POINT('',#7179);
#1854=VERTEX_POINT('',#7183);
#1855=VERTEX_POINT('',#7184);
#1856=VERTEX_POINT('',#7186);
#1857=VERTEX_POINT('',#7188);
#1858=VERTEX_POINT('',#7190);
#1859=VERTEX_POINT('',#7192);
#1860=VERTEX_POINT('',#7196);
#1861=VERTEX_POINT('',#7197);
#1862=VERTEX_POINT('',#7199);
#1863=VERTEX_POINT('',#7201);
#1864=VERTEX_POINT('',#7203);
#1865=VERTEX_POINT('',#7205);
#1866=VERTEX_POINT('',#7217);
#1867=VERTEX_POINT('',#7219);
#1868=VERTEX_POINT('',#7223);
#1869=VERTEX_POINT('',#7227);
#1870=VERTEX_POINT('',#7231);
#1871=VERTEX_POINT('',#7235);
#1872=VERTEX_POINT('',#7331);
#1873=VERTEX_POINT('',#7333);
#1874=VERTEX_POINT('',#7335);
#1875=VERTEX_POINT('',#7341);
#1876=VERTEX_POINT('',#7374);
#1877=VERTEX_POINT('',#7379);
#1878=VERTEX_POINT('',#7384);
#1879=VERTEX_POINT('',#7389);
#1880=VERTEX_POINT('',#7394);
#1881=VERTEX_POINT('',#7399);
#1882=VERTEX_POINT('',#7404);
#1883=VERTEX_POINT('',#7409);
#1884=VERTEX_POINT('',#7414);
#1885=VERTEX_POINT('',#7419);
#1886=VERTEX_POINT('',#7424);
#1887=EDGE_CURVE('',#1519,#1520,#787,.T.);
#1888=EDGE_CURVE('',#1520,#1521,#788,.T.);
#1889=EDGE_CURVE('',#1521,#1522,#789,.T.);
#1890=EDGE_CURVE('',#1522,#1519,#790,.T.);
#1891=EDGE_CURVE('',#1523,#1524,#791,.T.);
#1892=EDGE_CURVE('',#1524,#1520,#176,.T.);
#1893=EDGE_CURVE('',#1519,#1523,#177,.T.);
#1894=EDGE_CURVE('',#1525,#1526,#792,.T.);
#1895=EDGE_CURVE('',#1526,#1524,#793,.T.);
#1896=EDGE_CURVE('',#1523,#1525,#794,.T.);
#1897=EDGE_CURVE('',#1521,#1526,#178,.T.);
#1898=EDGE_CURVE('',#1525,#1522,#179,.T.);
#1899=EDGE_CURVE('',#1519,#1527,#795,.T.);
#1900=EDGE_CURVE('',#1527,#1528,#180,.T.);
#1901=EDGE_CURVE('',#1523,#1528,#796,.T.);
#1902=EDGE_CURVE('',#1522,#1529,#797,.T.);
#1903=EDGE_CURVE('',#1529,#1527,#798,.T.);
#1904=EDGE_CURVE('',#1530,#1531,#799,.T.);
#1905=EDGE_CURVE('',#1532,#1530,#800,.T.);
#1906=EDGE_CURVE('',#1533,#1532,#801,.T.);
#1907=EDGE_CURVE('',#1534,#1533,#802,.T.);
#1908=EDGE_CURVE('',#1535,#1534,#58,.T.);
#1909=EDGE_CURVE('',#1536,#1535,#803,.T.);
#1910=EDGE_CURVE('',#1537,#1536,#804,.T.);
#1911=EDGE_CURVE('',#1538,#1537,#59,.T.);
#1912=EDGE_CURVE('',#1539,#1538,#805,.T.);
#1913=EDGE_CURVE('',#1540,#1539,#60,.T.);
#1914=EDGE_CURVE('',#1541,#1540,#806,.T.);
#1915=EDGE_CURVE('',#1542,#1541,#61,.T.);
#1916=EDGE_CURVE('',#1543,#1542,#807,.T.);
#1917=EDGE_CURVE('',#1544,#1543,#62,.T.);
#1918=EDGE_CURVE('',#1545,#1544,#808,.T.);
#1919=EDGE_CURVE('',#1546,#1545,#809,.T.);
#1920=EDGE_CURVE('',#1547,#1546,#810,.T.);
#1921=EDGE_CURVE('',#1548,#1547,#63,.T.);
#1922=EDGE_CURVE('',#1549,#1548,#811,.T.);
#1923=EDGE_CURVE('',#1550,#1549,#64,.T.);
#1924=EDGE_CURVE('',#1551,#1550,#812,.T.);
#1925=EDGE_CURVE('',#1552,#1551,#65,.T.);
#1926=EDGE_CURVE('',#1553,#1552,#813,.T.);
#1927=EDGE_CURVE('',#1554,#1553,#66,.T.);
#1928=EDGE_CURVE('',#1555,#1554,#814,.T.);
#1929=EDGE_CURVE('',#1556,#1555,#815,.T.);
#1930=EDGE_CURVE('',#1531,#1556,#67,.T.);
#1931=EDGE_CURVE('',#1557,#1558,#816,.T.);
#1932=EDGE_CURVE('',#1559,#1557,#181,.T.);
#1933=EDGE_CURVE('',#1560,#1559,#817,.T.);
#1934=EDGE_CURVE('',#1558,#1560,#182,.T.);
#1935=EDGE_CURVE('',#1561,#1562,#818,.T.);
#1936=EDGE_CURVE('',#1563,#1561,#183,.T.);
#1937=EDGE_CURVE('',#1564,#1563,#819,.T.);
#1938=EDGE_CURVE('',#1562,#1564,#184,.T.);
#1939=EDGE_CURVE('',#1565,#1566,#185,.T.);
#1940=EDGE_CURVE('',#1567,#1565,#820,.T.);
#1941=EDGE_CURVE('',#1568,#1567,#186,.T.);
#1942=EDGE_CURVE('',#1566,#1568,#821,.T.);
#1943=EDGE_CURVE('',#1528,#1569,#822,.T.);
#1944=EDGE_CURVE('',#1525,#1569,#823,.T.);
#1945=EDGE_CURVE('',#1569,#1529,#187,.T.);
#1946=EDGE_CURVE('',#1570,#1557,#824,.T.);
#1947=EDGE_CURVE('',#1558,#1571,#825,.T.);
#1948=EDGE_CURVE('',#1571,#1570,#826,.T.);
#1949=EDGE_CURVE('',#1572,#1559,#827,.T.);
#1950=EDGE_CURVE('',#1570,#1572,#188,.T.);
#1951=EDGE_CURVE('',#1573,#1560,#828,.T.);
#1952=EDGE_CURVE('',#1572,#1573,#829,.T.);
#1953=EDGE_CURVE('',#1573,#1571,#189,.T.);
#1954=EDGE_CURVE('',#1570,#1574,#830,.T.);
#1955=EDGE_CURVE('',#1574,#1575,#190,.T.);
#1956=EDGE_CURVE('',#1572,#1575,#831,.T.);
#1957=EDGE_CURVE('',#1571,#1576,#832,.T.);
#1958=EDGE_CURVE('',#1576,#1574,#833,.T.);
#1959=EDGE_CURVE('',#1575,#1577,#834,.T.);
#1960=EDGE_CURVE('',#1573,#1577,#835,.T.);
#1961=EDGE_CURVE('',#1577,#1576,#191,.T.);
#1962=EDGE_CURVE('',#1578,#1565,#836,.T.);
#1963=EDGE_CURVE('',#1566,#1579,#837,.T.);
#1964=EDGE_CURVE('',#1579,#1578,#192,.T.);
#1965=EDGE_CURVE('',#1580,#1567,#838,.T.);
#1966=EDGE_CURVE('',#1578,#1580,#839,.T.);
#1967=EDGE_CURVE('',#1581,#1568,#840,.T.);
#1968=EDGE_CURVE('',#1580,#1581,#193,.T.);
#1969=EDGE_CURVE('',#1581,#1579,#841,.T.);
#1970=EDGE_CURVE('',#1578,#1582,#842,.T.);
#1971=EDGE_CURVE('',#1582,#1583,#843,.T.);
#1972=EDGE_CURVE('',#1580,#1583,#844,.T.);
#1973=EDGE_CURVE('',#1579,#1584,#845,.T.);
#1974=EDGE_CURVE('',#1584,#1582,#194,.T.);
#1975=EDGE_CURVE('',#1581,#1585,#846,.T.);
#1976=EDGE_CURVE('',#1585,#1584,#847,.T.);
#1977=EDGE_CURVE('',#1583,#1585,#195,.T.);
#1978=EDGE_CURVE('',#1586,#1561,#848,.T.);
#1979=EDGE_CURVE('',#1562,#1587,#849,.T.);
#1980=EDGE_CURVE('',#1587,#1586,#850,.T.);
#1981=EDGE_CURVE('',#1588,#1563,#851,.T.);
#1982=EDGE_CURVE('',#1586,#1588,#196,.T.);
#1983=EDGE_CURVE('',#1589,#1564,#852,.T.);
#1984=EDGE_CURVE('',#1588,#1589,#853,.T.);
#1985=EDGE_CURVE('',#1589,#1587,#197,.T.);
#1986=EDGE_CURVE('',#1586,#1590,#854,.T.);
#1987=EDGE_CURVE('',#1590,#1591,#198,.T.);
#1988=EDGE_CURVE('',#1588,#1591,#855,.T.);
#1989=EDGE_CURVE('',#1587,#1592,#856,.T.);
#1990=EDGE_CURVE('',#1592,#1590,#857,.T.);
#1991=EDGE_CURVE('',#1589,#1593,#858,.T.);
#1992=EDGE_CURVE('',#1593,#1592,#199,.T.);
#1993=EDGE_CURVE('',#1591,#1593,#859,.T.);
#1994=EDGE_CURVE('',#1594,#1595,#200,.T.);
#1995=EDGE_CURVE('',#1595,#1596,#860,.T.);
#1996=EDGE_CURVE('',#1596,#1597,#201,.F.);
#1997=EDGE_CURVE('',#1597,#1594,#861,.T.);
#1998=EDGE_CURVE('',#1598,#1595,#862,.T.);
#1999=EDGE_CURVE('',#1599,#1598,#863,.T.);
#2000=EDGE_CURVE('',#1599,#1596,#864,.T.);
#2001=EDGE_CURVE('',#1594,#1600,#865,.T.);
#2002=EDGE_CURVE('',#1601,#1600,#202,.T.);
#2003=EDGE_CURVE('',#1602,#1601,#866,.T.);
#2004=EDGE_CURVE('',#1603,#1602,#203,.T.);
#2005=EDGE_CURVE('',#1603,#1604,#867,.T.);
#2006=EDGE_CURVE('',#1605,#1604,#204,.T.);
#2007=EDGE_CURVE('',#1605,#1606,#868,.T.);
#2008=EDGE_CURVE('',#1606,#1607,#205,.T.);
#2009=EDGE_CURVE('',#1607,#1608,#869,.T.);
#2010=EDGE_CURVE('',#1608,#1609,#206,.T.);
#2011=EDGE_CURVE('',#1610,#1609,#207,.T.);
#2012=EDGE_CURVE('',#1611,#1610,#870,.F.);
#2013=EDGE_CURVE('',#1612,#1611,#208,.T.);
#2014=EDGE_CURVE('',#1613,#1612,#871,.F.);
#2015=EDGE_CURVE('',#1614,#1613,#209,.T.);
#2016=EDGE_CURVE('',#1615,#1614,#872,.T.);
#2017=EDGE_CURVE('',#1616,#1615,#210,.T.);
#2018=EDGE_CURVE('',#1617,#1616,#873,.T.);
#2019=EDGE_CURVE('',#1618,#1617,#211,.T.);
#2020=EDGE_CURVE('',#1619,#1618,#874,.T.);
#2021=EDGE_CURVE('',#1619,#1620,#212,.T.);
#2022=EDGE_CURVE('',#1621,#1620,#875,.T.);
#2023=EDGE_CURVE('',#1621,#1622,#213,.T.);
#2024=EDGE_CURVE('',#1622,#1623,#876,.T.);
#2025=EDGE_CURVE('',#1623,#1624,#214,.T.);
#2026=EDGE_CURVE('',#1625,#1624,#877,.T.);
#2027=EDGE_CURVE('',#1626,#1625,#878,.T.);
#2028=EDGE_CURVE('',#1626,#1627,#215,.T.);
#2029=EDGE_CURVE('',#1628,#1627,#879,.T.);
#2030=EDGE_CURVE('',#1628,#1629,#880,.T.);
#2031=EDGE_CURVE('',#1629,#1630,#881,.T.);
#2032=EDGE_CURVE('',#1631,#1630,#882,.T.);
#2033=EDGE_CURVE('',#1632,#1631,#216,.T.);
#2034=EDGE_CURVE('',#1633,#1632,#883,.T.);
#2035=EDGE_CURVE('',#1634,#1633,#884,.T.);
#2036=EDGE_CURVE('',#1635,#1634,#217,.T.);
#2037=EDGE_CURVE('',#1635,#1636,#885,.T.);
#2038=EDGE_CURVE('',#1637,#1636,#218,.T.);
#2039=EDGE_CURVE('',#1638,#1637,#886,.T.);
#2040=EDGE_CURVE('',#1639,#1638,#219,.T.);
#2041=EDGE_CURVE('',#1640,#1639,#887,.T.);
#2042=EDGE_CURVE('',#1641,#1640,#220,.T.);
#2043=EDGE_CURVE('',#1642,#1641,#888,.T.);
#2044=EDGE_CURVE('',#1642,#1643,#221,.T.);
#2045=EDGE_CURVE('',#1643,#1644,#889,.F.);
#2046=EDGE_CURVE('',#1645,#1644,#222,.T.);
#2047=EDGE_CURVE('',#1645,#1646,#890,.F.);
#2048=EDGE_CURVE('',#1647,#1646,#223,.T.);
#2049=EDGE_CURVE('',#1648,#1647,#891,.F.);
#2050=EDGE_CURVE('',#1649,#1648,#224,.T.);
#2051=EDGE_CURVE('',#1650,#1649,#225,.T.);
#2052=EDGE_CURVE('',#1650,#1651,#892,.T.);
#2053=EDGE_CURVE('',#1651,#1652,#226,.T.);
#2054=EDGE_CURVE('',#1652,#1653,#893,.T.);
#2055=EDGE_CURVE('',#1653,#1654,#227,.T.);
#2056=EDGE_CURVE('',#1654,#1655,#894,.T.);
#2057=EDGE_CURVE('',#1655,#1656,#228,.T.);
#2058=EDGE_CURVE('',#1657,#1656,#895,.T.);
#2059=EDGE_CURVE('',#1657,#1658,#229,.T.);
#2060=EDGE_CURVE('',#1658,#1659,#896,.T.);
#2061=EDGE_CURVE('',#1660,#1659,#230,.T.);
#2062=EDGE_CURVE('',#1660,#1661,#897,.T.);
#2063=EDGE_CURVE('',#1661,#1662,#231,.T.);
#2064=EDGE_CURVE('',#1662,#1663,#898,.T.);
#2065=EDGE_CURVE('',#1664,#1663,#899,.T.);
#2066=EDGE_CURVE('',#1665,#1664,#900,.T.);
#2067=EDGE_CURVE('',#1665,#1666,#901,.T.);
#2068=EDGE_CURVE('',#1598,#1666,#232,.T.);
#2069=EDGE_CURVE('',#1667,#1667,#233,.T.);
#2070=EDGE_CURVE('',#1668,#1668,#234,.T.);
#2071=EDGE_CURVE('',#1669,#1669,#235,.T.);
#2072=EDGE_CURVE('',#1670,#1670,#236,.T.);
#2073=EDGE_CURVE('',#1671,#1671,#237,.T.);
#2074=EDGE_CURVE('',#1672,#1672,#238,.T.);
#2075=EDGE_CURVE('',#1673,#1673,#239,.T.);
#2076=EDGE_CURVE('',#1674,#1674,#240,.T.);
#2077=EDGE_CURVE('',#1675,#1675,#241,.T.);
#2078=EDGE_CURVE('',#1676,#1676,#242,.T.);
#2079=EDGE_CURVE('',#1677,#1677,#243,.T.);
#2080=EDGE_CURVE('',#1659,#1678,#902,.T.);
#2081=EDGE_CURVE('',#1678,#1679,#244,.F.);
#2082=EDGE_CURVE('',#1679,#1660,#903,.T.);
#2083=EDGE_CURVE('',#1680,#1658,#904,.T.);
#2084=EDGE_CURVE('',#1680,#1681,#905,.T.);
#2085=EDGE_CURVE('',#1681,#1682,#906,.T.);
#2086=EDGE_CURVE('',#1682,#1683,#907,.T.);
#2087=EDGE_CURVE('',#1684,#1683,#908,.T.);
#2088=EDGE_CURVE('',#1684,#1678,#909,.T.);
#2089=EDGE_CURVE('',#1613,#1685,#910,.T.);
#2090=EDGE_CURVE('',#1685,#1686,#245,.F.);
#2091=EDGE_CURVE('',#1686,#1614,#911,.T.);
#2092=EDGE_CURVE('',#1686,#1687,#912,.T.);
#2093=EDGE_CURVE('',#1644,#1687,#913,.T.);
#2094=EDGE_CURVE('',#1643,#1688,#914,.T.);
#2095=EDGE_CURVE('',#1689,#1688,#915,.T.);
#2096=EDGE_CURVE('',#1690,#1689,#916,.T.);
#2097=EDGE_CURVE('',#1691,#1690,#917,.T.);
#2098=EDGE_CURVE('',#1692,#1691,#918,.T.);
#2099=EDGE_CURVE('',#1692,#1693,#919,.T.);
#2100=EDGE_CURVE('',#1693,#1694,#920,.T.);
#2101=EDGE_CURVE('',#1695,#1694,#921,.T.);
#2102=EDGE_CURVE('',#1615,#1695,#922,.T.);
#2103=EDGE_CURVE('',#1687,#1696,#246,.F.);
#2104=EDGE_CURVE('',#1696,#1645,#923,.T.);
#2105=EDGE_CURVE('',#1697,#1698,#247,.F.);
#2106=EDGE_CURVE('',#1698,#1649,#924,.T.);
#2107=EDGE_CURVE('',#1648,#1697,#925,.T.);
#2108=EDGE_CURVE('',#1699,#1647,#926,.T.);
#2109=EDGE_CURVE('',#1697,#1699,#927,.F.);
#2110=EDGE_CURVE('',#1646,#1700,#928,.T.);
#2111=EDGE_CURVE('',#1700,#1699,#248,.F.);
#2112=EDGE_CURVE('',#1696,#1700,#929,.T.);
#2113=EDGE_CURVE('',#1611,#1701,#930,.T.);
#2114=EDGE_CURVE('',#1701,#1702,#249,.F.);
#2115=EDGE_CURVE('',#1702,#1612,#931,.T.);
#2116=EDGE_CURVE('',#1703,#1610,#932,.T.);
#2117=EDGE_CURVE('',#1701,#1703,#933,.F.);
#2118=EDGE_CURVE('',#1609,#1704,#934,.T.);
#2119=EDGE_CURVE('',#1704,#1703,#250,.F.);
#2120=EDGE_CURVE('',#1705,#1706,#935,.T.);
#2121=EDGE_CURVE('',#1705,#1707,#936,.T.);
#2122=EDGE_CURVE('',#1707,#1708,#937,.T.);
#2123=EDGE_CURVE('',#1706,#1708,#938,.T.);
#2124=EDGE_CURVE('',#1709,#1705,#939,.T.);
#2125=EDGE_CURVE('',#1709,#1710,#940,.T.);
#2126=EDGE_CURVE('',#1710,#1707,#941,.T.);
#2127=EDGE_CURVE('',#1711,#1709,#942,.T.);
#2128=EDGE_CURVE('',#1711,#1712,#943,.T.);
#2129=EDGE_CURVE('',#1712,#1710,#944,.T.);
#2130=EDGE_CURVE('',#1706,#1711,#945,.T.);
#2131=EDGE_CURVE('',#1708,#1712,#946,.T.);
#2132=EDGE_CURVE('',#1531,#1713,#25,.T.);
#2133=EDGE_CURVE('',#1713,#1714,#947,.T.);
#2134=EDGE_CURVE('',#1714,#1530,#68,.T.);
#2135=EDGE_CURVE('',#1556,#1715,#26,.T.);
#2136=EDGE_CURVE('',#1715,#1716,#27,.T.);
#2137=EDGE_CURVE('',#1716,#1717,#69,.T.);
#2138=EDGE_CURVE('',#1717,#1713,#948,.T.);
#2139=EDGE_CURVE('',#1555,#1718,#70,.T.);
#2140=EDGE_CURVE('',#1718,#1715,#949,.T.);
#2141=EDGE_CURVE('',#1554,#1719,#28,.T.);
#2142=EDGE_CURVE('',#1720,#1719,#950,.T.);
#2143=EDGE_CURVE('',#1720,#1721,#951,.T.);
#2144=EDGE_CURVE('',#1721,#1718,#71,.T.);
#2145=EDGE_CURVE('',#1553,#1722,#251,.T.);
#2146=EDGE_CURVE('',#1722,#1719,#72,.T.);
#2147=EDGE_CURVE('',#1723,#1722,#952,.T.);
#2148=EDGE_CURVE('',#1552,#1723,#29,.T.);
#2149=EDGE_CURVE('',#1551,#1724,#252,.T.);
#2150=EDGE_CURVE('',#1724,#1725,#73,.T.);
#2151=EDGE_CURVE('',#1725,#1723,#30,.T.);
#2152=EDGE_CURVE('',#1726,#1724,#953,.T.);
#2153=EDGE_CURVE('',#1550,#1726,#31,.T.);
#2154=EDGE_CURVE('',#1549,#1727,#253,.T.);
#2155=EDGE_CURVE('',#1727,#1728,#74,.T.);
#2156=EDGE_CURVE('',#1728,#1726,#32,.T.);
#2157=EDGE_CURVE('',#1548,#1729,#254,.T.);
#2158=EDGE_CURVE('',#1729,#1727,#954,.T.);
#2159=EDGE_CURVE('',#1547,#1730,#255,.T.);
#2160=EDGE_CURVE('',#1730,#1729,#75,.T.);
#2161=EDGE_CURVE('',#1690,#1730,#955,.T.);
#2162=EDGE_CURVE('',#1546,#1691,#76,.T.);
#2163=EDGE_CURVE('',#1545,#1692,#77,.T.);
#2164=EDGE_CURVE('',#1544,#1731,#256,.T.);
#2165=EDGE_CURVE('',#1731,#1693,#956,.T.);
#2166=EDGE_CURVE('',#1543,#1732,#257,.T.);
#2167=EDGE_CURVE('',#1732,#1731,#78,.T.);
#2168=EDGE_CURVE('',#1542,#1733,#258,.T.);
#2169=EDGE_CURVE('',#1733,#1732,#957,.T.);
#2170=EDGE_CURVE('',#1734,#1733,#79,.T.);
#2171=EDGE_CURVE('',#1541,#1735,#33,.T.);
#2172=EDGE_CURVE('',#1735,#1734,#34,.T.);
#2173=EDGE_CURVE('',#1540,#1736,#259,.T.);
#2174=EDGE_CURVE('',#1736,#1735,#958,.T.);
#2175=EDGE_CURVE('',#1737,#1736,#80,.T.);
#2176=EDGE_CURVE('',#1539,#1738,#35,.T.);
#2177=EDGE_CURVE('',#1738,#1737,#36,.T.);
#2178=EDGE_CURVE('',#1538,#1739,#260,.T.);
#2179=EDGE_CURVE('',#1739,#1738,#959,.T.);
#2180=EDGE_CURVE('',#1740,#1739,#81,.T.);
#2181=EDGE_CURVE('',#1537,#1740,#37,.T.);
#2182=EDGE_CURVE('',#1741,#1532,#38,.T.);
#2183=EDGE_CURVE('',#1742,#1714,#960,.T.);
#2184=EDGE_CURVE('',#1742,#1741,#961,.T.);
#2185=EDGE_CURVE('',#1741,#1743,#962,.T.);
#2186=EDGE_CURVE('',#1743,#1744,#963,.T.);
#2187=EDGE_CURVE('',#1744,#1533,#82,.T.);
#2188=EDGE_CURVE('',#1745,#1746,#964,.T.);
#2189=EDGE_CURVE('',#1746,#1740,#965,.T.);
#2190=EDGE_CURVE('',#1536,#1747,#83,.T.);
#2191=EDGE_CURVE('',#1747,#1745,#84,.T.);
#2192=EDGE_CURVE('',#1744,#1748,#966,.T.);
#2193=EDGE_CURVE('',#1534,#1748,#39,.T.);
#2194=EDGE_CURVE('',#1749,#1747,#967,.T.);
#2195=EDGE_CURVE('',#1535,#1749,#40,.T.);
#2196=EDGE_CURVE('',#1750,#1751,#85,.T.);
#2197=EDGE_CURVE('',#1751,#1749,#41,.T.);
#2198=EDGE_CURVE('',#1750,#1748,#968,.T.);
#2199=EDGE_CURVE('',#1634,#1720,#969,.T.);
#2200=EDGE_CURVE('',#1633,#1721,#970,.T.);
#2201=EDGE_CURVE('',#1635,#1722,#971,.T.);
#2202=EDGE_CURVE('',#1636,#1725,#972,.T.);
#2203=EDGE_CURVE('',#1637,#1724,#973,.T.);
#2204=EDGE_CURVE('',#1638,#1728,#974,.T.);
#2205=EDGE_CURVE('',#1639,#1727,#975,.T.);
#2206=EDGE_CURVE('',#1640,#1729,#976,.T.);
#2207=EDGE_CURVE('',#1641,#1730,#977,.T.);
#2208=EDGE_CURVE('',#1752,#1689,#978,.T.);
#2209=EDGE_CURVE('',#1642,#1752,#979,.T.);
#2210=EDGE_CURVE('',#1617,#1731,#980,.T.);
#2211=EDGE_CURVE('',#1616,#1753,#981,.T.);
#2212=EDGE_CURVE('',#1753,#1694,#982,.T.);
#2213=EDGE_CURVE('',#1618,#1732,#983,.T.);
#2214=EDGE_CURVE('',#1619,#1733,#984,.T.);
#2215=EDGE_CURVE('',#1734,#1620,#985,.T.);
#2216=EDGE_CURVE('',#1629,#1741,#986,.T.);
#2217=EDGE_CURVE('',#1628,#1743,#987,.T.);
#2218=EDGE_CURVE('',#1754,#1717,#988,.T.);
#2219=EDGE_CURVE('',#1631,#1754,#989,.T.);
#2220=EDGE_CURVE('',#1630,#1742,#990,.T.);
#2221=EDGE_CURVE('',#1632,#1716,#991,.T.);
#2222=EDGE_CURVE('',#1621,#1736,#992,.T.);
#2223=EDGE_CURVE('',#1622,#1737,#993,.T.);
#2224=EDGE_CURVE('',#1623,#1739,#994,.T.);
#2225=EDGE_CURVE('',#1624,#1746,#995,.T.);
#2226=EDGE_CURVE('',#1625,#1745,#996,.T.);
#2227=EDGE_CURVE('',#1626,#1751,#997,.T.);
#2228=EDGE_CURVE('',#1627,#1750,#998,.T.);
#2229=EDGE_CURVE('',#1753,#1695,#261,.T.);
#2230=EDGE_CURVE('',#1688,#1752,#262,.T.);
#2231=EDGE_CURVE('',#1685,#1702,#999,.T.);
#2232=EDGE_CURVE('',#1755,#1704,#263,.T.);
#2233=EDGE_CURVE('',#1756,#1755,#1000,.T.);
#2234=EDGE_CURVE('',#1757,#1756,#264,.T.);
#2235=EDGE_CURVE('',#1757,#1758,#265,.T.);
#2236=EDGE_CURVE('',#1759,#1758,#266,.T.);
#2237=EDGE_CURVE('',#1760,#1759,#1001,.T.);
#2238=EDGE_CURVE('',#1760,#1761,#1002,.T.);
#2239=EDGE_CURVE('',#1761,#1762,#267,.T.);
#2240=EDGE_CURVE('',#1763,#1762,#1003,.T.);
#2241=EDGE_CURVE('',#1763,#1764,#268,.T.);
#2242=EDGE_CURVE('',#1764,#1765,#1004,.T.);
#2243=EDGE_CURVE('',#1766,#1765,#269,.T.);
#2244=EDGE_CURVE('',#1766,#1767,#1005,.T.);
#2245=EDGE_CURVE('',#1767,#1768,#1006,.T.);
#2246=EDGE_CURVE('',#1769,#1768,#270,.T.);
#2247=EDGE_CURVE('',#1770,#1769,#1007,.T.);
#2248=EDGE_CURVE('',#1771,#1770,#1008,.T.);
#2249=EDGE_CURVE('',#1771,#1772,#271,.T.);
#2250=EDGE_CURVE('',#1773,#1772,#1009,.T.);
#2251=EDGE_CURVE('',#1773,#1774,#1010,.T.);
#2252=EDGE_CURVE('',#1775,#1774,#272,.T.);
#2253=EDGE_CURVE('',#1776,#1775,#1011,.T.);
#2254=EDGE_CURVE('',#1777,#1776,#273,.T.);
#2255=EDGE_CURVE('',#1777,#1778,#1012,.T.);
#2256=EDGE_CURVE('',#1778,#1779,#1013,.T.);
#2257=EDGE_CURVE('',#1779,#1780,#274,.T.);
#2258=EDGE_CURVE('',#1780,#1781,#1014,.T.);
#2259=EDGE_CURVE('',#1782,#1781,#275,.T.);
#2260=EDGE_CURVE('',#1782,#1783,#1015,.T.);
#2261=EDGE_CURVE('',#1783,#1784,#1016,.T.);
#2262=EDGE_CURVE('',#1785,#1784,#276,.T.);
#2263=EDGE_CURVE('',#1786,#1785,#1017,.T.);
#2264=EDGE_CURVE('',#1787,#1786,#277,.T.);
#2265=EDGE_CURVE('',#1787,#1788,#1018,.T.);
#2266=EDGE_CURVE('',#1789,#1788,#1019,.T.);
#2267=EDGE_CURVE('',#1789,#1790,#278,.T.);
#2268=EDGE_CURVE('',#1683,#1790,#1020,.T.);
#2269=EDGE_CURVE('',#1791,#1682,#279,.T.);
#2270=EDGE_CURVE('',#1791,#1792,#1021,.T.);
#2271=EDGE_CURVE('',#1793,#1792,#1022,.T.);
#2272=EDGE_CURVE('',#1794,#1793,#280,.T.);
#2273=EDGE_CURVE('',#1794,#1795,#1023,.T.);
#2274=EDGE_CURVE('',#1796,#1795,#281,.T.);
#2275=EDGE_CURVE('',#1797,#1796,#1024,.T.);
#2276=EDGE_CURVE('',#1797,#1798,#282,.T.);
#2277=EDGE_CURVE('',#1799,#1798,#1025,.T.);
#2278=EDGE_CURVE('',#1800,#1799,#1026,.T.);
#2279=EDGE_CURVE('',#1801,#1800,#283,.T.);
#2280=EDGE_CURVE('',#1801,#1802,#284,.T.);
#2281=EDGE_CURVE('',#1803,#1802,#285,.T.);
#2282=EDGE_CURVE('',#1804,#1803,#1027,.T.);
#2283=EDGE_CURVE('',#1804,#1698,#286,.T.);
#2284=EDGE_CURVE('',#1805,#1806,#287,.T.);
#2285=EDGE_CURVE('',#1806,#1807,#1028,.T.);
#2286=EDGE_CURVE('',#1808,#1807,#288,.T.);
#2287=EDGE_CURVE('',#1809,#1808,#1029,.T.);
#2288=EDGE_CURVE('',#1810,#1809,#289,.T.);
#2289=EDGE_CURVE('',#1811,#1810,#1030,.T.);
#2290=EDGE_CURVE('',#1812,#1811,#290,.T.);
#2291=EDGE_CURVE('',#1813,#1812,#1031,.T.);
#2292=EDGE_CURVE('',#1813,#1814,#291,.T.);
#2293=EDGE_CURVE('',#1815,#1814,#292,.T.);
#2294=EDGE_CURVE('',#1815,#1816,#293,.T.);
#2295=EDGE_CURVE('',#1816,#1817,#1032,.T.);
#2296=EDGE_CURVE('',#1817,#1818,#1033,.T.);
#2297=EDGE_CURVE('',#1819,#1818,#294,.T.);
#2298=EDGE_CURVE('',#1819,#1805,#1034,.T.);
#2299=EDGE_CURVE('',#1820,#1680,#295,.T.);
#2300=EDGE_CURVE('',#1820,#1821,#1035,.T.);
#2301=EDGE_CURVE('',#1821,#1822,#296,.T.);
#2302=EDGE_CURVE('',#1822,#1823,#1036,.T.);
#2303=EDGE_CURVE('',#1824,#1823,#1037,.T.);
#2304=EDGE_CURVE('',#1824,#1681,#297,.T.);
#2305=EDGE_CURVE('',#1825,#1826,#298,.T.);
#2306=EDGE_CURVE('',#1826,#1827,#1038,.T.);
#2307=EDGE_CURVE('',#1827,#1828,#299,.T.);
#2308=EDGE_CURVE('',#1829,#1828,#1039,.T.);
#2309=EDGE_CURVE('',#1829,#1830,#300,.T.);
#2310=EDGE_CURVE('',#1831,#1830,#1040,.T.);
#2311=EDGE_CURVE('',#1825,#1831,#1041,.T.);
#2312=EDGE_CURVE('',#1832,#1833,#1042,.T.);
#2313=EDGE_CURVE('',#1834,#1832,#301,.T.);
#2314=EDGE_CURVE('',#1835,#1834,#1043,.T.);
#2315=EDGE_CURVE('',#1835,#1836,#302,.T.);
#2316=EDGE_CURVE('',#1837,#1836,#1044,.T.);
#2317=EDGE_CURVE('',#1837,#1838,#303,.T.);
#2318=EDGE_CURVE('',#1838,#1839,#1045,.T.);
#2319=EDGE_CURVE('',#1840,#1839,#304,.T.);
#2320=EDGE_CURVE('',#1840,#1841,#1046,.T.);
#2321=EDGE_CURVE('',#1842,#1841,#305,.T.);
#2322=EDGE_CURVE('',#1843,#1842,#1047,.T.);
#2323=EDGE_CURVE('',#1843,#1844,#1048,.T.);
#2324=EDGE_CURVE('',#1844,#1845,#306,.T.);
#2325=EDGE_CURVE('',#1846,#1845,#307,.T.);
#2326=EDGE_CURVE('',#1846,#1833,#308,.T.);
#2327=EDGE_CURVE('',#1599,#1847,#309,.T.);
#2328=EDGE_CURVE('',#1848,#1847,#1049,.T.);
#2329=EDGE_CURVE('',#1848,#1849,#310,.T.);
#2330=EDGE_CURVE('',#1850,#1849,#1050,.T.);
#2331=EDGE_CURVE('',#1850,#1851,#1051,.T.);
#2332=EDGE_CURVE('',#1852,#1851,#311,.T.);
#2333=EDGE_CURVE('',#1852,#1853,#1052,.T.);
#2334=EDGE_CURVE('',#1597,#1853,#1053,.T.);
#2335=EDGE_CURVE('',#1854,#1855,#312,.T.);
#2336=EDGE_CURVE('',#1855,#1856,#1054,.T.);
#2337=EDGE_CURVE('',#1857,#1856,#1055,.T.);
#2338=EDGE_CURVE('',#1857,#1858,#313,.T.);
#2339=EDGE_CURVE('',#1859,#1858,#1056,.T.);
#2340=EDGE_CURVE('',#1854,#1859,#1057,.T.);
#2341=EDGE_CURVE('',#1860,#1861,#1058,.T.);
#2342=EDGE_CURVE('',#1860,#1862,#1059,.T.);
#2343=EDGE_CURVE('',#1863,#1862,#314,.T.);
#2344=EDGE_CURVE('',#1864,#1863,#1060,.T.);
#2345=EDGE_CURVE('',#1865,#1864,#1061,.T.);
#2346=EDGE_CURVE('',#1865,#1861,#315,.T.);
#2347=EDGE_CURVE('',#1854,#1782,#1062,.T.);
#2348=EDGE_CURVE('',#1859,#1783,#1063,.T.);
#2349=EDGE_CURVE('',#1858,#1784,#1064,.T.);
#2350=EDGE_CURVE('',#1857,#1785,#1065,.T.);
#2351=EDGE_CURVE('',#1856,#1663,#1066,.T.);
#2352=EDGE_CURVE('',#1866,#1662,#1067,.T.);
#2353=EDGE_CURVE('',#1866,#1867,#1068,.T.);
#2354=EDGE_CURVE('',#1867,#1786,#1069,.T.);
#2355=EDGE_CURVE('',#1868,#1867,#316,.T.);
#2356=EDGE_CURVE('',#1868,#1787,#1070,.T.);
#2357=EDGE_CURVE('',#1868,#1869,#1071,.T.);
#2358=EDGE_CURVE('',#1869,#1788,#1072,.T.);
#2359=EDGE_CURVE('',#1870,#1869,#1073,.T.);
#2360=EDGE_CURVE('',#1870,#1789,#1074,.T.);
#2361=EDGE_CURVE('',#1870,#1871,#317,.T.);
#2362=EDGE_CURVE('',#1871,#1790,#1075,.T.);
#2363=EDGE_CURVE('',#1684,#1871,#1076,.T.);
#2364=EDGE_CURVE('',#1824,#1791,#1077,.T.);
#2365=EDGE_CURVE('',#1823,#1792,#1078,.T.);
#2366=EDGE_CURVE('',#1822,#1793,#1079,.T.);
#2367=EDGE_CURVE('',#1821,#1794,#1080,.T.);
#2368=EDGE_CURVE('',#1820,#1657,#1081,.T.);
#2369=EDGE_CURVE('',#1807,#1656,#1082,.T.);
#2370=EDGE_CURVE('',#1806,#1795,#1083,.T.);
#2371=EDGE_CURVE('',#1805,#1796,#1084,.T.);
#2372=EDGE_CURVE('',#1819,#1797,#1085,.T.);
#2373=EDGE_CURVE('',#1818,#1798,#1086,.T.);
#2374=EDGE_CURVE('',#1817,#1799,#1087,.T.);
#2375=EDGE_CURVE('',#1816,#1800,#1088,.T.);
#2376=EDGE_CURVE('',#1815,#1801,#1089,.T.);
#2377=EDGE_CURVE('',#1814,#1802,#1090,.T.);
#2378=EDGE_CURVE('',#1813,#1803,#1091,.T.);
#2379=EDGE_CURVE('',#1812,#1651,#1092,.T.);
#2380=EDGE_CURVE('',#1650,#1804,#1093,.T.);
#2381=EDGE_CURVE('',#1608,#1755,#1094,.T.);
#2382=EDGE_CURVE('',#1832,#1607,#1095,.T.);
#2383=EDGE_CURVE('',#1833,#1756,#1096,.T.);
#2384=EDGE_CURVE('',#1846,#1757,#1097,.T.);
#2385=EDGE_CURVE('',#1845,#1758,#1098,.T.);
#2386=EDGE_CURVE('',#1844,#1759,#1099,.T.);
#2387=EDGE_CURVE('',#1843,#1760,#1100,.T.);
#2388=EDGE_CURVE('',#1842,#1761,#1101,.T.);
#2389=EDGE_CURVE('',#1841,#1762,#1102,.T.);
#2390=EDGE_CURVE('',#1840,#1763,#1103,.T.);
#2391=EDGE_CURVE('',#1839,#1764,#1104,.T.);
#2392=EDGE_CURVE('',#1838,#1602,#1105,.T.);
#2393=EDGE_CURVE('',#1827,#1601,#1106,.T.);
#2394=EDGE_CURVE('',#1826,#1765,#1107,.T.);
#2395=EDGE_CURVE('',#1825,#1766,#1108,.T.);
#2396=EDGE_CURVE('',#1831,#1767,#1109,.T.);
#2397=EDGE_CURVE('',#1830,#1768,#1110,.T.);
#2398=EDGE_CURVE('',#1829,#1769,#1111,.T.);
#2399=EDGE_CURVE('',#1853,#1770,#1112,.T.);
#2400=EDGE_CURVE('',#1828,#1600,#1113,.T.);
#2401=EDGE_CURVE('',#1852,#1771,#1114,.T.);
#2402=EDGE_CURVE('',#1851,#1772,#1115,.T.);
#2403=EDGE_CURVE('',#1850,#1773,#1116,.T.);
#2404=EDGE_CURVE('',#1849,#1774,#1117,.T.);
#2405=EDGE_CURVE('',#1848,#1775,#1118,.T.);
#2406=EDGE_CURVE('',#1847,#1666,#1119,.T.);
#2407=EDGE_CURVE('',#1860,#1665,#1120,.T.);
#2408=EDGE_CURVE('',#1861,#1776,#1121,.T.);
#2409=EDGE_CURVE('',#1865,#1777,#1122,.T.);
#2410=EDGE_CURVE('',#1864,#1778,#1123,.T.);
#2411=EDGE_CURVE('',#1863,#1779,#1124,.T.);
#2412=EDGE_CURVE('',#1862,#1780,#1125,.T.);
#2413=EDGE_CURVE('',#1872,#1781,#1126,.T.);
#2414=EDGE_CURVE('',#1862,#1873,#1127,.T.);
#2415=EDGE_CURVE('',#1873,#1874,#1128,.T.);
#2416=EDGE_CURVE('',#1874,#1872,#1129,.T.);
#2417=EDGE_CURVE('',#1855,#1872,#318,.T.);
#2418=EDGE_CURVE('',#1875,#1866,#319,.T.);
#2419=EDGE_CURVE('',#1679,#1875,#1130,.T.);
#2420=EDGE_CURVE('',#1874,#1855,#1131,.T.);
#2421=EDGE_CURVE('',#1873,#1664,#1132,.T.);
#2422=EDGE_CURVE('',#1837,#1603,#1133,.T.);
#2423=EDGE_CURVE('',#1836,#1604,#1134,.T.);
#2424=EDGE_CURVE('',#1835,#1605,#1135,.T.);
#2425=EDGE_CURVE('',#1834,#1606,#1136,.T.);
#2426=EDGE_CURVE('',#1811,#1652,#1137,.T.);
#2427=EDGE_CURVE('',#1810,#1653,#1138,.T.);
#2428=EDGE_CURVE('',#1809,#1654,#1139,.T.);
#2429=EDGE_CURVE('',#1808,#1655,#1140,.T.);
#2430=EDGE_CURVE('',#1875,#1661,#1141,.T.);
#2431=EDGE_CURVE('',#1876,#1876,#320,.T.);
#2432=EDGE_CURVE('',#1876,#1677,#1142,.T.);
#2433=EDGE_CURVE('',#1877,#1877,#321,.T.);
#2434=EDGE_CURVE('',#1877,#1676,#1143,.T.);
#2435=EDGE_CURVE('',#1878,#1878,#322,.T.);
#2436=EDGE_CURVE('',#1878,#1675,#1144,.T.);
#2437=EDGE_CURVE('',#1879,#1879,#323,.T.);
#2438=EDGE_CURVE('',#1879,#1674,#1145,.T.);
#2439=EDGE_CURVE('',#1880,#1880,#324,.T.);
#2440=EDGE_CURVE('',#1880,#1673,#1146,.T.);
#2441=EDGE_CURVE('',#1881,#1881,#325,.T.);
#2442=EDGE_CURVE('',#1881,#1672,#1147,.T.);
#2443=EDGE_CURVE('',#1882,#1882,#326,.T.);
#2444=EDGE_CURVE('',#1882,#1671,#1148,.T.);
#2445=EDGE_CURVE('',#1883,#1883,#327,.T.);
#2446=EDGE_CURVE('',#1883,#1670,#1149,.T.);
#2447=EDGE_CURVE('',#1884,#1884,#328,.T.);
#2448=EDGE_CURVE('',#1884,#1669,#1150,.T.);
#2449=EDGE_CURVE('',#1885,#1885,#329,.T.);
#2450=EDGE_CURVE('',#1885,#1668,#1151,.T.);
#2451=EDGE_CURVE('',#1886,#1886,#330,.T.);
#2452=EDGE_CURVE('',#1886,#1667,#1152,.T.);
#2453=ORIENTED_EDGE('',*,*,#1887,.T.);
#2454=ORIENTED_EDGE('',*,*,#1888,.T.);
#2455=ORIENTED_EDGE('',*,*,#1889,.T.);
#2456=ORIENTED_EDGE('',*,*,#1890,.T.);
#2457=ORIENTED_EDGE('',*,*,#1891,.T.);
#2458=ORIENTED_EDGE('',*,*,#1892,.T.);
#2459=ORIENTED_EDGE('',*,*,#1887,.F.);
#2460=ORIENTED_EDGE('',*,*,#1893,.T.);
#2461=ORIENTED_EDGE('',*,*,#1894,.T.);
#2462=ORIENTED_EDGE('',*,*,#1895,.T.);
#2463=ORIENTED_EDGE('',*,*,#1891,.F.);
#2464=ORIENTED_EDGE('',*,*,#1896,.T.);
#2465=ORIENTED_EDGE('',*,*,#1889,.F.);
#2466=ORIENTED_EDGE('',*,*,#1897,.T.);
#2467=ORIENTED_EDGE('',*,*,#1894,.F.);
#2468=ORIENTED_EDGE('',*,*,#1898,.T.);
#2469=ORIENTED_EDGE('',*,*,#1893,.F.);
#2470=ORIENTED_EDGE('',*,*,#1899,.T.);
#2471=ORIENTED_EDGE('',*,*,#1900,.T.);
#2472=ORIENTED_EDGE('',*,*,#1901,.F.);
#2473=ORIENTED_EDGE('',*,*,#1890,.F.);
#2474=ORIENTED_EDGE('',*,*,#1902,.T.);
#2475=ORIENTED_EDGE('',*,*,#1903,.T.);
#2476=ORIENTED_EDGE('',*,*,#1899,.F.);
#2477=ORIENTED_EDGE('',*,*,#1904,.F.);
#2478=ORIENTED_EDGE('',*,*,#1905,.F.);
#2479=ORIENTED_EDGE('',*,*,#1906,.F.);
#2480=ORIENTED_EDGE('',*,*,#1907,.F.);
#2481=ORIENTED_EDGE('',*,*,#1908,.F.);
#2482=ORIENTED_EDGE('',*,*,#1909,.F.);
#2483=ORIENTED_EDGE('',*,*,#1910,.F.);
#2484=ORIENTED_EDGE('',*,*,#1911,.F.);
#2485=ORIENTED_EDGE('',*,*,#1912,.F.);
#2486=ORIENTED_EDGE('',*,*,#1913,.F.);
#2487=ORIENTED_EDGE('',*,*,#1914,.F.);
#2488=ORIENTED_EDGE('',*,*,#1915,.F.);
#2489=ORIENTED_EDGE('',*,*,#1916,.F.);
#2490=ORIENTED_EDGE('',*,*,#1917,.F.);
#2491=ORIENTED_EDGE('',*,*,#1918,.F.);
#2492=ORIENTED_EDGE('',*,*,#1919,.F.);
#2493=ORIENTED_EDGE('',*,*,#1920,.F.);
#2494=ORIENTED_EDGE('',*,*,#1921,.F.);
#2495=ORIENTED_EDGE('',*,*,#1922,.F.);
#2496=ORIENTED_EDGE('',*,*,#1923,.F.);
#2497=ORIENTED_EDGE('',*,*,#1924,.F.);
#2498=ORIENTED_EDGE('',*,*,#1925,.F.);
#2499=ORIENTED_EDGE('',*,*,#1926,.F.);
#2500=ORIENTED_EDGE('',*,*,#1927,.F.);
#2501=ORIENTED_EDGE('',*,*,#1928,.F.);
#2502=ORIENTED_EDGE('',*,*,#1929,.F.);
#2503=ORIENTED_EDGE('',*,*,#1930,.F.);
#2504=ORIENTED_EDGE('',*,*,#1931,.F.);
#2505=ORIENTED_EDGE('',*,*,#1932,.F.);
#2506=ORIENTED_EDGE('',*,*,#1933,.F.);
#2507=ORIENTED_EDGE('',*,*,#1934,.F.);
#2508=ORIENTED_EDGE('',*,*,#1935,.F.);
#2509=ORIENTED_EDGE('',*,*,#1936,.F.);
#2510=ORIENTED_EDGE('',*,*,#1937,.F.);
#2511=ORIENTED_EDGE('',*,*,#1938,.F.);
#2512=ORIENTED_EDGE('',*,*,#1939,.F.);
#2513=ORIENTED_EDGE('',*,*,#1940,.F.);
#2514=ORIENTED_EDGE('',*,*,#1941,.F.);
#2515=ORIENTED_EDGE('',*,*,#1942,.F.);
#2516=ORIENTED_EDGE('',*,*,#1888,.F.);
#2517=ORIENTED_EDGE('',*,*,#1892,.F.);
#2518=ORIENTED_EDGE('',*,*,#1895,.F.);
#2519=ORIENTED_EDGE('',*,*,#1897,.F.);
#2520=ORIENTED_EDGE('',*,*,#1896,.F.);
#2521=ORIENTED_EDGE('',*,*,#1901,.T.);
#2522=ORIENTED_EDGE('',*,*,#1943,.T.);
#2523=ORIENTED_EDGE('',*,*,#1944,.F.);
#2524=ORIENTED_EDGE('',*,*,#1898,.F.);
#2525=ORIENTED_EDGE('',*,*,#1944,.T.);
#2526=ORIENTED_EDGE('',*,*,#1945,.T.);
#2527=ORIENTED_EDGE('',*,*,#1902,.F.);
#2528=ORIENTED_EDGE('',*,*,#1945,.F.);
#2529=ORIENTED_EDGE('',*,*,#1943,.F.);
#2530=ORIENTED_EDGE('',*,*,#1900,.F.);
#2531=ORIENTED_EDGE('',*,*,#1903,.F.);
#2532=ORIENTED_EDGE('',*,*,#1946,.T.);
#2533=ORIENTED_EDGE('',*,*,#1931,.T.);
#2534=ORIENTED_EDGE('',*,*,#1947,.T.);
#2535=ORIENTED_EDGE('',*,*,#1948,.T.);
#2536=ORIENTED_EDGE('',*,*,#1949,.T.);
#2537=ORIENTED_EDGE('',*,*,#1932,.T.);
#2538=ORIENTED_EDGE('',*,*,#1946,.F.);
#2539=ORIENTED_EDGE('',*,*,#1950,.T.);
#2540=ORIENTED_EDGE('',*,*,#1951,.T.);
#2541=ORIENTED_EDGE('',*,*,#1933,.T.);
#2542=ORIENTED_EDGE('',*,*,#1949,.F.);
#2543=ORIENTED_EDGE('',*,*,#1952,.T.);
#2544=ORIENTED_EDGE('',*,*,#1947,.F.);
#2545=ORIENTED_EDGE('',*,*,#1934,.T.);
#2546=ORIENTED_EDGE('',*,*,#1951,.F.);
#2547=ORIENTED_EDGE('',*,*,#1953,.T.);
#2548=ORIENTED_EDGE('',*,*,#1950,.F.);
#2549=ORIENTED_EDGE('',*,*,#1954,.T.);
#2550=ORIENTED_EDGE('',*,*,#1955,.T.);
#2551=ORIENTED_EDGE('',*,*,#1956,.F.);
#2552=ORIENTED_EDGE('',*,*,#1948,.F.);
#2553=ORIENTED_EDGE('',*,*,#1957,.T.);
#2554=ORIENTED_EDGE('',*,*,#1958,.T.);
#2555=ORIENTED_EDGE('',*,*,#1954,.F.);
#2556=ORIENTED_EDGE('',*,*,#1952,.F.);
#2557=ORIENTED_EDGE('',*,*,#1956,.T.);
#2558=ORIENTED_EDGE('',*,*,#1959,.T.);
#2559=ORIENTED_EDGE('',*,*,#1960,.F.);
#2560=ORIENTED_EDGE('',*,*,#1953,.F.);
#2561=ORIENTED_EDGE('',*,*,#1960,.T.);
#2562=ORIENTED_EDGE('',*,*,#1961,.T.);
#2563=ORIENTED_EDGE('',*,*,#1957,.F.);
#2564=ORIENTED_EDGE('',*,*,#1961,.F.);
#2565=ORIENTED_EDGE('',*,*,#1959,.F.);
#2566=ORIENTED_EDGE('',*,*,#1955,.F.);
#2567=ORIENTED_EDGE('',*,*,#1958,.F.);
#2568=ORIENTED_EDGE('',*,*,#1962,.T.);
#2569=ORIENTED_EDGE('',*,*,#1939,.T.);
#2570=ORIENTED_EDGE('',*,*,#1963,.T.);
#2571=ORIENTED_EDGE('',*,*,#1964,.T.);
#2572=ORIENTED_EDGE('',*,*,#1965,.T.);
#2573=ORIENTED_EDGE('',*,*,#1940,.T.);
#2574=ORIENTED_EDGE('',*,*,#1962,.F.);
#2575=ORIENTED_EDGE('',*,*,#1966,.T.);
#2576=ORIENTED_EDGE('',*,*,#1967,.T.);
#2577=ORIENTED_EDGE('',*,*,#1941,.T.);
#2578=ORIENTED_EDGE('',*,*,#1965,.F.);
#2579=ORIENTED_EDGE('',*,*,#1968,.T.);
#2580=ORIENTED_EDGE('',*,*,#1963,.F.);
#2581=ORIENTED_EDGE('',*,*,#1942,.T.);
#2582=ORIENTED_EDGE('',*,*,#1967,.F.);
#2583=ORIENTED_EDGE('',*,*,#1969,.T.);
#2584=ORIENTED_EDGE('',*,*,#1966,.F.);
#2585=ORIENTED_EDGE('',*,*,#1970,.T.);
#2586=ORIENTED_EDGE('',*,*,#1971,.T.);
#2587=ORIENTED_EDGE('',*,*,#1972,.F.);
#2588=ORIENTED_EDGE('',*,*,#1964,.F.);
#2589=ORIENTED_EDGE('',*,*,#1973,.T.);
#2590=ORIENTED_EDGE('',*,*,#1974,.T.);
#2591=ORIENTED_EDGE('',*,*,#1970,.F.);
#2592=ORIENTED_EDGE('',*,*,#1969,.F.);
#2593=ORIENTED_EDGE('',*,*,#1975,.T.);
#2594=ORIENTED_EDGE('',*,*,#1976,.T.);
#2595=ORIENTED_EDGE('',*,*,#1973,.F.);
#2596=ORIENTED_EDGE('',*,*,#1968,.F.);
#2597=ORIENTED_EDGE('',*,*,#1972,.T.);
#2598=ORIENTED_EDGE('',*,*,#1977,.T.);
#2599=ORIENTED_EDGE('',*,*,#1975,.F.);
#2600=ORIENTED_EDGE('',*,*,#1977,.F.);
#2601=ORIENTED_EDGE('',*,*,#1971,.F.);
#2602=ORIENTED_EDGE('',*,*,#1974,.F.);
#2603=ORIENTED_EDGE('',*,*,#1976,.F.);
#2604=ORIENTED_EDGE('',*,*,#1978,.T.);
#2605=ORIENTED_EDGE('',*,*,#1935,.T.);
#2606=ORIENTED_EDGE('',*,*,#1979,.T.);
#2607=ORIENTED_EDGE('',*,*,#1980,.T.);
#2608=ORIENTED_EDGE('',*,*,#1981,.T.);
#2609=ORIENTED_EDGE('',*,*,#1936,.T.);
#2610=ORIENTED_EDGE('',*,*,#1978,.F.);
#2611=ORIENTED_EDGE('',*,*,#1982,.T.);
#2612=ORIENTED_EDGE('',*,*,#1983,.T.);
#2613=ORIENTED_EDGE('',*,*,#1937,.T.);
#2614=ORIENTED_EDGE('',*,*,#1981,.F.);
#2615=ORIENTED_EDGE('',*,*,#1984,.T.);
#2616=ORIENTED_EDGE('',*,*,#1979,.F.);
#2617=ORIENTED_EDGE('',*,*,#1938,.T.);
#2618=ORIENTED_EDGE('',*,*,#1983,.F.);
#2619=ORIENTED_EDGE('',*,*,#1985,.T.);
#2620=ORIENTED_EDGE('',*,*,#1982,.F.);
#2621=ORIENTED_EDGE('',*,*,#1986,.T.);
#2622=ORIENTED_EDGE('',*,*,#1987,.T.);
#2623=ORIENTED_EDGE('',*,*,#1988,.F.);
#2624=ORIENTED_EDGE('',*,*,#1980,.F.);
#2625=ORIENTED_EDGE('',*,*,#1989,.T.);
#2626=ORIENTED_EDGE('',*,*,#1990,.T.);
#2627=ORIENTED_EDGE('',*,*,#1986,.F.);
#2628=ORIENTED_EDGE('',*,*,#1985,.F.);
#2629=ORIENTED_EDGE('',*,*,#1991,.T.);
#2630=ORIENTED_EDGE('',*,*,#1992,.T.);
#2631=ORIENTED_EDGE('',*,*,#1989,.F.);
#2632=ORIENTED_EDGE('',*,*,#1984,.F.);
#2633=ORIENTED_EDGE('',*,*,#1988,.T.);
#2634=ORIENTED_EDGE('',*,*,#1993,.T.);
#2635=ORIENTED_EDGE('',*,*,#1991,.F.);
#2636=ORIENTED_EDGE('',*,*,#1987,.F.);
#2637=ORIENTED_EDGE('',*,*,#1990,.F.);
#2638=ORIENTED_EDGE('',*,*,#1992,.F.);
#2639=ORIENTED_EDGE('',*,*,#1993,.F.);
#2640=ORIENTED_EDGE('',*,*,#1994,.T.);
#2641=ORIENTED_EDGE('',*,*,#1995,.T.);
#2642=ORIENTED_EDGE('',*,*,#1996,.T.);
#2643=ORIENTED_EDGE('',*,*,#1997,.T.);
#2644=ORIENTED_EDGE('',*,*,#1995,.F.);
#2645=ORIENTED_EDGE('',*,*,#1998,.F.);
#2646=ORIENTED_EDGE('',*,*,#1999,.F.);
#2647=ORIENTED_EDGE('',*,*,#2000,.T.);
#2648=ORIENTED_EDGE('',*,*,#1994,.F.);
#2649=ORIENTED_EDGE('',*,*,#2001,.T.);
#2650=ORIENTED_EDGE('',*,*,#2002,.F.);
#2651=ORIENTED_EDGE('',*,*,#2003,.F.);
#2652=ORIENTED_EDGE('',*,*,#2004,.F.);
#2653=ORIENTED_EDGE('',*,*,#2005,.T.);
#2654=ORIENTED_EDGE('',*,*,#2006,.F.);
#2655=ORIENTED_EDGE('',*,*,#2007,.T.);
#2656=ORIENTED_EDGE('',*,*,#2008,.T.);
#2657=ORIENTED_EDGE('',*,*,#2009,.T.);
#2658=ORIENTED_EDGE('',*,*,#2010,.T.);
#2659=ORIENTED_EDGE('',*,*,#2011,.F.);
#2660=ORIENTED_EDGE('',*,*,#2012,.F.);
#2661=ORIENTED_EDGE('',*,*,#2013,.F.);
#2662=ORIENTED_EDGE('',*,*,#2014,.F.);
#2663=ORIENTED_EDGE('',*,*,#2015,.F.);
#2664=ORIENTED_EDGE('',*,*,#2016,.F.);
#2665=ORIENTED_EDGE('',*,*,#2017,.F.);
#2666=ORIENTED_EDGE('',*,*,#2018,.F.);
#2667=ORIENTED_EDGE('',*,*,#2019,.F.);
#2668=ORIENTED_EDGE('',*,*,#2020,.F.);
#2669=ORIENTED_EDGE('',*,*,#2021,.T.);
#2670=ORIENTED_EDGE('',*,*,#2022,.F.);
#2671=ORIENTED_EDGE('',*,*,#2023,.T.);
#2672=ORIENTED_EDGE('',*,*,#2024,.T.);
#2673=ORIENTED_EDGE('',*,*,#2025,.T.);
#2674=ORIENTED_EDGE('',*,*,#2026,.F.);
#2675=ORIENTED_EDGE('',*,*,#2027,.F.);
#2676=ORIENTED_EDGE('',*,*,#2028,.T.);
#2677=ORIENTED_EDGE('',*,*,#2029,.F.);
#2678=ORIENTED_EDGE('',*,*,#2030,.T.);
#2679=ORIENTED_EDGE('',*,*,#2031,.T.);
#2680=ORIENTED_EDGE('',*,*,#2032,.F.);
#2681=ORIENTED_EDGE('',*,*,#2033,.F.);
#2682=ORIENTED_EDGE('',*,*,#2034,.F.);
#2683=ORIENTED_EDGE('',*,*,#2035,.F.);
#2684=ORIENTED_EDGE('',*,*,#2036,.F.);
#2685=ORIENTED_EDGE('',*,*,#2037,.T.);
#2686=ORIENTED_EDGE('',*,*,#2038,.F.);
#2687=ORIENTED_EDGE('',*,*,#2039,.F.);
#2688=ORIENTED_EDGE('',*,*,#2040,.F.);
#2689=ORIENTED_EDGE('',*,*,#2041,.F.);
#2690=ORIENTED_EDGE('',*,*,#2042,.F.);
#2691=ORIENTED_EDGE('',*,*,#2043,.F.);
#2692=ORIENTED_EDGE('',*,*,#2044,.T.);
#2693=ORIENTED_EDGE('',*,*,#2045,.T.);
#2694=ORIENTED_EDGE('',*,*,#2046,.F.);
#2695=ORIENTED_EDGE('',*,*,#2047,.T.);
#2696=ORIENTED_EDGE('',*,*,#2048,.F.);
#2697=ORIENTED_EDGE('',*,*,#2049,.F.);
#2698=ORIENTED_EDGE('',*,*,#2050,.F.);
#2699=ORIENTED_EDGE('',*,*,#2051,.F.);
#2700=ORIENTED_EDGE('',*,*,#2052,.T.);
#2701=ORIENTED_EDGE('',*,*,#2053,.T.);
#2702=ORIENTED_EDGE('',*,*,#2054,.T.);
#2703=ORIENTED_EDGE('',*,*,#2055,.T.);
#2704=ORIENTED_EDGE('',*,*,#2056,.T.);
#2705=ORIENTED_EDGE('',*,*,#2057,.T.);
#2706=ORIENTED_EDGE('',*,*,#2058,.F.);
#2707=ORIENTED_EDGE('',*,*,#2059,.T.);
#2708=ORIENTED_EDGE('',*,*,#2060,.T.);
#2709=ORIENTED_EDGE('',*,*,#2061,.F.);
#2710=ORIENTED_EDGE('',*,*,#2062,.T.);
#2711=ORIENTED_EDGE('',*,*,#2063,.T.);
#2712=ORIENTED_EDGE('',*,*,#2064,.T.);
#2713=ORIENTED_EDGE('',*,*,#2065,.F.);
#2714=ORIENTED_EDGE('',*,*,#2066,.F.);
#2715=ORIENTED_EDGE('',*,*,#2067,.T.);
#2716=ORIENTED_EDGE('',*,*,#2068,.F.);
#2717=ORIENTED_EDGE('',*,*,#1998,.T.);
#2718=ORIENTED_EDGE('',*,*,#2069,.F.);
#2719=ORIENTED_EDGE('',*,*,#2070,.F.);
#2720=ORIENTED_EDGE('',*,*,#2071,.F.);
#2721=ORIENTED_EDGE('',*,*,#2072,.F.);
#2722=ORIENTED_EDGE('',*,*,#2073,.F.);
#2723=ORIENTED_EDGE('',*,*,#2074,.F.);
#2724=ORIENTED_EDGE('',*,*,#2075,.F.);
#2725=ORIENTED_EDGE('',*,*,#2076,.F.);
#2726=ORIENTED_EDGE('',*,*,#2077,.F.);
#2727=ORIENTED_EDGE('',*,*,#2078,.F.);
#2728=ORIENTED_EDGE('',*,*,#2079,.F.);
#2729=ORIENTED_EDGE('',*,*,#2061,.T.);
#2730=ORIENTED_EDGE('',*,*,#2080,.T.);
#2731=ORIENTED_EDGE('',*,*,#2081,.T.);
#2732=ORIENTED_EDGE('',*,*,#2082,.T.);
#2733=ORIENTED_EDGE('',*,*,#2080,.F.);
#2734=ORIENTED_EDGE('',*,*,#2060,.F.);
#2735=ORIENTED_EDGE('',*,*,#2083,.F.);
#2736=ORIENTED_EDGE('',*,*,#2084,.T.);
#2737=ORIENTED_EDGE('',*,*,#2085,.T.);
#2738=ORIENTED_EDGE('',*,*,#2086,.T.);
#2739=ORIENTED_EDGE('',*,*,#2087,.F.);
#2740=ORIENTED_EDGE('',*,*,#2088,.T.);
#2741=ORIENTED_EDGE('',*,*,#2015,.T.);
#2742=ORIENTED_EDGE('',*,*,#2089,.T.);
#2743=ORIENTED_EDGE('',*,*,#2090,.T.);
#2744=ORIENTED_EDGE('',*,*,#2091,.T.);
#2745=ORIENTED_EDGE('',*,*,#2091,.F.);
#2746=ORIENTED_EDGE('',*,*,#2092,.T.);
#2747=ORIENTED_EDGE('',*,*,#2093,.F.);
#2748=ORIENTED_EDGE('',*,*,#2045,.F.);
#2749=ORIENTED_EDGE('',*,*,#2094,.T.);
#2750=ORIENTED_EDGE('',*,*,#2095,.F.);
#2751=ORIENTED_EDGE('',*,*,#2096,.F.);
#2752=ORIENTED_EDGE('',*,*,#2097,.F.);
#2753=ORIENTED_EDGE('',*,*,#2098,.F.);
#2754=ORIENTED_EDGE('',*,*,#2099,.T.);
#2755=ORIENTED_EDGE('',*,*,#2100,.T.);
#2756=ORIENTED_EDGE('',*,*,#2101,.F.);
#2757=ORIENTED_EDGE('',*,*,#2102,.F.);
#2758=ORIENTED_EDGE('',*,*,#2016,.T.);
#2759=ORIENTED_EDGE('',*,*,#2046,.T.);
#2760=ORIENTED_EDGE('',*,*,#2093,.T.);
#2761=ORIENTED_EDGE('',*,*,#2103,.T.);
#2762=ORIENTED_EDGE('',*,*,#2104,.T.);
#2763=ORIENTED_EDGE('',*,*,#2105,.T.);
#2764=ORIENTED_EDGE('',*,*,#2106,.T.);
#2765=ORIENTED_EDGE('',*,*,#2050,.T.);
#2766=ORIENTED_EDGE('',*,*,#2107,.T.);
#2767=ORIENTED_EDGE('',*,*,#2107,.F.);
#2768=ORIENTED_EDGE('',*,*,#2049,.T.);
#2769=ORIENTED_EDGE('',*,*,#2108,.F.);
#2770=ORIENTED_EDGE('',*,*,#2109,.F.);
#2771=ORIENTED_EDGE('',*,*,#2048,.T.);
#2772=ORIENTED_EDGE('',*,*,#2110,.T.);
#2773=ORIENTED_EDGE('',*,*,#2111,.T.);
#2774=ORIENTED_EDGE('',*,*,#2108,.T.);
#2775=ORIENTED_EDGE('',*,*,#2104,.F.);
#2776=ORIENTED_EDGE('',*,*,#2112,.T.);
#2777=ORIENTED_EDGE('',*,*,#2110,.F.);
#2778=ORIENTED_EDGE('',*,*,#2047,.F.);
#2779=ORIENTED_EDGE('',*,*,#2013,.T.);
#2780=ORIENTED_EDGE('',*,*,#2113,.T.);
#2781=ORIENTED_EDGE('',*,*,#2114,.T.);
#2782=ORIENTED_EDGE('',*,*,#2115,.T.);
#2783=ORIENTED_EDGE('',*,*,#2113,.F.);
#2784=ORIENTED_EDGE('',*,*,#2012,.T.);
#2785=ORIENTED_EDGE('',*,*,#2116,.F.);
#2786=ORIENTED_EDGE('',*,*,#2117,.F.);
#2787=ORIENTED_EDGE('',*,*,#2011,.T.);
#2788=ORIENTED_EDGE('',*,*,#2118,.T.);
#2789=ORIENTED_EDGE('',*,*,#2119,.T.);
#2790=ORIENTED_EDGE('',*,*,#2116,.T.);
#2791=ORIENTED_EDGE('',*,*,#2120,.F.);
#2792=ORIENTED_EDGE('',*,*,#2121,.T.);
#2793=ORIENTED_EDGE('',*,*,#2122,.T.);
#2794=ORIENTED_EDGE('',*,*,#2123,.F.);
#2795=ORIENTED_EDGE('',*,*,#2124,.F.);
#2796=ORIENTED_EDGE('',*,*,#2125,.T.);
#2797=ORIENTED_EDGE('',*,*,#2126,.T.);
#2798=ORIENTED_EDGE('',*,*,#2121,.F.);
#2799=ORIENTED_EDGE('',*,*,#2127,.F.);
#2800=ORIENTED_EDGE('',*,*,#2128,.T.);
#2801=ORIENTED_EDGE('',*,*,#2129,.T.);
#2802=ORIENTED_EDGE('',*,*,#2125,.F.);
#2803=ORIENTED_EDGE('',*,*,#2130,.F.);
#2804=ORIENTED_EDGE('',*,*,#2123,.T.);
#2805=ORIENTED_EDGE('',*,*,#2131,.T.);
#2806=ORIENTED_EDGE('',*,*,#2128,.F.);
#2807=ORIENTED_EDGE('',*,*,#2131,.F.);
#2808=ORIENTED_EDGE('',*,*,#2122,.F.);
#2809=ORIENTED_EDGE('',*,*,#2126,.F.);
#2810=ORIENTED_EDGE('',*,*,#2129,.F.);
#2811=ORIENTED_EDGE('',*,*,#1904,.T.);
#2812=ORIENTED_EDGE('',*,*,#2132,.T.);
#2813=ORIENTED_EDGE('',*,*,#2133,.T.);
#2814=ORIENTED_EDGE('',*,*,#2134,.T.);
#2815=ORIENTED_EDGE('',*,*,#1930,.T.);
#2816=ORIENTED_EDGE('',*,*,#2135,.T.);
#2817=ORIENTED_EDGE('',*,*,#2136,.T.);
#2818=ORIENTED_EDGE('',*,*,#2137,.T.);
#2819=ORIENTED_EDGE('',*,*,#2138,.T.);
#2820=ORIENTED_EDGE('',*,*,#2132,.F.);
#2821=ORIENTED_EDGE('',*,*,#1929,.T.);
#2822=ORIENTED_EDGE('',*,*,#2139,.T.);
#2823=ORIENTED_EDGE('',*,*,#2140,.T.);
#2824=ORIENTED_EDGE('',*,*,#2135,.F.);
#2825=ORIENTED_EDGE('',*,*,#1928,.T.);
#2826=ORIENTED_EDGE('',*,*,#2141,.T.);
#2827=ORIENTED_EDGE('',*,*,#2142,.F.);
#2828=ORIENTED_EDGE('',*,*,#2143,.T.);
#2829=ORIENTED_EDGE('',*,*,#2144,.T.);
#2830=ORIENTED_EDGE('',*,*,#2139,.F.);
#2831=ORIENTED_EDGE('',*,*,#1927,.T.);
#2832=ORIENTED_EDGE('',*,*,#2145,.T.);
#2833=ORIENTED_EDGE('',*,*,#2146,.T.);
#2834=ORIENTED_EDGE('',*,*,#2141,.F.);
#2835=ORIENTED_EDGE('',*,*,#2147,.T.);
#2836=ORIENTED_EDGE('',*,*,#2145,.F.);
#2837=ORIENTED_EDGE('',*,*,#1926,.T.);
#2838=ORIENTED_EDGE('',*,*,#2148,.T.);
#2839=ORIENTED_EDGE('',*,*,#1925,.T.);
#2840=ORIENTED_EDGE('',*,*,#2149,.T.);
#2841=ORIENTED_EDGE('',*,*,#2150,.T.);
#2842=ORIENTED_EDGE('',*,*,#2151,.T.);
#2843=ORIENTED_EDGE('',*,*,#2148,.F.);
#2844=ORIENTED_EDGE('',*,*,#2152,.T.);
#2845=ORIENTED_EDGE('',*,*,#2149,.F.);
#2846=ORIENTED_EDGE('',*,*,#1924,.T.);
#2847=ORIENTED_EDGE('',*,*,#2153,.T.);
#2848=ORIENTED_EDGE('',*,*,#1923,.T.);
#2849=ORIENTED_EDGE('',*,*,#2154,.T.);
#2850=ORIENTED_EDGE('',*,*,#2155,.T.);
#2851=ORIENTED_EDGE('',*,*,#2156,.T.);
#2852=ORIENTED_EDGE('',*,*,#2153,.F.);
#2853=ORIENTED_EDGE('',*,*,#2157,.T.);
#2854=ORIENTED_EDGE('',*,*,#2158,.T.);
#2855=ORIENTED_EDGE('',*,*,#2154,.F.);
#2856=ORIENTED_EDGE('',*,*,#1922,.T.);
#2857=ORIENTED_EDGE('',*,*,#2159,.T.);
#2858=ORIENTED_EDGE('',*,*,#2160,.T.);
#2859=ORIENTED_EDGE('',*,*,#2157,.F.);
#2860=ORIENTED_EDGE('',*,*,#1921,.T.);
#2861=ORIENTED_EDGE('',*,*,#2161,.T.);
#2862=ORIENTED_EDGE('',*,*,#2159,.F.);
#2863=ORIENTED_EDGE('',*,*,#1920,.T.);
#2864=ORIENTED_EDGE('',*,*,#2162,.T.);
#2865=ORIENTED_EDGE('',*,*,#2097,.T.);
#2866=ORIENTED_EDGE('',*,*,#2098,.T.);
#2867=ORIENTED_EDGE('',*,*,#2162,.F.);
#2868=ORIENTED_EDGE('',*,*,#1919,.T.);
#2869=ORIENTED_EDGE('',*,*,#2163,.T.);
#2870=ORIENTED_EDGE('',*,*,#1918,.T.);
#2871=ORIENTED_EDGE('',*,*,#2164,.T.);
#2872=ORIENTED_EDGE('',*,*,#2165,.T.);
#2873=ORIENTED_EDGE('',*,*,#2099,.F.);
#2874=ORIENTED_EDGE('',*,*,#2163,.F.);
#2875=ORIENTED_EDGE('',*,*,#2166,.T.);
#2876=ORIENTED_EDGE('',*,*,#2167,.T.);
#2877=ORIENTED_EDGE('',*,*,#2164,.F.);
#2878=ORIENTED_EDGE('',*,*,#1917,.T.);
#2879=ORIENTED_EDGE('',*,*,#2168,.T.);
#2880=ORIENTED_EDGE('',*,*,#2169,.T.);
#2881=ORIENTED_EDGE('',*,*,#2166,.F.);
#2882=ORIENTED_EDGE('',*,*,#1916,.T.);
#2883=ORIENTED_EDGE('',*,*,#2170,.T.);
#2884=ORIENTED_EDGE('',*,*,#2168,.F.);
#2885=ORIENTED_EDGE('',*,*,#1915,.T.);
#2886=ORIENTED_EDGE('',*,*,#2171,.T.);
#2887=ORIENTED_EDGE('',*,*,#2172,.T.);
#2888=ORIENTED_EDGE('',*,*,#1914,.T.);
#2889=ORIENTED_EDGE('',*,*,#2173,.T.);
#2890=ORIENTED_EDGE('',*,*,#2174,.T.);
#2891=ORIENTED_EDGE('',*,*,#2171,.F.);
#2892=ORIENTED_EDGE('',*,*,#2175,.T.);
#2893=ORIENTED_EDGE('',*,*,#2173,.F.);
#2894=ORIENTED_EDGE('',*,*,#1913,.T.);
#2895=ORIENTED_EDGE('',*,*,#2176,.T.);
#2896=ORIENTED_EDGE('',*,*,#2177,.T.);
#2897=ORIENTED_EDGE('',*,*,#1912,.T.);
#2898=ORIENTED_EDGE('',*,*,#2178,.T.);
#2899=ORIENTED_EDGE('',*,*,#2179,.T.);
#2900=ORIENTED_EDGE('',*,*,#2176,.F.);
#2901=ORIENTED_EDGE('',*,*,#2180,.T.);
#2902=ORIENTED_EDGE('',*,*,#2178,.F.);
#2903=ORIENTED_EDGE('',*,*,#1911,.T.);
#2904=ORIENTED_EDGE('',*,*,#2181,.T.);
#2905=ORIENTED_EDGE('',*,*,#2182,.T.);
#2906=ORIENTED_EDGE('',*,*,#1905,.T.);
#2907=ORIENTED_EDGE('',*,*,#2134,.F.);
#2908=ORIENTED_EDGE('',*,*,#2183,.F.);
#2909=ORIENTED_EDGE('',*,*,#2184,.T.);
#2910=ORIENTED_EDGE('',*,*,#1906,.T.);
#2911=ORIENTED_EDGE('',*,*,#2182,.F.);
#2912=ORIENTED_EDGE('',*,*,#2185,.T.);
#2913=ORIENTED_EDGE('',*,*,#2186,.T.);
#2914=ORIENTED_EDGE('',*,*,#2187,.T.);
#2915=ORIENTED_EDGE('',*,*,#2188,.T.);
#2916=ORIENTED_EDGE('',*,*,#2189,.T.);
#2917=ORIENTED_EDGE('',*,*,#2181,.F.);
#2918=ORIENTED_EDGE('',*,*,#1910,.T.);
#2919=ORIENTED_EDGE('',*,*,#2190,.T.);
#2920=ORIENTED_EDGE('',*,*,#2191,.T.);
#2921=ORIENTED_EDGE('',*,*,#1907,.T.);
#2922=ORIENTED_EDGE('',*,*,#2187,.F.);
#2923=ORIENTED_EDGE('',*,*,#2192,.T.);
#2924=ORIENTED_EDGE('',*,*,#2193,.F.);
#2925=ORIENTED_EDGE('',*,*,#2194,.T.);
#2926=ORIENTED_EDGE('',*,*,#2190,.F.);
#2927=ORIENTED_EDGE('',*,*,#1909,.T.);
#2928=ORIENTED_EDGE('',*,*,#2195,.T.);
#2929=ORIENTED_EDGE('',*,*,#2196,.T.);
#2930=ORIENTED_EDGE('',*,*,#2197,.T.);
#2931=ORIENTED_EDGE('',*,*,#2195,.F.);
#2932=ORIENTED_EDGE('',*,*,#1908,.T.);
#2933=ORIENTED_EDGE('',*,*,#2193,.T.);
#2934=ORIENTED_EDGE('',*,*,#2198,.F.);
#2935=ORIENTED_EDGE('',*,*,#2143,.F.);
#2936=ORIENTED_EDGE('',*,*,#2199,.F.);
#2937=ORIENTED_EDGE('',*,*,#2035,.T.);
#2938=ORIENTED_EDGE('',*,*,#2200,.T.);
#2939=ORIENTED_EDGE('',*,*,#2146,.F.);
#2940=ORIENTED_EDGE('',*,*,#2201,.F.);
#2941=ORIENTED_EDGE('',*,*,#2036,.T.);
#2942=ORIENTED_EDGE('',*,*,#2199,.T.);
#2943=ORIENTED_EDGE('',*,*,#2142,.T.);
#2944=ORIENTED_EDGE('',*,*,#2147,.F.);
#2945=ORIENTED_EDGE('',*,*,#2151,.F.);
#2946=ORIENTED_EDGE('',*,*,#2202,.F.);
#2947=ORIENTED_EDGE('',*,*,#2037,.F.);
#2948=ORIENTED_EDGE('',*,*,#2201,.T.);
#2949=ORIENTED_EDGE('',*,*,#2150,.F.);
#2950=ORIENTED_EDGE('',*,*,#2203,.F.);
#2951=ORIENTED_EDGE('',*,*,#2038,.T.);
#2952=ORIENTED_EDGE('',*,*,#2202,.T.);
#2953=ORIENTED_EDGE('',*,*,#2152,.F.);
#2954=ORIENTED_EDGE('',*,*,#2156,.F.);
#2955=ORIENTED_EDGE('',*,*,#2204,.F.);
#2956=ORIENTED_EDGE('',*,*,#2039,.T.);
#2957=ORIENTED_EDGE('',*,*,#2203,.T.);
#2958=ORIENTED_EDGE('',*,*,#2155,.F.);
#2959=ORIENTED_EDGE('',*,*,#2205,.F.);
#2960=ORIENTED_EDGE('',*,*,#2040,.T.);
#2961=ORIENTED_EDGE('',*,*,#2204,.T.);
#2962=ORIENTED_EDGE('',*,*,#2158,.F.);
#2963=ORIENTED_EDGE('',*,*,#2206,.F.);
#2964=ORIENTED_EDGE('',*,*,#2041,.T.);
#2965=ORIENTED_EDGE('',*,*,#2205,.T.);
#2966=ORIENTED_EDGE('',*,*,#2160,.F.);
#2967=ORIENTED_EDGE('',*,*,#2207,.F.);
#2968=ORIENTED_EDGE('',*,*,#2042,.T.);
#2969=ORIENTED_EDGE('',*,*,#2206,.T.);
#2970=ORIENTED_EDGE('',*,*,#2161,.F.);
#2971=ORIENTED_EDGE('',*,*,#2096,.T.);
#2972=ORIENTED_EDGE('',*,*,#2208,.F.);
#2973=ORIENTED_EDGE('',*,*,#2209,.F.);
#2974=ORIENTED_EDGE('',*,*,#2043,.T.);
#2975=ORIENTED_EDGE('',*,*,#2207,.T.);
#2976=ORIENTED_EDGE('',*,*,#2165,.F.);
#2977=ORIENTED_EDGE('',*,*,#2210,.F.);
#2978=ORIENTED_EDGE('',*,*,#2018,.T.);
#2979=ORIENTED_EDGE('',*,*,#2211,.T.);
#2980=ORIENTED_EDGE('',*,*,#2212,.T.);
#2981=ORIENTED_EDGE('',*,*,#2100,.F.);
#2982=ORIENTED_EDGE('',*,*,#2167,.F.);
#2983=ORIENTED_EDGE('',*,*,#2213,.F.);
#2984=ORIENTED_EDGE('',*,*,#2019,.T.);
#2985=ORIENTED_EDGE('',*,*,#2210,.T.);
#2986=ORIENTED_EDGE('',*,*,#2169,.F.);
#2987=ORIENTED_EDGE('',*,*,#2214,.F.);
#2988=ORIENTED_EDGE('',*,*,#2020,.T.);
#2989=ORIENTED_EDGE('',*,*,#2213,.T.);
#2990=ORIENTED_EDGE('',*,*,#2170,.F.);
#2991=ORIENTED_EDGE('',*,*,#2215,.T.);
#2992=ORIENTED_EDGE('',*,*,#2021,.F.);
#2993=ORIENTED_EDGE('',*,*,#2214,.T.);
#2994=ORIENTED_EDGE('',*,*,#2185,.F.);
#2995=ORIENTED_EDGE('',*,*,#2216,.F.);
#2996=ORIENTED_EDGE('',*,*,#2030,.F.);
#2997=ORIENTED_EDGE('',*,*,#2217,.T.);
#2998=ORIENTED_EDGE('',*,*,#2133,.F.);
#2999=ORIENTED_EDGE('',*,*,#2138,.F.);
#3000=ORIENTED_EDGE('',*,*,#2218,.F.);
#3001=ORIENTED_EDGE('',*,*,#2219,.F.);
#3002=ORIENTED_EDGE('',*,*,#2032,.T.);
#3003=ORIENTED_EDGE('',*,*,#2220,.T.);
#3004=ORIENTED_EDGE('',*,*,#2183,.T.);
#3005=ORIENTED_EDGE('',*,*,#2137,.F.);
#3006=ORIENTED_EDGE('',*,*,#2221,.F.);
#3007=ORIENTED_EDGE('',*,*,#2033,.T.);
#3008=ORIENTED_EDGE('',*,*,#2219,.T.);
#3009=ORIENTED_EDGE('',*,*,#2218,.T.);
#3010=ORIENTED_EDGE('',*,*,#2140,.F.);
#3011=ORIENTED_EDGE('',*,*,#2144,.F.);
#3012=ORIENTED_EDGE('',*,*,#2200,.F.);
#3013=ORIENTED_EDGE('',*,*,#2034,.T.);
#3014=ORIENTED_EDGE('',*,*,#2221,.T.);
#3015=ORIENTED_EDGE('',*,*,#2136,.F.);
#3016=ORIENTED_EDGE('',*,*,#2174,.F.);
#3017=ORIENTED_EDGE('',*,*,#2222,.F.);
#3018=ORIENTED_EDGE('',*,*,#2022,.T.);
#3019=ORIENTED_EDGE('',*,*,#2215,.F.);
#3020=ORIENTED_EDGE('',*,*,#2172,.F.);
#3021=ORIENTED_EDGE('',*,*,#2175,.F.);
#3022=ORIENTED_EDGE('',*,*,#2223,.F.);
#3023=ORIENTED_EDGE('',*,*,#2023,.F.);
#3024=ORIENTED_EDGE('',*,*,#2222,.T.);
#3025=ORIENTED_EDGE('',*,*,#2179,.F.);
#3026=ORIENTED_EDGE('',*,*,#2224,.F.);
#3027=ORIENTED_EDGE('',*,*,#2024,.F.);
#3028=ORIENTED_EDGE('',*,*,#2223,.T.);
#3029=ORIENTED_EDGE('',*,*,#2177,.F.);
#3030=ORIENTED_EDGE('',*,*,#2180,.F.);
#3031=ORIENTED_EDGE('',*,*,#2189,.F.);
#3032=ORIENTED_EDGE('',*,*,#2225,.F.);
#3033=ORIENTED_EDGE('',*,*,#2025,.F.);
#3034=ORIENTED_EDGE('',*,*,#2224,.T.);
#3035=ORIENTED_EDGE('',*,*,#2188,.F.);
#3036=ORIENTED_EDGE('',*,*,#2226,.F.);
#3037=ORIENTED_EDGE('',*,*,#2026,.T.);
#3038=ORIENTED_EDGE('',*,*,#2225,.T.);
#3039=ORIENTED_EDGE('',*,*,#2197,.F.);
#3040=ORIENTED_EDGE('',*,*,#2227,.F.);
#3041=ORIENTED_EDGE('',*,*,#2027,.T.);
#3042=ORIENTED_EDGE('',*,*,#2226,.T.);
#3043=ORIENTED_EDGE('',*,*,#2191,.F.);
#3044=ORIENTED_EDGE('',*,*,#2194,.F.);
#3045=ORIENTED_EDGE('',*,*,#2196,.F.);
#3046=ORIENTED_EDGE('',*,*,#2228,.F.);
#3047=ORIENTED_EDGE('',*,*,#2028,.F.);
#3048=ORIENTED_EDGE('',*,*,#2227,.T.);
#3049=ORIENTED_EDGE('',*,*,#2192,.F.);
#3050=ORIENTED_EDGE('',*,*,#2186,.F.);
#3051=ORIENTED_EDGE('',*,*,#2217,.F.);
#3052=ORIENTED_EDGE('',*,*,#2029,.T.);
#3053=ORIENTED_EDGE('',*,*,#2228,.T.);
#3054=ORIENTED_EDGE('',*,*,#2198,.T.);
#3055=ORIENTED_EDGE('',*,*,#2184,.F.);
#3056=ORIENTED_EDGE('',*,*,#2220,.F.);
#3057=ORIENTED_EDGE('',*,*,#2031,.F.);
#3058=ORIENTED_EDGE('',*,*,#2216,.T.);
#3059=ORIENTED_EDGE('',*,*,#2212,.F.);
#3060=ORIENTED_EDGE('',*,*,#2229,.T.);
#3061=ORIENTED_EDGE('',*,*,#2101,.T.);
#3062=ORIENTED_EDGE('',*,*,#2208,.T.);
#3063=ORIENTED_EDGE('',*,*,#2095,.T.);
#3064=ORIENTED_EDGE('',*,*,#2230,.T.);
#3065=ORIENTED_EDGE('',*,*,#2089,.F.);
#3066=ORIENTED_EDGE('',*,*,#2014,.T.);
#3067=ORIENTED_EDGE('',*,*,#2115,.F.);
#3068=ORIENTED_EDGE('',*,*,#2231,.F.);
#3069=ORIENTED_EDGE('',*,*,#2109,.T.);
#3070=ORIENTED_EDGE('',*,*,#2111,.F.);
#3071=ORIENTED_EDGE('',*,*,#2112,.F.);
#3072=ORIENTED_EDGE('',*,*,#2103,.F.);
#3073=ORIENTED_EDGE('',*,*,#2092,.F.);
#3074=ORIENTED_EDGE('',*,*,#2090,.F.);
#3075=ORIENTED_EDGE('',*,*,#2231,.T.);
#3076=ORIENTED_EDGE('',*,*,#2114,.F.);
#3077=ORIENTED_EDGE('',*,*,#2117,.T.);
#3078=ORIENTED_EDGE('',*,*,#2119,.F.);
#3079=ORIENTED_EDGE('',*,*,#2232,.F.);
#3080=ORIENTED_EDGE('',*,*,#2233,.F.);
#3081=ORIENTED_EDGE('',*,*,#2234,.F.);
#3082=ORIENTED_EDGE('',*,*,#2235,.T.);
#3083=ORIENTED_EDGE('',*,*,#2236,.F.);
#3084=ORIENTED_EDGE('',*,*,#2237,.F.);
#3085=ORIENTED_EDGE('',*,*,#2238,.T.);
#3086=ORIENTED_EDGE('',*,*,#2239,.T.);
#3087=ORIENTED_EDGE('',*,*,#2240,.F.);
#3088=ORIENTED_EDGE('',*,*,#2241,.T.);
#3089=ORIENTED_EDGE('',*,*,#2242,.T.);
#3090=ORIENTED_EDGE('',*,*,#2243,.F.);
#3091=ORIENTED_EDGE('',*,*,#2244,.T.);
#3092=ORIENTED_EDGE('',*,*,#2245,.T.);
#3093=ORIENTED_EDGE('',*,*,#2246,.F.);
#3094=ORIENTED_EDGE('',*,*,#2247,.F.);
#3095=ORIENTED_EDGE('',*,*,#2248,.F.);
#3096=ORIENTED_EDGE('',*,*,#2249,.T.);
#3097=ORIENTED_EDGE('',*,*,#2250,.F.);
#3098=ORIENTED_EDGE('',*,*,#2251,.T.);
#3099=ORIENTED_EDGE('',*,*,#2252,.F.);
#3100=ORIENTED_EDGE('',*,*,#2253,.F.);
#3101=ORIENTED_EDGE('',*,*,#2254,.F.);
#3102=ORIENTED_EDGE('',*,*,#2255,.T.);
#3103=ORIENTED_EDGE('',*,*,#2256,.T.);
#3104=ORIENTED_EDGE('',*,*,#2257,.T.);
#3105=ORIENTED_EDGE('',*,*,#2258,.T.);
#3106=ORIENTED_EDGE('',*,*,#2259,.F.);
#3107=ORIENTED_EDGE('',*,*,#2260,.T.);
#3108=ORIENTED_EDGE('',*,*,#2261,.T.);
#3109=ORIENTED_EDGE('',*,*,#2262,.F.);
#3110=ORIENTED_EDGE('',*,*,#2263,.F.);
#3111=ORIENTED_EDGE('',*,*,#2264,.F.);
#3112=ORIENTED_EDGE('',*,*,#2265,.T.);
#3113=ORIENTED_EDGE('',*,*,#2266,.F.);
#3114=ORIENTED_EDGE('',*,*,#2267,.T.);
#3115=ORIENTED_EDGE('',*,*,#2268,.F.);
#3116=ORIENTED_EDGE('',*,*,#2086,.F.);
#3117=ORIENTED_EDGE('',*,*,#2269,.F.);
#3118=ORIENTED_EDGE('',*,*,#2270,.T.);
#3119=ORIENTED_EDGE('',*,*,#2271,.F.);
#3120=ORIENTED_EDGE('',*,*,#2272,.F.);
#3121=ORIENTED_EDGE('',*,*,#2273,.T.);
#3122=ORIENTED_EDGE('',*,*,#2274,.F.);
#3123=ORIENTED_EDGE('',*,*,#2275,.F.);
#3124=ORIENTED_EDGE('',*,*,#2276,.T.);
#3125=ORIENTED_EDGE('',*,*,#2277,.F.);
#3126=ORIENTED_EDGE('',*,*,#2278,.F.);
#3127=ORIENTED_EDGE('',*,*,#2279,.F.);
#3128=ORIENTED_EDGE('',*,*,#2280,.T.);
#3129=ORIENTED_EDGE('',*,*,#2281,.F.);
#3130=ORIENTED_EDGE('',*,*,#2282,.F.);
#3131=ORIENTED_EDGE('',*,*,#2283,.T.);
#3132=ORIENTED_EDGE('',*,*,#2105,.F.);
#3133=ORIENTED_EDGE('',*,*,#2120,.T.);
#3134=ORIENTED_EDGE('',*,*,#2130,.T.);
#3135=ORIENTED_EDGE('',*,*,#2127,.T.);
#3136=ORIENTED_EDGE('',*,*,#2124,.T.);
#3137=ORIENTED_EDGE('',*,*,#2209,.T.);
#3138=ORIENTED_EDGE('',*,*,#2230,.F.);
#3139=ORIENTED_EDGE('',*,*,#2094,.F.);
#3140=ORIENTED_EDGE('',*,*,#2044,.F.);
#3141=ORIENTED_EDGE('',*,*,#2102,.T.);
#3142=ORIENTED_EDGE('',*,*,#2229,.F.);
#3143=ORIENTED_EDGE('',*,*,#2211,.F.);
#3144=ORIENTED_EDGE('',*,*,#2017,.T.);
#3145=ORIENTED_EDGE('',*,*,#2284,.T.);
#3146=ORIENTED_EDGE('',*,*,#2285,.T.);
#3147=ORIENTED_EDGE('',*,*,#2286,.F.);
#3148=ORIENTED_EDGE('',*,*,#2287,.F.);
#3149=ORIENTED_EDGE('',*,*,#2288,.F.);
#3150=ORIENTED_EDGE('',*,*,#2289,.F.);
#3151=ORIENTED_EDGE('',*,*,#2290,.F.);
#3152=ORIENTED_EDGE('',*,*,#2291,.F.);
#3153=ORIENTED_EDGE('',*,*,#2292,.T.);
#3154=ORIENTED_EDGE('',*,*,#2293,.F.);
#3155=ORIENTED_EDGE('',*,*,#2294,.T.);
#3156=ORIENTED_EDGE('',*,*,#2295,.T.);
#3157=ORIENTED_EDGE('',*,*,#2296,.T.);
#3158=ORIENTED_EDGE('',*,*,#2297,.F.);
#3159=ORIENTED_EDGE('',*,*,#2298,.T.);
#3160=ORIENTED_EDGE('',*,*,#2084,.F.);
#3161=ORIENTED_EDGE('',*,*,#2299,.F.);
#3162=ORIENTED_EDGE('',*,*,#2300,.T.);
#3163=ORIENTED_EDGE('',*,*,#2301,.T.);
#3164=ORIENTED_EDGE('',*,*,#2302,.T.);
#3165=ORIENTED_EDGE('',*,*,#2303,.F.);
#3166=ORIENTED_EDGE('',*,*,#2304,.T.);
#3167=ORIENTED_EDGE('',*,*,#2305,.T.);
#3168=ORIENTED_EDGE('',*,*,#2306,.T.);
#3169=ORIENTED_EDGE('',*,*,#2307,.T.);
#3170=ORIENTED_EDGE('',*,*,#2308,.F.);
#3171=ORIENTED_EDGE('',*,*,#2309,.T.);
#3172=ORIENTED_EDGE('',*,*,#2310,.F.);
#3173=ORIENTED_EDGE('',*,*,#2311,.F.);
#3174=ORIENTED_EDGE('',*,*,#2312,.F.);
#3175=ORIENTED_EDGE('',*,*,#2313,.F.);
#3176=ORIENTED_EDGE('',*,*,#2314,.F.);
#3177=ORIENTED_EDGE('',*,*,#2315,.T.);
#3178=ORIENTED_EDGE('',*,*,#2316,.F.);
#3179=ORIENTED_EDGE('',*,*,#2317,.T.);
#3180=ORIENTED_EDGE('',*,*,#2318,.T.);
#3181=ORIENTED_EDGE('',*,*,#2319,.F.);
#3182=ORIENTED_EDGE('',*,*,#2320,.T.);
#3183=ORIENTED_EDGE('',*,*,#2321,.F.);
#3184=ORIENTED_EDGE('',*,*,#2322,.F.);
#3185=ORIENTED_EDGE('',*,*,#2323,.T.);
#3186=ORIENTED_EDGE('',*,*,#2324,.T.);
#3187=ORIENTED_EDGE('',*,*,#2325,.F.);
#3188=ORIENTED_EDGE('',*,*,#2326,.T.);
#3189=ORIENTED_EDGE('',*,*,#2000,.F.);
#3190=ORIENTED_EDGE('',*,*,#2327,.T.);
#3191=ORIENTED_EDGE('',*,*,#2328,.F.);
#3192=ORIENTED_EDGE('',*,*,#2329,.T.);
#3193=ORIENTED_EDGE('',*,*,#2330,.F.);
#3194=ORIENTED_EDGE('',*,*,#2331,.T.);
#3195=ORIENTED_EDGE('',*,*,#2332,.F.);
#3196=ORIENTED_EDGE('',*,*,#2333,.T.);
#3197=ORIENTED_EDGE('',*,*,#2334,.F.);
#3198=ORIENTED_EDGE('',*,*,#1996,.F.);
#3199=ORIENTED_EDGE('',*,*,#2335,.T.);
#3200=ORIENTED_EDGE('',*,*,#2336,.T.);
#3201=ORIENTED_EDGE('',*,*,#2337,.F.);
#3202=ORIENTED_EDGE('',*,*,#2338,.T.);
#3203=ORIENTED_EDGE('',*,*,#2339,.F.);
#3204=ORIENTED_EDGE('',*,*,#2340,.F.);
#3205=ORIENTED_EDGE('',*,*,#2341,.F.);
#3206=ORIENTED_EDGE('',*,*,#2342,.T.);
#3207=ORIENTED_EDGE('',*,*,#2343,.F.);
#3208=ORIENTED_EDGE('',*,*,#2344,.F.);
#3209=ORIENTED_EDGE('',*,*,#2345,.F.);
#3210=ORIENTED_EDGE('',*,*,#2346,.T.);
#3211=ORIENTED_EDGE('',*,*,#2347,.F.);
#3212=ORIENTED_EDGE('',*,*,#2340,.T.);
#3213=ORIENTED_EDGE('',*,*,#2348,.T.);
#3214=ORIENTED_EDGE('',*,*,#2260,.F.);
#3215=ORIENTED_EDGE('',*,*,#2348,.F.);
#3216=ORIENTED_EDGE('',*,*,#2339,.T.);
#3217=ORIENTED_EDGE('',*,*,#2349,.T.);
#3218=ORIENTED_EDGE('',*,*,#2261,.F.);
#3219=ORIENTED_EDGE('',*,*,#2349,.F.);
#3220=ORIENTED_EDGE('',*,*,#2338,.F.);
#3221=ORIENTED_EDGE('',*,*,#2350,.T.);
#3222=ORIENTED_EDGE('',*,*,#2262,.T.);
#3223=ORIENTED_EDGE('',*,*,#2350,.F.);
#3224=ORIENTED_EDGE('',*,*,#2337,.T.);
#3225=ORIENTED_EDGE('',*,*,#2351,.T.);
#3226=ORIENTED_EDGE('',*,*,#2064,.F.);
#3227=ORIENTED_EDGE('',*,*,#2352,.F.);
#3228=ORIENTED_EDGE('',*,*,#2353,.T.);
#3229=ORIENTED_EDGE('',*,*,#2354,.T.);
#3230=ORIENTED_EDGE('',*,*,#2263,.T.);
#3231=ORIENTED_EDGE('',*,*,#2354,.F.);
#3232=ORIENTED_EDGE('',*,*,#2355,.F.);
#3233=ORIENTED_EDGE('',*,*,#2356,.T.);
#3234=ORIENTED_EDGE('',*,*,#2264,.T.);
#3235=ORIENTED_EDGE('',*,*,#2356,.F.);
#3236=ORIENTED_EDGE('',*,*,#2357,.T.);
#3237=ORIENTED_EDGE('',*,*,#2358,.T.);
#3238=ORIENTED_EDGE('',*,*,#2265,.F.);
#3239=ORIENTED_EDGE('',*,*,#2358,.F.);
#3240=ORIENTED_EDGE('',*,*,#2359,.F.);
#3241=ORIENTED_EDGE('',*,*,#2360,.T.);
#3242=ORIENTED_EDGE('',*,*,#2266,.T.);
#3243=ORIENTED_EDGE('',*,*,#2360,.F.);
#3244=ORIENTED_EDGE('',*,*,#2361,.T.);
#3245=ORIENTED_EDGE('',*,*,#2362,.T.);
#3246=ORIENTED_EDGE('',*,*,#2267,.F.);
#3247=ORIENTED_EDGE('',*,*,#2362,.F.);
#3248=ORIENTED_EDGE('',*,*,#2363,.F.);
#3249=ORIENTED_EDGE('',*,*,#2087,.T.);
#3250=ORIENTED_EDGE('',*,*,#2268,.T.);
#3251=ORIENTED_EDGE('',*,*,#2085,.F.);
#3252=ORIENTED_EDGE('',*,*,#2304,.F.);
#3253=ORIENTED_EDGE('',*,*,#2364,.T.);
#3254=ORIENTED_EDGE('',*,*,#2269,.T.);
#3255=ORIENTED_EDGE('',*,*,#2364,.F.);
#3256=ORIENTED_EDGE('',*,*,#2303,.T.);
#3257=ORIENTED_EDGE('',*,*,#2365,.T.);
#3258=ORIENTED_EDGE('',*,*,#2270,.F.);
#3259=ORIENTED_EDGE('',*,*,#2365,.F.);
#3260=ORIENTED_EDGE('',*,*,#2302,.F.);
#3261=ORIENTED_EDGE('',*,*,#2366,.T.);
#3262=ORIENTED_EDGE('',*,*,#2271,.T.);
#3263=ORIENTED_EDGE('',*,*,#2366,.F.);
#3264=ORIENTED_EDGE('',*,*,#2301,.F.);
#3265=ORIENTED_EDGE('',*,*,#2367,.T.);
#3266=ORIENTED_EDGE('',*,*,#2272,.T.);
#3267=ORIENTED_EDGE('',*,*,#2367,.F.);
#3268=ORIENTED_EDGE('',*,*,#2300,.F.);
#3269=ORIENTED_EDGE('',*,*,#2368,.T.);
#3270=ORIENTED_EDGE('',*,*,#2058,.T.);
#3271=ORIENTED_EDGE('',*,*,#2369,.F.);
#3272=ORIENTED_EDGE('',*,*,#2285,.F.);
#3273=ORIENTED_EDGE('',*,*,#2370,.T.);
#3274=ORIENTED_EDGE('',*,*,#2273,.F.);
#3275=ORIENTED_EDGE('',*,*,#2370,.F.);
#3276=ORIENTED_EDGE('',*,*,#2284,.F.);
#3277=ORIENTED_EDGE('',*,*,#2371,.T.);
#3278=ORIENTED_EDGE('',*,*,#2274,.T.);
#3279=ORIENTED_EDGE('',*,*,#2371,.F.);
#3280=ORIENTED_EDGE('',*,*,#2298,.F.);
#3281=ORIENTED_EDGE('',*,*,#2372,.T.);
#3282=ORIENTED_EDGE('',*,*,#2275,.T.);
#3283=ORIENTED_EDGE('',*,*,#2372,.F.);
#3284=ORIENTED_EDGE('',*,*,#2297,.T.);
#3285=ORIENTED_EDGE('',*,*,#2373,.T.);
#3286=ORIENTED_EDGE('',*,*,#2276,.F.);
#3287=ORIENTED_EDGE('',*,*,#2373,.F.);
#3288=ORIENTED_EDGE('',*,*,#2296,.F.);
#3289=ORIENTED_EDGE('',*,*,#2374,.T.);
#3290=ORIENTED_EDGE('',*,*,#2277,.T.);
#3291=ORIENTED_EDGE('',*,*,#2374,.F.);
#3292=ORIENTED_EDGE('',*,*,#2295,.F.);
#3293=ORIENTED_EDGE('',*,*,#2375,.T.);
#3294=ORIENTED_EDGE('',*,*,#2278,.T.);
#3295=ORIENTED_EDGE('',*,*,#2375,.F.);
#3296=ORIENTED_EDGE('',*,*,#2294,.F.);
#3297=ORIENTED_EDGE('',*,*,#2376,.T.);
#3298=ORIENTED_EDGE('',*,*,#2279,.T.);
#3299=ORIENTED_EDGE('',*,*,#2376,.F.);
#3300=ORIENTED_EDGE('',*,*,#2293,.T.);
#3301=ORIENTED_EDGE('',*,*,#2377,.T.);
#3302=ORIENTED_EDGE('',*,*,#2280,.F.);
#3303=ORIENTED_EDGE('',*,*,#2377,.F.);
#3304=ORIENTED_EDGE('',*,*,#2292,.F.);
#3305=ORIENTED_EDGE('',*,*,#2378,.T.);
#3306=ORIENTED_EDGE('',*,*,#2281,.T.);
#3307=ORIENTED_EDGE('',*,*,#2378,.F.);
#3308=ORIENTED_EDGE('',*,*,#2291,.T.);
#3309=ORIENTED_EDGE('',*,*,#2379,.T.);
#3310=ORIENTED_EDGE('',*,*,#2052,.F.);
#3311=ORIENTED_EDGE('',*,*,#2380,.T.);
#3312=ORIENTED_EDGE('',*,*,#2282,.T.);
#3313=ORIENTED_EDGE('',*,*,#2106,.F.);
#3314=ORIENTED_EDGE('',*,*,#2283,.F.);
#3315=ORIENTED_EDGE('',*,*,#2380,.F.);
#3316=ORIENTED_EDGE('',*,*,#2051,.T.);
#3317=ORIENTED_EDGE('',*,*,#2118,.F.);
#3318=ORIENTED_EDGE('',*,*,#2010,.F.);
#3319=ORIENTED_EDGE('',*,*,#2381,.T.);
#3320=ORIENTED_EDGE('',*,*,#2232,.T.);
#3321=ORIENTED_EDGE('',*,*,#2381,.F.);
#3322=ORIENTED_EDGE('',*,*,#2009,.F.);
#3323=ORIENTED_EDGE('',*,*,#2382,.F.);
#3324=ORIENTED_EDGE('',*,*,#2312,.T.);
#3325=ORIENTED_EDGE('',*,*,#2383,.T.);
#3326=ORIENTED_EDGE('',*,*,#2233,.T.);
#3327=ORIENTED_EDGE('',*,*,#2383,.F.);
#3328=ORIENTED_EDGE('',*,*,#2326,.F.);
#3329=ORIENTED_EDGE('',*,*,#2384,.T.);
#3330=ORIENTED_EDGE('',*,*,#2234,.T.);
#3331=ORIENTED_EDGE('',*,*,#2384,.F.);
#3332=ORIENTED_EDGE('',*,*,#2325,.T.);
#3333=ORIENTED_EDGE('',*,*,#2385,.T.);
#3334=ORIENTED_EDGE('',*,*,#2235,.F.);
#3335=ORIENTED_EDGE('',*,*,#2385,.F.);
#3336=ORIENTED_EDGE('',*,*,#2324,.F.);
#3337=ORIENTED_EDGE('',*,*,#2386,.T.);
#3338=ORIENTED_EDGE('',*,*,#2236,.T.);
#3339=ORIENTED_EDGE('',*,*,#2386,.F.);
#3340=ORIENTED_EDGE('',*,*,#2323,.F.);
#3341=ORIENTED_EDGE('',*,*,#2387,.T.);
#3342=ORIENTED_EDGE('',*,*,#2237,.T.);
#3343=ORIENTED_EDGE('',*,*,#2387,.F.);
#3344=ORIENTED_EDGE('',*,*,#2322,.T.);
#3345=ORIENTED_EDGE('',*,*,#2388,.T.);
#3346=ORIENTED_EDGE('',*,*,#2238,.F.);
#3347=ORIENTED_EDGE('',*,*,#2388,.F.);
#3348=ORIENTED_EDGE('',*,*,#2321,.T.);
#3349=ORIENTED_EDGE('',*,*,#2389,.T.);
#3350=ORIENTED_EDGE('',*,*,#2239,.F.);
#3351=ORIENTED_EDGE('',*,*,#2389,.F.);
#3352=ORIENTED_EDGE('',*,*,#2320,.F.);
#3353=ORIENTED_EDGE('',*,*,#2390,.T.);
#3354=ORIENTED_EDGE('',*,*,#2240,.T.);
#3355=ORIENTED_EDGE('',*,*,#2390,.F.);
#3356=ORIENTED_EDGE('',*,*,#2319,.T.);
#3357=ORIENTED_EDGE('',*,*,#2391,.T.);
#3358=ORIENTED_EDGE('',*,*,#2241,.F.);
#3359=ORIENTED_EDGE('',*,*,#2391,.F.);
#3360=ORIENTED_EDGE('',*,*,#2318,.F.);
#3361=ORIENTED_EDGE('',*,*,#2392,.T.);
#3362=ORIENTED_EDGE('',*,*,#2003,.T.);
#3363=ORIENTED_EDGE('',*,*,#2393,.F.);
#3364=ORIENTED_EDGE('',*,*,#2306,.F.);
#3365=ORIENTED_EDGE('',*,*,#2394,.T.);
#3366=ORIENTED_EDGE('',*,*,#2242,.F.);
#3367=ORIENTED_EDGE('',*,*,#2394,.F.);
#3368=ORIENTED_EDGE('',*,*,#2305,.F.);
#3369=ORIENTED_EDGE('',*,*,#2395,.T.);
#3370=ORIENTED_EDGE('',*,*,#2243,.T.);
#3371=ORIENTED_EDGE('',*,*,#2395,.F.);
#3372=ORIENTED_EDGE('',*,*,#2311,.T.);
#3373=ORIENTED_EDGE('',*,*,#2396,.T.);
#3374=ORIENTED_EDGE('',*,*,#2244,.F.);
#3375=ORIENTED_EDGE('',*,*,#2396,.F.);
#3376=ORIENTED_EDGE('',*,*,#2310,.T.);
#3377=ORIENTED_EDGE('',*,*,#2397,.T.);
#3378=ORIENTED_EDGE('',*,*,#2245,.F.);
#3379=ORIENTED_EDGE('',*,*,#2397,.F.);
#3380=ORIENTED_EDGE('',*,*,#2309,.F.);
#3381=ORIENTED_EDGE('',*,*,#2398,.T.);
#3382=ORIENTED_EDGE('',*,*,#2246,.T.);
#3383=ORIENTED_EDGE('',*,*,#1997,.F.);
#3384=ORIENTED_EDGE('',*,*,#2334,.T.);
#3385=ORIENTED_EDGE('',*,*,#2399,.T.);
#3386=ORIENTED_EDGE('',*,*,#2247,.T.);
#3387=ORIENTED_EDGE('',*,*,#2398,.F.);
#3388=ORIENTED_EDGE('',*,*,#2308,.T.);
#3389=ORIENTED_EDGE('',*,*,#2400,.T.);
#3390=ORIENTED_EDGE('',*,*,#2001,.F.);
#3391=ORIENTED_EDGE('',*,*,#2399,.F.);
#3392=ORIENTED_EDGE('',*,*,#2333,.F.);
#3393=ORIENTED_EDGE('',*,*,#2401,.T.);
#3394=ORIENTED_EDGE('',*,*,#2248,.T.);
#3395=ORIENTED_EDGE('',*,*,#2401,.F.);
#3396=ORIENTED_EDGE('',*,*,#2332,.T.);
#3397=ORIENTED_EDGE('',*,*,#2402,.T.);
#3398=ORIENTED_EDGE('',*,*,#2249,.F.);
#3399=ORIENTED_EDGE('',*,*,#2402,.F.);
#3400=ORIENTED_EDGE('',*,*,#2331,.F.);
#3401=ORIENTED_EDGE('',*,*,#2403,.T.);
#3402=ORIENTED_EDGE('',*,*,#2250,.T.);
#3403=ORIENTED_EDGE('',*,*,#2403,.F.);
#3404=ORIENTED_EDGE('',*,*,#2330,.T.);
#3405=ORIENTED_EDGE('',*,*,#2404,.T.);
#3406=ORIENTED_EDGE('',*,*,#2251,.F.);
#3407=ORIENTED_EDGE('',*,*,#2404,.F.);
#3408=ORIENTED_EDGE('',*,*,#2329,.F.);
#3409=ORIENTED_EDGE('',*,*,#2405,.T.);
#3410=ORIENTED_EDGE('',*,*,#2252,.T.);
#3411=ORIENTED_EDGE('',*,*,#2405,.F.);
#3412=ORIENTED_EDGE('',*,*,#2328,.T.);
#3413=ORIENTED_EDGE('',*,*,#2406,.T.);
#3414=ORIENTED_EDGE('',*,*,#2067,.F.);
#3415=ORIENTED_EDGE('',*,*,#2407,.F.);
#3416=ORIENTED_EDGE('',*,*,#2341,.T.);
#3417=ORIENTED_EDGE('',*,*,#2408,.T.);
#3418=ORIENTED_EDGE('',*,*,#2253,.T.);
#3419=ORIENTED_EDGE('',*,*,#2408,.F.);
#3420=ORIENTED_EDGE('',*,*,#2346,.F.);
#3421=ORIENTED_EDGE('',*,*,#2409,.T.);
#3422=ORIENTED_EDGE('',*,*,#2254,.T.);
#3423=ORIENTED_EDGE('',*,*,#2409,.F.);
#3424=ORIENTED_EDGE('',*,*,#2345,.T.);
#3425=ORIENTED_EDGE('',*,*,#2410,.T.);
#3426=ORIENTED_EDGE('',*,*,#2255,.F.);
#3427=ORIENTED_EDGE('',*,*,#2410,.F.);
#3428=ORIENTED_EDGE('',*,*,#2344,.T.);
#3429=ORIENTED_EDGE('',*,*,#2411,.T.);
#3430=ORIENTED_EDGE('',*,*,#2256,.F.);
#3431=ORIENTED_EDGE('',*,*,#2411,.F.);
#3432=ORIENTED_EDGE('',*,*,#2343,.T.);
#3433=ORIENTED_EDGE('',*,*,#2412,.T.);
#3434=ORIENTED_EDGE('',*,*,#2257,.F.);
#3435=ORIENTED_EDGE('',*,*,#2413,.T.);
#3436=ORIENTED_EDGE('',*,*,#2258,.F.);
#3437=ORIENTED_EDGE('',*,*,#2412,.F.);
#3438=ORIENTED_EDGE('',*,*,#2414,.T.);
#3439=ORIENTED_EDGE('',*,*,#2415,.T.);
#3440=ORIENTED_EDGE('',*,*,#2416,.T.);
#3441=ORIENTED_EDGE('',*,*,#2335,.F.);
#3442=ORIENTED_EDGE('',*,*,#2347,.T.);
#3443=ORIENTED_EDGE('',*,*,#2259,.T.);
#3444=ORIENTED_EDGE('',*,*,#2413,.F.);
#3445=ORIENTED_EDGE('',*,*,#2417,.F.);
#3446=ORIENTED_EDGE('',*,*,#2088,.F.);
#3447=ORIENTED_EDGE('',*,*,#2363,.T.);
#3448=ORIENTED_EDGE('',*,*,#2361,.F.);
#3449=ORIENTED_EDGE('',*,*,#2359,.T.);
#3450=ORIENTED_EDGE('',*,*,#2357,.F.);
#3451=ORIENTED_EDGE('',*,*,#2355,.T.);
#3452=ORIENTED_EDGE('',*,*,#2353,.F.);
#3453=ORIENTED_EDGE('',*,*,#2418,.F.);
#3454=ORIENTED_EDGE('',*,*,#2419,.F.);
#3455=ORIENTED_EDGE('',*,*,#2081,.F.);
#3456=ORIENTED_EDGE('',*,*,#2351,.F.);
#3457=ORIENTED_EDGE('',*,*,#2336,.F.);
#3458=ORIENTED_EDGE('',*,*,#2420,.F.);
#3459=ORIENTED_EDGE('',*,*,#2415,.F.);
#3460=ORIENTED_EDGE('',*,*,#2421,.T.);
#3461=ORIENTED_EDGE('',*,*,#2065,.T.);
#3462=ORIENTED_EDGE('',*,*,#2421,.F.);
#3463=ORIENTED_EDGE('',*,*,#2414,.F.);
#3464=ORIENTED_EDGE('',*,*,#2342,.F.);
#3465=ORIENTED_EDGE('',*,*,#2407,.T.);
#3466=ORIENTED_EDGE('',*,*,#2066,.T.);
#3467=ORIENTED_EDGE('',*,*,#2406,.F.);
#3468=ORIENTED_EDGE('',*,*,#2327,.F.);
#3469=ORIENTED_EDGE('',*,*,#1999,.T.);
#3470=ORIENTED_EDGE('',*,*,#2068,.T.);
#3471=ORIENTED_EDGE('',*,*,#2400,.F.);
#3472=ORIENTED_EDGE('',*,*,#2307,.F.);
#3473=ORIENTED_EDGE('',*,*,#2393,.T.);
#3474=ORIENTED_EDGE('',*,*,#2002,.T.);
#3475=ORIENTED_EDGE('',*,*,#2392,.F.);
#3476=ORIENTED_EDGE('',*,*,#2317,.F.);
#3477=ORIENTED_EDGE('',*,*,#2422,.T.);
#3478=ORIENTED_EDGE('',*,*,#2004,.T.);
#3479=ORIENTED_EDGE('',*,*,#2422,.F.);
#3480=ORIENTED_EDGE('',*,*,#2316,.T.);
#3481=ORIENTED_EDGE('',*,*,#2423,.T.);
#3482=ORIENTED_EDGE('',*,*,#2005,.F.);
#3483=ORIENTED_EDGE('',*,*,#2423,.F.);
#3484=ORIENTED_EDGE('',*,*,#2315,.F.);
#3485=ORIENTED_EDGE('',*,*,#2424,.T.);
#3486=ORIENTED_EDGE('',*,*,#2006,.T.);
#3487=ORIENTED_EDGE('',*,*,#2424,.F.);
#3488=ORIENTED_EDGE('',*,*,#2314,.T.);
#3489=ORIENTED_EDGE('',*,*,#2425,.T.);
#3490=ORIENTED_EDGE('',*,*,#2007,.F.);
#3491=ORIENTED_EDGE('',*,*,#2425,.F.);
#3492=ORIENTED_EDGE('',*,*,#2313,.T.);
#3493=ORIENTED_EDGE('',*,*,#2382,.T.);
#3494=ORIENTED_EDGE('',*,*,#2008,.F.);
#3495=ORIENTED_EDGE('',*,*,#2379,.F.);
#3496=ORIENTED_EDGE('',*,*,#2290,.T.);
#3497=ORIENTED_EDGE('',*,*,#2426,.T.);
#3498=ORIENTED_EDGE('',*,*,#2053,.F.);
#3499=ORIENTED_EDGE('',*,*,#2426,.F.);
#3500=ORIENTED_EDGE('',*,*,#2289,.T.);
#3501=ORIENTED_EDGE('',*,*,#2427,.T.);
#3502=ORIENTED_EDGE('',*,*,#2054,.F.);
#3503=ORIENTED_EDGE('',*,*,#2427,.F.);
#3504=ORIENTED_EDGE('',*,*,#2288,.T.);
#3505=ORIENTED_EDGE('',*,*,#2428,.T.);
#3506=ORIENTED_EDGE('',*,*,#2055,.F.);
#3507=ORIENTED_EDGE('',*,*,#2428,.F.);
#3508=ORIENTED_EDGE('',*,*,#2287,.T.);
#3509=ORIENTED_EDGE('',*,*,#2429,.T.);
#3510=ORIENTED_EDGE('',*,*,#2056,.F.);
#3511=ORIENTED_EDGE('',*,*,#2429,.F.);
#3512=ORIENTED_EDGE('',*,*,#2286,.T.);
#3513=ORIENTED_EDGE('',*,*,#2369,.T.);
#3514=ORIENTED_EDGE('',*,*,#2057,.F.);
#3515=ORIENTED_EDGE('',*,*,#2368,.F.);
#3516=ORIENTED_EDGE('',*,*,#2299,.T.);
#3517=ORIENTED_EDGE('',*,*,#2083,.T.);
#3518=ORIENTED_EDGE('',*,*,#2059,.F.);
#3519=ORIENTED_EDGE('',*,*,#2082,.F.);
#3520=ORIENTED_EDGE('',*,*,#2419,.T.);
#3521=ORIENTED_EDGE('',*,*,#2430,.T.);
#3522=ORIENTED_EDGE('',*,*,#2062,.F.);
#3523=ORIENTED_EDGE('',*,*,#2430,.F.);
#3524=ORIENTED_EDGE('',*,*,#2418,.T.);
#3525=ORIENTED_EDGE('',*,*,#2352,.T.);
#3526=ORIENTED_EDGE('',*,*,#2063,.F.);
#3527=ORIENTED_EDGE('',*,*,#2416,.F.);
#3528=ORIENTED_EDGE('',*,*,#2420,.T.);
#3529=ORIENTED_EDGE('',*,*,#2417,.T.);
#3530=ORIENTED_EDGE('',*,*,#2431,.F.);
#3531=ORIENTED_EDGE('',*,*,#2432,.T.);
#3532=ORIENTED_EDGE('',*,*,#2079,.T.);
#3533=ORIENTED_EDGE('',*,*,#2432,.F.);
#3534=ORIENTED_EDGE('',*,*,#2431,.T.);
#3535=ORIENTED_EDGE('',*,*,#2433,.F.);
#3536=ORIENTED_EDGE('',*,*,#2434,.T.);
#3537=ORIENTED_EDGE('',*,*,#2078,.T.);
#3538=ORIENTED_EDGE('',*,*,#2434,.F.);
#3539=ORIENTED_EDGE('',*,*,#2433,.T.);
#3540=ORIENTED_EDGE('',*,*,#2435,.F.);
#3541=ORIENTED_EDGE('',*,*,#2436,.T.);
#3542=ORIENTED_EDGE('',*,*,#2077,.T.);
#3543=ORIENTED_EDGE('',*,*,#2436,.F.);
#3544=ORIENTED_EDGE('',*,*,#2435,.T.);
#3545=ORIENTED_EDGE('',*,*,#2437,.F.);
#3546=ORIENTED_EDGE('',*,*,#2438,.T.);
#3547=ORIENTED_EDGE('',*,*,#2076,.T.);
#3548=ORIENTED_EDGE('',*,*,#2438,.F.);
#3549=ORIENTED_EDGE('',*,*,#2437,.T.);
#3550=ORIENTED_EDGE('',*,*,#2439,.F.);
#3551=ORIENTED_EDGE('',*,*,#2440,.T.);
#3552=ORIENTED_EDGE('',*,*,#2075,.T.);
#3553=ORIENTED_EDGE('',*,*,#2440,.F.);
#3554=ORIENTED_EDGE('',*,*,#2439,.T.);
#3555=ORIENTED_EDGE('',*,*,#2441,.F.);
#3556=ORIENTED_EDGE('',*,*,#2442,.T.);
#3557=ORIENTED_EDGE('',*,*,#2074,.T.);
#3558=ORIENTED_EDGE('',*,*,#2442,.F.);
#3559=ORIENTED_EDGE('',*,*,#2441,.T.);
#3560=ORIENTED_EDGE('',*,*,#2443,.F.);
#3561=ORIENTED_EDGE('',*,*,#2444,.T.);
#3562=ORIENTED_EDGE('',*,*,#2073,.T.);
#3563=ORIENTED_EDGE('',*,*,#2444,.F.);
#3564=ORIENTED_EDGE('',*,*,#2443,.T.);
#3565=ORIENTED_EDGE('',*,*,#2445,.F.);
#3566=ORIENTED_EDGE('',*,*,#2446,.T.);
#3567=ORIENTED_EDGE('',*,*,#2072,.T.);
#3568=ORIENTED_EDGE('',*,*,#2446,.F.);
#3569=ORIENTED_EDGE('',*,*,#2445,.T.);
#3570=ORIENTED_EDGE('',*,*,#2447,.F.);
#3571=ORIENTED_EDGE('',*,*,#2448,.T.);
#3572=ORIENTED_EDGE('',*,*,#2071,.T.);
#3573=ORIENTED_EDGE('',*,*,#2448,.F.);
#3574=ORIENTED_EDGE('',*,*,#2447,.T.);
#3575=ORIENTED_EDGE('',*,*,#2449,.F.);
#3576=ORIENTED_EDGE('',*,*,#2450,.T.);
#3577=ORIENTED_EDGE('',*,*,#2070,.T.);
#3578=ORIENTED_EDGE('',*,*,#2450,.F.);
#3579=ORIENTED_EDGE('',*,*,#2449,.T.);
#3580=ORIENTED_EDGE('',*,*,#2451,.F.);
#3581=ORIENTED_EDGE('',*,*,#2452,.T.);
#3582=ORIENTED_EDGE('',*,*,#2069,.T.);
#3583=ORIENTED_EDGE('',*,*,#2452,.F.);
#3584=ORIENTED_EDGE('',*,*,#2451,.T.);
#3585=PLANE('',#3923);
#3586=PLANE('',#3927);
#3587=PLANE('',#3933);
#3588=PLANE('',#3934);
#3589=PLANE('',#3951);
#3590=PLANE('',#3954);
#3591=PLANE('',#3955);
#3592=PLANE('',#3958);
#3593=PLANE('',#3963);
#3594=PLANE('',#3964);
#3595=PLANE('',#3967);
#3596=PLANE('',#3970);
#3597=PLANE('',#3973);
#3598=PLANE('',#3974);
#3599=PLANE('',#3977);
#3600=PLANE('',#3980);
#3601=PLANE('',#3981);
#3602=PLANE('',#3984);
#3603=PLANE('',#3989);
#3604=PLANE('',#3992);
#3605=PLANE('',#3993);
#3606=PLANE('',#3997);
#3607=PLANE('',#3998);
#3608=PLANE('',#4043);
#3609=PLANE('',#4046);
#3610=PLANE('',#4051);
#3611=PLANE('',#4054);
#3612=PLANE('',#4057);
#3613=PLANE('',#4060);
#3614=PLANE('',#4061);
#3615=PLANE('',#4062);
#3616=PLANE('',#4063);
#3617=PLANE('',#4064);
#3618=PLANE('',#4110);
#3619=PLANE('',#4112);
#3620=PLANE('',#4114);
#3621=PLANE('',#4116);
#3622=PLANE('',#4118);
#3623=PLANE('',#4119);
#3624=PLANE('',#4121);
#3625=PLANE('',#4123);
#3626=PLANE('',#4124);
#3627=PLANE('',#4126);
#3628=PLANE('',#4127);
#3629=PLANE('',#4129);
#3630=PLANE('',#4131);
#3631=PLANE('',#4132);
#3632=PLANE('',#4134);
#3633=PLANE('',#4135);
#3634=PLANE('',#4136);
#3635=PLANE('',#4138);
#3636=PLANE('',#4140);
#3637=PLANE('',#4141);
#3638=PLANE('',#4168);
#3639=PLANE('',#4177);
#3640=PLANE('',#4181);
#3641=PLANE('',#4185);
#3642=PLANE('',#4194);
#3643=PLANE('',#4198);
#3644=PLANE('',#4201);
#3645=PLANE('',#4204);
#3646=PLANE('',#4205);
#3647=PLANE('',#4207);
#3648=PLANE('',#4210);
#3649=PLANE('',#4211);
#3650=PLANE('',#4214);
#3651=PLANE('',#4216);
#3652=PLANE('',#4217);
#3653=PLANE('',#4219);
#3654=PLANE('',#4221);
#3655=PLANE('',#4223);
#3656=PLANE('',#4224);
#3657=PLANE('',#4228);
#3658=PLANE('',#4231);
#3659=PLANE('',#4235);
#3660=PLANE('',#4236);
#3661=PLANE('',#4238);
#3662=PLANE('',#4240);
#3663=PLANE('',#4242);
#3664=PLANE('',#4243);
#3665=PLANE('',#4245);
#3666=PLANE('',#4246);
#3667=PLANE('',#4248);
#3668=PLANE('',#4249);
#3669=PLANE('',#4251);
#3670=PLANE('',#4253);
#3671=PLANE('',#4254);
#3672=PLANE('',#4256);
#3673=PLANE('',#4259);
#3674=PLANE('',#4261);
#3675=PLANE('',#4262);
#3676=PLANE('',#4266);
#3677=PLANE('',#4268);
#3678=PLANE('',#4271);
#3679=PLANE('',#4273);
#3680=PLANE('',#4276);
#3681=PLANE('',#4278);
#3682=PLANE('',#4281);
#3683=PLANE('',#4284);
#3684=PLANE('',#4287);
#3685=PLANE('',#4290);
#3686=PLANE('',#4293);
#3687=PLANE('',#4296);
#3688=PLANE('',#4299);
#3689=PLANE('',#4302);
#3690=PLANE('',#4305);
#3691=PLANE('',#4308);
#3692=PLANE('',#4311);
#3693=ADVANCED_FACE('',(#339),#3585,.T.);
#3694=ADVANCED_FACE('',(#340),#331,.F.);
#3695=ADVANCED_FACE('',(#341),#3586,.T.);
#3696=ADVANCED_FACE('',(#342),#332,.F.);
#3697=ADVANCED_FACE('',(#343),#86,.F.);
#3698=ADVANCED_FACE('',(#344),#3587,.F.);
#3699=ADVANCED_FACE('',(#345,#42,#43,#44,#45),#3588,.F.);
#3700=ADVANCED_FACE('',(#346),#3589,.F.);
#3701=ADVANCED_FACE('',(#347),#87,.F.);
#3702=ADVANCED_FACE('',(#348),#3590,.T.);
#3703=ADVANCED_FACE('',(#349),#3591,.T.);
#3704=ADVANCED_FACE('',(#350),#333,.F.);
#3705=ADVANCED_FACE('',(#351),#3592,.T.);
#3706=ADVANCED_FACE('',(#352),#334,.F.);
#3707=ADVANCED_FACE('',(#353),#88,.F.);
#3708=ADVANCED_FACE('',(#354),#3593,.F.);
#3709=ADVANCED_FACE('',(#355),#3594,.F.);
#3710=ADVANCED_FACE('',(#356),#89,.F.);
#3711=ADVANCED_FACE('',(#357),#3595,.T.);
#3712=ADVANCED_FACE('',(#358),#335,.F.);
#3713=ADVANCED_FACE('',(#359),#3596,.T.);
#3714=ADVANCED_FACE('',(#360),#336,.F.);
#3715=ADVANCED_FACE('',(#361),#3597,.T.);
#3716=ADVANCED_FACE('',(#362),#3598,.F.);
#3717=ADVANCED_FACE('',(#363),#90,.F.);
#3718=ADVANCED_FACE('',(#364),#3599,.F.);
#3719=ADVANCED_FACE('',(#365),#91,.F.);
#3720=ADVANCED_FACE('',(#366),#3600,.T.);
#3721=ADVANCED_FACE('',(#367),#3601,.T.);
#3722=ADVANCED_FACE('',(#368),#337,.F.);
#3723=ADVANCED_FACE('',(#369),#3602,.T.);
#3724=ADVANCED_FACE('',(#370),#338,.F.);
#3725=ADVANCED_FACE('',(#371),#92,.F.);
#3726=ADVANCED_FACE('',(#372),#3603,.F.);
#3727=ADVANCED_FACE('',(#373),#93,.F.);
#3728=ADVANCED_FACE('',(#374),#3604,.F.);
#3729=ADVANCED_FACE('',(#375),#3605,.T.);
#3730=ADVANCED_FACE('',(#376),#94,.T.);
#3731=ADVANCED_FACE('',(#377),#3606,.T.);
#3732=ADVANCED_FACE('',(#378,#46,#47,#48,#49,#50,#51,#52,#53,#54,#55,#56),
#3607,.T.);
#3733=ADVANCED_FACE('',(#379),#95,.T.);
#3734=ADVANCED_FACE('',(#380),#3608,.F.);
#3735=ADVANCED_FACE('',(#381),#96,.T.);
#3736=ADVANCED_FACE('',(#382),#3609,.T.);
#3737=ADVANCED_FACE('',(#383),#97,.T.);
#3738=ADVANCED_FACE('',(#384),#98,.T.);
#3739=ADVANCED_FACE('',(#385),#3610,.T.);
#3740=ADVANCED_FACE('',(#386),#99,.T.);
#3741=ADVANCED_FACE('',(#387),#3611,.F.);
#3742=ADVANCED_FACE('',(#388),#100,.T.);
#3743=ADVANCED_FACE('',(#389),#3612,.T.);
#3744=ADVANCED_FACE('',(#390),#101,.T.);
#3745=ADVANCED_FACE('',(#391),#3613,.F.);
#3746=ADVANCED_FACE('',(#392),#3614,.F.);
#3747=ADVANCED_FACE('',(#393),#3615,.F.);
#3748=ADVANCED_FACE('',(#394),#3616,.F.);
#3749=ADVANCED_FACE('',(#395),#3617,.F.);
#3750=ADVANCED_FACE('',(#396),#102,.T.);
#3751=ADVANCED_FACE('',(#397),#15,.F.);
#3752=ADVANCED_FACE('',(#398),#103,.T.);
#3753=ADVANCED_FACE('',(#399),#104,.T.);
#3754=ADVANCED_FACE('',(#400),#16,.F.);
#3755=ADVANCED_FACE('',(#401),#105,.T.);
#3756=ADVANCED_FACE('',(#402),#17,.F.);
#3757=ADVANCED_FACE('',(#403),#106,.T.);
#3758=ADVANCED_FACE('',(#404),#18,.F.);
#3759=ADVANCED_FACE('',(#405),#107,.T.);
#3760=ADVANCED_FACE('',(#406),#19,.F.);
#3761=ADVANCED_FACE('',(#407),#108,.T.);
#3762=ADVANCED_FACE('',(#408),#109,.T.);
#3763=ADVANCED_FACE('',(#409),#110,.T.);
#3764=ADVANCED_FACE('',(#410),#20,.F.);
#3765=ADVANCED_FACE('',(#411),#111,.T.);
#3766=ADVANCED_FACE('',(#412),#21,.F.);
#3767=ADVANCED_FACE('',(#413),#112,.T.);
#3768=ADVANCED_FACE('',(#414),#22,.F.);
#3769=ADVANCED_FACE('',(#415),#113,.T.);
#3770=ADVANCED_FACE('',(#416),#23,.F.);
#3771=ADVANCED_FACE('',(#417),#114,.T.);
#3772=ADVANCED_FACE('',(#418),#115,.T.);
#3773=ADVANCED_FACE('',(#419),#116,.T.);
#3774=ADVANCED_FACE('',(#420),#117,.T.);
#3775=ADVANCED_FACE('',(#421),#118,.T.);
#3776=ADVANCED_FACE('',(#422),#24,.F.);
#3777=ADVANCED_FACE('',(#423),#3618,.T.);
#3778=ADVANCED_FACE('',(#424),#119,.T.);
#3779=ADVANCED_FACE('',(#425),#3619,.F.);
#3780=ADVANCED_FACE('',(#426),#120,.T.);
#3781=ADVANCED_FACE('',(#427),#3620,.T.);
#3782=ADVANCED_FACE('',(#428),#121,.T.);
#3783=ADVANCED_FACE('',(#429),#3621,.T.);
#3784=ADVANCED_FACE('',(#430),#122,.T.);
#3785=ADVANCED_FACE('',(#431),#3622,.T.);
#3786=ADVANCED_FACE('',(#432),#3623,.T.);
#3787=ADVANCED_FACE('',(#433),#123,.T.);
#3788=ADVANCED_FACE('',(#434),#3624,.T.);
#3789=ADVANCED_FACE('',(#435),#124,.T.);
#3790=ADVANCED_FACE('',(#436),#3625,.F.);
#3791=ADVANCED_FACE('',(#437),#3626,.T.);
#3792=ADVANCED_FACE('',(#438),#125,.T.);
#3793=ADVANCED_FACE('',(#439),#3627,.T.);
#3794=ADVANCED_FACE('',(#440),#3628,.T.);
#3795=ADVANCED_FACE('',(#441),#126,.T.);
#3796=ADVANCED_FACE('',(#442),#3629,.F.);
#3797=ADVANCED_FACE('',(#443),#127,.T.);
#3798=ADVANCED_FACE('',(#444),#3630,.T.);
#3799=ADVANCED_FACE('',(#445),#3631,.T.);
#3800=ADVANCED_FACE('',(#446),#128,.T.);
#3801=ADVANCED_FACE('',(#447),#3632,.T.);
#3802=ADVANCED_FACE('',(#448),#3633,.F.);
#3803=ADVANCED_FACE('',(#449),#3634,.F.);
#3804=ADVANCED_FACE('',(#450),#3635,.F.);
#3805=ADVANCED_FACE('',(#451),#3636,.T.);
#3806=ADVANCED_FACE('',(#452,#57),#3637,.F.);
#3807=ADVANCED_FACE('',(#453),#129,.T.);
#3808=ADVANCED_FACE('',(#454),#130,.T.);
#3809=ADVANCED_FACE('',(#455),#3638,.F.);
#3810=ADVANCED_FACE('',(#456),#3639,.F.);
#3811=ADVANCED_FACE('',(#457),#3640,.F.);
#3812=ADVANCED_FACE('',(#458),#3641,.F.);
#3813=ADVANCED_FACE('',(#459),#3642,.F.);
#3814=ADVANCED_FACE('',(#460),#3643,.F.);
#3815=ADVANCED_FACE('',(#461),#3644,.F.);
#3816=ADVANCED_FACE('',(#462),#3645,.T.);
#3817=ADVANCED_FACE('',(#463),#3646,.T.);
#3818=ADVANCED_FACE('',(#464),#131,.F.);
#3819=ADVANCED_FACE('',(#465),#3647,.F.);
#3820=ADVANCED_FACE('',(#466),#132,.F.);
#3821=ADVANCED_FACE('',(#467),#3648,.T.);
#3822=ADVANCED_FACE('',(#468),#3649,.F.);
#3823=ADVANCED_FACE('',(#469),#133,.T.);
#3824=ADVANCED_FACE('',(#470),#3650,.F.);
#3825=ADVANCED_FACE('',(#471),#134,.F.);
#3826=ADVANCED_FACE('',(#472),#3651,.T.);
#3827=ADVANCED_FACE('',(#473),#3652,.F.);
#3828=ADVANCED_FACE('',(#474),#135,.F.);
#3829=ADVANCED_FACE('',(#475),#3653,.T.);
#3830=ADVANCED_FACE('',(#476),#136,.F.);
#3831=ADVANCED_FACE('',(#477),#3654,.F.);
#3832=ADVANCED_FACE('',(#478),#137,.T.);
#3833=ADVANCED_FACE('',(#479),#3655,.F.);
#3834=ADVANCED_FACE('',(#480),#3656,.F.);
#3835=ADVANCED_FACE('',(#481),#138,.F.);
#3836=ADVANCED_FACE('',(#482),#139,.T.);
#3837=ADVANCED_FACE('',(#483),#140,.F.);
#3838=ADVANCED_FACE('',(#484),#3657,.F.);
#3839=ADVANCED_FACE('',(#485),#141,.F.);
#3840=ADVANCED_FACE('',(#486),#142,.F.);
#3841=ADVANCED_FACE('',(#487),#3658,.F.);
#3842=ADVANCED_FACE('',(#488),#143,.F.);
#3843=ADVANCED_FACE('',(#489),#144,.T.);
#3844=ADVANCED_FACE('',(#490),#145,.F.);
#3845=ADVANCED_FACE('',(#491),#3659,.F.);
#3846=ADVANCED_FACE('',(#492),#3660,.T.);
#3847=ADVANCED_FACE('',(#493),#146,.T.);
#3848=ADVANCED_FACE('',(#494),#3661,.F.);
#3849=ADVANCED_FACE('',(#495),#147,.F.);
#3850=ADVANCED_FACE('',(#496),#3662,.T.);
#3851=ADVANCED_FACE('',(#497),#148,.F.);
#3852=ADVANCED_FACE('',(#498),#3663,.T.);
#3853=ADVANCED_FACE('',(#499),#3664,.T.);
#3854=ADVANCED_FACE('',(#500),#149,.F.);
#3855=ADVANCED_FACE('',(#501),#3665,.F.);
#3856=ADVANCED_FACE('',(#502),#3666,.F.);
#3857=ADVANCED_FACE('',(#503),#150,.T.);
#3858=ADVANCED_FACE('',(#504),#3667,.F.);
#3859=ADVANCED_FACE('',(#505),#3668,.T.);
#3860=ADVANCED_FACE('',(#506),#151,.F.);
#3861=ADVANCED_FACE('',(#507),#3669,.F.);
#3862=ADVANCED_FACE('',(#508),#152,.F.);
#3863=ADVANCED_FACE('',(#509),#3670,.T.);
#3864=ADVANCED_FACE('',(#510),#3671,.T.);
#3865=ADVANCED_FACE('',(#511),#153,.T.);
#3866=ADVANCED_FACE('',(#512),#3672,.T.);
#3867=ADVANCED_FACE('',(#513),#154,.T.);
#3868=ADVANCED_FACE('',(#514),#3673,.F.);
#3869=ADVANCED_FACE('',(#515),#3674,.F.);
#3870=ADVANCED_FACE('',(#516),#3675,.F.);
#3871=ADVANCED_FACE('',(#517),#155,.F.);
#3872=ADVANCED_FACE('',(#518),#156,.F.);
#3873=ADVANCED_FACE('',(#519),#157,.F.);
#3874=ADVANCED_FACE('',(#520),#3676,.T.);
#3875=ADVANCED_FACE('',(#521),#158,.F.);
#3876=ADVANCED_FACE('',(#522),#3677,.T.);
#3877=ADVANCED_FACE('',(#523),#159,.F.);
#3878=ADVANCED_FACE('',(#524),#160,.F.);
#3879=ADVANCED_FACE('',(#525),#3678,.T.);
#3880=ADVANCED_FACE('',(#526),#161,.F.);
#3881=ADVANCED_FACE('',(#527),#3679,.T.);
#3882=ADVANCED_FACE('',(#528),#162,.F.);
#3883=ADVANCED_FACE('',(#529),#163,.F.);
#3884=ADVANCED_FACE('',(#530),#3680,.T.);
#3885=ADVANCED_FACE('',(#531),#164,.F.);
#3886=ADVANCED_FACE('',(#532),#3681,.F.);
#3887=ADVANCED_FACE('',(#533),#165,.T.);
#3888=ADVANCED_FACE('',(#534),#3682,.T.);
#3889=ADVANCED_FACE('',(#535),#166,.T.);
#3890=ADVANCED_FACE('',(#536),#3683,.T.);
#3891=ADVANCED_FACE('',(#537),#167,.T.);
#3892=ADVANCED_FACE('',(#538),#3684,.T.);
#3893=ADVANCED_FACE('',(#539),#168,.T.);
#3894=ADVANCED_FACE('',(#540),#3685,.T.);
#3895=ADVANCED_FACE('',(#541),#169,.T.);
#3896=ADVANCED_FACE('',(#542),#3686,.T.);
#3897=ADVANCED_FACE('',(#543),#170,.T.);
#3898=ADVANCED_FACE('',(#544),#3687,.T.);
#3899=ADVANCED_FACE('',(#545),#171,.T.);
#3900=ADVANCED_FACE('',(#546),#3688,.T.);
#3901=ADVANCED_FACE('',(#547),#172,.T.);
#3902=ADVANCED_FACE('',(#548),#3689,.T.);
#3903=ADVANCED_FACE('',(#549),#173,.T.);
#3904=ADVANCED_FACE('',(#550),#3690,.T.);
#3905=ADVANCED_FACE('',(#551),#174,.T.);
#3906=ADVANCED_FACE('',(#552),#3691,.T.);
#3907=ADVANCED_FACE('',(#553),#175,.T.);
#3908=ADVANCED_FACE('',(#554),#3692,.T.);
#3909=CLOSED_SHELL('',(#3693,#3694,#3695,#3696,#3697,#3698,#3699,#3700,
#3701,#3702,#3703,#3704,#3705,#3706,#3707,#3708,#3709,#3710,#3711,#3712,
#3713,#3714,#3715,#3716,#3717,#3718,#3719,#3720,#3721,#3722,#3723,#3724,
#3725,#3726,#3727,#3728,#3729,#3730,#3731,#3732,#3733,#3734,#3735,#3736,
#3737,#3738,#3739,#3740,#3741,#3742,#3743,#3744,#3745,#3746,#3747,#3748,
#3749,#3750,#3751,#3752,#3753,#3754,#3755,#3756,#3757,#3758,#3759,#3760,
#3761,#3762,#3763,#3764,#3765,#3766,#3767,#3768,#3769,#3770,#3771,#3772,
#3773,#3774,#3775,#3776,#3777,#3778,#3779,#3780,#3781,#3782,#3783,#3784,
#3785,#3786,#3787,#3788,#3789,#3790,#3791,#3792,#3793,#3794,#3795,#3796,
#3797,#3798,#3799,#3800,#3801,#3802,#3803,#3804,#3805,#3806,#3807,#3808,
#3809,#3810,#3811,#3812,#3813,#3814,#3815,#3816,#3817,#3818,#3819,#3820,
#3821,#3822,#3823,#3824,#3825,#3826,#3827,#3828,#3829,#3830,#3831,#3832,
#3833,#3834,#3835,#3836,#3837,#3838,#3839,#3840,#3841,#3842,#3843,#3844,
#3845,#3846,#3847,#3848,#3849,#3850,#3851,#3852,#3853,#3854,#3855,#3856,
#3857,#3858,#3859,#3860,#3861,#3862,#3863,#3864,#3865,#3866,#3867,#3868,
#3869,#3870,#3871,#3872,#3873,#3874,#3875,#3876,#3877,#3878,#3879,#3880,
#3881,#3882,#3883,#3884,#3885,#3886,#3887,#3888,#3889,#3890,#3891,#3892,
#3893,#3894,#3895,#3896,#3897,#3898,#3899,#3900,#3901,#3902,#3903,#3904,
#3905,#3906,#3907,#3908));
#3910=DERIVED_UNIT_ELEMENT(#3912,1.);
#3911=DERIVED_UNIT_ELEMENT(#7433,-3.);
#3912=(
MASS_UNIT()
NAMED_UNIT(*)
SI_UNIT(.KILO.,.GRAM.)
);
#3913=DERIVED_UNIT((#3910,#3911));
#3914=MEASURE_REPRESENTATION_ITEM('density measure',
POSITIVE_RATIO_MEASURE(7850.),#3913);
#3915=PROPERTY_DEFINITION_REPRESENTATION(#3920,#3917);
#3916=PROPERTY_DEFINITION_REPRESENTATION(#3921,#3918);
#3917=REPRESENTATION('material name',(#3919),#7430);
#3918=REPRESENTATION('density',(#3914),#7430);
#3919=DESCRIPTIVE_REPRESENTATION_ITEM('Steel','Steel');
#3920=PROPERTY_DEFINITION('material property','material name',#7440);
#3921=PROPERTY_DEFINITION('material property','density of part',#7440);
#3922=AXIS2_PLACEMENT_3D('',#5458,#4312,#4313);
#3923=AXIS2_PLACEMENT_3D('',#5459,#4314,#4315);
#3924=AXIS2_PLACEMENT_3D('',#5468,#4320,#4321);
#3925=AXIS2_PLACEMENT_3D('',#5472,#4323,#4324);
#3926=AXIS2_PLACEMENT_3D('',#5473,#4325,#4326);
#3927=AXIS2_PLACEMENT_3D('',#5474,#4327,#4328);
#3928=AXIS2_PLACEMENT_3D('',#5480,#4332,#4333);
#3929=AXIS2_PLACEMENT_3D('',#5481,#4334,#4335);
#3930=AXIS2_PLACEMENT_3D('',#5482,#4336,#4337);
#3931=AXIS2_PLACEMENT_3D('',#5483,#4338,#4339);
#3932=AXIS2_PLACEMENT_3D('',#5487,#4341,#4342);
#3933=AXIS2_PLACEMENT_3D('',#5489,#4344,#4345);
#3934=AXIS2_PLACEMENT_3D('',#5493,#4348,#4349);
#3935=AXIS2_PLACEMENT_3D('',#5504,#4354,#4355);
#3936=AXIS2_PLACEMENT_3D('',#5510,#4358,#4359);
#3937=AXIS2_PLACEMENT_3D('',#5514,#4361,#4362);
#3938=AXIS2_PLACEMENT_3D('',#5518,#4364,#4365);
#3939=AXIS2_PLACEMENT_3D('',#5522,#4367,#4368);
#3940=AXIS2_PLACEMENT_3D('',#5530,#4372,#4373);
#3941=AXIS2_PLACEMENT_3D('',#5534,#4375,#4376);
#3942=AXIS2_PLACEMENT_3D('',#5538,#4378,#4379);
#3943=AXIS2_PLACEMENT_3D('',#5542,#4381,#4382);
#3944=AXIS2_PLACEMENT_3D('',#5547,#4385,#4386);
#3945=AXIS2_PLACEMENT_3D('',#5552,#4388,#4389);
#3946=AXIS2_PLACEMENT_3D('',#5555,#4391,#4392);
#3947=AXIS2_PLACEMENT_3D('',#5560,#4394,#4395);
#3948=AXIS2_PLACEMENT_3D('',#5563,#4397,#4398);
#3949=AXIS2_PLACEMENT_3D('',#5566,#4399,#4400);
#3950=AXIS2_PLACEMENT_3D('',#5570,#4402,#4403);
#3951=AXIS2_PLACEMENT_3D('',#5572,#4405,#4406);
#3952=AXIS2_PLACEMENT_3D('',#5576,#4409,#4410);
#3953=AXIS2_PLACEMENT_3D('',#5577,#4411,#4412);
#3954=AXIS2_PLACEMENT_3D('',#5578,#4413,#4414);
#3955=AXIS2_PLACEMENT_3D('',#5579,#4415,#4416);
#3956=AXIS2_PLACEMENT_3D('',#5585,#4420,#4421);
#3957=AXIS2_PLACEMENT_3D('',#5588,#4423,#4424);
#3958=AXIS2_PLACEMENT_3D('',#5589,#4425,#4426);
#3959=AXIS2_PLACEMENT_3D('',#5593,#4429,#4430);
#3960=AXIS2_PLACEMENT_3D('',#5594,#4431,#4432);
#3961=AXIS2_PLACEMENT_3D('',#5595,#4433,#4434);
#3962=AXIS2_PLACEMENT_3D('',#5599,#4436,#4437);
#3963=AXIS2_PLACEMENT_3D('',#5601,#4439,#4440);
#3964=AXIS2_PLACEMENT_3D('',#5605,#4443,#4444);
#3965=AXIS2_PLACEMENT_3D('',#5609,#4447,#4448);
#3966=AXIS2_PLACEMENT_3D('',#5610,#4449,#4450);
#3967=AXIS2_PLACEMENT_3D('',#5611,#4451,#4452);
#3968=AXIS2_PLACEMENT_3D('',#5612,#4453,#4454);
#3969=AXIS2_PLACEMENT_3D('',#5617,#4457,#4458);
#3970=AXIS2_PLACEMENT_3D('',#5618,#4459,#4460);
#3971=AXIS2_PLACEMENT_3D('',#5622,#4463,#4464);
#3972=AXIS2_PLACEMENT_3D('',#5625,#4466,#4467);
#3973=AXIS2_PLACEMENT_3D('',#5626,#4468,#4469);
#3974=AXIS2_PLACEMENT_3D('',#5628,#4471,#4472);
#3975=AXIS2_PLACEMENT_3D('',#5634,#4476,#4477);
#3976=AXIS2_PLACEMENT_3D('',#5637,#4479,#4480);
#3977=AXIS2_PLACEMENT_3D('',#5638,#4481,#4482);
#3978=AXIS2_PLACEMENT_3D('',#5642,#4485,#4486);
#3979=AXIS2_PLACEMENT_3D('',#5643,#4487,#4488);
#3980=AXIS2_PLACEMENT_3D('',#5644,#4489,#4490);
#3981=AXIS2_PLACEMENT_3D('',#5645,#4491,#4492);
#3982=AXIS2_PLACEMENT_3D('',#5651,#4496,#4497);
#3983=AXIS2_PLACEMENT_3D('',#5654,#4499,#4500);
#3984=AXIS2_PLACEMENT_3D('',#5655,#4501,#4502);
#3985=AXIS2_PLACEMENT_3D('',#5659,#4505,#4506);
#3986=AXIS2_PLACEMENT_3D('',#5660,#4507,#4508);
#3987=AXIS2_PLACEMENT_3D('',#5661,#4509,#4510);
#3988=AXIS2_PLACEMENT_3D('',#5665,#4512,#4513);
#3989=AXIS2_PLACEMENT_3D('',#5667,#4515,#4516);
#3990=AXIS2_PLACEMENT_3D('',#5671,#4519,#4520);
#3991=AXIS2_PLACEMENT_3D('',#5674,#4522,#4523);
#3992=AXIS2_PLACEMENT_3D('',#5675,#4524,#4525);
#3993=AXIS2_PLACEMENT_3D('',#5677,#4527,#4528);
#3994=AXIS2_PLACEMENT_3D('',#5678,#4529,#4530);
#3995=AXIS2_PLACEMENT_3D('',#5681,#4531,#4532);
#3996=AXIS2_PLACEMENT_3D('',#5685,#4534,#4535);
#3997=AXIS2_PLACEMENT_3D('',#5687,#4537,#4538);
#3998=AXIS2_PLACEMENT_3D('',#5693,#4542,#4543);
#3999=AXIS2_PLACEMENT_3D('',#5697,#4545,#4546);
#4000=AXIS2_PLACEMENT_3D('',#5701,#4548,#4549);
#4001=AXIS2_PLACEMENT_3D('',#5705,#4551,#4552);
#4002=AXIS2_PLACEMENT_3D('',#5709,#4554,#4555);
#4003=AXIS2_PLACEMENT_3D('',#5713,#4557,#4558);
#4004=AXIS2_PLACEMENT_3D('',#5715,#4559,#4560);
#4005=AXIS2_PLACEMENT_3D('',#5719,#4562,#4563);
#4006=AXIS2_PLACEMENT_3D('',#5723,#4565,#4566);
#4007=AXIS2_PLACEMENT_3D('',#5727,#4568,#4569);
#4008=AXIS2_PLACEMENT_3D('',#5731,#4571,#4572);
#4009=AXIS2_PLACEMENT_3D('',#5735,#4574,#4575);
#4010=AXIS2_PLACEMENT_3D('',#5739,#4577,#4578);
#4011=AXIS2_PLACEMENT_3D('',#5743,#4580,#4581);
#4012=AXIS2_PLACEMENT_3D('',#5749,#4584,#4585);
#4013=AXIS2_PLACEMENT_3D('',#5759,#4590,#4591);
#4014=AXIS2_PLACEMENT_3D('',#5765,#4594,#4595);
#4015=AXIS2_PLACEMENT_3D('',#5769,#4597,#4598);
#4016=AXIS2_PLACEMENT_3D('',#5773,#4600,#4601);
#4017=AXIS2_PLACEMENT_3D('',#5777,#4603,#4604);
#4018=AXIS2_PLACEMENT_3D('',#5781,#4606,#4607);
#4019=AXIS2_PLACEMENT_3D('',#5785,#4609,#4610);
#4020=AXIS2_PLACEMENT_3D('',#5789,#4612,#4613);
#4021=AXIS2_PLACEMENT_3D('',#5793,#4615,#4616);
#4022=AXIS2_PLACEMENT_3D('',#5795,#4617,#4618);
#4023=AXIS2_PLACEMENT_3D('',#5799,#4620,#4621);
#4024=AXIS2_PLACEMENT_3D('',#5803,#4623,#4624);
#4025=AXIS2_PLACEMENT_3D('',#5807,#4626,#4627);
#4026=AXIS2_PLACEMENT_3D('',#5811,#4629,#4630);
#4027=AXIS2_PLACEMENT_3D('',#5815,#4632,#4633);
#4028=AXIS2_PLACEMENT_3D('',#5819,#4635,#4636);
#4029=AXIS2_PLACEMENT_3D('',#5828,#4641,#4642);
#4030=AXIS2_PLACEMENT_3D('',#5830,#4643,#4644);
#4031=AXIS2_PLACEMENT_3D('',#5832,#4645,#4646);
#4032=AXIS2_PLACEMENT_3D('',#5834,#4647,#4648);
#4033=AXIS2_PLACEMENT_3D('',#5836,#4649,#4650);
#4034=AXIS2_PLACEMENT_3D('',#5838,#4651,#4652);
#4035=AXIS2_PLACEMENT_3D('',#5840,#4653,#4654);
#4036=AXIS2_PLACEMENT_3D('',#5842,#4655,#4656);
#4037=AXIS2_PLACEMENT_3D('',#5844,#4657,#4658);
#4038=AXIS2_PLACEMENT_3D('',#5846,#4659,#4660);
#4039=AXIS2_PLACEMENT_3D('',#5848,#4661,#4662);
#4040=AXIS2_PLACEMENT_3D('',#5850,#4663,#4664);
#4041=AXIS2_PLACEMENT_3D('',#5851,#4665,#4666);
#4042=AXIS2_PLACEMENT_3D('',#5855,#4668,#4669);
#4043=AXIS2_PLACEMENT_3D('',#5857,#4671,#4672);
#4044=AXIS2_PLACEMENT_3D('',#5869,#4679,#4680);
#4045=AXIS2_PLACEMENT_3D('',#5873,#4682,#4683);
#4046=AXIS2_PLACEMENT_3D('',#5875,#4685,#4686);
#4047=AXIS2_PLACEMENT_3D('',#5896,#4698,#4699);
#4048=AXIS2_PLACEMENT_3D('',#5898,#4700,#4701);
#4049=AXIS2_PLACEMENT_3D('',#5900,#4703,#4704);
#4050=AXIS2_PLACEMENT_3D('',#5903,#4705,#4706);
#4051=AXIS2_PLACEMENT_3D('',#5906,#4709,#4710);
#4052=AXIS2_PLACEMENT_3D('',#5910,#4713,#4714);
#4053=AXIS2_PLACEMENT_3D('',#5913,#4716,#4717);
#4054=AXIS2_PLACEMENT_3D('',#5914,#4718,#4719);
#4055=AXIS2_PLACEMENT_3D('',#5916,#4721,#4722);
#4056=AXIS2_PLACEMENT_3D('',#5920,#4724,#4725);
#4057=AXIS2_PLACEMENT_3D('',#5922,#4727,#4728);
#4058=AXIS2_PLACEMENT_3D('',#5926,#4731,#4732);
#4059=AXIS2_PLACEMENT_3D('',#5929,#4734,#4735);
#4060=AXIS2_PLACEMENT_3D('',#5930,#4736,#4737);
#4061=AXIS2_PLACEMENT_3D('',#5939,#4742,#4743);
#4062=AXIS2_PLACEMENT_3D('',#5945,#4747,#4748);
#4063=AXIS2_PLACEMENT_3D('',#5951,#4752,#4753);
#4064=AXIS2_PLACEMENT_3D('',#5954,#4756,#4757);
#4065=AXIS2_PLACEMENT_3D('',#5955,#4758,#4759);
#4066=AXIS2_PLACEMENT_3D('',#6017,#4761,#4762);
#4067=AXIS2_PLACEMENT_3D('',#6115,#4763,#4764);
#4068=AXIS2_PLACEMENT_3D('',#6117,#4766,#4767);
#4069=AXIS2_PLACEMENT_3D('',#6119,#4768,#4769);
#4070=AXIS2_PLACEMENT_3D('',#6121,#4771,#4772);
#4071=AXIS2_PLACEMENT_3D('',#6185,#4775,#4776);
#4072=AXIS2_PLACEMENT_3D('',#6222,#4777,#4778);
#4073=AXIS2_PLACEMENT_3D('',#6223,#4779,#4780);
#4074=AXIS2_PLACEMENT_3D('',#6224,#4781,#4782);
#4075=AXIS2_PLACEMENT_3D('',#6315,#4784,#4785);
#4076=AXIS2_PLACEMENT_3D('',#6317,#4786,#4787);
#4077=AXIS2_PLACEMENT_3D('',#6322,#4788,#4789);
#4078=AXIS2_PLACEMENT_3D('',#6363,#4791,#4792);
#4079=AXIS2_PLACEMENT_3D('',#6365,#4793,#4794);
#4080=AXIS2_PLACEMENT_3D('',#6370,#4795,#4796);
#4081=AXIS2_PLACEMENT_3D('',#6372,#4797,#4798);
#4082=AXIS2_PLACEMENT_3D('',#6395,#4800,#4801);
#4083=AXIS2_PLACEMENT_3D('',#6396,#4802,#4803);
#4084=AXIS2_PLACEMENT_3D('',#6397,#4804,#4805);
#4085=AXIS2_PLACEMENT_3D('',#6399,#4807,#4808);
#4086=AXIS2_PLACEMENT_3D('',#6400,#4809,#4810);
#4087=AXIS2_PLACEMENT_3D('',#6401,#4811,#4812);
#4088=AXIS2_PLACEMENT_3D('',#6402,#4813,#4814);
#4089=AXIS2_PLACEMENT_3D('',#6404,#4815,#4816);
#4090=AXIS2_PLACEMENT_3D('',#6427,#4818,#4819);
#4091=AXIS2_PLACEMENT_3D('',#6428,#4820,#4821);
#4092=AXIS2_PLACEMENT_3D('',#6429,#4822,#4823);
#4093=AXIS2_PLACEMENT_3D('',#6431,#4824,#4825);
#4094=AXIS2_PLACEMENT_3D('',#6459,#4827,#4828);
#4095=AXIS2_PLACEMENT_3D('',#6479,#4829,#4830);
#4096=AXIS2_PLACEMENT_3D('',#6481,#4831,#4832);
#4097=AXIS2_PLACEMENT_3D('',#6519,#4834,#4835);
#4098=AXIS2_PLACEMENT_3D('',#6583,#4836,#4837);
#4099=AXIS2_PLACEMENT_3D('',#6585,#4838,#4839);
#4100=AXIS2_PLACEMENT_3D('',#6623,#4841,#4842);
#4101=AXIS2_PLACEMENT_3D('',#6682,#4843,#4844);
#4102=AXIS2_PLACEMENT_3D('',#6736,#4847,#4848);
#4103=AXIS2_PLACEMENT_3D('',#6741,#4851,#4852);
#4104=AXIS2_PLACEMENT_3D('',#6742,#4853,#4854);
#4105=AXIS2_PLACEMENT_3D('',#6748,#4857,#4858);
#4106=AXIS2_PLACEMENT_3D('',#6749,#4859,#4860);
#4107=AXIS2_PLACEMENT_3D('',#6750,#4861,#4862);
#4108=AXIS2_PLACEMENT_3D('',#6811,#4864,#4865);
#4109=AXIS2_PLACEMENT_3D('',#6901,#4867,#4868);
#4110=AXIS2_PLACEMENT_3D('',#6907,#4870,#4871);
#4111=AXIS2_PLACEMENT_3D('',#6910,#4874,#4875);
#4112=AXIS2_PLACEMENT_3D('',#6912,#4877,#4878);
#4113=AXIS2_PLACEMENT_3D('',#6914,#4880,#4881);
#4114=AXIS2_PLACEMENT_3D('',#6916,#4883,#4884);
#4115=AXIS2_PLACEMENT_3D('',#6918,#4886,#4887);
#4116=AXIS2_PLACEMENT_3D('',#6920,#4889,#4890);
#4117=AXIS2_PLACEMENT_3D('',#6922,#4892,#4893);
#4118=AXIS2_PLACEMENT_3D('',#6924,#4895,#4896);
#4119=AXIS2_PLACEMENT_3D('',#6928,#4899,#4900);
#4120=AXIS2_PLACEMENT_3D('',#6933,#4904,#4905);
#4121=AXIS2_PLACEMENT_3D('',#6935,#4907,#4908);
#4122=AXIS2_PLACEMENT_3D('',#6937,#4910,#4911);
#4123=AXIS2_PLACEMENT_3D('',#6939,#4913,#4914);
#4124=AXIS2_PLACEMENT_3D('',#6942,#4917,#4918);
#4125=AXIS2_PLACEMENT_3D('',#6947,#4922,#4923);
#4126=AXIS2_PLACEMENT_3D('',#6949,#4925,#4926);
#4127=AXIS2_PLACEMENT_3D('',#6950,#4927,#4928);
#4128=AXIS2_PLACEMENT_3D('',#6952,#4930,#4931);
#4129=AXIS2_PLACEMENT_3D('',#6954,#4933,#4934);
#4130=AXIS2_PLACEMENT_3D('',#6956,#4936,#4937);
#4131=AXIS2_PLACEMENT_3D('',#6958,#4939,#4940);
#4132=AXIS2_PLACEMENT_3D('',#6960,#4942,#4943);
#4133=AXIS2_PLACEMENT_3D('',#6962,#4945,#4946);
#4134=AXIS2_PLACEMENT_3D('',#6964,#4948,#4949);
#4135=AXIS2_PLACEMENT_3D('',#6965,#4950,#4951);
#4136=AXIS2_PLACEMENT_3D('',#6966,#4952,#4953);
#4137=AXIS2_PLACEMENT_3D('',#6967,#4954,#4955);
#4138=AXIS2_PLACEMENT_3D('',#6968,#4956,#4957);
#4139=AXIS2_PLACEMENT_3D('',#6969,#4958,#4959);
#4140=AXIS2_PLACEMENT_3D('',#6970,#4960,#4961);
#4141=AXIS2_PLACEMENT_3D('',#6972,#4963,#4964);
#4142=AXIS2_PLACEMENT_3D('',#6974,#4965,#4966);
#4143=AXIS2_PLACEMENT_3D('',#6978,#4968,#4969);
#4144=AXIS2_PLACEMENT_3D('',#6980,#4970,#4971);
#4145=AXIS2_PLACEMENT_3D('',#6982,#4972,#4973);
#4146=AXIS2_PLACEMENT_3D('',#6988,#4976,#4977);
#4147=AXIS2_PLACEMENT_3D('',#6992,#4979,#4980);
#4148=AXIS2_PLACEMENT_3D('',#6996,#4982,#4983);
#4149=AXIS2_PLACEMENT_3D('',#7002,#4986,#4987);
#4150=AXIS2_PLACEMENT_3D('',#7008,#4990,#4991);
#4151=AXIS2_PLACEMENT_3D('',#7014,#4994,#4995);
#4152=AXIS2_PLACEMENT_3D('',#7018,#4997,#4998);
#4153=AXIS2_PLACEMENT_3D('',#7024,#5001,#5002);
#4154=AXIS2_PLACEMENT_3D('',#7028,#5004,#5005);
#4155=AXIS2_PLACEMENT_3D('',#7034,#5008,#5009);
#4156=AXIS2_PLACEMENT_3D('',#7038,#5011,#5012);
#4157=AXIS2_PLACEMENT_3D('',#7044,#5015,#5016);
#4158=AXIS2_PLACEMENT_3D('',#7047,#5018,#5019);
#4159=AXIS2_PLACEMENT_3D('',#7053,#5022,#5023);
#4160=AXIS2_PLACEMENT_3D('',#7057,#5025,#5026);
#4161=AXIS2_PLACEMENT_3D('',#7061,#5028,#5029);
#4162=AXIS2_PLACEMENT_3D('',#7067,#5032,#5033);
#4163=AXIS2_PLACEMENT_3D('',#7069,#5034,#5035);
#4164=AXIS2_PLACEMENT_3D('',#7071,#5036,#5037);
#4165=AXIS2_PLACEMENT_3D('',#7074,#5039,#5040);
#4166=AXIS2_PLACEMENT_3D('',#7075,#5041,#5042);
#4167=AXIS2_PLACEMENT_3D('',#7076,#5043,#5044);
#4168=AXIS2_PLACEMENT_3D('',#7077,#5045,#5046);
#4169=AXIS2_PLACEMENT_3D('',#7080,#5047,#5048);
#4170=AXIS2_PLACEMENT_3D('',#7084,#5050,#5051);
#4171=AXIS2_PLACEMENT_3D('',#7088,#5053,#5054);
#4172=AXIS2_PLACEMENT_3D('',#7092,#5056,#5057);
#4173=AXIS2_PLACEMENT_3D('',#7096,#5059,#5060);
#4174=AXIS2_PLACEMENT_3D('',#7098,#5061,#5062);
#4175=AXIS2_PLACEMENT_3D('',#7100,#5063,#5064);
#4176=AXIS2_PLACEMENT_3D('',#7106,#5067,#5068);
#4177=AXIS2_PLACEMENT_3D('',#7108,#5070,#5071);
#4178=AXIS2_PLACEMENT_3D('',#7110,#5072,#5073);
#4179=AXIS2_PLACEMENT_3D('',#7114,#5075,#5076);
#4180=AXIS2_PLACEMENT_3D('',#7119,#5079,#5080);
#4181=AXIS2_PLACEMENT_3D('',#7120,#5081,#5082);
#4182=AXIS2_PLACEMENT_3D('',#7123,#5083,#5084);
#4183=AXIS2_PLACEMENT_3D('',#7127,#5086,#5087);
#4184=AXIS2_PLACEMENT_3D('',#7131,#5089,#5090);
#4185=AXIS2_PLACEMENT_3D('',#7135,#5093,#5094);
#4186=AXIS2_PLACEMENT_3D('',#7140,#5096,#5097);
#4187=AXIS2_PLACEMENT_3D('',#7144,#5099,#5100);
#4188=AXIS2_PLACEMENT_3D('',#7148,#5102,#5103);
#4189=AXIS2_PLACEMENT_3D('',#7152,#5105,#5106);
#4190=AXIS2_PLACEMENT_3D('',#7156,#5108,#5109);
#4191=AXIS2_PLACEMENT_3D('',#7162,#5112,#5113);
#4192=AXIS2_PLACEMENT_3D('',#7164,#5114,#5115);
#4193=AXIS2_PLACEMENT_3D('',#7165,#5116,#5117);
#4194=AXIS2_PLACEMENT_3D('',#7166,#5118,#5119);
#4195=AXIS2_PLACEMENT_3D('',#7168,#5120,#5121);
#4196=AXIS2_PLACEMENT_3D('',#7172,#5123,#5124);
#4197=AXIS2_PLACEMENT_3D('',#7178,#5127,#5128);
#4198=AXIS2_PLACEMENT_3D('',#7182,#5131,#5132);
#4199=AXIS2_PLACEMENT_3D('',#7185,#5133,#5134);
#4200=AXIS2_PLACEMENT_3D('',#7191,#5137,#5138);
#4201=AXIS2_PLACEMENT_3D('',#7195,#5141,#5142);
#4202=AXIS2_PLACEMENT_3D('',#7202,#5145,#5146);
#4203=AXIS2_PLACEMENT_3D('',#7207,#5149,#5150);
#4204=AXIS2_PLACEMENT_3D('',#7208,#5151,#5152);
#4205=AXIS2_PLACEMENT_3D('',#7211,#5155,#5156);
#4206=AXIS2_PLACEMENT_3D('',#7213,#5158,#5159);
#4207=AXIS2_PLACEMENT_3D('',#7215,#5161,#5162);
#4208=AXIS2_PLACEMENT_3D('',#7222,#5167,#5168);
#4209=AXIS2_PLACEMENT_3D('',#7224,#5169,#5170);
#4210=AXIS2_PLACEMENT_3D('',#7226,#5172,#5173);
#4211=AXIS2_PLACEMENT_3D('',#7230,#5176,#5177);
#4212=AXIS2_PLACEMENT_3D('',#7234,#5180,#5181);
#4213=AXIS2_PLACEMENT_3D('',#7236,#5182,#5183);
#4214=AXIS2_PLACEMENT_3D('',#7238,#5185,#5186);
#4215=AXIS2_PLACEMENT_3D('',#7240,#5188,#5189);
#4216=AXIS2_PLACEMENT_3D('',#7242,#5191,#5192);
#4217=AXIS2_PLACEMENT_3D('',#7244,#5194,#5195);
#4218=AXIS2_PLACEMENT_3D('',#7246,#5197,#5198);
#4219=AXIS2_PLACEMENT_3D('',#7248,#5200,#5201);
#4220=AXIS2_PLACEMENT_3D('',#7252,#5205,#5206);
#4221=AXIS2_PLACEMENT_3D('',#7254,#5208,#5209);
#4222=AXIS2_PLACEMENT_3D('',#7256,#5211,#5212);
#4223=AXIS2_PLACEMENT_3D('',#7258,#5214,#5215);
#4224=AXIS2_PLACEMENT_3D('',#7260,#5217,#5218);
#4225=AXIS2_PLACEMENT_3D('',#7262,#5220,#5221);
#4226=AXIS2_PLACEMENT_3D('',#7264,#5223,#5224);
#4227=AXIS2_PLACEMENT_3D('',#7266,#5226,#5227);
#4228=AXIS2_PLACEMENT_3D('',#7268,#5229,#5230);
#4229=AXIS2_PLACEMENT_3D('',#7271,#5233,#5234);
#4230=AXIS2_PLACEMENT_3D('',#7272,#5235,#5236);
#4231=AXIS2_PLACEMENT_3D('',#7274,#5238,#5239);
#4232=AXIS2_PLACEMENT_3D('',#7277,#5242,#5243);
#4233=AXIS2_PLACEMENT_3D('',#7279,#5245,#5246);
#4234=AXIS2_PLACEMENT_3D('',#7281,#5248,#5249);
#4235=AXIS2_PLACEMENT_3D('',#7283,#5251,#5252);
#4236=AXIS2_PLACEMENT_3D('',#7285,#5254,#5255);
#4237=AXIS2_PLACEMENT_3D('',#7287,#5257,#5258);
#4238=AXIS2_PLACEMENT_3D('',#7289,#5260,#5261);
#4239=AXIS2_PLACEMENT_3D('',#7291,#5263,#5264);
#4240=AXIS2_PLACEMENT_3D('',#7293,#5266,#5267);
#4241=AXIS2_PLACEMENT_3D('',#7297,#5271,#5272);
#4242=AXIS2_PLACEMENT_3D('',#7299,#5274,#5275);
#4243=AXIS2_PLACEMENT_3D('',#7301,#5277,#5278);
#4244=AXIS2_PLACEMENT_3D('',#7303,#5280,#5281);
#4245=AXIS2_PLACEMENT_3D('',#7305,#5283,#5284);
#4246=AXIS2_PLACEMENT_3D('',#7308,#5287,#5288);
#4247=AXIS2_PLACEMENT_3D('',#7310,#5290,#5291);
#4248=AXIS2_PLACEMENT_3D('',#7312,#5293,#5294);
#4249=AXIS2_PLACEMENT_3D('',#7314,#5296,#5297);
#4250=AXIS2_PLACEMENT_3D('',#7316,#5299,#5300);
#4251=AXIS2_PLACEMENT_3D('',#7318,#5302,#5303);
#4252=AXIS2_PLACEMENT_3D('',#7322,#5307,#5308);
#4253=AXIS2_PLACEMENT_3D('',#7324,#5310,#5311);
#4254=AXIS2_PLACEMENT_3D('',#7326,#5313,#5314);
#4255=AXIS2_PLACEMENT_3D('',#7328,#5316,#5317);
#4256=AXIS2_PLACEMENT_3D('',#7330,#5319,#5320);
#4257=AXIS2_PLACEMENT_3D('',#7338,#5325,#5326);
#4258=AXIS2_PLACEMENT_3D('',#7339,#5327,#5328);
#4259=AXIS2_PLACEMENT_3D('',#7340,#5329,#5330);
#4260=AXIS2_PLACEMENT_3D('',#7342,#5331,#5332);
#4261=AXIS2_PLACEMENT_3D('',#7344,#5334,#5335);
#4262=AXIS2_PLACEMENT_3D('',#7347,#5338,#5339);
#4263=AXIS2_PLACEMENT_3D('',#7348,#5340,#5341);
#4264=AXIS2_PLACEMENT_3D('',#7349,#5342,#5343);
#4265=AXIS2_PLACEMENT_3D('',#7350,#5344,#5345);
#4266=AXIS2_PLACEMENT_3D('',#7352,#5347,#5348);
#4267=AXIS2_PLACEMENT_3D('',#7354,#5350,#5351);
#4268=AXIS2_PLACEMENT_3D('',#7356,#5353,#5354);
#4269=AXIS2_PLACEMENT_3D('',#7358,#5356,#5357);
#4270=AXIS2_PLACEMENT_3D('',#7359,#5358,#5359);
#4271=AXIS2_PLACEMENT_3D('',#7361,#5361,#5362);
#4272=AXIS2_PLACEMENT_3D('',#7363,#5364,#5365);
#4273=AXIS2_PLACEMENT_3D('',#7365,#5367,#5368);
#4274=AXIS2_PLACEMENT_3D('',#7367,#5370,#5371);
#4275=AXIS2_PLACEMENT_3D('',#7368,#5372,#5373);
#4276=AXIS2_PLACEMENT_3D('',#7369,#5374,#5375);
#4277=AXIS2_PLACEMENT_3D('',#7371,#5377,#5378);
#4278=AXIS2_PLACEMENT_3D('',#7372,#5379,#5380);
#4279=AXIS2_PLACEMENT_3D('',#7373,#5381,#5382);
#4280=AXIS2_PLACEMENT_3D('',#7375,#5383,#5384);
#4281=AXIS2_PLACEMENT_3D('',#7377,#5386,#5387);
#4282=AXIS2_PLACEMENT_3D('',#7378,#5388,#5389);
#4283=AXIS2_PLACEMENT_3D('',#7380,#5390,#5391);
#4284=AXIS2_PLACEMENT_3D('',#7382,#5393,#5394);
#4285=AXIS2_PLACEMENT_3D('',#7383,#5395,#5396);
#4286=AXIS2_PLACEMENT_3D('',#7385,#5397,#5398);
#4287=AXIS2_PLACEMENT_3D('',#7387,#5400,#5401);
#4288=AXIS2_PLACEMENT_3D('',#7388,#5402,#5403);
#4289=AXIS2_PLACEMENT_3D('',#7390,#5404,#5405);
#4290=AXIS2_PLACEMENT_3D('',#7392,#5407,#5408);
#4291=AXIS2_PLACEMENT_3D('',#7393,#5409,#5410);
#4292=AXIS2_PLACEMENT_3D('',#7395,#5411,#5412);
#4293=AXIS2_PLACEMENT_3D('',#7397,#5414,#5415);
#4294=AXIS2_PLACEMENT_3D('',#7398,#5416,#5417);
#4295=AXIS2_PLACEMENT_3D('',#7400,#5418,#5419);
#4296=AXIS2_PLACEMENT_3D('',#7402,#5421,#5422);
#4297=AXIS2_PLACEMENT_3D('',#7403,#5423,#5424);
#4298=AXIS2_PLACEMENT_3D('',#7405,#5425,#5426);
#4299=AXIS2_PLACEMENT_3D('',#7407,#5428,#5429);
#4300=AXIS2_PLACEMENT_3D('',#7408,#5430,#5431);
#4301=AXIS2_PLACEMENT_3D('',#7410,#5432,#5433);
#4302=AXIS2_PLACEMENT_3D('',#7412,#5435,#5436);
#4303=AXIS2_PLACEMENT_3D('',#7413,#5437,#5438);
#4304=AXIS2_PLACEMENT_3D('',#7415,#5439,#5440);
#4305=AXIS2_PLACEMENT_3D('',#7417,#5442,#5443);
#4306=AXIS2_PLACEMENT_3D('',#7418,#5444,#5445);
#4307=AXIS2_PLACEMENT_3D('',#7420,#5446,#5447);
#4308=AXIS2_PLACEMENT_3D('',#7422,#5449,#5450);
#4309=AXIS2_PLACEMENT_3D('',#7423,#5451,#5452);
#4310=AXIS2_PLACEMENT_3D('',#7425,#5453,#5454);
#4311=AXIS2_PLACEMENT_3D('',#7427,#5456,#5457);
#4312=DIRECTION('axis',(0.,0.,1.));
#4313=DIRECTION('refdir',(1.,0.,0.));
#4314=DIRECTION('center_axis',(2.43139446032696E-5,0.743144825059995,-0.669130606380684));
#4315=DIRECTION('ref_axis',(-0.999999999339825,0.,-3.63366200191199E-5));
#4316=DIRECTION('',(-2.43139445654085E-5,-0.669130605941326,-0.743144825455595));
#4317=DIRECTION('',(-0.999999999408832,3.43379866142229E-5,1.79957762350222E-6));
#4318=DIRECTION('',(2.43139446282122E-5,0.669130605941326,0.743144825455595));
#4319=DIRECTION('',(0.999999999408832,-3.43379866142229E-5,-1.79957762350222E-6));
#4320=DIRECTION('center_axis',(0.,0.0523359562429548,-0.998629534754573));
#4321=DIRECTION('ref_axis',(3.43851089933986E-5,0.998629534164216,0.052335956212002));
#4322=DIRECTION('',(2.43139437332078E-5,0.743144825058632,-0.669130606382197));
#4323=DIRECTION('center_axis',(0.,0.0523359562429438,-0.998629534754574));
#4324=DIRECTION('ref_axis',(3.43851089933986E-5,0.998629534164216,0.0523359562120045));
#4325=DIRECTION('center_axis',(0.,-0.0523359562429438,0.998629534754574));
#4326=DIRECTION('ref_axis',(3.43851089933986E-5,0.998629534164217,0.0523359562119995));
#4327=DIRECTION('center_axis',(-2.43139446032671E-5,-0.669130605941388,
-0.743144825455539));
#4328=DIRECTION('ref_axis',(-0.999999999464778,0.,3.27176396274435E-5));
#4329=DIRECTION('',(2.43139445328957E-5,0.743144825090506,-0.669130606346798));
#4330=DIRECTION('',(0.999999999408832,-3.43379866142229E-5,-1.79957762350222E-6));
#4331=DIRECTION('',(-0.999999999408832,3.43379866142229E-5,1.79957762350222E-6));
#4332=DIRECTION('center_axis',(0.,0.0523359562429571,-0.998629534754573));
#4333=DIRECTION('ref_axis',(-3.43851089949837E-5,-0.998629534164216,-0.0523359562120021));
#4334=DIRECTION('center_axis',(0.,0.0523359562429438,-0.998629534754574));
#4335=DIRECTION('ref_axis',(-3.43851089949837E-5,-0.998629534164216,-0.0523359562120045));
#4336=DIRECTION('center_axis',(0.,-0.0523359562429438,0.998629534754574));
#4337=DIRECTION('ref_axis',(-3.43851089949837E-5,-0.998629534164217,-0.0523359562119995));
#4338=DIRECTION('center_axis',(0.,-0.0523359562429389,0.998629534754574));
#4339=DIRECTION('ref_axis',(3.43851089933986E-5,0.998629534164216,0.0523359562119995));
#4340=DIRECTION('',(0.,-0.0523359562429389,0.998629534754574));
#4341=DIRECTION('center_axis',(0.,-0.0523359562429422,0.998629534754574));
#4342=DIRECTION('ref_axis',(3.43851089933987E-5,0.998629534164216,0.0523359562120028));
#4343=DIRECTION('',(0.,-0.0523359562429389,0.998629534754574));
#4344=DIRECTION('center_axis',(-3.43851102127296E-5,-0.998629534164217,
-0.0523359562119995));
#4345=DIRECTION('ref_axis',(0.999999999408832,-3.43379866142229E-5,-1.79957762350216E-6));
#4346=DIRECTION('',(0.,-0.0523359562429389,0.998629534754574));
#4347=DIRECTION('',(0.999999999408832,-3.43379866142229E-5,-1.79957762350216E-6));
#4348=DIRECTION('center_axis',(0.,-0.0523359562429438,0.998629534754574));
#4349=DIRECTION('ref_axis',(1.,0.,0.));
#4350=DIRECTION('',(0.986993568450015,0.160539430058067,0.00841351501670839));
#4351=DIRECTION('',(1.,0.,0.));
#4352=DIRECTION('',(0.999999999408832,-3.4337986613028E-5,-1.7995776234396E-6));
#4353=DIRECTION('',(0.987163162834433,-0.159496143397404,-0.00835883867966743));
#4354=DIRECTION('center_axis',(0.,-0.0523359562429438,0.998629534754574));
#4355=DIRECTION('ref_axis',(0.,-0.998629534754574,-0.0523359562429438));
#4356=DIRECTION('',(-0.109724429362812,-0.992599855918607,-0.0520199541653609));
#4357=DIRECTION('',(0.999759157939714,0.0219159055606937,0.00114856394141281));
#4358=DIRECTION('center_axis',(0.,-0.0523359562429438,0.998629534754574));
#4359=DIRECTION('ref_axis',(0.,-0.998629534754574,-0.0523359562429438));
#4360=DIRECTION('',(-0.0893408742647692,-0.994636123622653,-0.0521266704337557));
#4361=DIRECTION('center_axis',(0.,-0.0523359562429438,0.998629534754574));
#4362=DIRECTION('ref_axis',(0.,0.998629534754574,0.0523359562429438));
#4363=DIRECTION('',(-0.99156033303758,0.129468404118094,0.00678515154714864));
#4364=DIRECTION('center_axis',(0.,-0.0523359562429438,0.998629534754574));
#4365=DIRECTION('ref_axis',(0.,0.998629534754574,0.0523359562429438));
#4366=DIRECTION('',(-0.999530335968631,0.0306028628386687,0.00160382808107813));
#4367=DIRECTION('center_axis',(0.,-0.0523359562429438,0.998629534754574));
#4368=DIRECTION('ref_axis',(0.,0.998629534754574,0.0523359562429438));
#4369=DIRECTION('',(-0.983067887156212,0.182990597116325,0.00959013082454429));
#4370=DIRECTION('',(-1.,0.,0.));
#4371=DIRECTION('',(-0.983067887156212,-0.182990597116325,-0.00959013082454429));
#4372=DIRECTION('center_axis',(0.,-0.0523359562429438,0.998629534754574));
#4373=DIRECTION('ref_axis',(0.,0.998629534754574,0.0523359562429438));
#4374=DIRECTION('',(-0.999530339706335,-0.0306027410944038,-0.00160382170073157));
#4375=DIRECTION('center_axis',(0.,-0.0523359562429438,0.998629534754574));
#4376=DIRECTION('ref_axis',(0.,0.998629534754574,0.0523359562429438));
#4377=DIRECTION('',(-0.991560212722336,-0.129469323049832,-0.00678519970632037));
#4378=DIRECTION('center_axis',(0.,-0.0523359562429438,0.998629534754574));
#4379=DIRECTION('ref_axis',(0.,0.998629534754574,0.0523359562429438));
#4380=DIRECTION('',(-0.089340874264704,0.994636123622659,0.052126670433756));
#4381=DIRECTION('center_axis',(0.,-0.0523359562429438,0.998629534754574));
#4382=DIRECTION('ref_axis',(0.,-0.998629534754574,-0.0523359562429438));
#4383=DIRECTION('',(0.999724631208332,-0.0234340236410184,-0.00122812513869206));
#4384=DIRECTION('',(-0.109824794133587,0.992588786616687,0.052019374047829));
#4385=DIRECTION('center_axis',(0.,-0.0523359562429438,0.998629534754574));
#4386=DIRECTION('ref_axis',(0.,-0.998629534754574,-0.0523359562429438));
#4387=DIRECTION('',(1.,-4.92756223357883E-16,-2.58242593940849E-17));
#4388=DIRECTION('center_axis',(0.,0.0523359562429438,-0.998629534754574));
#4389=DIRECTION('ref_axis',(0.,-0.998629534754574,-0.0523359562429438));
#4390=DIRECTION('',(-1.,4.92756223357883E-16,2.58242593940849E-17));
#4391=DIRECTION('center_axis',(0.,0.0523359562429438,-0.998629534754574));
#4392=DIRECTION('ref_axis',(7.40148683083438E-16,0.998629534754574,0.0523359562429438));
#4393=DIRECTION('',(0.0893408742647144,-0.994636123622658,-0.0521266704337559));
#4394=DIRECTION('center_axis',(0.,0.0523359562429438,-0.998629534754574));
#4395=DIRECTION('ref_axis',(-0.996001108526299,-0.0892184357015379,-0.0046757400862244));
#4396=DIRECTION('',(-0.0893408742647144,0.994636123622658,0.0521266704337559));
#4397=DIRECTION('center_axis',(0.,0.0523359562429438,-0.998629534754574));
#4398=DIRECTION('ref_axis',(0.996001108526299,0.0892184357015379,0.0046757400862244));
#4399=DIRECTION('center_axis',(0.,0.0523359562429438,-0.998629534754574));
#4400=DIRECTION('ref_axis',(0.996001108526294,-0.0892184357015956,-0.00467574008622743));
#4401=DIRECTION('',(-0.0893408742647717,-0.994636123622653,-0.0521266704337557));
#4402=DIRECTION('center_axis',(0.,0.0523359562429438,-0.998629534754574));
#4403=DIRECTION('ref_axis',(-0.996001108526294,0.0892184357015956,0.00467574008622743));
#4404=DIRECTION('',(0.0893408742647717,0.994636123622653,0.0521266704337557));
#4405=DIRECTION('center_axis',(3.43851102127296E-5,0.998629534164217,0.0523359562119995));
#4406=DIRECTION('ref_axis',(-0.999999999408832,3.43379866142229E-5,1.79957762350216E-6));
#4407=DIRECTION('',(-0.999999999408832,3.43379866142229E-5,1.79957762350216E-6));
#4408=DIRECTION('',(0.,-0.0523359562429389,0.998629534754574));
#4409=DIRECTION('center_axis',(0.,-0.0523359562429389,0.998629534754574));
#4410=DIRECTION('ref_axis',(-3.43851089949837E-5,-0.998629534164217,-0.0523359562119995));
#4411=DIRECTION('center_axis',(0.,-0.0523359562429422,0.998629534754574));
#4412=DIRECTION('ref_axis',(-3.43851089949837E-5,-0.998629534164216,-0.0523359562120028));
#4413=DIRECTION('center_axis',(0.,0.0523359562429422,-0.998629534754574));
#4414=DIRECTION('ref_axis',(-1.,0.,0.));
#4415=DIRECTION('center_axis',(-3.4890943526305E-16,-0.669130606358835,
-0.743144825477415));
#4416=DIRECTION('ref_axis',(-1.,0.,4.69503955758424E-16));
#4417=DIRECTION('',(0.,0.743144825477415,-0.669130606358835));
#4418=DIRECTION('',(0.,-0.743144825477415,0.669130606358835));
#4419=DIRECTION('',(-1.,4.92756223357883E-16,2.58242593940849E-17));
#4420=DIRECTION('center_axis',(0.,0.0523359562429457,-0.998629534754574));
#4421=DIRECTION('ref_axis',(0.,-0.998629534754574,-0.0523359562429438));
#4422=DIRECTION('',(0.,-0.669130606358865,-0.743144825477388));
#4423=DIRECTION('center_axis',(0.,-0.0523359562429438,0.998629534754574));
#4424=DIRECTION('ref_axis',(0.,-0.998629534754574,-0.0523359562429438));
#4425=DIRECTION('center_axis',(3.48909435263069E-16,0.74314482547741,-0.66913060635884));
#4426=DIRECTION('ref_axis',(-1.,0.,-5.21436969027175E-16));
#4427=DIRECTION('',(-1.57009245868383E-14,-0.66913060635884,-0.74314482547741));
#4428=DIRECTION('',(1.,-4.92756223357883E-16,-2.58242593940849E-17));
#4429=DIRECTION('center_axis',(0.,0.0523359562429446,-0.998629534754574));
#4430=DIRECTION('ref_axis',(7.40148683083438E-16,0.998629534754574,0.0523359562429438));
#4431=DIRECTION('center_axis',(0.,-0.0523359562429438,0.998629534754574));
#4432=DIRECTION('ref_axis',(7.40148683083438E-16,0.998629534754574,0.0523359562429438));
#4433=DIRECTION('center_axis',(0.,-0.0523359562429438,0.998629534754574));
#4434=DIRECTION('ref_axis',(0.,-0.998629534754574,-0.0523359562429438));
#4435=DIRECTION('',(0.,-0.0523359562429438,0.998629534754574));
#4436=DIRECTION('center_axis',(0.,-0.0523359562429422,0.998629534754574));
#4437=DIRECTION('ref_axis',(0.,-0.998629534754574,-0.0523359562429421));
#4438=DIRECTION('',(0.,-0.0523359562429438,0.998629534754574));
#4439=DIRECTION('center_axis',(4.93432455388958E-16,0.998629534754574,0.0523359562429438));
#4440=DIRECTION('ref_axis',(-1.,4.92756223357883E-16,2.5824259394084E-17));
#4441=DIRECTION('',(0.,-0.0523359562429438,0.998629534754574));
#4442=DIRECTION('',(-1.,4.92756223357883E-16,2.5824259394084E-17));
#4443=DIRECTION('center_axis',(-4.93432455388958E-16,-0.998629534754574,
-0.0523359562429438));
#4444=DIRECTION('ref_axis',(1.,-4.92756223357883E-16,-2.5824259394084E-17));
#4445=DIRECTION('',(1.,-4.92756223357883E-16,-2.5824259394084E-17));
#4446=DIRECTION('',(0.,-0.0523359562429438,0.998629534754574));
#4447=DIRECTION('center_axis',(0.,-0.0523359562429438,0.998629534754574));
#4448=DIRECTION('ref_axis',(7.40148683083438E-16,0.998629534754574,0.0523359562429438));
#4449=DIRECTION('center_axis',(0.,-0.0523359562429422,0.998629534754574));
#4450=DIRECTION('ref_axis',(7.40148683083438E-16,0.998629534754574,0.0523359562429421));
#4451=DIRECTION('center_axis',(0.,0.0523359562429422,-0.998629534754574));
#4452=DIRECTION('ref_axis',(-1.,0.,0.));
#4453=DIRECTION('center_axis',(0.,0.052335956242945,-0.998629534754574));
#4454=DIRECTION('ref_axis',(0.996001108526294,-0.0892184357015956,-0.00467574008622742));
#4455=DIRECTION('',(0.704279137908282,-0.0260798513321892,-0.709443963440142));
#4456=DIRECTION('',(0.70427913790828,-0.100094070450718,0.702831468396071));
#4457=DIRECTION('center_axis',(0.,-0.0523359562429438,0.998629534754574));
#4458=DIRECTION('ref_axis',(0.996001108526294,-0.0892184357015957,-0.00467574008622741));
#4459=DIRECTION('center_axis',(-0.704279137908224,0.100094070450721,-0.702831468396126));
#4460=DIRECTION('ref_axis',(-0.706378918740134,0.,0.70783389517564));
#4461=DIRECTION('',(0.704279137908298,-0.0260798513321722,-0.709443963440127));
#4462=DIRECTION('',(0.0893408742647717,0.994636123622653,0.0521266704337557));
#4463=DIRECTION('center_axis',(0.,0.0523359562429504,-0.998629534754574));
#4464=DIRECTION('ref_axis',(-0.996001108526294,0.0892184357015956,0.00467574008622742));
#4465=DIRECTION('',(-0.704279137908272,0.10009407045072,-0.702831468396078));
#4466=DIRECTION('center_axis',(0.,-0.0523359562429438,0.998629534754574));
#4467=DIRECTION('ref_axis',(-0.996001108526294,0.0892184357015957,0.00467574008622741));
#4468=DIRECTION('center_axis',(0.704279137908234,-0.0260798513321826,-0.70944396344019));
#4469=DIRECTION('ref_axis',(-0.7096853538076,0.,-0.704518770928768));
#4470=DIRECTION('',(-0.0893408742647717,-0.994636123622653,-0.0521266704337557));
#4471=DIRECTION('center_axis',(0.996001108526294,-0.0892184357015958,-0.00467574008622742));
#4472=DIRECTION('ref_axis',(0.0893408742647717,0.994636123622653,0.052126670433754));
#4473=DIRECTION('',(0.,-0.0523359562429437,0.998629534754574));
#4474=DIRECTION('',(0.0893408742647717,0.994636123622653,0.052126670433754));
#4475=DIRECTION('',(0.,-0.0523359562429437,0.998629534754574));
#4476=DIRECTION('center_axis',(0.,-0.0523359562429437,0.998629534754574));
#4477=DIRECTION('ref_axis',(0.996001108526294,-0.0892184357015957,-0.00467574008622741));
#4478=DIRECTION('',(0.,-0.0523359562429437,0.998629534754574));
#4479=DIRECTION('center_axis',(0.,-0.0523359562429422,0.998629534754574));
#4480=DIRECTION('ref_axis',(0.996001108526294,-0.0892184357015957,-0.00467574008622728));
#4481=DIRECTION('center_axis',(-0.996001108526294,0.0892184357015958,0.00467574008622742));
#4482=DIRECTION('ref_axis',(-0.0893408742647717,-0.994636123622653,-0.052126670433754));
#4483=DIRECTION('',(0.,-0.0523359562429437,0.998629534754574));
#4484=DIRECTION('',(-0.0893408742647717,-0.994636123622653,-0.052126670433754));
#4485=DIRECTION('center_axis',(0.,-0.0523359562429437,0.998629534754574));
#4486=DIRECTION('ref_axis',(-0.996001108526294,0.0892184357015957,0.00467574008622741));
#4487=DIRECTION('center_axis',(0.,-0.0523359562429422,0.998629534754574));
#4488=DIRECTION('ref_axis',(-0.996001108526294,0.0892184357015957,0.00467574008622728));
#4489=DIRECTION('center_axis',(0.,0.0523359562429422,-0.998629534754574));
#4490=DIRECTION('ref_axis',(-1.,0.,0.));
#4491=DIRECTION('center_axis',(-0.704279137908114,-0.0260798513321245,-0.709443963440312));
#4492=DIRECTION('ref_axis',(-0.70968535380772,0.,0.704518770928647));
#4493=DIRECTION('',(0.704279137908419,0.10009407045075,-0.702831468395927));
#4494=DIRECTION('',(-0.704279137908416,-0.100094070450675,0.70283146839594));
#4495=DIRECTION('',(-0.0893408742647144,0.994636123622658,0.0521266704337559));
#4496=DIRECTION('center_axis',(0.,0.0523359562429469,-0.998629534754574));
#4497=DIRECTION('ref_axis',(-0.996001108526299,-0.0892184357015379,-0.0046757400862244));
#4498=DIRECTION('',(-0.704279137908314,-0.0260798513321414,-0.709443963440112));
#4499=DIRECTION('center_axis',(0.,-0.0523359562429438,0.998629534754574));
#4500=DIRECTION('ref_axis',(-0.996001108526299,-0.0892184357015379,-0.0046757400862244));
#4501=DIRECTION('center_axis',(0.704279137908239,0.100094070450681,-0.702831468396117));
#4502=DIRECTION('ref_axis',(-0.706378918740122,0.,-0.707833895175652));
#4503=DIRECTION('',(-0.704279137908226,-0.0260798513322056,-0.709443963440197));
#4504=DIRECTION('',(0.0893408742647144,-0.994636123622658,-0.0521266704337559));
#4505=DIRECTION('center_axis',(0.,0.0523359562429434,-0.998629534754574));
#4506=DIRECTION('ref_axis',(0.996001108526299,0.0892184357015379,0.0046757400862244));
#4507=DIRECTION('center_axis',(0.,-0.0523359562429438,0.998629534754574));
#4508=DIRECTION('ref_axis',(0.996001108526299,0.0892184357015379,0.0046757400862244));
#4509=DIRECTION('center_axis',(0.,-0.0523359562429438,0.998629534754574));
#4510=DIRECTION('ref_axis',(-0.996001108526299,-0.0892184357015379,-0.0046757400862244));
#4511=DIRECTION('',(0.,-0.0523359562429438,0.998629534754574));
#4512=DIRECTION('center_axis',(0.,-0.0523359562429422,0.998629534754574));
#4513=DIRECTION('ref_axis',(-0.996001108526299,-0.089218435701538,-0.00467574008622425));
#4514=DIRECTION('',(0.,-0.0523359562429438,0.998629534754574));
#4515=DIRECTION('center_axis',(0.996001108526299,0.0892184357015386,0.00467574008622444));
#4516=DIRECTION('ref_axis',(-0.0893408742647144,0.994636123622658,0.0521266704337543));
#4517=DIRECTION('',(0.,-0.0523359562429438,0.998629534754574));
#4518=DIRECTION('',(-0.0893408742647144,0.994636123622658,0.0521266704337543));
#4519=DIRECTION('center_axis',(0.,-0.0523359562429438,0.998629534754574));
#4520=DIRECTION('ref_axis',(0.996001108526299,0.0892184357015379,0.0046757400862244));
#4521=DIRECTION('',(0.,-0.0523359562429438,0.998629534754574));
#4522=DIRECTION('center_axis',(0.,-0.0523359562429422,0.998629534754574));
#4523=DIRECTION('ref_axis',(0.996001108526299,0.089218435701538,0.00467574008622425));
#4524=DIRECTION('center_axis',(-0.996001108526299,-0.0892184357015386,-0.00467574008622444));
#4525=DIRECTION('ref_axis',(0.0893408742647144,-0.994636123622658,-0.0521266704337543));
#4526=DIRECTION('',(0.0893408742647144,-0.994636123622658,-0.0521266704337543));
#4527=DIRECTION('center_axis',(0.,0.0523359562429422,-0.998629534754574));
#4528=DIRECTION('ref_axis',(-1.,0.,0.));
#4529=DIRECTION('center_axis',(0.,0.,1.));
#4530=DIRECTION('ref_axis',(0.730144154194114,0.683293139213444,0.));
#4531=DIRECTION('center_axis',(0.,0.,-1.));
#4532=DIRECTION('ref_axis',(0.730144154194114,0.683293139213444,0.));
#4533=DIRECTION('',(0.,0.,-1.));
#4534=DIRECTION('center_axis',(0.,0.,-1.));
#4535=DIRECTION('ref_axis',(0.730144154194114,0.683293139213444,0.));
#4536=DIRECTION('',(0.,0.,1.));
#4537=DIRECTION('center_axis',(0.996153712148939,-0.0876229523120962,0.));
#4538=DIRECTION('ref_axis',(0.0876229523120962,0.996153712148939,0.));
#4539=DIRECTION('',(0.0876229523120962,0.996153712148939,0.));
#4540=DIRECTION('',(0.,0.,1.));
#4541=DIRECTION('',(0.0876229523120962,0.996153712148939,0.));
#4542=DIRECTION('center_axis',(0.,0.,1.));
#4543=DIRECTION('ref_axis',(1.,0.,0.));
#4544=DIRECTION('',(-0.999769614268531,-0.0214643515008758,0.));
#4545=DIRECTION('center_axis',(0.,0.,1.));
#4546=DIRECTION('ref_axis',(1.,0.,0.));
#4547=DIRECTION('',(-0.089462500236424,-0.995990191242588,0.));
#4548=DIRECTION('center_axis',(0.,0.,1.));
#4549=DIRECTION('ref_axis',(1.,0.,0.));
#4550=DIRECTION('',(0.9915831586926,-0.12947138447242,0.));
#4551=DIRECTION('center_axis',(0.,0.,1.));
#4552=DIRECTION('ref_axis',(1.,0.,0.));
#4553=DIRECTION('',(0.999531621499318,-0.0306029021980737,0.));
#4554=DIRECTION('center_axis',(0.,0.,-1.));
#4555=DIRECTION('ref_axis',(-1.,0.,0.));
#4556=DIRECTION('',(0.983113096950964,-0.182999012575161,0.));
#4557=DIRECTION('center_axis',(0.,0.,-1.));
#4558=DIRECTION('ref_axis',(-1.,0.,0.));
#4559=DIRECTION('center_axis',(0.,0.,-1.));
#4560=DIRECTION('ref_axis',(0.,1.,0.));
#4561=DIRECTION('',(1.,0.,0.));
#4562=DIRECTION('center_axis',(0.,0.,-1.));
#4563=DIRECTION('ref_axis',(0.707106781186547,-0.707106781186548,0.));
#4564=DIRECTION('',(0.,1.,0.));
#4565=DIRECTION('center_axis',(0.,0.,-1.));
#4566=DIRECTION('ref_axis',(0.707106781186547,0.707106781186548,0.));
#4567=DIRECTION('',(1.,0.,0.));
#4568=DIRECTION('center_axis',(0.,0.,-1.));
#4569=DIRECTION('ref_axis',(-1.,0.,0.));
#4570=DIRECTION('',(0.983113096950964,-0.182999012575161,0.));
#4571=DIRECTION('center_axis',(0.,0.,-1.));
#4572=DIRECTION('ref_axis',(-1.,0.,0.));
#4573=DIRECTION('',(0.999531621499318,-0.0306029021980737,0.));
#4574=DIRECTION('center_axis',(0.,0.,1.));
#4575=DIRECTION('ref_axis',(1.,0.,0.));
#4576=DIRECTION('',(0.9915831586926,-0.12947138447242,0.));
#4577=DIRECTION('center_axis',(0.,0.,1.));
#4578=DIRECTION('ref_axis',(1.,0.,0.));
#4579=DIRECTION('',(-0.089462500236424,-0.995990191242588,0.));
#4580=DIRECTION('center_axis',(0.,0.,1.));
#4581=DIRECTION('ref_axis',(1.,0.,0.));
#4582=DIRECTION('',(-0.999759817381071,-0.0219159200164298,0.));
#4583=DIRECTION('',(0.109873192656766,0.993945612966529,0.));
#4584=DIRECTION('center_axis',(0.,0.,1.));
#4585=DIRECTION('ref_axis',(1.,0.,0.));
#4586=DIRECTION('',(-0.987197651277678,0.159501715701858,0.));
#4587=DIRECTION('',(0.999999999410451,-3.43379866130836E-5,0.));
#4588=DIRECTION('',(1.,0.,0.));
#4589=DIRECTION('',(-0.987028503577552,-0.160545112430924,0.));
#4590=DIRECTION('center_axis',(0.,0.,-1.));
#4591=DIRECTION('ref_axis',(-1.,0.,0.));
#4592=DIRECTION('',(0.109973690173364,-0.993934498581095,0.));
#4593=DIRECTION('',(-0.999725385147195,0.023434041313706,0.));
#4594=DIRECTION('center_axis',(0.,0.,-1.));
#4595=DIRECTION('ref_axis',(-1.,0.,0.));
#4596=DIRECTION('',(-0.0894625002363588,0.995990191242594,0.));
#4597=DIRECTION('center_axis',(0.,0.,-1.));
#4598=DIRECTION('ref_axis',(-1.,0.,0.));
#4599=DIRECTION('',(0.99158303869862,0.129472303467622,0.));
#4600=DIRECTION('center_axis',(0.,0.,-1.));
#4601=DIRECTION('ref_axis',(-1.,0.,0.));
#4602=DIRECTION('',(0.999531625226798,0.030602780453339,0.));
#4603=DIRECTION('center_axis',(0.,0.,-1.));
#4604=DIRECTION('ref_axis',(-1.,0.,0.));
#4605=DIRECTION('',(0.983113096950964,0.182999012575161,0.));
#4606=DIRECTION('center_axis',(0.,0.,1.));
#4607=DIRECTION('ref_axis',(1.,0.,0.));
#4608=DIRECTION('',(1.,0.,0.));
#4609=DIRECTION('center_axis',(0.,0.,-1.));
#4610=DIRECTION('ref_axis',(-0.707106781186546,0.707106781186549,0.));
#4611=DIRECTION('',(0.,1.,0.));
#4612=DIRECTION('center_axis',(0.,0.,-1.));
#4613=DIRECTION('ref_axis',(-0.707106781186546,-0.707106781186549,0.));
#4614=DIRECTION('',(1.,0.,0.));
#4615=DIRECTION('center_axis',(0.,0.,-1.));
#4616=DIRECTION('ref_axis',(0.,1.,0.));
#4617=DIRECTION('center_axis',(0.,0.,1.));
#4618=DIRECTION('ref_axis',(1.,0.,0.));
#4619=DIRECTION('',(0.983113096950964,0.182999012575161,0.));
#4620=DIRECTION('center_axis',(0.,0.,-1.));
#4621=DIRECTION('ref_axis',(-1.,0.,0.));
#4622=DIRECTION('',(0.999531625226798,0.0306027804533389,0.));
#4623=DIRECTION('center_axis',(0.,0.,-1.));
#4624=DIRECTION('ref_axis',(-1.,0.,0.));
#4625=DIRECTION('',(0.99158303869862,0.129472303467621,0.));
#4626=DIRECTION('center_axis',(0.,0.,-1.));
#4627=DIRECTION('ref_axis',(-1.,0.,0.));
#4628=DIRECTION('',(-0.0894625002363588,0.995990191242594,0.));
#4629=DIRECTION('center_axis',(0.,0.,-1.));
#4630=DIRECTION('ref_axis',(-1.,0.,0.));
#4631=DIRECTION('',(-0.999725385147195,0.0234340413137059,0.));
#4632=DIRECTION('center_axis',(0.,0.,-1.));
#4633=DIRECTION('ref_axis',(-0.729521684939744,0.683957682318633,0.));
#4634=DIRECTION('',(0.0877714817689819,-0.996140636149373,0.));
#4635=DIRECTION('center_axis',(0.,0.,-1.));
#4636=DIRECTION('ref_axis',(-1.,0.,0.));
#4637=DIRECTION('',(-0.992318615078123,-0.123708391669422,0.));
#4638=DIRECTION('',(0.999995575933405,0.00297457788897298,0.));
#4639=DIRECTION('',(0.999999999410451,-3.43379866128665E-5,0.));
#4640=DIRECTION('',(-0.992191044353494,0.124727428838738,0.));
#4641=DIRECTION('center_axis',(0.,0.,1.));
#4642=DIRECTION('ref_axis',(1.,0.,0.));
#4643=DIRECTION('center_axis',(0.,0.,1.));
#4644=DIRECTION('ref_axis',(1.,0.,0.));
#4645=DIRECTION('center_axis',(0.,0.,1.));
#4646=DIRECTION('ref_axis',(1.,0.,0.));
#4647=DIRECTION('center_axis',(0.,0.,1.));
#4648=DIRECTION('ref_axis',(1.,0.,0.));
#4649=DIRECTION('center_axis',(0.,0.,1.));
#4650=DIRECTION('ref_axis',(1.,0.,0.));
#4651=DIRECTION('center_axis',(0.,0.,1.));
#4652=DIRECTION('ref_axis',(1.,0.,0.));
#4653=DIRECTION('center_axis',(0.,0.,1.));
#4654=DIRECTION('ref_axis',(1.,0.,0.));
#4655=DIRECTION('center_axis',(0.,0.,1.));
#4656=DIRECTION('ref_axis',(1.,0.,0.));
#4657=DIRECTION('center_axis',(0.,0.,1.));
#4658=DIRECTION('ref_axis',(1.,0.,0.));
#4659=DIRECTION('center_axis',(0.,0.,1.));
#4660=DIRECTION('ref_axis',(1.,0.,0.));
#4661=DIRECTION('center_axis',(0.,0.,1.));
#4662=DIRECTION('ref_axis',(1.,0.,0.));
#4663=DIRECTION('center_axis',(0.,0.,1.));
#4664=DIRECTION('ref_axis',(1.,0.,0.));
#4665=DIRECTION('center_axis',(0.,0.,1.));
#4666=DIRECTION('ref_axis',(-0.729521684939744,0.683957682318633,0.));
#4667=DIRECTION('',(0.,0.,-1.));
#4668=DIRECTION('center_axis',(0.,0.,-1.));
#4669=DIRECTION('ref_axis',(-0.729521684939744,0.683957682318633,0.));
#4670=DIRECTION('',(0.,0.,1.));
#4671=DIRECTION('center_axis',(-0.0234340413137059,-0.999725385147195,0.));
#4672=DIRECTION('ref_axis',(-0.999725385147195,0.0234340413137059,0.));
#4673=DIRECTION('',(0.,0.,1.));
#4674=DIRECTION('',(-0.999725385147195,0.0234340413137059,0.));
#4675=DIRECTION('',(0.,0.,-1.));
#4676=DIRECTION('',(-0.999725385147195,0.0234340413137059,0.));
#4677=DIRECTION('',(0.,0.,-1.));
#4678=DIRECTION('',(-0.999725385147195,0.0234340413137059,0.));
#4679=DIRECTION('center_axis',(0.,0.,-1.));
#4680=DIRECTION('ref_axis',(0.707106781186547,0.707106781186548,0.));
#4681=DIRECTION('',(0.,0.,-1.));
#4682=DIRECTION('center_axis',(0.,0.,-1.));
#4683=DIRECTION('ref_axis',(0.707106781186547,0.707106781186548,0.));
#4684=DIRECTION('',(0.,0.,1.));
#4685=DIRECTION('center_axis',(0.,1.,0.));
#4686=DIRECTION('ref_axis',(1.,0.,0.));
#4687=DIRECTION('',(1.,0.,0.));
#4688=DIRECTION('',(0.,0.,-1.));
#4689=DIRECTION('',(0.,0.,-1.));
#4690=DIRECTION('',(1.,0.,0.));
#4691=DIRECTION('',(0.,0.,1.));
#4692=DIRECTION('',(0.,0.,1.));
#4693=DIRECTION('',(1.,0.,0.));
#4694=DIRECTION('',(0.,0.,1.));
#4695=DIRECTION('',(0.,0.,1.));
#4696=DIRECTION('',(1.,0.,0.));
#4697=DIRECTION('',(0.,0.,-1.));
#4698=DIRECTION('center_axis',(0.,0.,-1.));
#4699=DIRECTION('ref_axis',(-0.707106781186546,0.707106781186549,0.));
#4700=DIRECTION('center_axis',(0.,0.,-1.));
#4701=DIRECTION('ref_axis',(-0.707106781186546,0.707106781186549,0.));
#4702=DIRECTION('',(0.,0.,1.));
#4703=DIRECTION('center_axis',(0.,0.,1.));
#4704=DIRECTION('ref_axis',(0.,1.,0.));
#4705=DIRECTION('center_axis',(0.,0.,-1.));
#4706=DIRECTION('ref_axis',(0.,1.,0.));
#4707=DIRECTION('',(0.,0.,1.));
#4708=DIRECTION('',(0.,0.,-1.));
#4709=DIRECTION('center_axis',(0.,-1.,0.));
#4710=DIRECTION('ref_axis',(-1.,0.,0.));
#4711=DIRECTION('',(0.,0.,1.));
#4712=DIRECTION('',(1.,0.,0.));
#4713=DIRECTION('center_axis',(0.,0.,-1.));
#4714=DIRECTION('ref_axis',(-0.707106781186546,-0.707106781186549,0.));
#4715=DIRECTION('',(0.,0.,-1.));
#4716=DIRECTION('center_axis',(0.,0.,-1.));
#4717=DIRECTION('ref_axis',(-0.707106781186546,-0.707106781186549,0.));
#4718=DIRECTION('center_axis',(1.,0.,0.));
#4719=DIRECTION('ref_axis',(0.,-1.,0.));
#4720=DIRECTION('',(0.,-1.,0.));
#4721=DIRECTION('center_axis',(0.,0.,-1.));
#4722=DIRECTION('ref_axis',(0.707106781186547,-0.707106781186548,0.));
#4723=DIRECTION('',(0.,0.,-1.));
#4724=DIRECTION('center_axis',(0.,0.,-1.));
#4725=DIRECTION('ref_axis',(0.707106781186547,-0.707106781186548,0.));
#4726=DIRECTION('',(0.,0.,1.));
#4727=DIRECTION('center_axis',(0.,-1.,0.));
#4728=DIRECTION('ref_axis',(-1.,0.,0.));
#4729=DIRECTION('',(0.,0.,1.));
#4730=DIRECTION('',(1.,0.,0.));
#4731=DIRECTION('center_axis',(0.,0.,-1.));
#4732=DIRECTION('ref_axis',(0.,1.,0.));
#4733=DIRECTION('',(0.,0.,-1.));
#4734=DIRECTION('center_axis',(0.,0.,-1.));
#4735=DIRECTION('ref_axis',(0.,1.,0.));
#4736=DIRECTION('center_axis',(1.,0.,0.));
#4737=DIRECTION('ref_axis',(0.,-1.,0.));
#4738=DIRECTION('',(0.,-1.,0.));
#4739=DIRECTION('',(0.,0.,-1.));
#4740=DIRECTION('',(0.,-1.,0.));
#4741=DIRECTION('',(0.,0.,-1.));
#4742=DIRECTION('center_axis',(0.,1.,0.));
#4743=DIRECTION('ref_axis',(1.,0.,0.));
#4744=DIRECTION('',(1.,0.,0.));
#4745=DIRECTION('',(0.,0.,-1.));
#4746=DIRECTION('',(1.,0.,0.));
#4747=DIRECTION('center_axis',(-1.,0.,0.));
#4748=DIRECTION('ref_axis',(0.,1.,0.));
#4749=DIRECTION('',(0.,1.,0.));
#4750=DIRECTION('',(0.,0.,-1.));
#4751=DIRECTION('',(0.,1.,0.));
#4752=DIRECTION('center_axis',(-6.93889390390723E-18,-1.,0.));
#4753=DIRECTION('ref_axis',(-1.,6.93889390390723E-18,0.));
#4754=DIRECTION('',(-1.,6.93889390390723E-18,0.));
#4755=DIRECTION('',(-1.,6.93889390390723E-18,0.));
#4756=DIRECTION('center_axis',(0.,0.,-1.));
#4757=DIRECTION('ref_axis',(-1.,0.,0.));
#4758=DIRECTION('center_axis',(0.986993568450015,0.160539430058067,0.00841351501670839));
#4759=DIRECTION('ref_axis',(0.116573379715415,-0.678689419987713,-0.725114693230297));
#4760=DIRECTION('',(-0.986993568450015,-0.160539430058067,-0.00841351501670839));
#4761=DIRECTION('center_axis',(0.99674308837584,0.0805320006380251,0.00422050331465934));
#4762=DIRECTION('ref_axis',(0.0806425184068053,-0.995377086614602,-0.0521655026586948));
#4763=DIRECTION('center_axis',(0.,0.0380871252520134,-0.999274422213457));
#4764=DIRECTION('ref_axis',(0.,-0.999274422213457,-0.0380871252520134));
#4765=DIRECTION('',(0.,0.,-1.));
#4766=DIRECTION('center_axis',(-0.109824794133587,0.992588786616687,0.052019374047829));
#4767=DIRECTION('ref_axis',(0.700803951608305,0.11444138598175,-0.70411433062022));
#4768=DIRECTION('center_axis',(-0.675843799845653,-0.736034787691476,-0.0385739486979748));
#4769=DIRECTION('ref_axis',(0.737044882086694,-0.674917579406627,-0.0353709315357871));
#4770=DIRECTION('',(0.109824794133587,-0.992588786616687,-0.052019374047829));
#4771=DIRECTION('center_axis',(0.999724631208332,-0.0234340236410184,-0.00122812513869206));
#4772=DIRECTION('ref_axis',(-0.0170216516628019,-0.688149885542701,-0.725368870577059));
#4773=DIRECTION('',(0.,0.,-1.));
#4774=DIRECTION('',(-0.999724631208332,0.0234340236410184,0.00122812513869206));
#4775=DIRECTION('center_axis',(0.993934498581095,0.109973690173364,0.));
#4776=DIRECTION('ref_axis',(0.109969018442469,-0.993892275804925,-0.00921732488888354));
#4777=DIRECTION('center_axis',(0.0893408742647067,-0.994636123622659,-0.0521266704337558));
#4778=DIRECTION('ref_axis',(0.,0.0523359562429437,-0.998629534754574));
#4779=DIRECTION('center_axis',(0.,0.0398293594907644,-0.999206496237167));
#4780=DIRECTION('ref_axis',(0.,-0.999206496237167,-0.0398293594907644));
#4781=DIRECTION('center_axis',(-0.089340874264704,0.994636123622659,0.052126670433756));
#4782=DIRECTION('ref_axis',(0.702628448854445,0.100032741689661,-0.704490392731119));
#4783=DIRECTION('',(0.089340874264704,-0.994636123622659,-0.052126670433756));
#4784=DIRECTION('center_axis',(0.991560212722337,0.129469323049826,0.00678519970632));
#4785=DIRECTION('ref_axis',(0.,0.0523359562429437,-0.998629534754574));
#4786=DIRECTION('center_axis',(-1.54105550296997E-17,0.0380363788194521,
-0.99927635511219));
#4787=DIRECTION('ref_axis',(0.,0.99927635511219,0.0380363788194521));
#4788=DIRECTION('center_axis',(-0.991560212722336,-0.129469323049832,-0.00678519970632038));
#4789=DIRECTION('ref_axis',(-0.0892638448658821,0.719723220498012,-0.688498694171405));
#4790=DIRECTION('',(0.991560212722336,0.129469323049832,0.00678519970632038));
#4791=DIRECTION('center_axis',(0.999530339706335,0.0306027410943992,0.00160382170073132));
#4792=DIRECTION('ref_axis',(0.,0.0523359562429437,-0.998629534754574));
#4793=DIRECTION('center_axis',(0.,0.0401849502381106,-0.999192258664148));
#4794=DIRECTION('ref_axis',(0.,0.999192258664148,0.0401849502381106));
#4795=DIRECTION('center_axis',(-0.999530339706335,-0.0306027410944038,-0.00160382170073157));
#4796=DIRECTION('ref_axis',(-0.0210947188852878,0.725059965367644,-0.68836259301056));
#4797=DIRECTION('center_axis',(0.999530339706335,0.030602741094407,0.00160382170073173));
#4798=DIRECTION('ref_axis',(0.,0.0523359562429437,-0.998629534754574));
#4799=DIRECTION('',(0.999530339706335,0.0306027410944038,0.00160382170073157));
#4800=DIRECTION('center_axis',(0.983067887156212,0.182990597116325,0.00959013082454422));
#4801=DIRECTION('ref_axis',(0.,0.0523359562429436,-0.998629534754574));
#4802=DIRECTION('center_axis',(4.29372377920824E-18,0.0508471156270922,
-0.998706448778822));
#4803=DIRECTION('ref_axis',(0.,0.998706448778822,0.0508471156270922));
#4804=DIRECTION('center_axis',(-0.983067887156212,-0.182990597116325,-0.00959013082454429));
#4805=DIRECTION('ref_axis',(-0.126194082072285,0.714034141286717,-0.688643811216564));
#4806=DIRECTION('',(0.983067887156212,0.182990597116325,0.00959013082454429));
#4807=DIRECTION('center_axis',(0.995757974398451,0.0918850774089257,0.00481549285625212));
#4808=DIRECTION('ref_axis',(-0.0920111755271765,0.994393322701682,0.05211394577668));
#4809=DIRECTION('center_axis',(-1.,0.,0.));
#4810=DIRECTION('ref_axis',(0.,0.725374371012287,-0.688354575693754));
#4811=DIRECTION('center_axis',(0.995757974398451,-0.0918850774089338,-0.00481549285625144));
#4812=DIRECTION('ref_axis',(0.0920111755271845,0.994393322701682,0.0521139457766676));
#4813=DIRECTION('center_axis',(-0.983067887156212,0.182990597116325,0.00959013082454429));
#4814=DIRECTION('ref_axis',(0.126194082072285,0.714034141286716,-0.688643811216565));
#4815=DIRECTION('center_axis',(0.983067887156211,-0.18299059711633,-0.00959013082454161));
#4816=DIRECTION('ref_axis',(2.96059473233375E-15,0.0523359562429437,-0.998629534754574));
#4817=DIRECTION('',(0.983067887156212,-0.182990597116325,-0.00959013082454429));
#4818=DIRECTION('center_axis',(0.999530335968631,-0.0306028628386654,-0.00160382808107796));
#4819=DIRECTION('ref_axis',(0.,0.0523359562429436,-0.998629534754574));
#4820=DIRECTION('center_axis',(-4.27843882297549E-18,0.0508525755670238,
-0.998706170782077));
#4821=DIRECTION('ref_axis',(0.,0.998706170782077,0.0508525755670238));
#4822=DIRECTION('center_axis',(-0.999530335968631,0.0306028628386687,0.00160382808107813));
#4823=DIRECTION('ref_axis',(0.021094802806774,0.72505996286547,-0.688362593074367));
#4824=DIRECTION('center_axis',(0.999530335968631,-0.0306028628386645,-0.00160382808107791));
#4825=DIRECTION('ref_axis',(0.,0.0523359562429437,-0.998629534754574));
#4826=DIRECTION('',(0.999530335968631,-0.0306028628386687,-0.00160382808107813));
#4827=DIRECTION('center_axis',(-1.3836705419675E-17,0.0401849462835608,
-0.999192258823189));
#4828=DIRECTION('ref_axis',(0.,0.999192258823189,0.0401849462835608));
#4829=DIRECTION('center_axis',(-0.99156033303758,0.129468404118094,0.00678515154714864));
#4830=DIRECTION('ref_axis',(0.0892632110041101,0.71972330107865,-0.688498692116178));
#4831=DIRECTION('center_axis',(0.99156033303758,-0.129468404118091,-0.00678515154714885));
#4832=DIRECTION('ref_axis',(0.,0.0523359562429466,-0.998629534754574));
#4833=DIRECTION('',(0.99156033303758,-0.129468404118094,-0.00678515154714864));
#4834=DIRECTION('center_axis',(0.,0.0380363851463732,-0.999276354871362));
#4835=DIRECTION('ref_axis',(0.,0.999276354871362,0.0380363851463732));
#4836=DIRECTION('center_axis',(-0.0893408742647692,-0.994636123622653,-0.0521266704337557));
#4837=DIRECTION('ref_axis',(-0.702628448854442,0.100032741689706,-0.704490392731116));
#4838=DIRECTION('center_axis',(0.08934087426477,0.994636123622653,0.0521266704337555));
#4839=DIRECTION('ref_axis',(0.,0.0523359562429437,-0.998629534754574));
#4840=DIRECTION('',(0.0893408742647692,0.994636123622653,0.0521266704337557));
#4841=DIRECTION('center_axis',(0.,0.0398225565355558,-0.999206767386497));
#4842=DIRECTION('ref_axis',(0.,-0.999206767386497,-0.0398225565355558));
#4843=DIRECTION('center_axis',(-1.,0.,0.));
#4844=DIRECTION('ref_axis',(0.,-0.688354575693754,-0.725374371012288));
#4845=DIRECTION('',(0.,0.,-1.));
#4846=DIRECTION('',(-1.,0.,0.));
#4847=DIRECTION('center_axis',(0.999999999408832,-3.4337986613028E-5,-1.7995776234396E-6));
#4848=DIRECTION('ref_axis',(-2.49420776911903E-5,-0.688354575254317,-0.72537437100048));
#4849=DIRECTION('',(-0.999999999408832,3.4337986613028E-5,1.7995776234396E-6));
#4850=DIRECTION('',(0.,0.,-1.));
#4851=DIRECTION('center_axis',(0.996784247074573,-0.0800223523629735,-0.00419379378034845));
#4852=DIRECTION('ref_axis',(-0.080132170717983,-0.995418188906769,-0.0521676567385504));
#4853=DIRECTION('center_axis',(0.999759157939715,0.0219159055606937,0.00114856394141281));
#4854=DIRECTION('ref_axis',(0.0159189576426647,-0.688175550184444,-0.72536956023527));
#4855=DIRECTION('',(-0.999759157939714,-0.0219159055606937,-0.00114856394141281));
#4856=DIRECTION('',(0.,0.,-1.));
#4857=DIRECTION('center_axis',(-0.675320468311259,0.736513665018511,0.0385990455952298));
#4858=DIRECTION('ref_axis',(-0.737524416599113,-0.674394965079914,-0.0353435424794988));
#4859=DIRECTION('center_axis',(-0.993945612966529,0.109873192656766,0.));
#4860=DIRECTION('ref_axis',(-0.109869010138168,-0.993907776658048,-0.00872537162043345));
#4861=DIRECTION('center_axis',(0.987163162834434,-0.159496143397404,-0.00835883867966743));
#4862=DIRECTION('ref_axis',(-0.115816299680688,-0.678815408070729,-0.725118077621874));
#4863=DIRECTION('',(-0.987163162834433,0.159496143397404,0.00835883867966743));
#4864=DIRECTION('center_axis',(-0.109724429362812,-0.992599855918607,-0.0520199541653609));
#4865=DIRECTION('ref_axis',(-0.700813620613017,0.114370826184017,-0.704116171722578));
#4866=DIRECTION('',(0.109724429362812,0.992599855918607,0.0520199541653609));
#4867=DIRECTION('center_axis',(0.,0.0380871419171236,-0.999274421578269));
#4868=DIRECTION('ref_axis',(0.,-0.99927442157827,-0.0380871419171236));
#4869=DIRECTION('',(0.,0.,-1.));
#4870=DIRECTION('center_axis',(-0.023434041313706,-0.999725385147195,0.));
#4871=DIRECTION('ref_axis',(-0.999725385147195,0.023434041313706,0.));
#4872=DIRECTION('',(0.,0.,-1.));
#4873=DIRECTION('',(0.,0.,-1.));
#4874=DIRECTION('center_axis',(0.,0.,-1.));
#4875=DIRECTION('ref_axis',(0.770808157895255,-0.637067330603385,0.));
#4876=DIRECTION('',(0.,0.,-1.));
#4877=DIRECTION('center_axis',(-0.995990191242594,-0.0894625002363588,0.));
#4878=DIRECTION('ref_axis',(-0.0894625002363588,0.995990191242594,0.));
#4879=DIRECTION('',(0.,0.,-1.));
#4880=DIRECTION('center_axis',(0.,0.,-1.));
#4881=DIRECTION('ref_axis',(0.661612219137999,0.749846165214767,0.));
#4882=DIRECTION('',(0.,0.,-1.));
#4883=DIRECTION('center_axis',(-0.129472303467622,0.99158303869862,0.));
#4884=DIRECTION('ref_axis',(0.99158303869862,0.129472303467622,0.));
#4885=DIRECTION('',(0.,0.,-1.));
#4886=DIRECTION('center_axis',(0.,0.,-1.));
#4887=DIRECTION('ref_axis',(-1.,0.,0.));
#4888=DIRECTION('',(0.,0.,-1.));
#4889=DIRECTION('center_axis',(-0.030602780453339,0.999531625226798,0.));
#4890=DIRECTION('ref_axis',(0.999531625226798,0.030602780453339,0.));
#4891=DIRECTION('',(0.,0.,-1.));
#4892=DIRECTION('center_axis',(0.,0.,-1.));
#4893=DIRECTION('ref_axis',(-1.,0.,0.));
#4894=DIRECTION('',(0.,0.,-1.));
#4895=DIRECTION('center_axis',(-0.182999012575161,0.983113096950964,0.));
#4896=DIRECTION('ref_axis',(0.983113096950964,0.182999012575161,0.));
#4897=DIRECTION('',(-0.983113096950964,-0.182999012575161,0.));
#4898=DIRECTION('',(0.,0.,-1.));
#4899=DIRECTION('center_axis',(0.182999012575161,0.983113096950964,0.));
#4900=DIRECTION('ref_axis',(0.983113096950964,-0.182999012575161,0.));
#4901=DIRECTION('',(0.,0.,-1.));
#4902=DIRECTION('',(0.,0.,-1.));
#4903=DIRECTION('',(0.983113096950964,-0.182999012575161,0.));
#4904=DIRECTION('center_axis',(0.,0.,-1.));
#4905=DIRECTION('ref_axis',(-1.,0.,0.));
#4906=DIRECTION('',(0.,0.,-1.));
#4907=DIRECTION('center_axis',(0.0306029021980737,0.999531621499318,0.));
#4908=DIRECTION('ref_axis',(0.999531621499318,-0.0306029021980737,0.));
#4909=DIRECTION('',(0.,0.,-1.));
#4910=DIRECTION('center_axis',(0.,0.,-1.));
#4911=DIRECTION('ref_axis',(-1.,0.,0.));
#4912=DIRECTION('',(0.,0.,1.));
#4913=DIRECTION('center_axis',(3.43379866130836E-5,0.999999999410451,0.));
#4914=DIRECTION('ref_axis',(0.999999999410451,-3.43379866130836E-5,0.));
#4915=DIRECTION('',(0.,0.,-1.));
#4916=DIRECTION('',(0.,0.,-1.));
#4917=DIRECTION('center_axis',(0.160545112430924,-0.987028503577552,0.));
#4918=DIRECTION('ref_axis',(-0.987028503577552,-0.160545112430924,0.));
#4919=DIRECTION('',(0.,0.,-1.));
#4920=DIRECTION('',(0.,0.,-1.));
#4921=DIRECTION('',(0.,0.,-1.));
#4922=DIRECTION('center_axis',(0.,0.,-1.));
#4923=DIRECTION('ref_axis',(0.777468375235748,-0.62892203452279,0.));
#4924=DIRECTION('',(0.,0.,-1.));
#4925=DIRECTION('center_axis',(0.993934498581095,0.109973690173364,0.));
#4926=DIRECTION('ref_axis',(0.109973690173364,-0.993934498581095,0.));
#4927=DIRECTION('center_axis',(0.12947138447242,0.9915831586926,0.));
#4928=DIRECTION('ref_axis',(0.9915831586926,-0.12947138447242,0.));
#4929=DIRECTION('',(0.,0.,-1.));
#4930=DIRECTION('center_axis',(0.,0.,-1.));
#4931=DIRECTION('ref_axis',(-1.,0.,0.));
#4932=DIRECTION('',(0.,0.,-1.));
#4933=DIRECTION('center_axis',(0.995990191242588,-0.089462500236424,0.));
#4934=DIRECTION('ref_axis',(-0.089462500236424,-0.995990191242588,0.));
#4935=DIRECTION('',(0.,0.,-1.));
#4936=DIRECTION('center_axis',(0.,0.,-1.));
#4937=DIRECTION('ref_axis',(-1.,0.,0.));
#4938=DIRECTION('',(0.,0.,-1.));
#4939=DIRECTION('center_axis',(0.0219159200164298,-0.999759817381072,0.));
#4940=DIRECTION('ref_axis',(-0.999759817381071,-0.0219159200164298,0.));
#4941=DIRECTION('',(0.,0.,-1.));
#4942=DIRECTION('center_axis',(-0.993945612966529,0.109873192656766,0.));
#4943=DIRECTION('ref_axis',(0.109873192656766,0.993945612966529,0.));
#4944=DIRECTION('',(0.,0.,-1.));
#4945=DIRECTION('center_axis',(0.,0.,-1.));
#4946=DIRECTION('ref_axis',(-1.,0.,0.));
#4947=DIRECTION('',(0.,0.,-1.));
#4948=DIRECTION('center_axis',(-0.159501715701858,-0.987197651277678,0.));
#4949=DIRECTION('ref_axis',(-0.987197651277678,0.159501715701858,0.));
#4950=DIRECTION('center_axis',(0.,1.,0.));
#4951=DIRECTION('ref_axis',(1.,0.,0.));
#4952=DIRECTION('center_axis',(0.,0.,-1.));
#4953=DIRECTION('ref_axis',(1.,0.,0.));
#4954=DIRECTION('center_axis',(0.,0.,-1.));
#4955=DIRECTION('ref_axis',(1.,0.,0.));
#4956=DIRECTION('center_axis',(0.,0.,-1.));
#4957=DIRECTION('ref_axis',(1.,0.,0.));
#4958=DIRECTION('center_axis',(0.,0.,-1.));
#4959=DIRECTION('ref_axis',(1.,0.,0.));
#4960=DIRECTION('center_axis',(1.,0.,0.));
#4961=DIRECTION('ref_axis',(0.,-1.,0.));
#4962=DIRECTION('',(0.,-1.,0.));
#4963=DIRECTION('center_axis',(0.,0.,-1.));
#4964=DIRECTION('ref_axis',(1.,0.,0.));
#4965=DIRECTION('center_axis',(0.,0.,-1.));
#4966=DIRECTION('ref_axis',(-1.,0.,0.));
#4967=DIRECTION('',(0.983113096950964,-0.182999012575161,0.));
#4968=DIRECTION('center_axis',(0.,0.,-1.));
#4969=DIRECTION('ref_axis',(-1.,0.,0.));
#4970=DIRECTION('center_axis',(0.,0.,-1.));
#4971=DIRECTION('ref_axis',(-1.,0.,0.));
#4972=DIRECTION('center_axis',(0.,0.,-1.));
#4973=DIRECTION('ref_axis',(-1.,0.,0.));
#4974=DIRECTION('',(0.999531621499318,-0.0306029021980748,0.));
#4975=DIRECTION('',(-0.507472858175766,-0.861667742354859,0.));
#4976=DIRECTION('center_axis',(0.,0.,-1.));
#4977=DIRECTION('ref_axis',(-1.,0.,0.));
#4978=DIRECTION('',(0.9915831586926,-0.12947138447242,0.));
#4979=DIRECTION('center_axis',(0.,0.,1.));
#4980=DIRECTION('ref_axis',(1.,0.,0.));
#4981=DIRECTION('',(-0.089462500236424,-0.995990191242588,0.));
#4982=DIRECTION('center_axis',(0.,0.,-1.));
#4983=DIRECTION('ref_axis',(-1.,0.,0.));
#4984=DIRECTION('',(0.127643843901035,-0.991820068920854,0.));
#4985=DIRECTION('',(0.184011271507525,-0.982924133368483,0.));
#4986=DIRECTION('center_axis',(0.,0.,-1.));
#4987=DIRECTION('ref_axis',(-1.,0.,0.));
#4988=DIRECTION('',(-0.999769614268531,-0.0214643515008758,0.));
#4989=DIRECTION('',(-0.980734093731645,-0.195347478592302,0.));
#4990=DIRECTION('center_axis',(0.,0.,-1.));
#4991=DIRECTION('ref_axis',(-1.,0.,0.));
#4992=DIRECTION('',(0.109873192656767,0.993945612966529,0.));
#4993=DIRECTION('',(0.0437574446548181,-0.999042184313195,0.));
#4994=DIRECTION('center_axis',(0.,0.,-1.));
#4995=DIRECTION('ref_axis',(-1.,0.,0.));
#4996=DIRECTION('',(-0.992191044353494,0.124727428838738,0.));
#4997=DIRECTION('center_axis',(0.,0.,-1.));
#4998=DIRECTION('ref_axis',(-1.,0.,0.));
#4999=DIRECTION('',(0.999917147828847,0.0128723532357047,0.));
#5000=DIRECTION('',(0.999999999410451,-3.43379866137884E-5,0.));
#5001=DIRECTION('center_axis',(0.,0.,-1.));
#5002=DIRECTION('ref_axis',(-1.,0.,0.));
#5003=DIRECTION('',(1.,0.,0.));
#5004=DIRECTION('center_axis',(0.,0.,1.));
#5005=DIRECTION('ref_axis',(1.,0.,0.));
#5006=DIRECTION('',(1.,0.,0.));
#5007=DIRECTION('',(0.999938885400156,-0.0110555626131406,0.));
#5008=DIRECTION('center_axis',(0.,0.,-1.));
#5009=DIRECTION('ref_axis',(-1.,0.,0.));
#5010=DIRECTION('',(-0.992318615078123,-0.123708391669422,0.));
#5011=DIRECTION('center_axis',(0.,0.,-1.));
#5012=DIRECTION('ref_axis',(-1.,0.,0.));
#5013=DIRECTION('',(0.0429453590623055,0.999077422492876,0.));
#5014=DIRECTION('',(0.109973690173363,-0.993934498581095,0.));
#5015=DIRECTION('center_axis',(0.,0.,-1.));
#5016=DIRECTION('ref_axis',(-1.,0.,0.));
#5017=DIRECTION('',(-0.980498738792716,0.196525375526655,0.));
#5018=DIRECTION('center_axis',(0.,0.,-1.));
#5019=DIRECTION('ref_axis',(-1.,0.,0.));
#5020=DIRECTION('',(0.186090403267094,0.982532626334561,0.));
#5021=DIRECTION('',(-0.12764382034366,-0.991820071952607,0.));
#5022=DIRECTION('center_axis',(0.,0.,-1.));
#5023=DIRECTION('ref_axis',(-1.,0.,0.));
#5024=DIRECTION('',(-0.0894625002363588,0.995990191242594,0.));
#5025=DIRECTION('center_axis',(0.,0.,-1.));
#5026=DIRECTION('ref_axis',(-1.,0.,0.));
#5027=DIRECTION('',(0.99158303869862,0.129472303467622,0.));
#5028=DIRECTION('center_axis',(0.,0.,-1.));
#5029=DIRECTION('ref_axis',(-1.,0.,0.));
#5030=DIRECTION('',(0.507473446346104,-0.861667395956008,0.));
#5031=DIRECTION('',(0.999531625226799,0.0306027804533328,0.));
#5032=DIRECTION('center_axis',(0.,0.,-1.));
#5033=DIRECTION('ref_axis',(-1.,0.,0.));
#5034=DIRECTION('center_axis',(0.,0.,-1.));
#5035=DIRECTION('ref_axis',(-1.,0.,0.));
#5036=DIRECTION('center_axis',(0.,0.,-1.));
#5037=DIRECTION('ref_axis',(-1.,0.,0.));
#5038=DIRECTION('',(0.983113096950964,0.182999012575161,0.));
#5039=DIRECTION('center_axis',(0.,0.,1.));
#5040=DIRECTION('ref_axis',(1.,0.,0.));
#5041=DIRECTION('center_axis',(0.,0.,-1.));
#5042=DIRECTION('ref_axis',(-1.,0.,0.));
#5043=DIRECTION('center_axis',(0.,0.,-1.));
#5044=DIRECTION('ref_axis',(-1.,0.,0.));
#5045=DIRECTION('center_axis',(0.,0.,-1.));
#5046=DIRECTION('ref_axis',(1.,0.,0.));
#5047=DIRECTION('center_axis',(0.,0.,-1.));
#5048=DIRECTION('ref_axis',(-1.,0.,0.));
#5049=DIRECTION('',(-0.0894625002363588,0.995990191242594,0.));
#5050=DIRECTION('center_axis',(0.,0.,-1.));
#5051=DIRECTION('ref_axis',(1.,0.,0.));
#5052=DIRECTION('',(0.99158303869862,0.129472303467621,0.));
#5053=DIRECTION('center_axis',(0.,0.,-1.));
#5054=DIRECTION('ref_axis',(1.,0.,0.));
#5055=DIRECTION('',(0.999531625226798,0.0306027804533389,0.));
#5056=DIRECTION('center_axis',(0.,0.,-1.));
#5057=DIRECTION('ref_axis',(1.,0.,0.));
#5058=DIRECTION('',(0.983113096950964,0.182999012575161,0.));
#5059=DIRECTION('center_axis',(0.,0.,-1.));
#5060=DIRECTION('ref_axis',(-1.,0.,0.));
#5061=DIRECTION('center_axis',(0.,0.,-1.));
#5062=DIRECTION('ref_axis',(-1.,0.,0.));
#5063=DIRECTION('center_axis',(0.,0.,-1.));
#5064=DIRECTION('ref_axis',(-1.,0.,0.));
#5065=DIRECTION('',(0.999531625226799,0.0306027804533328,0.));
#5066=DIRECTION('',(0.507473446346104,-0.861667395956008,0.));
#5067=DIRECTION('center_axis',(0.,0.,-1.));
#5068=DIRECTION('ref_axis',(-1.,0.,0.));
#5069=DIRECTION('',(0.99158303869862,0.129472303467622,0.));
#5070=DIRECTION('center_axis',(0.,0.,-1.));
#5071=DIRECTION('ref_axis',(1.,0.,0.));
#5072=DIRECTION('center_axis',(0.,0.,-1.));
#5073=DIRECTION('ref_axis',(1.,0.,0.));
#5074=DIRECTION('',(-0.0894625002363588,0.995990191242594,0.));
#5075=DIRECTION('center_axis',(0.,0.,-1.));
#5076=DIRECTION('ref_axis',(-1.,0.,0.));
#5077=DIRECTION('',(-0.12764382034366,-0.991820071952607,0.));
#5078=DIRECTION('',(0.186090403267094,0.982532626334561,0.));
#5079=DIRECTION('center_axis',(0.,0.,-1.));
#5080=DIRECTION('ref_axis',(-1.,0.,0.));
#5081=DIRECTION('center_axis',(0.,0.,-1.));
#5082=DIRECTION('ref_axis',(1.,0.,0.));
#5083=DIRECTION('center_axis',(0.,0.,-1.));
#5084=DIRECTION('ref_axis',(-1.,0.,0.));
#5085=DIRECTION('',(-0.089462500236424,-0.995990191242588,0.));
#5086=DIRECTION('center_axis',(0.,0.,1.));
#5087=DIRECTION('ref_axis',(1.,0.,0.));
#5088=DIRECTION('',(-0.999769614268531,-0.0214643515008758,0.));
#5089=DIRECTION('center_axis',(0.,0.,-1.));
#5090=DIRECTION('ref_axis',(-1.,0.,0.));
#5091=DIRECTION('',(0.184011271507525,-0.982924133368483,0.));
#5092=DIRECTION('',(0.127643843901035,-0.991820068920854,0.));
#5093=DIRECTION('center_axis',(0.,0.,-1.));
#5094=DIRECTION('ref_axis',(1.,0.,0.));
#5095=DIRECTION('',(0.983113096950964,-0.182999012575161,0.));
#5096=DIRECTION('center_axis',(0.,0.,-1.));
#5097=DIRECTION('ref_axis',(1.,0.,0.));
#5098=DIRECTION('',(0.999531621499318,-0.0306029021980737,0.));
#5099=DIRECTION('center_axis',(0.,0.,1.));
#5100=DIRECTION('ref_axis',(1.,0.,0.));
#5101=DIRECTION('',(0.9915831586926,-0.12947138447242,0.));
#5102=DIRECTION('center_axis',(0.,0.,1.));
#5103=DIRECTION('ref_axis',(1.,0.,0.));
#5104=DIRECTION('',(-0.089462500236424,-0.995990191242588,0.));
#5105=DIRECTION('center_axis',(0.,0.,1.));
#5106=DIRECTION('ref_axis',(-1.,0.,0.));
#5107=DIRECTION('',(0.9915831586926,-0.12947138447242,0.));
#5108=DIRECTION('center_axis',(0.,0.,-1.));
#5109=DIRECTION('ref_axis',(-1.,0.,0.));
#5110=DIRECTION('',(-0.507472858175766,-0.861667742354859,0.));
#5111=DIRECTION('',(0.999531621499318,-0.0306029021980748,0.));
#5112=DIRECTION('center_axis',(0.,0.,-1.));
#5113=DIRECTION('ref_axis',(-1.,0.,0.));
#5114=DIRECTION('center_axis',(0.,0.,-1.));
#5115=DIRECTION('ref_axis',(-1.,0.,0.));
#5116=DIRECTION('center_axis',(0.,0.,-1.));
#5117=DIRECTION('ref_axis',(-1.,0.,0.));
#5118=DIRECTION('center_axis',(0.,0.,-1.));
#5119=DIRECTION('ref_axis',(1.,0.,0.));
#5120=DIRECTION('center_axis',(0.,0.,1.));
#5121=DIRECTION('ref_axis',(1.,0.,0.));
#5122=DIRECTION('',(-0.992191044353494,0.124727428838738,0.));
#5123=DIRECTION('center_axis',(0.,0.,-1.));
#5124=DIRECTION('ref_axis',(-1.,0.,0.));
#5125=DIRECTION('',(0.0437574446548181,-0.999042184313195,0.));
#5126=DIRECTION('',(0.109873192656767,0.993945612966529,0.));
#5127=DIRECTION('center_axis',(0.,0.,-1.));
#5128=DIRECTION('ref_axis',(-1.,0.,0.));
#5129=DIRECTION('',(-0.980734093731645,-0.195347478592302,0.));
#5130=DIRECTION('',(-0.999769614268531,-0.0214643515008758,0.));
#5131=DIRECTION('center_axis',(0.,0.,-1.));
#5132=DIRECTION('ref_axis',(1.,0.,0.));
#5133=DIRECTION('center_axis',(0.,0.,1.));
#5134=DIRECTION('ref_axis',(-1.,0.,0.));
#5135=DIRECTION('',(0.999995575933405,0.00297457788897298,0.));
#5136=DIRECTION('',(-0.992318615078123,-0.123708391669422,0.));
#5137=DIRECTION('center_axis',(0.,0.,-1.));
#5138=DIRECTION('ref_axis',(-1.,0.,0.));
#5139=DIRECTION('',(0.999938885400156,-0.0110555626131406,0.));
#5140=DIRECTION('',(1.,1.53603195194358E-12,0.));
#5141=DIRECTION('center_axis',(0.,0.,-1.));
#5142=DIRECTION('ref_axis',(1.,0.,0.));
#5143=DIRECTION('',(-0.992191044353494,0.124727428838738,0.));
#5144=DIRECTION('',(0.999999999410451,-3.43379866128665E-5,0.));
#5145=DIRECTION('center_axis',(0.,0.,-1.));
#5146=DIRECTION('ref_axis',(-1.,0.,0.));
#5147=DIRECTION('',(0.999999999410451,-3.43379866137884E-5,0.));
#5148=DIRECTION('',(0.999917147828847,0.0128723532357047,0.));
#5149=DIRECTION('center_axis',(0.,0.,-1.));
#5150=DIRECTION('ref_axis',(-1.,0.,0.));
#5151=DIRECTION('center_axis',(-1.53603195194358E-12,1.,0.));
#5152=DIRECTION('ref_axis',(1.,1.53603195194358E-12,0.));
#5153=DIRECTION('',(0.,0.,-1.));
#5154=DIRECTION('',(0.,0.,-1.));
#5155=DIRECTION('center_axis',(0.0110555626131406,0.999938885400156,0.));
#5156=DIRECTION('ref_axis',(0.999938885400156,-0.0110555626131406,0.));
#5157=DIRECTION('',(0.,0.,-1.));
#5158=DIRECTION('center_axis',(0.,0.,-1.));
#5159=DIRECTION('ref_axis',(-1.,0.,0.));
#5160=DIRECTION('',(0.,0.,-1.));
#5161=DIRECTION('center_axis',(0.123708391669422,-0.992318615078124,0.));
#5162=DIRECTION('ref_axis',(-0.992318615078123,-0.123708391669422,0.));
#5163=DIRECTION('',(0.,0.,1.));
#5164=DIRECTION('',(0.,0.,1.));
#5165=DIRECTION('',(-0.992318615078123,-0.123708391669422,0.));
#5166=DIRECTION('',(0.,0.,-1.));
#5167=DIRECTION('center_axis',(0.,0.,-1.));
#5168=DIRECTION('ref_axis',(-1.,0.,0.));
#5169=DIRECTION('center_axis',(0.,0.,-1.));
#5170=DIRECTION('ref_axis',(-1.,0.,0.));
#5171=DIRECTION('',(0.,0.,-1.));
#5172=DIRECTION('center_axis',(-0.999077422492877,0.0429453590623055,0.));
#5173=DIRECTION('ref_axis',(0.0429453590623055,0.999077422492876,0.));
#5174=DIRECTION('',(0.0429453590623055,0.999077422492876,0.));
#5175=DIRECTION('',(0.,0.,-1.));
#5176=DIRECTION('center_axis',(0.993934498581095,0.109973690173363,0.));
#5177=DIRECTION('ref_axis',(0.109973690173363,-0.993934498581095,0.));
#5178=DIRECTION('',(0.109973690173363,-0.993934498581095,0.));
#5179=DIRECTION('',(0.,0.,-1.));
#5180=DIRECTION('center_axis',(0.,0.,-1.));
#5181=DIRECTION('ref_axis',(-1.,0.,0.));
#5182=DIRECTION('center_axis',(0.,0.,-1.));
#5183=DIRECTION('ref_axis',(-1.,0.,0.));
#5184=DIRECTION('',(0.,0.,-1.));
#5185=DIRECTION('center_axis',(-0.196525375526655,-0.980498738792716,0.));
#5186=DIRECTION('ref_axis',(-0.980498738792716,0.196525375526655,0.));
#5187=DIRECTION('',(-0.980498738792716,0.196525375526655,0.));
#5188=DIRECTION('center_axis',(0.,0.,-1.));
#5189=DIRECTION('ref_axis',(-1.,0.,0.));
#5190=DIRECTION('',(0.,0.,-1.));
#5191=DIRECTION('center_axis',(-0.982532626334561,0.186090403267094,0.));
#5192=DIRECTION('ref_axis',(0.186090403267094,0.982532626334561,0.));
#5193=DIRECTION('',(0.,0.,-1.));
#5194=DIRECTION('center_axis',(0.991820071952607,-0.12764382034366,0.));
#5195=DIRECTION('ref_axis',(-0.12764382034366,-0.991820071952607,0.));
#5196=DIRECTION('',(0.,0.,-1.));
#5197=DIRECTION('center_axis',(0.,0.,-1.));
#5198=DIRECTION('ref_axis',(0.999815582607609,-0.0192041863927425,0.));
#5199=DIRECTION('',(0.,0.,-1.));
#5200=DIRECTION('center_axis',(-0.995990191242594,-0.0894625002363588,0.));
#5201=DIRECTION('ref_axis',(-0.0894625002363588,0.995990191242594,0.));
#5202=DIRECTION('',(0.,0.,1.));
#5203=DIRECTION('',(0.,0.,1.));
#5204=DIRECTION('',(0.,0.,-1.));
#5205=DIRECTION('center_axis',(0.,0.,-1.));
#5206=DIRECTION('ref_axis',(-1.,0.,0.));
#5207=DIRECTION('',(0.,0.,-1.));
#5208=DIRECTION('center_axis',(-0.129472303467622,0.99158303869862,0.));
#5209=DIRECTION('ref_axis',(0.99158303869862,0.129472303467622,0.));
#5210=DIRECTION('',(0.,0.,-1.));
#5211=DIRECTION('center_axis',(0.,0.,-1.));
#5212=DIRECTION('ref_axis',(-1.,0.,0.));
#5213=DIRECTION('',(0.,0.,-1.));
#5214=DIRECTION('center_axis',(0.861667395956008,0.507473446346104,0.));
#5215=DIRECTION('ref_axis',(0.507473446346104,-0.861667395956008,0.));
#5216=DIRECTION('',(0.,0.,-1.));
#5217=DIRECTION('center_axis',(-0.0306027804533328,0.999531625226799,0.));
#5218=DIRECTION('ref_axis',(0.999531625226798,0.0306027804533328,0.));
#5219=DIRECTION('',(0.,0.,-1.));
#5220=DIRECTION('center_axis',(0.,0.,-1.));
#5221=DIRECTION('ref_axis',(-1.,0.,0.));
#5222=DIRECTION('',(0.,0.,-1.));
#5223=DIRECTION('center_axis',(0.,0.,-1.));
#5224=DIRECTION('ref_axis',(-1.,0.,0.));
#5225=DIRECTION('',(0.,0.,-1.));
#5226=DIRECTION('center_axis',(0.,0.,-1.));
#5227=DIRECTION('ref_axis',(-1.,0.,0.));
#5228=DIRECTION('',(0.,0.,-1.));
#5229=DIRECTION('center_axis',(-0.182999012575161,0.983113096950964,0.));
#5230=DIRECTION('ref_axis',(0.983113096950964,0.182999012575161,0.));
#5231=DIRECTION('',(0.,0.,1.));
#5232=DIRECTION('',(0.,0.,-1.));
#5233=DIRECTION('center_axis',(0.,0.,-1.));
#5234=DIRECTION('ref_axis',(-1.,0.,0.));
#5235=DIRECTION('center_axis',(0.,0.,-1.));
#5236=DIRECTION('ref_axis',(-1.,0.,0.));
#5237=DIRECTION('',(0.,0.,-1.));
#5238=DIRECTION('center_axis',(0.182999012575161,0.983113096950964,0.));
#5239=DIRECTION('ref_axis',(0.983113096950964,-0.182999012575161,0.));
#5240=DIRECTION('',(0.,0.,1.));
#5241=DIRECTION('',(0.,0.,-1.));
#5242=DIRECTION('center_axis',(0.,0.,-1.));
#5243=DIRECTION('ref_axis',(-1.,0.,0.));
#5244=DIRECTION('',(0.,0.,-1.));
#5245=DIRECTION('center_axis',(0.,0.,-1.));
#5246=DIRECTION('ref_axis',(-1.,0.,0.));
#5247=DIRECTION('',(0.,0.,-1.));
#5248=DIRECTION('center_axis',(0.,0.,-1.));
#5249=DIRECTION('ref_axis',(-1.,0.,0.));
#5250=DIRECTION('',(0.,0.,-1.));
#5251=DIRECTION('center_axis',(0.0306029021980748,0.999531621499318,0.));
#5252=DIRECTION('ref_axis',(0.999531621499318,-0.0306029021980748,0.));
#5253=DIRECTION('',(0.,0.,-1.));
#5254=DIRECTION('center_axis',(0.861667742354859,-0.507472858175766,0.));
#5255=DIRECTION('ref_axis',(-0.507472858175766,-0.861667742354859,0.));
#5256=DIRECTION('',(0.,0.,-1.));
#5257=DIRECTION('center_axis',(0.,0.,-1.));
#5258=DIRECTION('ref_axis',(-1.,0.,0.));
#5259=DIRECTION('',(0.,0.,-1.));
#5260=DIRECTION('center_axis',(0.12947138447242,0.9915831586926,0.));
#5261=DIRECTION('ref_axis',(0.9915831586926,-0.12947138447242,0.));
#5262=DIRECTION('',(0.,0.,-1.));
#5263=DIRECTION('center_axis',(0.,0.,-1.));
#5264=DIRECTION('ref_axis',(-1.,0.,0.));
#5265=DIRECTION('',(0.,0.,-1.));
#5266=DIRECTION('center_axis',(0.995990191242588,-0.089462500236424,0.));
#5267=DIRECTION('ref_axis',(-0.089462500236424,-0.995990191242588,0.));
#5268=DIRECTION('',(0.,0.,1.));
#5269=DIRECTION('',(0.,0.,1.));
#5270=DIRECTION('',(0.,0.,-1.));
#5271=DIRECTION('center_axis',(0.,0.,-1.));
#5272=DIRECTION('ref_axis',(-1.,0.,0.));
#5273=DIRECTION('',(0.,0.,-1.));
#5274=DIRECTION('center_axis',(0.991820068920854,0.127643843901035,0.));
#5275=DIRECTION('ref_axis',(0.127643843901035,-0.991820068920854,0.));
#5276=DIRECTION('',(0.,0.,-1.));
#5277=DIRECTION('center_axis',(0.982924133368483,0.184011271507525,0.));
#5278=DIRECTION('ref_axis',(0.184011271507525,-0.982924133368483,0.));
#5279=DIRECTION('',(0.,0.,-1.));
#5280=DIRECTION('center_axis',(0.,0.,-1.));
#5281=DIRECTION('ref_axis',(-1.,0.,0.));
#5282=DIRECTION('',(0.,0.,-1.));
#5283=DIRECTION('center_axis',(0.0214643515008758,-0.999769614268531,0.));
#5284=DIRECTION('ref_axis',(-0.999769614268531,-0.0214643515008758,0.));
#5285=DIRECTION('',(0.,0.,-1.));
#5286=DIRECTION('',(0.,0.,1.));
#5287=DIRECTION('center_axis',(0.195347478592302,-0.980734093731645,0.));
#5288=DIRECTION('ref_axis',(-0.980734093731645,-0.195347478592302,0.));
#5289=DIRECTION('',(0.,0.,-1.));
#5290=DIRECTION('center_axis',(0.,0.,-1.));
#5291=DIRECTION('ref_axis',(0.675866709002137,0.737023874554021,0.));
#5292=DIRECTION('',(0.,0.,-1.));
#5293=DIRECTION('center_axis',(-0.993945612966529,0.109873192656767,0.));
#5294=DIRECTION('ref_axis',(0.109873192656767,0.993945612966529,0.));
#5295=DIRECTION('',(0.,0.,-1.));
#5296=DIRECTION('center_axis',(0.999042184313195,0.0437574446548181,0.));
#5297=DIRECTION('ref_axis',(0.0437574446548181,-0.999042184313195,0.));
#5298=DIRECTION('',(0.,0.,-1.));
#5299=DIRECTION('center_axis',(0.,0.,-1.));
#5300=DIRECTION('ref_axis',(-1.,0.,0.));
#5301=DIRECTION('',(0.,0.,-1.));
#5302=DIRECTION('center_axis',(-0.124727428838738,-0.992191044353494,0.));
#5303=DIRECTION('ref_axis',(-0.992191044353494,0.124727428838738,0.));
#5304=DIRECTION('',(0.,0.,1.));
#5305=DIRECTION('',(0.,0.,1.));
#5306=DIRECTION('',(0.,0.,-1.));
#5307=DIRECTION('center_axis',(0.,0.,-1.));
#5308=DIRECTION('ref_axis',(-1.,0.,0.));
#5309=DIRECTION('',(0.,0.,-1.));
#5310=DIRECTION('center_axis',(-0.0128723532357047,0.999917147828846,0.));
#5311=DIRECTION('ref_axis',(0.999917147828847,0.0128723532357047,0.));
#5312=DIRECTION('',(0.,0.,-1.));
#5313=DIRECTION('center_axis',(3.43379866137884E-5,0.999999999410451,0.));
#5314=DIRECTION('ref_axis',(0.999999999410451,-3.43379866137884E-5,0.));
#5315=DIRECTION('',(0.,0.,-1.));
#5316=DIRECTION('center_axis',(0.,0.,-1.));
#5317=DIRECTION('ref_axis',(-1.,0.,0.));
#5318=DIRECTION('',(0.,0.,-1.));
#5319=DIRECTION('center_axis',(0.,1.,0.));
#5320=DIRECTION('ref_axis',(1.,0.,0.));
#5321=DIRECTION('',(0.,0.,-1.));
#5322=DIRECTION('',(1.,0.,0.));
#5323=DIRECTION('',(0.999995575933405,0.00297457788897298,0.));
#5324=DIRECTION('',(1.,0.,0.));
#5325=DIRECTION('center_axis',(0.,0.,-1.));
#5326=DIRECTION('ref_axis',(-1.,0.,0.));
#5327=DIRECTION('center_axis',(0.,0.,1.));
#5328=DIRECTION('ref_axis',(-1.,0.,0.));
#5329=DIRECTION('center_axis',(0.,0.,-1.));
#5330=DIRECTION('ref_axis',(1.,0.,0.));
#5331=DIRECTION('center_axis',(0.,0.,-1.));
#5332=DIRECTION('ref_axis',(1.,0.,0.));
#5333=DIRECTION('',(0.0877714817689819,-0.996140636149373,0.));
#5334=DIRECTION('center_axis',(0.00297457788897298,-0.999995575933405,0.));
#5335=DIRECTION('ref_axis',(0.999995575933405,0.00297457788897298,0.));
#5336=DIRECTION('',(0.999995575933405,0.00297457788897298,0.));
#5337=DIRECTION('',(0.,0.,1.));
#5338=DIRECTION('center_axis',(-3.43379866128665E-5,-0.999999999410451,
0.));
#5339=DIRECTION('ref_axis',(0.999999999410451,-3.43379866128665E-5,0.));
#5340=DIRECTION('center_axis',(0.,0.,1.));
#5341=DIRECTION('ref_axis',(-0.776899535781403,-0.629624579652543,0.));
#5342=DIRECTION('center_axis',(0.,0.,1.));
#5343=DIRECTION('ref_axis',(-0.729925235630877,-0.683526993167943,0.));
#5344=DIRECTION('center_axis',(0.,0.,1.));
#5345=DIRECTION('ref_axis',(1.,0.,0.));
#5346=DIRECTION('',(0.,0.,1.));
#5347=DIRECTION('center_axis',(-0.12947138447242,-0.9915831586926,0.));
#5348=DIRECTION('ref_axis',(0.9915831586926,-0.12947138447242,0.));
#5349=DIRECTION('',(0.,0.,1.));
#5350=DIRECTION('center_axis',(0.,0.,1.));
#5351=DIRECTION('ref_axis',(1.,0.,0.));
#5352=DIRECTION('',(0.,0.,1.));
#5353=DIRECTION('center_axis',(-0.0306029021980737,-0.999531621499318,0.));
#5354=DIRECTION('ref_axis',(0.999531621499318,-0.0306029021980737,0.));
#5355=DIRECTION('',(0.,0.,1.));
#5356=DIRECTION('center_axis',(0.,0.,1.));
#5357=DIRECTION('ref_axis',(1.,0.,0.));
#5358=DIRECTION('center_axis',(0.,0.,1.));
#5359=DIRECTION('ref_axis',(1.,0.,0.));
#5360=DIRECTION('',(0.,0.,1.));
#5361=DIRECTION('center_axis',(0.0306027804533389,-0.999531625226798,0.));
#5362=DIRECTION('ref_axis',(0.999531625226798,0.0306027804533389,0.));
#5363=DIRECTION('',(0.,0.,1.));
#5364=DIRECTION('center_axis',(0.,0.,1.));
#5365=DIRECTION('ref_axis',(1.,0.,0.));
#5366=DIRECTION('',(0.,0.,1.));
#5367=DIRECTION('center_axis',(0.129472303467621,-0.99158303869862,0.));
#5368=DIRECTION('ref_axis',(0.99158303869862,0.129472303467621,0.));
#5369=DIRECTION('',(0.,0.,1.));
#5370=DIRECTION('center_axis',(0.,0.,1.));
#5371=DIRECTION('ref_axis',(1.,0.,0.));
#5372=DIRECTION('center_axis',(0.,0.,1.));
#5373=DIRECTION('ref_axis',(1.,0.,0.));
#5374=DIRECTION('center_axis',(-0.996140636149373,-0.0877714817689819,0.));
#5375=DIRECTION('ref_axis',(0.0877714817689819,-0.996140636149373,0.));
#5376=DIRECTION('',(0.,0.,1.));
#5377=DIRECTION('center_axis',(0.,0.,1.));
#5378=DIRECTION('ref_axis',(1.,0.,0.));
#5379=DIRECTION('center_axis',(0.,0.,1.));
#5380=DIRECTION('ref_axis',(1.,0.,0.));
#5381=DIRECTION('center_axis',(0.,0.,1.));
#5382=DIRECTION('ref_axis',(1.,0.,0.));
#5383=DIRECTION('center_axis',(0.,0.,1.));
#5384=DIRECTION('ref_axis',(1.,0.,0.));
#5385=DIRECTION('',(0.,0.,-1.));
#5386=DIRECTION('center_axis',(0.,0.,1.));
#5387=DIRECTION('ref_axis',(1.,0.,0.));
#5388=DIRECTION('center_axis',(0.,0.,1.));
#5389=DIRECTION('ref_axis',(1.,0.,0.));
#5390=DIRECTION('center_axis',(0.,0.,1.));
#5391=DIRECTION('ref_axis',(1.,0.,0.));
#5392=DIRECTION('',(0.,0.,-1.));
#5393=DIRECTION('center_axis',(0.,0.,1.));
#5394=DIRECTION('ref_axis',(1.,0.,0.));
#5395=DIRECTION('center_axis',(0.,0.,1.));
#5396=DIRECTION('ref_axis',(1.,0.,0.));
#5397=DIRECTION('center_axis',(0.,0.,1.));
#5398=DIRECTION('ref_axis',(1.,0.,0.));
#5399=DIRECTION('',(0.,0.,-1.));
#5400=DIRECTION('center_axis',(0.,0.,1.));
#5401=DIRECTION('ref_axis',(1.,0.,0.));
#5402=DIRECTION('center_axis',(0.,0.,1.));
#5403=DIRECTION('ref_axis',(1.,0.,0.));
#5404=DIRECTION('center_axis',(0.,0.,1.));
#5405=DIRECTION('ref_axis',(1.,0.,0.));
#5406=DIRECTION('',(0.,0.,-1.));
#5407=DIRECTION('center_axis',(0.,0.,1.));
#5408=DIRECTION('ref_axis',(1.,0.,0.));
#5409=DIRECTION('center_axis',(0.,0.,1.));
#5410=DIRECTION('ref_axis',(1.,0.,0.));
#5411=DIRECTION('center_axis',(0.,0.,1.));
#5412=DIRECTION('ref_axis',(1.,0.,0.));
#5413=DIRECTION('',(0.,0.,-1.));
#5414=DIRECTION('center_axis',(0.,0.,1.));
#5415=DIRECTION('ref_axis',(1.,0.,0.));
#5416=DIRECTION('center_axis',(0.,0.,1.));
#5417=DIRECTION('ref_axis',(1.,0.,0.));
#5418=DIRECTION('center_axis',(0.,0.,1.));
#5419=DIRECTION('ref_axis',(1.,0.,0.));
#5420=DIRECTION('',(0.,0.,-1.));
#5421=DIRECTION('center_axis',(0.,0.,1.));
#5422=DIRECTION('ref_axis',(1.,0.,0.));
#5423=DIRECTION('center_axis',(0.,0.,1.));
#5424=DIRECTION('ref_axis',(1.,0.,0.));
#5425=DIRECTION('center_axis',(0.,0.,1.));
#5426=DIRECTION('ref_axis',(1.,0.,0.));
#5427=DIRECTION('',(0.,0.,-1.));
#5428=DIRECTION('center_axis',(0.,0.,1.));
#5429=DIRECTION('ref_axis',(1.,0.,0.));
#5430=DIRECTION('center_axis',(0.,0.,1.));
#5431=DIRECTION('ref_axis',(1.,0.,0.));
#5432=DIRECTION('center_axis',(0.,0.,1.));
#5433=DIRECTION('ref_axis',(1.,0.,0.));
#5434=DIRECTION('',(0.,0.,-1.));
#5435=DIRECTION('center_axis',(0.,0.,1.));
#5436=DIRECTION('ref_axis',(1.,0.,0.));
#5437=DIRECTION('center_axis',(0.,0.,1.));
#5438=DIRECTION('ref_axis',(1.,0.,0.));
#5439=DIRECTION('center_axis',(0.,0.,1.));
#5440=DIRECTION('ref_axis',(1.,0.,0.));
#5441=DIRECTION('',(0.,0.,-1.));
#5442=DIRECTION('center_axis',(0.,0.,1.));
#5443=DIRECTION('ref_axis',(1.,0.,0.));
#5444=DIRECTION('center_axis',(0.,0.,1.));
#5445=DIRECTION('ref_axis',(1.,0.,0.));
#5446=DIRECTION('center_axis',(0.,0.,1.));
#5447=DIRECTION('ref_axis',(1.,0.,0.));
#5448=DIRECTION('',(0.,0.,-1.));
#5449=DIRECTION('center_axis',(0.,0.,1.));
#5450=DIRECTION('ref_axis',(1.,0.,0.));
#5451=DIRECTION('center_axis',(0.,0.,1.));
#5452=DIRECTION('ref_axis',(1.,0.,0.));
#5453=DIRECTION('center_axis',(0.,0.,1.));
#5454=DIRECTION('ref_axis',(1.,0.,0.));
#5455=DIRECTION('',(0.,0.,-1.));
#5456=DIRECTION('center_axis',(0.,0.,1.));
#5457=DIRECTION('ref_axis',(1.,0.,0.));
#5458=CARTESIAN_POINT('',(0.,0.,0.));
#5459=CARTESIAN_POINT('Origin',(-9.00074589123223,-43.9858373299068,-21.6485153708333));
#5460=CARTESIAN_POINT('',(17.9999903414728,-43.9394498018716,-21.5960156862026));
#5461=CARTESIAN_POINT('',(17.9999869029618,-44.0340791596637,-21.7011122352993));
#5462=CARTESIAN_POINT('',(17.9999903414728,-43.9394498018716,-21.5960156862026));
#5463=CARTESIAN_POINT('',(-18.0000130757489,-44.0328429921456,-21.7010474505048));
#5464=CARTESIAN_POINT('',(-9.00074761048774,-44.0331520088029,-21.7010636453816));
#5465=CARTESIAN_POINT('',(-18.0000096372378,-43.9382136343535,-21.5959509014082));
#5466=CARTESIAN_POINT('',(-18.0000130757489,-44.0328429921456,-21.7010474505048));
#5467=CARTESIAN_POINT('',(-9.00074417197672,-43.9385226510108,-21.5959670962849));
#5468=CARTESIAN_POINT('Origin',(18.0000934968071,-40.9409444015714,-21.4889392943044));
#5469=CARTESIAN_POINT('',(18.0001966521341,-37.9476725968864,-21.2819999489302));
#5470=CARTESIAN_POINT('',(18.000200090645,-37.8425760478456,-21.3766293067848));
#5471=CARTESIAN_POINT('',(18.0001966521341,-37.9476725968864,-21.2819999489302));
#5472=CARTESIAN_POINT('Origin',(18.0000934968071,-40.9383276037592,-21.5388707710423));
#5473=CARTESIAN_POINT('Origin',(18.0000934968071,-40.9435611993836,-21.4390078175664));
#5474=CARTESIAN_POINT('Origin',(8.99946384729539,-37.8948152552642,-21.3292984303373));
#5475=CARTESIAN_POINT('',(-17.9998033265839,-37.9464364293773,-21.2819351641366));
#5476=CARTESIAN_POINT('',(-17.9997998880729,-37.8413398803275,-21.3765645219904));
#5477=CARTESIAN_POINT('',(-17.9998033265839,-37.9464364293773,-21.2819351641366));
#5478=CARTESIAN_POINT('',(8.9994655665509,-37.8422669807438,-21.3766131092644));
#5479=CARTESIAN_POINT('',(8.99946212803988,-37.9473635297845,-21.2819837514101));
#5480=CARTESIAN_POINT('Origin',(-17.9999064819109,-40.9397082340533,-21.4888745095099));
#5481=CARTESIAN_POINT('Origin',(-17.9999064819109,-40.9370914362411,-21.5388059862478));
#5482=CARTESIAN_POINT('Origin',(-17.9999064819109,-40.9423250318655,-21.438943032772));
#5483=CARTESIAN_POINT('Origin',(18.0000934968071,-40.9383276037592,-21.5388707710423));
#5484=CARTESIAN_POINT('',(17.9999903414728,-43.981318566866,-20.797112058399));
#5485=CARTESIAN_POINT('',(17.9999903414728,-43.9342162062473,-21.6958786396781));
#5486=CARTESIAN_POINT('',(18.0001966521341,-37.9895413618807,-20.4830963211269));
#5487=CARTESIAN_POINT('Origin',(18.0000934968071,-40.9854299643779,-20.6401041897632));
#5488=CARTESIAN_POINT('',(18.0001966521341,-37.942439001262,-21.3818629024061));
#5489=CARTESIAN_POINT('Origin',(-18.0000096372378,-43.9329800387292,-21.6958138548836));
#5490=CARTESIAN_POINT('',(-18.0000096372378,-43.9800823993479,-20.7970472736045));
#5491=CARTESIAN_POINT('',(-18.0000096372378,-43.9329800387292,-21.6958138548836));
#5492=CARTESIAN_POINT('',(17.9999903414728,-43.981318566866,-20.797112058399));
#5493=CARTESIAN_POINT('Origin',(1.39864044967908E-5,-0.582059398971499,
-19.4238883742786));
#5494=CARTESIAN_POINT('',(29.974169963064,-46.5801895834794,-21.8345482284208));
#5495=CARTESIAN_POINT('',(77.1765913200942,-38.9024801593757,-21.4321765275231));
#5496=CARTESIAN_POINT('',(30.8236550997458,-46.442016586162,-21.8273068884746));
#5497=CARTESIAN_POINT('',(0.000101527672174001,-46.5801895834794,-21.8345482284209));
#5498=CARTESIAN_POINT('',(1.39864044046423E-5,-46.5801895834794,-21.8345482284209));
#5499=CARTESIAN_POINT('',(-29.6676876224079,-46.5791708513321,-21.8344948389313));
#5500=CARTESIAN_POINT('',(-7.47786924028649,-46.579932805019,-21.834534771232));
#5501=CARTESIAN_POINT('',(-77.1780811078132,-38.9029073748289,-21.4321989169363));
#5502=CARTESIAN_POINT('',(-30.7156572584001,-46.4098501942905,-21.825621119309));
#5503=CARTESIAN_POINT('',(-84.2107270874344,-30.2997095020259,-20.9813244216901));
#5504=CARTESIAN_POINT('Origin',(-76.237845664519,-30.9583144946759,-21.0158404467796));
#5505=CARTESIAN_POINT('',(-83.149684973915,-20.7012066424624,-20.4782882023784));
#5506=CARTESIAN_POINT('',(-81.8657444259033,-9.0862981816456,-19.8695766433712));
#5507=CARTESIAN_POINT('',(-107.787010374857,-21.2412860130458,-20.5065925628273));
#5508=CARTESIAN_POINT('',(-48.4294665483518,-19.9400983075016,-20.4384002047493));
#5509=CARTESIAN_POINT('',(-116.143925478106,-10.9322358806801,-19.9663181388725));
#5510=CARTESIAN_POINT('Origin',(-106.657961198823,-11.7842905384869,-20.0109724313159));
#5511=CARTESIAN_POINT('',(-112.083504935826,34.272615556999,-17.5972322622039));
#5512=CARTESIAN_POINT('',(-114.175490435375,10.9824433366127,-18.8178184673939));
#5513=CARTESIAN_POINT('',(-103.093571538338,42.3368657654171,-17.1746028171979));
#5514=CARTESIAN_POINT('Origin',(-104.124296885967,34.4428442400331,-17.5883109549558));
#5515=CARTESIAN_POINT('',(-91.8065896130881,40.8631203073921,-17.2518385438815));
#5516=CARTESIAN_POINT('',(-47.2498632443705,35.0453318547092,-17.5567359170251));
#5517=CARTESIAN_POINT('',(-83.8326427440237,44.5018369224339,-17.0611414866468));
#5518=CARTESIAN_POINT('Origin',(-84.135530771304,34.6091097856179,-17.5795973469404));
#5519=CARTESIAN_POINT('',(-58.7193427440237,43.7329369224334,-17.1014378281376));
#5520=CARTESIAN_POINT('',(-34.9956222364713,43.0065820149443,-17.1395044758104));
#5521=CARTESIAN_POINT('',(-43.0885433285098,42.0489394550512,-17.1896923957214));
#5522=CARTESIAN_POINT('Origin',(-61.8581881161728,-58.785941324921,-22.4742245716699));
#5523=CARTESIAN_POINT('',(-9.9229945372943,35.8754252387021,-17.5132325661725));
#5524=CARTESIAN_POINT('',(-11.483645620766,36.1659285471571,-17.498007932902));
#5525=CARTESIAN_POINT('',(9.92299616369823,35.8754252387021,-17.5132325661725));
#5526=CARTESIAN_POINT('',(1.39864044046423E-5,35.8754252387021,-17.5132325661725));
#5527=CARTESIAN_POINT('',(43.1178532818347,42.0543949768044,-17.1894064839414));
#5528=CARTESIAN_POINT('',(11.4909863859028,36.1672946719147,-17.4979363373372));
#5529=CARTESIAN_POINT('',(58.6896733389812,43.7320372935132,-17.1014849756915));
#5530=CARTESIAN_POINT('Origin',(61.8166600356525,-58.3999274719743,-22.4539944428645));
#5531=CARTESIAN_POINT('',(83.8327437268768,44.5018457153619,-17.061141025829));
#5532=CARTESIAN_POINT('',(34.9882464317886,43.0063678441778,-17.1395157000247));
#5533=CARTESIAN_POINT('',(91.8066895933647,40.8631314178946,-17.2518379616047));
#5534=CARTESIAN_POINT('Origin',(84.1356306775552,34.6091143495562,-17.5795971077546));
#5535=CARTESIAN_POINT('',(103.093569919341,42.3368742490414,-17.17460237259));
#5536=CARTESIAN_POINT('',(47.2498944849569,35.0452919907596,-17.5567380062062));
#5537=CARTESIAN_POINT('',(112.083505152451,34.2726294833977,-17.5972315323523));
#5538=CARTESIAN_POINT('Origin',(104.124301955784,34.4428584834535,-17.5883102084898));
#5539=CARTESIAN_POINT('',(116.143926156667,-10.9322270970644,-19.9663176785427));
#5540=CARTESIAN_POINT('',(114.17549150158,10.9824478045913,-18.8178182332371));
#5541=CARTESIAN_POINT('',(107.772689187614,-21.2496381200213,-20.5070302782062));
#5542=CARTESIAN_POINT('Origin',(106.651182301404,-11.7848907145,-20.0110038852079));
#5543=CARTESIAN_POINT('',(83.1456054181077,-20.6723674944429,-20.4767768066743));
#5544=CARTESIAN_POINT('',(48.4137645609802,-19.8582365284405,-20.4341100107006));
#5545=CARTESIAN_POINT('',(84.2108264229352,-30.2997602248512,-20.9813270799607));
#5546=CARTESIAN_POINT('',(81.8626106450509,-9.07675072073904,-19.8690762821473));
#5547=CARTESIAN_POINT('Origin',(76.2379043865374,-30.9577171105094,-21.015809139202));
#5548=CARTESIAN_POINT('',(-17.999999186798,33.380227836705,-17.644000320884));
#5549=CARTESIAN_POINT('',(18.000000813202,33.380227836705,-17.644000320884));
#5550=CARTESIAN_POINT('',(9.00000739980324,33.380227836705,-17.644000320884));
#5551=CARTESIAN_POINT('',(-17.999999186798,27.1887247212266,-17.9684832495902));
#5552=CARTESIAN_POINT('Origin',(-17.999999186798,30.2844762789658,-17.8062417852371));
#5553=CARTESIAN_POINT('',(18.000000813202,27.1887247212266,-17.9684832495902));
#5554=CARTESIAN_POINT('',(-8.99999260019676,27.1887247212266,-17.9684832495902));
#5555=CARTESIAN_POINT('Origin',(18.000000813202,30.2844762789658,-17.8062417852371));
#5556=CARTESIAN_POINT('',(107.211905388222,34.719435678592,-17.5738154118922));
#5557=CARTESIAN_POINT('',(110.428176865745,-1.08746481628737,-19.4503755498377));
#5558=CARTESIAN_POINT('',(109.964952304128,4.06963585153179,-19.1801033562982));
#5559=CARTESIAN_POINT('',(101.036698519352,34.1662813327788,-17.6028050027571));
#5560=CARTESIAN_POINT('Origin',(104.124301955784,34.4428584834535,-17.5883102084898));
#5561=CARTESIAN_POINT('',(104.252969992882,-1.64061911763692,-19.4793651383723));
#5562=CARTESIAN_POINT('',(102.1816096945,21.4199317753901,-18.2708128770252));
#5563=CARTESIAN_POINT('Origin',(107.340573429314,-1.36404196696214,-19.464870344105));
#5564=CARTESIAN_POINT('',(-104.252964923067,-1.64063336105731,-19.4793658848383));
#5565=CARTESIAN_POINT('',(-110.42817179593,-1.08747905970741,-19.4503762963037));
#5566=CARTESIAN_POINT('Origin',(-107.340568359499,-1.36405621038236,-19.464871090571));
#5567=CARTESIAN_POINT('',(-101.036693445542,34.1662671338219,-17.6028057468929));
#5568=CARTESIAN_POINT('',(-103.78973963546,3.51647538923003,-19.2090932677146));
#5569=CARTESIAN_POINT('',(-107.211900322398,34.7194213907081,-17.5738161606885));
#5570=CARTESIAN_POINT('Origin',(-104.124296885967,34.4428442400331,-17.5883109549558));
#5571=CARTESIAN_POINT('',(-108.356810771558,21.9730799157877,-18.2418236113724));
#5572=CARTESIAN_POINT('Origin',(18.0001966521341,-37.942439001262,-21.3818629024061));
#5573=CARTESIAN_POINT('',(-17.9998033265839,-37.9883051943717,-20.483031536333));
#5574=CARTESIAN_POINT('',(-17.9998033265766,-37.9883051943626,-20.4830315363325));
#5575=CARTESIAN_POINT('',(-17.9998033265839,-37.941202833753,-21.3817981176121));
#5576=CARTESIAN_POINT('Origin',(-17.9999064819109,-40.9370914362411,-21.5388059862479));
#5577=CARTESIAN_POINT('Origin',(-17.9999064819109,-40.9841937968598,-20.6400394049687));
#5578=CARTESIAN_POINT('Origin',(9.35074526875468E-5,-40.9848118806234,-20.6400717973662));
#5579=CARTESIAN_POINT('Origin',(9.00000739980324,33.3276795621551,-17.5966856419584));
#5580=CARTESIAN_POINT('',(-17.999999186798,33.2751312876052,-17.5493709630328));
#5581=CARTESIAN_POINT('',(-17.999999186798,33.2751312876052,-17.5493709630328));
#5582=CARTESIAN_POINT('',(18.000000813202,33.2751312876052,-17.5493709630328));
#5583=CARTESIAN_POINT('',(18.000000813202,33.380227836705,-17.644000320884));
#5584=CARTESIAN_POINT('',(9.00000739980324,33.2751312876052,-17.5493709630328));
#5585=CARTESIAN_POINT('Origin',(-17.999999186798,30.2818594811536,-17.7563103084994));
#5586=CARTESIAN_POINT('',(-17.999999186798,27.2833540790778,-17.8633867004905));
#5587=CARTESIAN_POINT('',(-17.999999186798,27.2833540790778,-17.8633867004905));
#5588=CARTESIAN_POINT('Origin',(-17.999999186798,30.2792426833415,-17.7063788317617));
#5589=CARTESIAN_POINT('Origin',(-8.99999260019676,27.2360394001522,-17.9159349750404));
#5590=CARTESIAN_POINT('',(18.000000813202,27.2833540790778,-17.8633867004905));
#5591=CARTESIAN_POINT('',(18.000000813202,27.2833540790778,-17.8633867004905));
#5592=CARTESIAN_POINT('',(-8.99999260019676,27.2833540790778,-17.8633867004905));
#5593=CARTESIAN_POINT('Origin',(18.000000813202,30.2818594811536,-17.7563103084994));
#5594=CARTESIAN_POINT('Origin',(18.000000813202,30.2792426833415,-17.7063788317617));
#5595=CARTESIAN_POINT('Origin',(-17.999999186798,30.2844762789658,-17.8062417852371));
#5596=CARTESIAN_POINT('',(-17.999999186798,33.2332625226109,-16.7504673352292));
#5597=CARTESIAN_POINT('',(-17.999999186798,33.2803648832295,-17.6492339165083));
#5598=CARTESIAN_POINT('',(-17.999999186798,27.2414853140834,-17.0644830726868));
#5599=CARTESIAN_POINT('Origin',(-17.999999186798,30.2373739183471,-16.907475203958));
#5600=CARTESIAN_POINT('',(-17.999999186798,27.2885876747021,-17.9632496539659));
#5601=CARTESIAN_POINT('Origin',(18.000000813202,33.2803648832295,-17.6492339165083));
#5602=CARTESIAN_POINT('',(18.000000813202,33.2332625226108,-16.7504673352292));
#5603=CARTESIAN_POINT('',(18.000000813202,33.2803648832295,-17.6492339165083));
#5604=CARTESIAN_POINT('',(-17.999999186798,33.2332625226109,-16.7504673352292));
#5605=CARTESIAN_POINT('Origin',(-17.999999186798,27.2885876747021,-17.9632496539659));
#5606=CARTESIAN_POINT('',(18.000000813202,27.2414853140834,-17.0644830726868));
#5607=CARTESIAN_POINT('',(18.000000813202,27.2414853140834,-17.0644830726868));
#5608=CARTESIAN_POINT('',(18.000000813202,27.2885876747021,-17.9632496539659));
#5609=CARTESIAN_POINT('Origin',(18.000000813202,30.2844762789658,-17.8062417852371));
#5610=CARTESIAN_POINT('Origin',(18.000000813202,30.2373739183471,-16.907475203958));
#5611=CARTESIAN_POINT('Origin',(8.13201967986288E-7,30.2373739183471,-16.907475203958));
#5612=CARTESIAN_POINT('Origin',(-107.340568359499,-1.36667300819451,-19.4149396138333));
#5613=CARTESIAN_POINT('',(-104.35256503392,-1.63694511311144,-19.3790353573542));
#5614=CARTESIAN_POINT('',(-104.35256503392,-1.63694511311144,-19.3790353573542));
#5615=CARTESIAN_POINT('',(-110.328571685078,-1.10163449890186,-19.3509809168369));
#5616=CARTESIAN_POINT('',(-110.42817179593,-1.08747905970741,-19.4503762963037));
#5617=CARTESIAN_POINT('Origin',(-107.340568359499,-1.36928980600665,-19.3650081370956));
#5618=CARTESIAN_POINT('Origin',(-103.839539690887,3.51831951320296,-19.1589280039726));
#5619=CARTESIAN_POINT('',(-101.136293556394,34.1699553817678,-17.5024752194088));
#5620=CARTESIAN_POINT('',(-101.136293556394,34.1699553817678,-17.5024752194088));
#5621=CARTESIAN_POINT('',(-103.889339746313,3.5201636371759,-19.1087627402306));
#5622=CARTESIAN_POINT('Origin',(-104.124296885967,34.440227442221,-17.5383794782181));
#5623=CARTESIAN_POINT('',(-107.112300211546,34.7052659515136,-17.4744207812217));
#5624=CARTESIAN_POINT('',(-107.112300211546,34.7052659515136,-17.4744207812217));
#5625=CARTESIAN_POINT('Origin',(-104.124296885967,34.4376106444088,-17.4884480014804));
#5626=CARTESIAN_POINT('Origin',(-108.307010716131,21.9660021961904,-18.192125921639));
#5627=CARTESIAN_POINT('',(-108.257210660705,21.9589244765932,-18.1424282319056));
#5628=CARTESIAN_POINT('Origin',(-104.35256503392,-1.63171151748715,-19.4788983108296));
#5629=CARTESIAN_POINT('',(-104.35256503392,-1.6788138781058,-18.5801317295505));
#5630=CARTESIAN_POINT('',(-104.35256503392,-1.63171151748715,-19.4788983108296));
#5631=CARTESIAN_POINT('',(-101.136293556394,34.1280866167734,-16.7035715916051));
#5632=CARTESIAN_POINT('',(-101.136293560388,34.1280865723097,-16.7035715939354));
#5633=CARTESIAN_POINT('',(-101.136293556394,34.1751889773921,-17.6023381728843));
#5634=CARTESIAN_POINT('Origin',(-107.340568359499,-1.36405621038236,-19.464871090571));
#5635=CARTESIAN_POINT('',(-110.328571685078,-1.14350326389623,-18.5520772890332));
#5636=CARTESIAN_POINT('',(-110.328571685078,-1.09640090327757,-19.4508438703123));
#5637=CARTESIAN_POINT('Origin',(-107.340568359499,-1.41115857100101,-18.5661045092918));
#5638=CARTESIAN_POINT('Origin',(-107.112300211546,34.7104995471379,-17.5742837346971));
#5639=CARTESIAN_POINT('',(-107.112300211546,34.6633971865193,-16.675517153418));
#5640=CARTESIAN_POINT('',(-107.112300211546,34.7104995471379,-17.5742837346971));
#5641=CARTESIAN_POINT('',(-110.328571685078,-1.14350326389623,-18.5520772890332));
#5642=CARTESIAN_POINT('Origin',(-104.124296885967,34.4428442400331,-17.5883109549558));
#5643=CARTESIAN_POINT('Origin',(-104.124296885967,34.3957418794145,-16.6895443736767));
#5644=CARTESIAN_POINT('Origin',(-105.732432622733,16.4922916542067,-17.6278244414843));
#5645=CARTESIAN_POINT('Origin',(109.915152248701,4.06255813193456,-19.1304056665648));
#5646=CARTESIAN_POINT('',(107.112305277369,34.7052802393976,-17.4744200324254));
#5647=CARTESIAN_POINT('',(107.112305277369,34.7052802393976,-17.4744200324254));
#5648=CARTESIAN_POINT('',(110.328576754893,-1.10162025548182,-19.3509801703709));
#5649=CARTESIAN_POINT('',(110.428176865745,-1.08746481628737,-19.4503755498377));
#5650=CARTESIAN_POINT('',(109.865352193275,4.05548041233734,-19.0807079768314));
#5651=CARTESIAN_POINT('Origin',(104.124301955784,34.4402416856414,-17.5383787317521));
#5652=CARTESIAN_POINT('',(101.136298630205,34.1699695807246,-17.502474475273));
#5653=CARTESIAN_POINT('',(101.136298630205,34.1699695807246,-17.502474475273));
#5654=CARTESIAN_POINT('Origin',(104.124301955784,34.4376248878292,-17.4884472550143));
#5655=CARTESIAN_POINT('Origin',(102.231409749926,21.421775899363,-18.2206476132832));
#5656=CARTESIAN_POINT('',(104.352570103735,-1.63693086969106,-19.3790346108882));
#5657=CARTESIAN_POINT('',(104.352570103735,-1.63693086969106,-19.3790346108882));
#5658=CARTESIAN_POINT('',(102.281209805352,21.423620023336,-18.1704823495411));
#5659=CARTESIAN_POINT('Origin',(107.340573429314,-1.36665876477429,-19.4149388673673));
#5660=CARTESIAN_POINT('Origin',(107.340573429314,-1.36927556258644,-19.3650073906295));
#5661=CARTESIAN_POINT('Origin',(104.124301955784,34.4428584834535,-17.5883102084898));
#5662=CARTESIAN_POINT('',(107.112305277369,34.6634114744032,-16.6755164046218));
#5663=CARTESIAN_POINT('',(107.112305277369,34.7105138350219,-17.5742829859009));
#5664=CARTESIAN_POINT('',(101.136298630205,34.1281008157303,-16.7035708474694));
#5665=CARTESIAN_POINT('Origin',(104.124301955784,34.3957561228349,-16.6895436272107));
#5666=CARTESIAN_POINT('',(101.136298630205,34.1752031763489,-17.6023374287485));
#5667=CARTESIAN_POINT('Origin',(110.328576754893,-1.09638665985754,-19.4508431238463));
#5668=CARTESIAN_POINT('',(110.328576754893,-1.14348902047619,-18.5520765425672));
#5669=CARTESIAN_POINT('',(110.328576754893,-1.09638665985753,-19.4508431238463));
#5670=CARTESIAN_POINT('',(107.112305281363,34.6634114299395,-16.675516406952));
#5671=CARTESIAN_POINT('Origin',(107.340573429314,-1.36404196696215,-19.4648703441049));
#5672=CARTESIAN_POINT('',(104.352570103735,-1.67879963468542,-18.5801309830845));
#5673=CARTESIAN_POINT('',(104.352570103735,-1.63169727406676,-19.4788975643636));
#5674=CARTESIAN_POINT('Origin',(107.340573429314,-1.4111443275808,-18.5661037628258));
#5675=CARTESIAN_POINT('Origin',(101.136298630205,34.1752031763489,-17.6023374287485));
#5676=CARTESIAN_POINT('',(104.352570103735,-1.67879963468542,-18.5801309830845));
#5677=CARTESIAN_POINT('Origin',(105.732437692549,16.492305897627,-17.6278236950182));
#5678=CARTESIAN_POINT('Origin',(-83.2269235842299,-19.2710977135814,0.));
#5679=CARTESIAN_POINT('',(-83.2698522872316,-17.2715584850444,4.5));
#5680=CARTESIAN_POINT('',(-81.234616159932,-19.4463436182056,4.5));
#5681=CARTESIAN_POINT('Origin',(-83.2269235842299,-19.2710977135814,4.5));
#5682=CARTESIAN_POINT('',(-81.234616159932,-19.4463436182056,0.));
#5683=CARTESIAN_POINT('',(-81.234616159932,-19.4463436182056,0.));
#5684=CARTESIAN_POINT('',(-83.2698522872316,-17.2715584850444,0.));
#5685=CARTESIAN_POINT('Origin',(-83.2269235842299,-19.2710977135814,0.));
#5686=CARTESIAN_POINT('',(-83.2698522872316,-17.2715584850444,0.));
#5687=CARTESIAN_POINT('Origin',(-81.6275470823164,-23.9134334231368,0.));
#5688=CARTESIAN_POINT('',(-82.215987570831,-30.6032009046608,4.5));
#5689=CARTESIAN_POINT('',(-81.6275470823164,-23.9134334231368,4.5));
#5690=CARTESIAN_POINT('',(-82.215987570831,-30.6032009046608,0.));
#5691=CARTESIAN_POINT('',(-82.215987570831,-30.6032009046608,0.));
#5692=CARTESIAN_POINT('',(-81.6275470823164,-23.9134334231368,0.));
#5693=CARTESIAN_POINT('Origin',(1.39864043124938E-5,-1.1938619642656,4.5));
#5694=CARTESIAN_POINT('',(-108.032326032599,-17.8031914061855,4.5));
#5695=CARTESIAN_POINT('',(-94.5357163132004,-17.5134286738992,4.5));
#5696=CARTESIAN_POINT('',(-114.151945095621,-11.2681687498818,4.5));
#5697=CARTESIAN_POINT('Origin',(-108.176032407187,-11.804941195035,4.5));
#5698=CARTESIAN_POINT('',(-110.105238574647,33.7840038484243,4.5));
#5699=CARTESIAN_POINT('',(-112.128591835134,11.2579175492713,4.5));
#5700=CARTESIAN_POINT('',(-103.352514307283,39.1966915793031,4.5));
#5701=CARTESIAN_POINT('Origin',(-104.129337415882,33.2472324388969,4.5));
#5702=CARTESIAN_POINT('',(-89.9884397142908,37.4517393535829,4.5));
#5703=CARTESIAN_POINT('',(-96.6704770107867,38.324215466443,4.5));
#5704=CARTESIAN_POINT('',(-83.8938485484199,42.3457658107064,4.5));
#5705=CARTESIAN_POINT('Origin',(-84.077937758297,36.3331665723047,4.5));
#5706=CARTESIAN_POINT('',(-58.7805485484199,41.5768658107065,4.5));
#5707=CARTESIAN_POINT('',(-71.3371985484199,41.9613158107065,4.5));
#5708=CARTESIAN_POINT('',(-43.4545413536601,39.9257053924204,4.5));
#5709=CARTESIAN_POINT('Origin',(-61.8581881161728,-58.9429491936496,4.5));
#5710=CARTESIAN_POINT('',(-15.4660496805817,34.7158609141743,4.5));
#5711=CARTESIAN_POINT('',(-29.4602955171209,37.3207831532973,4.5));
#5712=CARTESIAN_POINT('',(-14.2508520162714,33.4166983405741,4.5));
#5713=CARTESIAN_POINT('Origin',(-15.7405479782883,33.2411924568499,4.5));
#5714=CARTESIAN_POINT('',(-12.7611548540452,32.0922043656988,4.5));
#5715=CARTESIAN_POINT('Origin',(-12.7611548540452,33.5922043656988,4.5));
#5716=CARTESIAN_POINT('',(-9.2405491867984,32.0922043656988,4.5));
#5717=CARTESIAN_POINT('',(1.39864043124938E-5,32.0922043656988,4.5));
#5718=CARTESIAN_POINT('',(-7.7405491867984,33.5922043656988,4.5));
#5719=CARTESIAN_POINT('Origin',(-9.2405491867984,33.5922043656988,4.5));
#5720=CARTESIAN_POINT('',(-7.7405491867984,37.2184173699733,4.5));
#5721=CARTESIAN_POINT('',(-7.7405491867984,-1.1938619642656,4.5));
#5722=CARTESIAN_POINT('',(-9.2405491867984,38.7184173699733,4.5));
#5723=CARTESIAN_POINT('Origin',(-9.2405491867984,37.2184173699733,4.5));
#5724=CARTESIAN_POINT('',(-12.2405491867984,38.7184173699733,4.5));
#5725=CARTESIAN_POINT('',(1.39864043124938E-5,38.7184173699733,4.5));
#5726=CARTESIAN_POINT('',(-14.5510546177059,39.6314263989291,4.5));
#5727=CARTESIAN_POINT('Origin',(-15.7405479782882,33.2411924568501,4.5));
#5728=CARTESIAN_POINT('',(-42.5395462907843,44.8412708771752,4.5));
#5729=CARTESIAN_POINT('',(-28.5453004542451,42.2363486380522,4.5));
#5730=CARTESIAN_POINT('',(-58.6275340374295,46.574523918203,4.5));
#5731=CARTESIAN_POINT('Origin',(-61.8581881161728,-58.9429491936498,4.5));
#5732=CARTESIAN_POINT('',(-83.7408340374295,47.343423918203,4.5));
#5733=CARTESIAN_POINT('',(-71.1841840374295,46.958973918203,4.5));
#5734=CARTESIAN_POINT('',(-92.9373186305561,43.8792170076268,4.5));
#5735=CARTESIAN_POINT('Origin',(-84.135530771304,34.4521019168891,4.5));
#5736=CARTESIAN_POINT('',(-102.705157384921,45.1546073727661,4.5));
#5737=CARTESIAN_POINT('',(-97.8212380077383,44.5169121901964,4.5));
#5738=CARTESIAN_POINT('',(-115.08518953086,34.2313163496064,4.5));
#5739=CARTESIAN_POINT('Origin',(-104.124296885967,34.2858363713043,4.5));
#5740=CARTESIAN_POINT('',(-119.131896051834,-10.8208562486997,4.5));
#5741=CARTESIAN_POINT('',(-117.108542791347,11.7052300504534,4.5));
#5742=CARTESIAN_POINT('',(-107.918162772887,-24.4018896187301,4.5));
#5743=CARTESIAN_POINT('Origin',(-106.657961198823,-11.9412984072157,4.5));
#5744=CARTESIAN_POINT('',(-86.5078032856166,-23.9325491652648,4.5));
#5745=CARTESIAN_POINT('',(-97.2129830292521,-24.1672193919975,4.5));
#5746=CARTESIAN_POINT('',(-87.1967631834414,-30.1650855228093,4.5));
#5747=CARTESIAN_POINT('',(-86.852283234529,-27.048817344037,4.5));
#5748=CARTESIAN_POINT('',(-77.5988096137473,-42.0308433102907,4.5));
#5749=CARTESIAN_POINT('Origin',(-76.237845664519,-31.1153223634047,4.5));
#5750=CARTESIAN_POINT('',(-29.9085327350198,-49.7361704516933,4.5));
#5751=CARTESIAN_POINT('',(-53.7536711698902,-45.8835068168197,4.5));
#5752=CARTESIAN_POINT('',(5.00206922551824E-5,-49.7371974522082,4.5));
#5753=CARTESIAN_POINT('',(-14.9542413571637,-49.7366839519507,4.5));
#5754=CARTESIAN_POINT('',(30.2165597108667,-49.7371974521618,4.5));
#5755=CARTESIAN_POINT('',(1.39864043124938E-5,-49.7371974522082,4.5));
#5756=CARTESIAN_POINT('',(77.5986999435555,-42.0302549737825,4.5));
#5757=CARTESIAN_POINT('',(53.9076332483472,-45.8837260975879,4.5));
#5758=CARTESIAN_POINT('',(87.1968606984541,-30.1650845139381,4.5));
#5759=CARTESIAN_POINT('Origin',(76.2379043865374,-31.1147249792382,4.5));
#5760=CARTESIAN_POINT('',(86.504650474268,-23.9089370571737,4.5));
#5761=CARTESIAN_POINT('',(86.850755586361,-27.0370107855558,4.5));
#5762=CARTESIAN_POINT('',(107.900182104589,-24.4104585545794,4.5));
#5763=CARTESIAN_POINT('',(97.2024162894286,-24.1596978058766,4.5));
#5764=CARTESIAN_POINT('',(119.131896730395,-10.8208474650842,4.5));
#5765=CARTESIAN_POINT('Origin',(106.651182301404,-11.9418985832288,4.5));
#5766=CARTESIAN_POINT('',(115.08518975341,34.2313302100542,4.5));
#5767=CARTESIAN_POINT('',(117.108543241902,11.7052413724851,4.5));
#5768=CARTESIAN_POINT('',(102.705153008938,45.1546154964084,4.5));
#5769=CARTESIAN_POINT('Origin',(104.124301955784,34.2858506147247,4.5));
#5770=CARTESIAN_POINT('',(92.9374164405755,43.8792292666978,4.5));
#5771=CARTESIAN_POINT('',(97.8212847247569,44.5169223815531,4.5));
#5772=CARTESIAN_POINT('',(83.7409353855168,47.3434327223134,4.5));
#5773=CARTESIAN_POINT('Origin',(84.1356306775552,34.4521064808274,4.5));
#5774=CARTESIAN_POINT('',(58.5978649976212,46.5736243004648,4.5));
#5775=CARTESIAN_POINT('',(71.169400191569,46.9585285113891,4.5));
#5776=CARTESIAN_POINT('',(42.5688562441091,44.8467263989291,4.5));
#5777=CARTESIAN_POINT('Origin',(61.8166600356525,-58.5569353407031,4.5));
#5778=CARTESIAN_POINT('',(14.5510562441091,39.6314263989291,4.5));
#5779=CARTESIAN_POINT('',(28.5599562441092,42.239076398929,4.5));
#5780=CARTESIAN_POINT('',(12.2405508132016,38.7184173699733,4.5));
#5781=CARTESIAN_POINT('Origin',(15.7405496046915,33.2411924568499,4.5));
#5782=CARTESIAN_POINT('',(9.24055081320162,38.7184173699733,4.5));
#5783=CARTESIAN_POINT('',(1.39864043124938E-5,38.7184173699733,4.5));
#5784=CARTESIAN_POINT('',(7.74055081320162,37.2184173699733,4.5));
#5785=CARTESIAN_POINT('Origin',(9.24055081320162,37.2184173699733,4.5));
#5786=CARTESIAN_POINT('',(7.74055081320162,33.5922043656988,4.5));
#5787=CARTESIAN_POINT('',(7.74055081320162,-1.1938619642656,4.5));
#5788=CARTESIAN_POINT('',(9.24055081320162,32.0922043656988,4.5));
#5789=CARTESIAN_POINT('Origin',(9.24055081320162,33.5922043656988,4.5));
#5790=CARTESIAN_POINT('',(12.7611564804484,32.0922043656988,4.5));
#5791=CARTESIAN_POINT('',(1.39864043124938E-5,32.0922043656988,4.5));
#5792=CARTESIAN_POINT('',(14.2508536426746,33.4166983405741,4.5));
#5793=CARTESIAN_POINT('Origin',(12.7611564804484,33.5922043656988,4.5));
#5794=CARTESIAN_POINT('',(15.466051306985,34.7158609141743,4.5));
#5795=CARTESIAN_POINT('Origin',(15.7405496046915,33.2411924568499,4.5));
#5796=CARTESIAN_POINT('',(43.4838513069849,39.9311609141743,4.5));
#5797=CARTESIAN_POINT('',(29.474951306985,37.3235109141743,4.5));
#5798=CARTESIAN_POINT('',(58.7508788998879,41.5759661743308,4.5));
#5799=CARTESIAN_POINT('Origin',(61.8166600356524,-58.5569353407018,4.5));
#5800=CARTESIAN_POINT('',(83.8939492877835,42.3457745961794,4.5));
#5801=CARTESIAN_POINT('',(71.3224140938357,41.9608703852551,4.5));
#5802=CARTESIAN_POINT('',(89.9885402534228,37.4517485791956,4.5));
#5803=CARTESIAN_POINT('Origin',(84.0780377873863,36.3331746144856,4.5));
#5804=CARTESIAN_POINT('',(103.352514526276,39.1967003029153,4.5));
#5805=CARTESIAN_POINT('',(96.6705273898495,38.3242244410555,4.5));
#5806=CARTESIAN_POINT('',(110.105238797194,33.7840177088715,4.5));
#5807=CARTESIAN_POINT('Origin',(104.1293425149,33.247246737362,4.5));
#5808=CARTESIAN_POINT('',(114.151945774179,-11.2681599662663,4.5));
#5809=CARTESIAN_POINT('',(112.128592285686,11.2579288713026,4.5));
#5810=CARTESIAN_POINT('',(108.017352311046,-17.8118316288409,4.5));
#5811=CARTESIAN_POINT('Origin',(108.176855039705,-11.8139827880081,4.5));
#5812=CARTESIAN_POINT('',(83.2687011378945,-17.2317114051609,4.5));
#5813=CARTESIAN_POINT('',(94.5253260532334,-17.4955720785398,4.5));
#5814=CARTESIAN_POINT('',(81.2295517829683,-19.4067051389932,4.5));
#5815=CARTESIAN_POINT('Origin',(83.2218330552671,-19.2311621754553,4.5));
#5816=CARTESIAN_POINT('',(82.2157924538605,-30.59979872131,4.5));
#5817=CARTESIAN_POINT('',(81.6245425987078,-23.8895553146288,4.5));
#5818=CARTESIAN_POINT('',(76.9801577756182,-37.0686610473318,4.5));
#5819=CARTESIAN_POINT('Origin',(76.2379043865373,-31.1147249792382,4.5));
#5820=CARTESIAN_POINT('',(29.9060892854857,-42.9371968318712,4.5));
#5821=CARTESIAN_POINT('',(53.4431235305519,-40.0029289396015,4.5));
#5822=CARTESIAN_POINT('',(-0.0016311688163656,-43.0261600694234,4.5));
#5823=CARTESIAN_POINT('',(14.9522290583347,-42.9816784506473,4.5));
#5824=CARTESIAN_POINT('',(-29.6018252617866,-43.0251436583543,4.5));
#5825=CARTESIAN_POINT('',(-14.8017282153015,-43.0256518638889,4.5));
#5826=CARTESIAN_POINT('',(-76.9751789280674,-37.0698826913361,4.5));
#5827=CARTESIAN_POINT('',(-53.288502094927,-40.0475131748452,4.5));
#5828=CARTESIAN_POINT('Origin',(-76.237845664519,-31.1153223634047,4.5));
#5829=CARTESIAN_POINT('',(112.360149410533,-17.92496457646,4.5));
#5830=CARTESIAN_POINT('Origin',(114.310149410533,-17.92496457646,4.5));
#5831=CARTESIAN_POINT('',(-1.94994997930774,-46.7371974522082,4.5));
#5832=CARTESIAN_POINT('Origin',(5.0020692254904E-5,-46.7371974522082,4.5));
#5833=CARTESIAN_POINT('',(80.8400756136743,-36.0328828092943,4.5));
#5834=CARTESIAN_POINT('Origin',(82.7900756136743,-36.0328828092943,4.5));
#5835=CARTESIAN_POINT('',(-84.740267701985,-36.0331905706513,4.5));
#5836=CARTESIAN_POINT('Origin',(-82.790267701985,-36.0331905706513,4.5));
#5837=CARTESIAN_POINT('',(8.7905508132016,35.5922043656988,4.5));
#5838=CARTESIAN_POINT('Origin',(10.7405508132016,35.5922043656988,4.5));
#5839=CARTESIAN_POINT('',(-12.6905491867984,35.5922043656988,4.5));
#5840=CARTESIAN_POINT('Origin',(-10.7405491867984,35.5922043656988,4.5));
#5841=CARTESIAN_POINT('',(-116.265483795165,-17.9154252339532,4.5));
#5842=CARTESIAN_POINT('Origin',(-114.315483795165,-17.9154252339532,4.5));
#5843=CARTESIAN_POINT('',(107.426248965787,40.5049319715899,4.5));
#5844=CARTESIAN_POINT('Origin',(109.376248965787,40.5049319715899,4.5));
#5845=CARTESIAN_POINT('',(-111.326250757765,40.5049181355258,4.5));
#5846=CARTESIAN_POINT('Origin',(-109.376250757765,40.5049181355258,4.5));
#5847=CARTESIAN_POINT('',(69.3724140938357,44.4608703852551,4.5));
#5848=CARTESIAN_POINT('Origin',(71.3224140938357,44.4608703852551,4.5));
#5849=CARTESIAN_POINT('',(-73.2871985484199,44.4613158107064,4.5));
#5850=CARTESIAN_POINT('Origin',(-71.3371985484199,44.4613158107064,4.5));
#5851=CARTESIAN_POINT('Origin',(83.2218330552671,-19.2311621754553,0.));
#5852=CARTESIAN_POINT('',(83.2687011378945,-17.2317114051609,0.));
#5853=CARTESIAN_POINT('',(83.2687011378945,-17.2317114051609,0.));
#5854=CARTESIAN_POINT('',(81.2295517829683,-19.4067051389932,0.));
#5855=CARTESIAN_POINT('Origin',(83.2218330552671,-19.2311621754553,0.));
#5856=CARTESIAN_POINT('',(81.2295517829683,-19.4067051389932,0.));
#5857=CARTESIAN_POINT('Origin',(94.5253260532334,-17.4955720785398,0.));
#5858=CARTESIAN_POINT('',(108.017352311046,-17.8118316288409,0.));
#5859=CARTESIAN_POINT('',(108.017352311046,-17.8118316288409,0.));
#5860=CARTESIAN_POINT('',(103.776852125074,-17.7124322757533,0.));
#5861=CARTESIAN_POINT('',(94.5253260532334,-17.4955720785398,0.));
#5862=CARTESIAN_POINT('',(103.776852125074,-17.7124322757533,-2.));
#5863=CARTESIAN_POINT('',(103.776852125074,-17.7124322757533,0.));
#5864=CARTESIAN_POINT('',(94.5253260532334,-17.4955720785398,-2.));
#5865=CARTESIAN_POINT('',(94.5253260532334,-17.4955720785398,-2.));
#5866=CARTESIAN_POINT('',(94.5253260532334,-17.4955720785398,0.));
#5867=CARTESIAN_POINT('',(94.5253260532334,-17.4955720785398,0.));
#5868=CARTESIAN_POINT('',(94.5253260532334,-17.4955720785398,0.));
#5869=CARTESIAN_POINT('Origin',(-9.2405491867984,37.2184173699733,-1.));
#5870=CARTESIAN_POINT('',(-7.7405491867984,37.2184173699733,-2.));
#5871=CARTESIAN_POINT('',(-7.7405491867984,37.2184173699733,-1.));
#5872=CARTESIAN_POINT('',(-9.2405491867984,38.7184173699733,-2.));
#5873=CARTESIAN_POINT('Origin',(-9.2405491867984,37.2184173699733,-2.));
#5874=CARTESIAN_POINT('',(-9.2405491867984,38.7184173699733,-1.));
#5875=CARTESIAN_POINT('Origin',(1.39864043124938E-5,38.7184173699733,-2.));
#5876=CARTESIAN_POINT('',(9.24055081320162,38.7184173699733,-2.));
#5877=CARTESIAN_POINT('',(1.39864043124938E-5,38.7184173699733,-2.));
#5878=CARTESIAN_POINT('',(9.24055081320162,38.7184173699733,-1.));
#5879=CARTESIAN_POINT('',(12.2405508132016,38.7184173699733,-2.));
#5880=CARTESIAN_POINT('',(12.2405508132016,38.7184173699733,-2.));
#5881=CARTESIAN_POINT('',(9.6461601937429,38.7184173699733,-2.));
#5882=CARTESIAN_POINT('',(1.39864043124938E-5,38.7184173699733,-2.));
#5883=CARTESIAN_POINT('',(9.64616019374293,38.7184173699733,-14.5146889466455));
#5884=CARTESIAN_POINT('',(9.64616019374293,38.7184173699733,-2.));
#5885=CARTESIAN_POINT('',(9.64616661343196,38.7184173699733,-14.5173439619088));
#5886=CARTESIAN_POINT('',(9.64616019374293,38.7184173699733,-2.));
#5887=CARTESIAN_POINT('',(-9.64615856733901,38.7184173699733,-14.5173439619088));
#5888=CARTESIAN_POINT('',(1.39864044046423E-5,38.7184173699733,-14.5173439619088));
#5889=CARTESIAN_POINT('',(-9.64615856733901,38.7184173699733,-14.5146889466455));
#5890=CARTESIAN_POINT('',(-9.64615856733901,38.7184173699733,-2.));
#5891=CARTESIAN_POINT('',(-9.64615856733903,38.7184173699733,-2.));
#5892=CARTESIAN_POINT('',(-9.64615856733901,38.7184173699733,-2.));
#5893=CARTESIAN_POINT('',(-12.2405491867984,38.7184173699733,-2.));
#5894=CARTESIAN_POINT('',(1.39864043124938E-5,38.7184173699733,-2.));
#5895=CARTESIAN_POINT('',(-12.2405491867984,38.7184173699733,-2.));
#5896=CARTESIAN_POINT('Origin',(9.24055081320162,37.2184173699733,-1.));
#5897=CARTESIAN_POINT('',(7.74055081320162,37.2184173699733,-2.));
#5898=CARTESIAN_POINT('Origin',(9.24055081320162,37.2184173699733,-2.));
#5899=CARTESIAN_POINT('',(7.74055081320162,37.2184173699733,-1.));
#5900=CARTESIAN_POINT('Origin',(12.7611564804484,33.5922043656988,0.));
#5901=CARTESIAN_POINT('',(12.7611564804484,32.0922043656988,-2.));
#5902=CARTESIAN_POINT('',(14.2508536426746,33.4166983405741,-2.));
#5903=CARTESIAN_POINT('Origin',(12.7611564804484,33.5922043656988,-2.));
#5904=CARTESIAN_POINT('',(14.2508536426746,33.4166983405741,0.));
#5905=CARTESIAN_POINT('',(12.7611564804484,32.0922043656988,0.));
#5906=CARTESIAN_POINT('Origin',(10.7405508132016,32.0922043656988,0.));
#5907=CARTESIAN_POINT('',(9.24055081320162,32.0922043656988,-2.));
#5908=CARTESIAN_POINT('',(9.24055081320162,32.0922043656988,0.));
#5909=CARTESIAN_POINT('',(1.39864043124938E-5,32.0922043656988,-2.));
#5910=CARTESIAN_POINT('Origin',(9.24055081320162,33.5922043656988,0.));
#5911=CARTESIAN_POINT('',(7.74055081320162,33.5922043656988,-2.));
#5912=CARTESIAN_POINT('',(7.74055081320162,33.5922043656988,0.));
#5913=CARTESIAN_POINT('Origin',(9.24055081320162,33.5922043656988,-2.));
#5914=CARTESIAN_POINT('Origin',(7.74055081320162,35.405310867836,0.));
#5915=CARTESIAN_POINT('',(7.74055081320162,-1.1938619642656,-2.));
#5916=CARTESIAN_POINT('Origin',(-9.2405491867984,33.5922043656988,0.));
#5917=CARTESIAN_POINT('',(-9.2405491867984,32.0922043656988,-2.));
#5918=CARTESIAN_POINT('',(-9.2405491867984,32.0922043656988,0.));
#5919=CARTESIAN_POINT('',(-7.7405491867984,33.5922043656988,-2.));
#5920=CARTESIAN_POINT('Origin',(-9.2405491867984,33.5922043656988,-2.));
#5921=CARTESIAN_POINT('',(-7.7405491867984,33.5922043656988,0.));
#5922=CARTESIAN_POINT('Origin',(-10.7405491867984,32.0922043656988,0.));
#5923=CARTESIAN_POINT('',(-12.7611548540452,32.0922043656988,-2.));
#5924=CARTESIAN_POINT('',(-12.7611548540452,32.0922043656988,0.));
#5925=CARTESIAN_POINT('',(1.39864043124938E-5,32.0922043656988,-2.));
#5926=CARTESIAN_POINT('Origin',(-12.7611548540452,33.5922043656988,0.));
#5927=CARTESIAN_POINT('',(-14.2508520162714,33.4166983405741,-2.));
#5928=CARTESIAN_POINT('',(-14.2508520162714,33.4166983405741,0.));
#5929=CARTESIAN_POINT('Origin',(-12.7611548540452,33.5922043656988,-2.));
#5930=CARTESIAN_POINT('Origin',(80.,20.2012654647197,-2.));
#5931=CARTESIAN_POINT('',(80.,20.2012654647197,-2.));
#5932=CARTESIAN_POINT('',(80.,1.2012654647197,-2.));
#5933=CARTESIAN_POINT('',(80.,9.50370175022705,-2.));
#5934=CARTESIAN_POINT('',(80.,20.2012654647197,-6.2));
#5935=CARTESIAN_POINT('',(80.,20.2012654647197,-2.));
#5936=CARTESIAN_POINT('',(80.,1.2012654647197,-6.2));
#5937=CARTESIAN_POINT('',(80.,20.2012654647197,-6.2));
#5938=CARTESIAN_POINT('',(80.,1.2012654647197,-2.));
#5939=CARTESIAN_POINT('Origin',(-80.,20.2012654647197,-2.));
#5940=CARTESIAN_POINT('',(-80.,20.2012654647197,-2.));
#5941=CARTESIAN_POINT('',(-39.9999930067978,20.2012654647197,-2.));
#5942=CARTESIAN_POINT('',(-80.,20.2012654647197,-6.2));
#5943=CARTESIAN_POINT('',(-80.,20.2012654647197,-2.));
#5944=CARTESIAN_POINT('',(-80.,20.2012654647197,-6.2));
#5945=CARTESIAN_POINT('Origin',(-80.,1.2012654647197,-2.));
#5946=CARTESIAN_POINT('',(-80.,1.2012654647197,-2.));
#5947=CARTESIAN_POINT('',(-80.,0.00370175022705123,-2.));
#5948=CARTESIAN_POINT('',(-80.,1.2012654647197,-6.2));
#5949=CARTESIAN_POINT('',(-80.,1.2012654647197,-2.));
#5950=CARTESIAN_POINT('',(-80.,1.2012654647197,-6.2));
#5951=CARTESIAN_POINT('Origin',(80.,1.2012654647197,-2.));
#5952=CARTESIAN_POINT('',(40.0000069932022,1.2012654647197,-2.));
#5953=CARTESIAN_POINT('',(80.,1.2012654647197,-6.2));
#5954=CARTESIAN_POINT('Origin',(0.,10.7012654647197,-6.2));
#5955=CARTESIAN_POINT('Origin',(30.8236550997458,-46.5990244548908,-18.8314182842108));
#5956=CARTESIAN_POINT('',(77.5987462583068,-42.0302483226182,-18.4367949571924));
#5957=CARTESIAN_POINT('Ctrl Pts',(77.1765913200942,-38.9024801593758,-21.4321765275231));
#5958=CARTESIAN_POINT('Ctrl Pts',(77.1771891751878,-38.906728689971,-21.4323991835768));
#5959=CARTESIAN_POINT('Ctrl Pts',(77.1777870392368,-38.9109774876915,-21.4326119432976));
#5960=CARTESIAN_POINT('Ctrl Pts',(77.1783849086048,-38.9152265272589,-21.4328148237155));
#5961=CARTESIAN_POINT('Ctrl Pts',(77.192185644679,-39.0133079423342,-21.4374979522605));
#5962=CARTESIAN_POINT('Ctrl Pts',(77.2059694118955,-39.1113790285769,-21.4369148264356));
#5963=CARTESIAN_POINT('Ctrl Pts',(77.2196914006398,-39.2091288983626,-21.4312916958218));
#5964=CARTESIAN_POINT('Ctrl Pts',(77.2337282152714,-39.3091214597921,-21.42553955278));
#5965=CARTESIAN_POINT('Ctrl Pts',(77.2477004696076,-39.4087786705279,-21.4145133250031));
#5966=CARTESIAN_POINT('Ctrl Pts',(77.2615586969947,-39.5077654722765,-21.3984012288192));
#5967=CARTESIAN_POINT('Ctrl Pts',(77.2649530394705,-39.5320106442121,-21.3944548386407));
#5968=CARTESIAN_POINT('Ctrl Pts',(77.2683405307711,-39.5562155545451,-21.390203093346));
#5969=CARTESIAN_POINT('Ctrl Pts',(77.2717204213322,-39.580375175379,-21.3856482979403));
#5970=CARTESIAN_POINT('Ctrl Pts',(77.2854840253565,-39.678758081133,-21.367100241652));
#5971=CARTESIAN_POINT('Ctrl Pts',(77.2990828772497,-39.7761113768497,-21.3435834721521));
#5972=CARTESIAN_POINT('Ctrl Pts',(77.3124687581786,-39.8721062546178,-21.3153063314411));
#5973=CARTESIAN_POINT('Ctrl Pts',(77.325991434564,-39.969082140897,-21.2867402157728));
#5974=CARTESIAN_POINT('Ctrl Pts',(77.3392968563148,-40.0646725355013,-21.2533156394876));
#5975=CARTESIAN_POINT('Ctrl Pts',(77.3523332225486,-40.1585249470601,-21.2151965855029));
#5976=CARTESIAN_POINT('Ctrl Pts',(77.3551455389183,-40.1787715916109,-21.2069732173036));
#5977=CARTESIAN_POINT('Ctrl Pts',(77.357945323144,-40.1989372761533,-21.198531197057));
#5978=CARTESIAN_POINT('Ctrl Pts',(77.3607320360433,-40.219018321445,-21.1898718859838));
#5979=CARTESIAN_POINT('Ctrl Pts',(77.3736684733848,-40.3122382524383,-21.1496737603904));
#5980=CARTESIAN_POINT('Ctrl Pts',(77.3862734531188,-40.4032711719503,-21.1049540982462));
#5981=CARTESIAN_POINT('Ctrl Pts',(77.3984980810053,-40.4917859288637,-21.0559265355294));
#5982=CARTESIAN_POINT('Ctrl Pts',(77.4107209606279,-40.5802880271383,-21.0069059843238));
#5983=CARTESIAN_POINT('Ctrl Pts',(77.4225636877551,-40.6662734932655,-20.9535783613468));
#5984=CARTESIAN_POINT('Ctrl Pts',(77.4339753444181,-40.7493927071532,-20.8961086625947));
#5985=CARTESIAN_POINT('Ctrl Pts',(77.4451539375498,-40.8308143535384,-20.8398126839539));
#5986=CARTESIAN_POINT('Ctrl Pts',(77.4559189636891,-40.9094862896134,-20.7795415991688));
#5987=CARTESIAN_POINT('Ctrl Pts',(77.4662193865132,-40.9850512934759,-20.7154107572982));
#5988=CARTESIAN_POINT('Ctrl Pts',(77.4750243841922,-41.0496456984812,-20.6605904918133));
#5989=CARTESIAN_POINT('Ctrl Pts',(77.4834898678558,-41.1119696191292,-20.6029490835877));
#5990=CARTESIAN_POINT('Ctrl Pts',(77.4915814252044,-41.1717773029413,-20.5425386152906));
#5991=CARTESIAN_POINT('Ctrl Pts',(77.4994554358379,-41.2299770187703,-20.4837523212246));
#5992=CARTESIAN_POINT('Ctrl Pts',(77.5069438226035,-41.2855590135887,-20.4225805938081));
#5993=CARTESIAN_POINT('Ctrl Pts',(77.5140201871181,-41.3383397814317,-20.3591144004472));
#5994=CARTESIAN_POINT('Ctrl Pts',(77.5225334449238,-41.4018379637118,-20.2827610604077));
#5995=CARTESIAN_POINT('Ctrl Pts',(77.5304505079549,-41.4612833757841,-20.2030876886112));
#5996=CARTESIAN_POINT('Ctrl Pts',(77.5377580881339,-41.5165994944721,-20.1205051846041));
#5997=CARTESIAN_POINT('Ctrl Pts',(77.5452916636703,-41.5736263280207,-20.0353687212775));
#5998=CARTESIAN_POINT('Ctrl Pts',(77.5521775346916,-41.6262650543249,-19.9471396548496));
#5999=CARTESIAN_POINT('Ctrl Pts',(77.5583967838395,-41.6743859346366,-19.8562349167768));
#6000=CARTESIAN_POINT('Ctrl Pts',(77.5646160329874,-41.7225068149483,-19.7653301787039));
#6001=CARTESIAN_POINT('Ctrl Pts',(77.5701687002384,-41.7661101992857,-19.6717488151555));
#6002=CARTESIAN_POINT('Ctrl Pts',(77.5750308564054,-41.8050147302392,-19.5758881838162));
#6003=CARTESIAN_POINT('Ctrl Pts',(77.5798105366706,-41.8432593304619,-19.4816536195428));
#6004=CARTESIAN_POINT('Ctrl Pts',(77.5838995189099,-41.8767747625818,-19.3856804361522));
#6005=CARTESIAN_POINT('Ctrl Pts',(77.5872861548976,-41.905477559834,-19.288383888172));
#6006=CARTESIAN_POINT('Ctrl Pts',(77.5906781290663,-41.9342255998369,-19.1909339766212));
#6007=CARTESIAN_POINT('Ctrl Pts',(77.5933655717776,-41.9581461199346,-19.092155634803));
#6008=CARTESIAN_POINT('Ctrl Pts',(77.5953323253269,-41.9771080889959,-18.99244386377));
#6009=CARTESIAN_POINT('Ctrl Pts',(77.5972608348499,-41.9957013377134,-18.894671013657));
#6010=CARTESIAN_POINT('Ctrl Pts',(77.5984964232441,-42.0095271281716,-18.795999826667));
#6011=CARTESIAN_POINT('Ctrl Pts',(77.5990192833625,-42.0184137260047,-18.6967943571941));
#6012=CARTESIAN_POINT('Ctrl Pts',(77.5994743471225,-42.0261480482072,-18.6104523082384));
#6013=CARTESIAN_POINT('Ctrl Pts',(77.5993894721292,-42.0301404019371,-18.5237051004569));
#6014=CARTESIAN_POINT('Ctrl Pts',(77.5987485664202,-42.0302455654318,-18.4367948491244));
#6015=CARTESIAN_POINT('',(30.2165639722547,-49.7371967590258,-18.8406990097934));
#6016=CARTESIAN_POINT('',(31.3052904370386,-49.5601099656235,-18.8314182842108));
#6017=CARTESIAN_POINT('Origin',(29.974169963064,-46.7371974522082,-18.8386596241571));
#6018=CARTESIAN_POINT('Ctrl Pts',(77.1765913200942,-38.9024801593758,-21.4321765275231));
#6019=CARTESIAN_POINT('Ctrl Pts',(78.050304297688,-38.7992495216963,-21.4267664390484));
#6020=CARTESIAN_POINT('Ctrl Pts',(79.7626650141494,-38.3015451826179,-21.4006828598977));
#6021=CARTESIAN_POINT('Ctrl Pts',(82.1963804970709,-36.5936101968417,-21.3111737801334));
#6022=CARTESIAN_POINT('Ctrl Pts',(83.9895151718954,-33.8179896118196,-21.1657096691401));
#6023=CARTESIAN_POINT('Ctrl Pts',(84.3093317224951,-31.4357430638145,-21.0408614178544));
#6024=CARTESIAN_POINT('Ctrl Pts',(84.2080611064617,-30.2670689209739,-20.9796138013226));
#6025=CARTESIAN_POINT('Ctrl Pts',(77.2855450821868,-39.8221061136528,-21.4803720815578));
#6026=CARTESIAN_POINT('Ctrl Pts',(78.2610839525487,-39.7064479599619,-21.4742947549642));
#6027=CARTESIAN_POINT('Ctrl Pts',(80.1713190122307,-39.1497698464995,-21.4453068494099));
#6028=CARTESIAN_POINT('Ctrl Pts',(82.8826467994369,-37.2391234536199,-21.3451572794256));
#6029=CARTESIAN_POINT('Ctrl Pts',(84.8710610583199,-34.1399531011513,-21.1825892298509));
#6030=CARTESIAN_POINT('Ctrl Pts',(85.2167982062007,-31.4892055613954,-21.0438267562501));
#6031=CARTESIAN_POINT('Ctrl Pts',(85.0997447550377,-30.1900123583542,-20.9755754379966));
#6032=CARTESIAN_POINT('Ctrl Pts',(77.4738896669618,-41.454081593881,-20.7575074663202));
#6033=CARTESIAN_POINT('Ctrl Pts',(78.6240680162157,-41.3171234506174,-20.7510481962637));
#6034=CARTESIAN_POINT('Ctrl Pts',(80.8773702535918,-40.6565061928935,-20.7198603445077));
#6035=CARTESIAN_POINT('Ctrl Pts',(84.0672855043569,-38.3956006541036,-20.6131591765141));
#6036=CARTESIAN_POINT('Ctrl Pts',(86.3944364457972,-34.7378500789739,-20.4404193708759));
#6037=CARTESIAN_POINT('Ctrl Pts',(86.7873428064706,-31.6198851004439,-20.2929590005527));
#6038=CARTESIAN_POINT('Ctrl Pts',(86.643675090593,-30.0957770003761,-20.2208628042395));
#6039=CARTESIAN_POINT('Ctrl Pts',(77.5328449470567,-42.0382632198582,-19.1317579994332));
#6040=CARTESIAN_POINT('Ctrl Pts',(78.7383542241294,-41.8953525647375,-19.1260383459589));
#6041=CARTESIAN_POINT('Ctrl Pts',(81.0997550474532,-41.2068644580525,-19.0983844672757));
#6042=CARTESIAN_POINT('Ctrl Pts',(84.4511162961648,-38.845245083474,-19.0037433678305));
#6043=CARTESIAN_POINT('Ctrl Pts',(86.9098571286946,-35.0142788674705,-18.8501658857108));
#6044=CARTESIAN_POINT('Ctrl Pts',(87.3382116609337,-31.7363862862444,-18.7185237521655));
#6045=CARTESIAN_POINT('Ctrl Pts',(87.1938390927832,-30.1302148493134,-18.6540741446434));
#6046=CARTESIAN_POINT('Ctrl Pts',(77.5285978392395,-42.0387650226922,-18.4362879232594));
#6047=CARTESIAN_POINT('Ctrl Pts',(78.7299521773129,-41.8968230147576,-18.4308778347846));
#6048=CARTESIAN_POINT('Ctrl Pts',(81.0844461905901,-41.2124801216526,-18.404794255634));
#6049=CARTESIAN_POINT('Ctrl Pts',(84.4308021770788,-38.8640714829712,-18.3152851758697));
#6050=CARTESIAN_POINT('Ctrl Pts',(86.8963602900906,-35.0475963748127,-18.1698210648763));
#6051=CARTESIAN_POINT('Ctrl Pts',(87.3361076788826,-31.7720101145653,-18.0449728135907));
#6052=CARTESIAN_POINT('Ctrl Pts',(87.1968606984541,-30.1650845139381,-17.9837251970589));
#6053=CARTESIAN_POINT('',(87.19685006432,-30.1649884033808,-17.9874373807384));
#6054=CARTESIAN_POINT('Ctrl Pts',(84.2108253654846,-30.2997602702552,-20.9813270823402));
#6055=CARTESIAN_POINT('Ctrl Pts',(84.2158937445203,-30.2992722613543,-20.9813015325269));
#6056=CARTESIAN_POINT('Ctrl Pts',(84.2209618060517,-30.2987849682836,-20.9812621552471));
#6057=CARTESIAN_POINT('Ctrl Pts',(84.226029508724,-30.2982983936117,-20.9812089802478));
#6058=CARTESIAN_POINT('Ctrl Pts',(84.3194412085577,-30.2893294840011,-20.9802288187438));
#6059=CARTESIAN_POINT('Ctrl Pts',(84.4126769744199,-30.2806096876328,-20.9745646206487));
#6060=CARTESIAN_POINT('Ctrl Pts',(84.5054767074897,-30.272156321424,-20.964397284457));
#6061=CARTESIAN_POINT('Ctrl Pts',(84.603774303218,-30.2632021407745,-20.9536275907354));
#6062=CARTESIAN_POINT('Ctrl Pts',(84.7014650130391,-30.2545575972754,-20.9378186636082));
#6063=CARTESIAN_POINT('Ctrl Pts',(84.79823838843,-30.2462441600028,-20.9171733513938));
#6064=CARTESIAN_POINT('Ctrl Pts',(84.8972540777988,-30.2377380939567,-20.8960496713229));
#6065=CARTESIAN_POINT('Ctrl Pts',(84.9951222751357,-30.2295947578871,-20.8699030337677));
#6066=CARTESIAN_POINT('Ctrl Pts',(85.0915129730253,-30.221836657988,-20.8389555946856));
#6067=CARTESIAN_POINT('Ctrl Pts',(85.1834148665997,-30.2144398439087,-20.8094493423687));
#6068=CARTESIAN_POINT('Ctrl Pts',(85.2739742340827,-30.2073932152556,-20.7755783252553));
#6069=CARTESIAN_POINT('Ctrl Pts',(85.3628920792318,-30.2007197188993,-20.7374930790798));
#6070=CARTESIAN_POINT('Ctrl Pts',(85.4565648475232,-30.1936893542202,-20.6973712066444));
#6071=CARTESIAN_POINT('Ctrl Pts',(85.5480659132491,-30.1870990063333,-20.6527227079606));
#6072=CARTESIAN_POINT('Ctrl Pts',(85.6370717334065,-30.1809703373499,-20.6037790393538));
#6073=CARTESIAN_POINT('Ctrl Pts',(85.7262536468233,-30.1748295431223,-20.5547385383139));
#6074=CARTESIAN_POINT('Ctrl Pts',(85.812931235739,-30.1691522142601,-20.5013854374523));
#6075=CARTESIAN_POINT('Ctrl Pts',(85.8967605948042,-30.1639640140595,-20.4439036773168));
#6076=CARTESIAN_POINT('Ctrl Pts',(85.9791148816667,-30.1588671060982,-20.3874333736386));
#6077=CARTESIAN_POINT('Ctrl Pts',(86.0587209655846,-30.1542422361428,-20.3269779212619));
#6078=CARTESIAN_POINT('Ctrl Pts',(86.1352241812208,-30.1501179735136,-20.2626716631019));
#6079=CARTESIAN_POINT('Ctrl Pts',(86.2003074957914,-30.1466093539106,-20.2079646237457));
#6080=CARTESIAN_POINT('Ctrl Pts',(86.2631449363133,-30.1434630969961,-20.1504698371631));
#6081=CARTESIAN_POINT('Ctrl Pts',(86.3234958587843,-30.1406995258425,-20.0902504484029));
#6082=CARTESIAN_POINT('Ctrl Pts',(86.3954010881595,-30.1374068633685,-20.018501935135));
#6083=CARTESIAN_POINT('Ctrl Pts',(86.4634227521439,-30.1346733313331,-19.9432399348112));
#6084=CARTESIAN_POINT('Ctrl Pts',(86.5272287564013,-30.1325232211587,-19.8646449138697));
#6085=CARTESIAN_POINT('Ctrl Pts',(86.531657000685,-30.1323739998872,-19.8591902868913));
#6086=CARTESIAN_POINT('Ctrl Pts',(86.5360649271955,-30.1322275904039,-19.8537195895948));
#6087=CARTESIAN_POINT('Ctrl Pts',(86.540452419004,-30.1320840015951,-19.8482328750597));
#6088=CARTESIAN_POINT('Ctrl Pts',(86.6028371001613,-30.1300423471726,-19.7702186127408));
#6089=CARTESIAN_POINT('Ctrl Pts',(86.6610937894713,-30.128570589614,-19.6889689812579));
#6090=CARTESIAN_POINT('Ctrl Pts',(86.7151402722159,-30.1276587102523,-19.6048898625875));
#6091=CARTESIAN_POINT('Ctrl Pts',(86.7698424802651,-30.126735767407,-19.519790644127));
#6092=CARTESIAN_POINT('Ctrl Pts',(86.8202320828373,-30.1263863798661,-19.4317920509196));
#6093=CARTESIAN_POINT('Ctrl Pts',(86.8661790522819,-30.1266046167069,-19.3412865169798));
#6094=CARTESIAN_POINT('Ctrl Pts',(86.9019258756259,-30.1267744053543,-19.2708730517936));
#6095=CARTESIAN_POINT('Ctrl Pts',(86.9349827850805,-30.1272878612315,-19.1989414698022));
#6096=CARTESIAN_POINT('Ctrl Pts',(86.9652678882006,-30.1281439641443,-19.1256697673258));
#6097=CARTESIAN_POINT('Ctrl Pts',(87.004115985816,-30.1292421268083,-19.0316807774594));
#6098=CARTESIAN_POINT('Ctrl Pts',(87.0382139792074,-30.1308984509518,-18.9359493001149));
#6099=CARTESIAN_POINT('Ctrl Pts',(87.0674839694137,-30.1331007570605,-18.8388902685324));
#6100=CARTESIAN_POINT('Ctrl Pts',(87.096822464003,-30.1353082175139,-18.7416040770153));
#6101=CARTESIAN_POINT('Ctrl Pts',(87.1213106256337,-30.1380642399936,-18.6429832226715));
#6102=CARTESIAN_POINT('Ctrl Pts',(87.1408227378946,-30.141360844244,-18.5434232021229));
#6103=CARTESIAN_POINT('Ctrl Pts',(87.1599775220723,-30.1445970773126,-18.4456864383717));
#6104=CARTESIAN_POINT('Ctrl Pts',(87.1743369713523,-30.1483543063967,-18.3470437327288));
#6105=CARTESIAN_POINT('Ctrl Pts',(87.1837337645315,-30.1526286858037,-18.2478607388645));
#6106=CARTESIAN_POINT('Ctrl Pts',(87.1919268678066,-30.1563555350862,-18.1613826716802));
#6107=CARTESIAN_POINT('Ctrl Pts',(87.1963466685081,-30.1604755946147,-18.0744934119217));
#6108=CARTESIAN_POINT('Ctrl Pts',(87.196849979892,-30.1649884101921,-17.9874373922748));
#6109=CARTESIAN_POINT('',(87.1968606984541,-30.1650845139381,-17.9837251970589));
#6110=CARTESIAN_POINT('Ctrl Pts',(87.196849979892,-30.1649884101921,-17.9874373922748));
#6111=CARTESIAN_POINT('Ctrl Pts',(87.1968571101572,-30.1650523415655,-17.9862040704461));
#6112=CARTESIAN_POINT('Ctrl Pts',(87.1968606984542,-30.1650845139391,-17.9849665707308));
#6113=CARTESIAN_POINT('Ctrl Pts',(87.1968606984541,-30.1650845139381,-17.9837251970589));
#6114=CARTESIAN_POINT('',(77.5987462583068,-42.0302483226182,-18.4359633111056));
#6115=CARTESIAN_POINT('Origin',(76.2379043865374,-31.1147249792382,-18.0199205349383));
#6116=CARTESIAN_POINT('',(77.5987462583068,-42.0302483226182,-2.));
#6117=CARTESIAN_POINT('Origin',(81.8626106450509,-9.23375858946787,-16.8731876778836));
#6118=CARTESIAN_POINT('',(86.5040887594558,-23.9038603180984,-17.6593055619821));
#6119=CARTESIAN_POINT('Origin',(83.1456054181077,-20.8293753631717,-17.4808882024106));
#6120=CARTESIAN_POINT('',(84.8444141407942,-8.90383751894778,-16.8731876778836));
#6121=CARTESIAN_POINT('Origin',(48.4137645609802,-20.0152443971693,-17.4382214064369));
#6122=CARTESIAN_POINT('',(107.900182842631,-24.4104584806483,-17.5121244140479));
#6123=CARTESIAN_POINT('Ctrl Pts',(107.772678242382,-21.2496081656225,-20.5070287083627));
#6124=CARTESIAN_POINT('Ctrl Pts',(107.772815776012,-21.2525034718647,-20.5071804407021));
#6125=CARTESIAN_POINT('Ctrl Pts',(107.772953247688,-21.2553989047219,-20.5073276765689));
#6126=CARTESIAN_POINT('Ctrl Pts',(107.77309065725,-21.2582944564739,-20.5074704211549));
#6127=CARTESIAN_POINT('Ctrl Pts',(107.777795684481,-21.3574407575799,-20.5123581244053));
#6128=CARTESIAN_POINT('Ctrl Pts',(107.782422186105,-21.4565874247827,-20.5119776379136));
#6129=CARTESIAN_POINT('Ctrl Pts',(107.786963466004,-21.5554197196606,-20.5065537600789));
#6130=CARTESIAN_POINT('Ctrl Pts',(107.791608627646,-21.6565128025149,-20.5010058110808));
#6131=CARTESIAN_POINT('Ctrl Pts',(107.796164723643,-21.7572777389636,-20.490180936862));
#6132=CARTESIAN_POINT('Ctrl Pts',(107.800627232378,-21.8573748869478,-20.4742658069717));
#6133=CARTESIAN_POINT('Ctrl Pts',(107.801784376589,-21.8833304295021,-20.4701389578113));
#6134=CARTESIAN_POINT('Ctrl Pts',(107.802935237237,-21.9092410217913,-20.4656695795981));
#6135=CARTESIAN_POINT('Ctrl Pts',(107.804079750716,-21.9351006105945,-20.4608603748312));
#6136=CARTESIAN_POINT('Ctrl Pts',(107.808483310643,-22.0345963797777,-20.442356773282));
#6137=CARTESIAN_POINT('Ctrl Pts',(107.812779797915,-22.1330564329004,-20.4188789258602));
#6138=CARTESIAN_POINT('Ctrl Pts',(107.81696385139,-22.2301470892723,-20.3906329285854));
#6139=CARTESIAN_POINT('Ctrl Pts',(107.821187764545,-22.3281626866224,-20.3621178438276));
#6140=CARTESIAN_POINT('Ctrl Pts',(107.825297202158,-22.4247835033722,-20.3287430270911));
#6141=CARTESIAN_POINT('Ctrl Pts',(107.829285972988,-22.519652190834,-20.2906698836522));
#6142=CARTESIAN_POINT('Ctrl Pts',(107.830202165416,-22.5414428568841,-20.2819247520777));
#6143=CARTESIAN_POINT('Ctrl Pts',(107.831111984854,-22.5631409945918,-20.2729315439588));
#6144=CARTESIAN_POINT('Ctrl Pts',(107.832015341819,-22.5847420977748,-20.2636918686578));
#6145=CARTESIAN_POINT('Ctrl Pts',(107.835952136112,-22.6788788598624,-20.2234257253871));
#6146=CARTESIAN_POINT('Ctrl Pts',(107.839749527002,-22.770806149522,-20.1786401163595));
#6147=CARTESIAN_POINT('Ctrl Pts',(107.843402690703,-22.8601881489708,-20.1295453790466));
#6148=CARTESIAN_POINT('Ctrl Pts',(107.847052346509,-22.9494843207128,-20.0804977842093));
#6149=CARTESIAN_POINT('Ctrl Pts',(107.850558155033,-23.0362408948552,-20.0271489254606));
#6150=CARTESIAN_POINT('Ctrl Pts',(107.853912049083,-23.1201039492719,-19.9696603811204));
#6151=CARTESIAN_POINT('Ctrl Pts',(107.857193845372,-23.2021642220988,-19.9134076526001));
#6152=CARTESIAN_POINT('Ctrl Pts',(107.860330265775,-23.2814546918943,-19.8531908107512));
#6153=CARTESIAN_POINT('Ctrl Pts',(107.863309325477,-23.3576148904877,-19.7891219898736));
#6154=CARTESIAN_POINT('Ctrl Pts',(107.865864692709,-23.4229433146608,-19.7341652646567));
#6155=CARTESIAN_POINT('Ctrl Pts',(107.868304238827,-23.4859683531939,-19.6763735848418));
#6156=CARTESIAN_POINT('Ctrl Pts',(107.870617061752,-23.5464394705264,-19.6157977858921));
#6157=CARTESIAN_POINT('Ctrl Pts',(107.872828495114,-23.6042596542154,-19.5578775096201));
#6158=CARTESIAN_POINT('Ctrl Pts',(107.87491433971,-23.6595141206629,-19.4976425186517));
#6159=CARTESIAN_POINT('Ctrl Pts',(107.876869372668,-23.7120251603772,-19.4351786599218));
#6160=CARTESIAN_POINT('Ctrl Pts',(107.879257269035,-23.7761626576475,-19.358884692204));
#6161=CARTESIAN_POINT('Ctrl Pts',(107.881450345286,-23.8362089788277,-19.2792664966666));
#6162=CARTESIAN_POINT('Ctrl Pts',(107.883462420772,-23.8920838741423,-19.1967330945926));
#6163=CARTESIAN_POINT('Ctrl Pts',(107.885544658311,-23.9499071542932,-19.1113217125567));
#6164=CARTESIAN_POINT('Ctrl Pts',(107.887433122469,-24.0032635980971,-19.022787527533));
#6165=CARTESIAN_POINT('Ctrl Pts',(107.8891339484,-24.0520180441347,-18.9315506116569));
#6166=CARTESIAN_POINT('Ctrl Pts',(107.89083477433,-24.1007724901722,-18.8403136957809));
#6167=CARTESIAN_POINT('Ctrl Pts',(107.892347990799,-24.1449252993856,-18.7463730776998));
#6168=CARTESIAN_POINT('Ctrl Pts',(107.893670033048,-24.1842891117192,-18.650129465555));
#6169=CARTESIAN_POINT('Ctrl Pts',(107.894963186742,-24.2227927672099,-18.5559889170279));
#6170=CARTESIAN_POINT('Ctrl Pts',(107.896066481331,-24.2565232710725,-18.4601121822252));
#6171=CARTESIAN_POINT('Ctrl Pts',(107.896985051869,-24.2853950921313,-18.362912743198));
#6172=CARTESIAN_POINT('Ctrl Pts',(107.897904756317,-24.3143025533592,-18.2655933185129));
#6173=CARTESIAN_POINT('Ctrl Pts',(107.898639309094,-24.338339624608,-18.1669470370235));
#6174=CARTESIAN_POINT('Ctrl Pts',(107.899184581578,-24.3573738941462,-18.0673670474942));
#6175=CARTESIAN_POINT('Ctrl Pts',(107.899719138456,-24.3760341053489,-17.9697439875471));
#6176=CARTESIAN_POINT('Ctrl Pts',(107.900071784421,-24.3898863367548,-17.8712227083413));
#6177=CARTESIAN_POINT('Ctrl Pts',(107.900229528929,-24.3987582557215,-17.7721655262681));
#6178=CARTESIAN_POINT('Ctrl Pts',(107.900367043202,-24.4064923791243,-17.6858121146814));
#6179=CARTESIAN_POINT('Ctrl Pts',(107.900356322055,-24.4104411017379,-17.5990509967158));
#6180=CARTESIAN_POINT('Ctrl Pts',(107.90018284217,-24.4104584793663,-17.5121244139968));
#6181=CARTESIAN_POINT('',(107.900182104589,-24.4104585545794,-17.5113846579148));
#6182=CARTESIAN_POINT('',(107.900182104589,-24.4104585545794,-2.));
#6183=CARTESIAN_POINT('',(86.504650474268,-23.9089370571737,-17.485101029973));
#6184=CARTESIAN_POINT('',(48.3434624370391,-23.0144205526109,-17.4382214064369));
#6185=CARTESIAN_POINT('Origin',(86.1717615059882,-20.9003099096369,-17.4846057244653));
#6186=CARTESIAN_POINT('Ctrl Pts',(107.600213612326,-21.268485007648,-20.5080180017331));
#6187=CARTESIAN_POINT('Ctrl Pts',(109.009782629402,-21.1274282425904,-20.5006255299236));
#6188=CARTESIAN_POINT('Ctrl Pts',(111.073489047717,-20.4347813278143,-20.4643254432929));
#6189=CARTESIAN_POINT('Ctrl Pts',(113.896268087418,-18.2583543839946,-20.3502637403956));
#6190=CARTESIAN_POINT('Ctrl Pts',(115.884316194471,-15.2222064661417,-20.1911459704461));
#6191=CARTESIAN_POINT('Ctrl Pts',(116.270659563852,-12.3431560351666,-20.0402613309148));
#6192=CARTESIAN_POINT('Ctrl Pts',(116.143926156667,-10.9322270970644,-19.9663176785427));
#6193=CARTESIAN_POINT('Ctrl Pts',(107.692680469109,-22.1899680193517,-20.5563108800236));
#6194=CARTESIAN_POINT('Ctrl Pts',(109.240167399901,-22.0346556812438,-20.548153020325));
#6195=CARTESIAN_POINT('Ctrl Pts',(111.50380087778,-21.2731027021553,-20.5084861777997));
#6196=CARTESIAN_POINT('Ctrl Pts',(114.596136990845,-18.8801481131881,-20.3829515939262));
#6197=CARTESIAN_POINT('Ctrl Pts',(116.765943986597,-15.5470661377272,-20.2082045086313));
#6198=CARTESIAN_POINT('Ctrl Pts',(117.178414862076,-12.3955481379405,-20.0431727097826));
#6199=CARTESIAN_POINT('Ctrl Pts',(117.035269861497,-10.8523835202486,-19.9621332539917));
#6200=CARTESIAN_POINT('Ctrl Pts',(107.852521485607,-23.8251290158152,-19.833470653609));
#6201=CARTESIAN_POINT('Ctrl Pts',(109.636544977416,-23.6453837641212,-19.8248746341798));
#6202=CARTESIAN_POINT('Ctrl Pts',(112.247144607973,-22.7621581733921,-19.7825989616996));
#6203=CARTESIAN_POINT('Ctrl Pts',(115.803422173066,-19.9961465957367,-19.6502365140324));
#6204=CARTESIAN_POINT('Ctrl Pts',(118.289022927014,-16.1497480569682,-19.4660552622676));
#6205=CARTESIAN_POINT('Ctrl Pts',(118.749429361831,-12.5243579027325,-19.2922371675074));
#6206=CARTESIAN_POINT('Ctrl Pts',(118.578595342744,-10.7533168925562,-19.2073027441229));
#6207=CARTESIAN_POINT('Ctrl Pts',(107.902545626791,-24.4102220979887,-18.2076466775376));
#6208=CARTESIAN_POINT('Ctrl Pts',(109.76145500332,-24.2236525600568,-18.1998990946295));
#6209=CARTESIAN_POINT('Ctrl Pts',(112.481512334758,-23.3080790752367,-18.1617539504262));
#6210=CARTESIAN_POINT('Ctrl Pts',(116.196677679426,-20.4330219711109,-18.0422551026155));
#6211=CARTESIAN_POINT('Ctrl Pts',(118.804285038299,-16.4279209442766,-17.8756651951444));
#6212=CARTESIAN_POINT('Ctrl Pts',(119.300580826562,-12.6402419890827,-17.7178959931647));
#6213=CARTESIAN_POINT('Ctrl Pts',(119.12876670645,-10.7860007623885,-17.6407083780465));
#6214=CARTESIAN_POINT('Ctrl Pts',(107.898934158652,-24.4105835006633,-17.5121293974694));
#6215=CARTESIAN_POINT('Ctrl Pts',(109.752184245068,-24.2251271953205,-17.5047369256599));
#6216=CARTESIAN_POINT('Ctrl Pts',(112.465470399733,-23.3144602190227,-17.4684368390292));
#6217=CARTESIAN_POINT('Ctrl Pts',(116.176757634257,-20.4529732163671,-17.3543751361319));
#6218=CARTESIAN_POINT('Ctrl Pts',(118.790570992496,-16.4611563397443,-17.1952573661824));
#6219=CARTESIAN_POINT('Ctrl Pts',(119.298521205657,-12.6758855262122,-17.0443727266511));
#6220=CARTESIAN_POINT('Ctrl Pts',(119.131896730395,-10.8208474650842,-16.970429074279));
#6221=CARTESIAN_POINT('',(119.131896730395,-10.8208474650842,-16.970429074279));
#6222=CARTESIAN_POINT('Origin',(116.143926156667,-11.0892349657933,-16.970429074279));
#6223=CARTESIAN_POINT('Origin',(106.651182301404,-11.9418985832288,-17.0151152809442));
#6224=CARTESIAN_POINT('Origin',(114.17549150158,10.8254399358625,-15.8219296289734));
#6225=CARTESIAN_POINT('',(115.085155027497,34.2317168152598,-14.6093242293397));
#6226=CARTESIAN_POINT('',(117.163462075307,11.0938274365715,-15.8219296289734));
#6227=CARTESIAN_POINT('Ctrl Pts',(112.083505152451,34.2726294833978,-17.5972315323523));
#6228=CARTESIAN_POINT('Ctrl Pts',(112.086649897121,34.2727364644389,-17.5972259257135));
#6229=CARTESIAN_POINT('Ctrl Pts',(112.089794519465,34.2728432240574,-17.5972150484642));
#6230=CARTESIAN_POINT('Ctrl Pts',(112.092939009895,34.2729497620864,-17.5971989075798));
#6231=CARTESIAN_POINT('Ctrl Pts',(112.193407214421,34.2763537109083,-17.5966831974187));
#6232=CARTESIAN_POINT('Ctrl Pts',(112.29361377236,34.2795269124419,-17.5907994349952));
#6233=CARTESIAN_POINT('Ctrl Pts',(112.393241176405,34.2824637982045,-17.5797871585081));
#6234=CARTESIAN_POINT('Ctrl Pts',(112.492528476664,34.2853906581516,-17.5688124752612));
#6235=CARTESIAN_POINT('Ctrl Pts',(112.591241302052,34.2880827546191,-17.5527438290767));
#6236=CARTESIAN_POINT('Ctrl Pts',(112.689059402946,34.2905297334538,-17.5317673976337));
#6237=CARTESIAN_POINT('Ctrl Pts',(112.788496785462,34.2930172195956,-17.5104437221774));
#6238=CARTESIAN_POINT('Ctrl Pts',(112.886758349648,34.2952454723217,-17.4841025476512));
#6239=CARTESIAN_POINT('Ctrl Pts',(112.98351280113,34.297205797534,-17.4529641573509));
#6240=CARTESIAN_POINT('Ctrl Pts',(113.077361560286,34.2991072510165,-17.4227609031642));
#6241=CARTESIAN_POINT('Ctrl Pts',(113.169793010865,34.3007565665751,-17.3880436482962));
#6242=CARTESIAN_POINT('Ctrl Pts',(113.260490454222,34.3021431220347,-17.3489689227254));
#6243=CARTESIAN_POINT('Ctrl Pts',(113.354364060121,34.3035782337197,-17.3085258269441));
#6244=CARTESIAN_POINT('Ctrl Pts',(113.446028690012,34.3047278498535,-17.2635664216434));
#6245=CARTESIAN_POINT('Ctrl Pts',(113.535159559892,34.3055828969437,-17.2143194176554));
#6246=CARTESIAN_POINT('Ctrl Pts',(113.624408977118,34.306439081278,-17.1650069133344));
#6247=CARTESIAN_POINT('Ctrl Pts',(113.711118692613,34.3069998644159,-17.1113949777708));
#6248=CARTESIAN_POINT('Ctrl Pts',(113.794943462539,34.3072548651613,-17.0536646040041));
#6249=CARTESIAN_POINT('Ctrl Pts',(113.877219953375,34.3075051559347,-16.997000534752));
#6250=CARTESIAN_POINT('Ctrl Pts',(113.956717751651,34.3074608138038,-16.936368252506));
#6251=CARTESIAN_POINT('Ctrl Pts',(114.033081213933,34.3071114668162,-16.8718991803149));
#6252=CARTESIAN_POINT('Ctrl Pts',(114.098304088727,34.3068130857037,-16.8168354351944));
#6253=CARTESIAN_POINT('Ctrl Pts',(114.161240234021,34.3062921804775,-16.7589719604049));
#6254=CARTESIAN_POINT('Ctrl Pts',(114.221645160841,34.3055422857254,-16.698370965761));
#6255=CARTESIAN_POINT('Ctrl Pts',(114.295597348548,34.304624208999,-16.6241787372933));
#6256=CARTESIAN_POINT('Ctrl Pts',(114.365379936067,34.3033686717465,-16.5462619518726));
#6257=CARTESIAN_POINT('Ctrl Pts',(114.430626646743,34.3017663860909,-16.4648149286039));
#6258=CARTESIAN_POINT('Ctrl Pts',(114.493042431591,34.3002336204432,-16.3869017307107));
#6259=CARTESIAN_POINT('Ctrl Pts',(114.55130798273,34.2983834513175,-16.3057573628179));
#6260=CARTESIAN_POINT('Ctrl Pts',(114.60534262256,34.2962208800104,-16.2217870018002));
#6261=CARTESIAN_POINT('Ctrl Pts',(114.660024992516,34.2940323852847,-16.1368100618064));
#6262=CARTESIAN_POINT('Ctrl Pts',(114.710374785657,34.2915239114684,-16.0489381609832));
#6263=CARTESIAN_POINT('Ctrl Pts',(114.756263509165,34.288703002582,-15.9585626906991));
#6264=CARTESIAN_POINT('Ctrl Pts',(114.793761597694,34.2863978896247,-15.8847121425368));
#6265=CARTESIAN_POINT('Ctrl Pts',(114.828280102499,34.2838841849895,-15.8091891243819));
#6266=CARTESIAN_POINT('Ctrl Pts',(114.859724405917,34.2811674639853,-15.732199119317));
#6267=CARTESIAN_POINT('Ctrl Pts',(114.89812939997,34.2778493540999,-15.6381661669138));
#6268=CARTESIAN_POINT('Ctrl Pts',(114.93176034165,34.2742450651253,-15.5424095895482));
#6269=CARTESIAN_POINT('Ctrl Pts',(114.960539718801,34.2703653879472,-15.445342992367));
#6270=CARTESIAN_POINT('Ctrl Pts',(114.98938353418,34.2664770240097,-15.3480590590178));
#6271=CARTESIAN_POINT('Ctrl Pts',(115.013354325669,34.2623119878659,-15.2494583500694));
#6272=CARTESIAN_POINT('Ctrl Pts',(115.032326658751,34.2578841157193,-15.1499350583942));
#6273=CARTESIAN_POINT('Ctrl Pts',(115.050958074023,34.253535808931,-15.052200121509));
#6274=CARTESIAN_POINT('Ctrl Pts',(115.064769181182,34.2489339873425,-14.9535746057409));
#6275=CARTESIAN_POINT('Ctrl Pts',(115.073592684196,34.2440952620562,-14.8544233960127));
#6276=CARTESIAN_POINT('Ctrl Pts',(115.080837621356,34.2401222072984,-14.7730108002902));
#6277=CARTESIAN_POINT('Ctrl Pts',(115.084719122682,34.2359894818341,-14.6912434287847));
#6278=CARTESIAN_POINT('Ctrl Pts',(115.085118348674,34.2317084071771,-14.6093248691678));
#6279=CARTESIAN_POINT('Ctrl Pts',(112.083505152451,34.2726294833978,-17.5972315323523));
#6280=CARTESIAN_POINT('Ctrl Pts',(112.111422992915,35.5779521075486,-17.5288224723726));
#6281=CARTESIAN_POINT('Ctrl Pts',(111.65935693918,37.5431258454471,-17.425832080864));
#6282=CARTESIAN_POINT('Ctrl Pts',(109.820162270119,40.2709562338769,-17.2828725479456));
#6283=CARTESIAN_POINT('Ctrl Pts',(107.061941020138,42.1937051533006,-17.1821055469597));
#6284=CARTESIAN_POINT('Ctrl Pts',(104.388201695866,42.5059160253802,-17.165743268486));
#6285=CARTESIAN_POINT('Ctrl Pts',(103.093569919341,42.3368742490414,-17.17460237259));
#6286=CARTESIAN_POINT('Ctrl Pts',(112.981537724189,34.2534752463769,-17.5982353633784));
#6287=CARTESIAN_POINT('Ctrl Pts',(113.007608602837,35.7063623225282,-17.5219074551842));
#6288=CARTESIAN_POINT('Ctrl Pts',(112.49813225156,37.8884607797862,-17.4077128678773));
#6289=CARTESIAN_POINT('Ctrl Pts',(110.44664502715,40.9123646426773,-17.248975663086));
#6290=CARTESIAN_POINT('Ctrl Pts',(107.382017018317,43.0389078763097,-17.1375786879194));
#6291=CARTESIAN_POINT('Ctrl Pts',(104.417585533309,43.3832178682149,-17.1197439714943));
#6292=CARTESIAN_POINT('Ctrl Pts',(102.981045394515,43.19629970847,-17.1295617928021));
#6293=CARTESIAN_POINT('Ctrl Pts',(114.536173880838,34.1808269332477,-16.8464723286369));
#6294=CARTESIAN_POINT('Ctrl Pts',(114.55967019016,35.8878724049184,-16.7657789797252));
#6295=CARTESIAN_POINT('Ctrl Pts',(113.949091720917,38.4477932495068,-16.6446294860343));
#6296=CARTESIAN_POINT('Ctrl Pts',(111.531723280992,41.9838959753491,-16.4771918521551));
#6297=CARTESIAN_POINT('Ctrl Pts',(107.936786380387,44.4654011613726,-16.359563777099));
#6298=CARTESIAN_POINT('Ctrl Pts',(104.467026659382,44.867299727605,-16.3404782611336));
#6299=CARTESIAN_POINT('Ctrl Pts',(102.785976425415,44.6494516890962,-16.3508042757861));
#6300=CARTESIAN_POINT('Ctrl Pts',(115.0835729717,34.0867146893486,-15.2740981326654));
#6301=CARTESIAN_POINT('Ctrl Pts',(115.116192548643,35.884331792569,-15.2020634640377));
#6302=CARTESIAN_POINT('Ctrl Pts',(114.485707126666,38.5852430266254,-15.0936082206443));
#6303=CARTESIAN_POINT('Ctrl Pts',(111.947842098358,42.3275790117376,-14.9433974072845));
#6304=CARTESIAN_POINT('Ctrl Pts',(108.15570713367,44.9599665410715,-14.8375801215917));
#6305=CARTESIAN_POINT('Ctrl Pts',(104.48691662758,45.3865271965781,-14.8203540902462));
#6306=CARTESIAN_POINT('Ctrl Pts',(102.709532641784,45.1551873508379,-14.8296463087173));
#6307=CARTESIAN_POINT('Ctrl Pts',(115.0828192376,34.0514732037096,-14.6013429280886));
#6308=CARTESIAN_POINT('Ctrl Pts',(115.121257524653,35.8486883497047,-14.5329338681089));
#6309=CARTESIAN_POINT('Ctrl Pts',(114.498836719459,38.5544102462821,-14.4299434766003));
#6310=CARTESIAN_POINT('Ctrl Pts',(111.966567336769,42.3101852547638,-14.2869839436819));
#6311=CARTESIAN_POINT('Ctrl Pts',(108.168949096838,44.9574951350946,-14.186216942696));
#6312=CARTESIAN_POINT('Ctrl Pts',(104.487648611334,45.3873582951014,-14.1698546642223));
#6313=CARTESIAN_POINT('Ctrl Pts',(102.705153008938,45.1546154964084,-14.1787137683263));
#6314=CARTESIAN_POINT('',(102.705153008938,45.1546154964084,-14.1787137683263));
#6315=CARTESIAN_POINT('Origin',(103.093569919341,42.1798663803126,-14.1787137683263));
#6316=CARTESIAN_POINT('',(115.08518975341,34.2313302100542,-14.5944968647432));
#6317=CARTESIAN_POINT('Origin',(104.124301955784,34.2858506147247,-14.5924216042261));
#6318=CARTESIAN_POINT('Ctrl Pts',(115.08515432396,34.2313210454241,-14.5944972135849));
#6319=CARTESIAN_POINT('Ctrl Pts',(115.085154406584,34.2313213089671,-14.5994557855897));
#6320=CARTESIAN_POINT('Ctrl Pts',(115.085142355964,34.2314509979027,-14.604398757348));
#6321=CARTESIAN_POINT('Ctrl Pts',(115.085118348674,34.2317084071771,-14.6093248691678));
#6322=CARTESIAN_POINT('Origin',(47.2498944849569,34.8882841220308,-14.5608494019425));
#6323=CARTESIAN_POINT('',(92.9370568051838,43.879182308631,-14.2455563893216));
#6324=CARTESIAN_POINT('',(46.861477574554,37.8630332381266,-14.5608494019425));
#6325=CARTESIAN_POINT('Ctrl Pts',(91.8066895933647,40.8631314178946,-17.2518379616047));
#6326=CARTESIAN_POINT('Ctrl Pts',(91.8077828332872,40.865874857023,-17.2516941840524));
#6327=CARTESIAN_POINT('Ctrl Pts',(91.8088757737205,40.8686182406635,-17.2515470707396));
#6328=CARTESIAN_POINT('Ctrl Pts',(91.9899932215571,41.3233553585793,-17.22660826093));
#6329=CARTESIAN_POINT('Ctrl Pts',(92.160830576055,41.7718979508261,-17.11136596034));
#6330=CARTESIAN_POINT('Ctrl Pts',(92.4446514967339,42.5386628545429,-16.7268198534725));
#6331=CARTESIAN_POINT('Ctrl Pts',(92.5608594300373,42.861815008415,-16.4838952834367));
#6332=CARTESIAN_POINT('Ctrl Pts',(92.7441436859291,43.3737302065288,-15.9078927991461));
#6333=CARTESIAN_POINT('Ctrl Pts',(92.8132935636489,43.5677809057977,-15.5909931937067));
#6334=CARTESIAN_POINT('Ctrl Pts',(92.9055195406284,43.8162100149476,-14.9242002052629));
#6335=CARTESIAN_POINT('Ctrl Pts',(92.9310588786509,43.8783991514632,-14.5872347860652));
#6336=CARTESIAN_POINT('Ctrl Pts',(92.9370568051838,43.879182308631,-14.2455563893216));
#6337=CARTESIAN_POINT('Ctrl Pts',(91.8066895933647,40.8631314178946,-17.2518379616047));
#6338=CARTESIAN_POINT('Ctrl Pts',(90.713822744043,42.2036212017686,-17.1815858688803));
#6339=CARTESIAN_POINT('Ctrl Pts',(88.1737531923159,44.0328316541681,-17.0857210112287));
#6340=CARTESIAN_POINT('Ctrl Pts',(85.1292829800634,44.5415420142213,-17.05906063096));
#6341=CARTESIAN_POINT('Ctrl Pts',(83.8327437268768,44.501845715362,-17.061141025829));
#6342=CARTESIAN_POINT('Ctrl Pts',(92.488105767905,41.417150845893,-17.2228030337037));
#6343=CARTESIAN_POINT('Ctrl Pts',(91.2947616162599,42.8743485112283,-17.1462904028));
#6344=CARTESIAN_POINT('Ctrl Pts',(88.5284650132472,44.8594812588318,-17.0423303659112));
#6345=CARTESIAN_POINT('Ctrl Pts',(85.2169178976787,45.4110128311422,-17.0134894710681));
#6346=CARTESIAN_POINT('Ctrl Pts',(83.8061535323889,45.3679416091933,-17.0157508633871));
#6347=CARTESIAN_POINT('Ctrl Pts',(93.6688427334644,42.339449196764,-16.4533345622917));
#6348=CARTESIAN_POINT('Ctrl Pts',(92.3028569830143,43.9982626143143,-16.3734568488674));
#6349=CARTESIAN_POINT('Ctrl Pts',(89.1422833538022,46.2551113853958,-16.2646810960942));
#6350=CARTESIAN_POINT('Ctrl Pts',(85.3676422753884,46.8816305642895,-16.2344674799155));
#6351=CARTESIAN_POINT('Ctrl Pts',(83.7600563953691,46.8327198242929,-16.2368247851984));
#6352=CARTESIAN_POINT('Ctrl Pts',(94.1149702624597,42.622514884644,-14.9144291710427));
#6353=CARTESIAN_POINT('Ctrl Pts',(92.6894634426086,44.3635646953485,-14.8413354692514));
#6354=CARTESIAN_POINT('Ctrl Pts',(89.3838753721647,46.7357921709476,-14.7415953795209));
#6355=CARTESIAN_POINT('Ctrl Pts',(85.4272911560032,47.3949262895039,-14.713858428109));
#6356=CARTESIAN_POINT('Ctrl Pts',(83.7419786141073,47.3434646629692,-14.716020582754));
#6357=CARTESIAN_POINT('Ctrl Pts',(94.1318712955078,42.6017843975294,-14.255949357341));
#6358=CARTESIAN_POINT('Ctrl Pts',(92.7077445733563,44.3485912689896,-14.1856972646166));
#6359=CARTESIAN_POINT('Ctrl Pts',(89.397752210624,46.7322553789568,-14.089832406965));
#6360=CARTESIAN_POINT('Ctrl Pts',(85.4304698406314,47.3951614027207,-14.0631720266963));
#6361=CARTESIAN_POINT('Ctrl Pts',(83.7409353855168,47.3434327223135,-14.0652524215653));
#6362=CARTESIAN_POINT('',(83.7409353855168,47.3434327223134,-14.0652524215653));
#6363=CARTESIAN_POINT('Origin',(83.8327437268768,44.3448378466331,-14.0652524215653));
#6364=CARTESIAN_POINT('',(92.9374164405755,43.8792292666978,-14.2045738006808));
#6365=CARTESIAN_POINT('Origin',(84.1356306775552,34.4521064808274,-14.5837085034908));
#6366=CARTESIAN_POINT('Ctrl Pts',(92.9363720262592,43.8779048042105,-14.2046270671655));
#6367=CARTESIAN_POINT('Ctrl Pts',(92.9363711175773,43.8779082011921,-14.2182973101776));
#6368=CARTESIAN_POINT('Ctrl Pts',(92.9362477143673,43.8778936259674,-14.2319594493127));
#6369=CARTESIAN_POINT('Ctrl Pts',(92.9360032183058,43.8778606921353,-14.2456124213827));
#6370=CARTESIAN_POINT('Origin',(34.9882464317886,42.849359975449,-14.143627095761));
#6371=CARTESIAN_POINT('',(58.5978649976212,46.5736243004648,-14.1055963714278));
#6372=CARTESIAN_POINT('Origin',(58.6896733389812,43.5750294247844,-14.1055963714278));
#6373=CARTESIAN_POINT('',(34.8964380904286,45.8479548511294,-14.143627095761));
#6374=CARTESIAN_POINT('Ctrl Pts',(58.6896733389812,43.7320372935127,-17.1014849756915));
#6375=CARTESIAN_POINT('Ctrl Pts',(53.4663533231524,43.5721142739227,-17.1098661860045));
#6376=CARTESIAN_POINT('Ctrl Pts',(48.255373884009,43.010705293693,-17.1392883839279));
#6377=CARTESIAN_POINT('Ctrl Pts',(43.1178532818347,42.0543949768044,-17.1894064839414));
#6378=CARTESIAN_POINT('Ctrl Pts',(58.6630831444933,44.598133187344,-17.0560948132496));
#6379=CARTESIAN_POINT('Ctrl Pts',(53.3951725443164,44.4368927638085,-17.0645468433857));
#6380=CARTESIAN_POINT('Ctrl Pts',(48.1402148089206,43.8709052498406,-17.0941965684733));
#6381=CARTESIAN_POINT('Ctrl Pts',(42.958765808608,42.9067087998835,-17.1447386092216));
#6382=CARTESIAN_POINT('Ctrl Pts',(58.6169949865047,46.0625741773832,-16.2763299902094));
#6383=CARTESIAN_POINT('Ctrl Pts',(53.2723145724998,45.8990558932762,-16.2848190586382));
#6384=CARTESIAN_POINT('Ctrl Pts',(47.940099577246,45.3250163066891,-16.3146224133925));
#6385=CARTESIAN_POINT('Ctrl Pts',(42.6830292581378,44.3471853147696,-16.3653863117239));
#6386=CARTESIAN_POINT('Ctrl Pts',(58.5989082262117,46.5736562411199,-14.7563645326165));
#6387=CARTESIAN_POINT('Ctrl Pts',(53.2238702149711,46.4091418737965,-14.7647777457266));
#6388=CARTESIAN_POINT('Ctrl Pts',(47.8618247627,45.8316447743262,-14.7943159780484));
#6389=CARTESIAN_POINT('Ctrl Pts',(42.5749952901842,44.8478691355814,-14.8446256936135));
#6390=CARTESIAN_POINT('Ctrl Pts',(58.5978649976212,46.5736243004642,-14.1055963714278));
#6391=CARTESIAN_POINT('Ctrl Pts',(53.2211882861735,46.4090059404081,-14.1139775817407));
#6392=CARTESIAN_POINT('Ctrl Pts',(47.8572144707898,45.8311139903741,-14.1433997796641));
#6393=CARTESIAN_POINT('Ctrl Pts',(42.5688562441092,44.8467263989285,-14.1935178796777));
#6394=CARTESIAN_POINT('',(42.5688562441091,44.8467263989291,-14.1935178796777));
#6395=CARTESIAN_POINT('Origin',(43.1178532818347,41.8973871080756,-14.1935178796777));
#6396=CARTESIAN_POINT('Origin',(61.8166600356525,-58.5569353407031,-19.4581058386008));
#6397=CARTESIAN_POINT('Origin',(11.4909863859028,36.0102868031859,-14.5020477330735));
#6398=CARTESIAN_POINT('',(10.9419893481773,38.9596260940388,-14.5020477330735));
#6399=CARTESIAN_POINT('Origin',(9.92299616369823,35.7184173699733,-14.5173439619088));
#6400=CARTESIAN_POINT('Origin',(1.39864044046423E-5,35.7184173699733,-14.5173439619088));
#6401=CARTESIAN_POINT('Origin',(-9.9229945372943,35.7184173699733,-14.5173439619088));
#6402=CARTESIAN_POINT('Origin',(-11.483645620766,36.0089206784283,-14.5021193286383));
#6403=CARTESIAN_POINT('',(-42.5395462907844,44.8412708771747,-14.1938037914576));
#6404=CARTESIAN_POINT('Origin',(-43.0885433285098,41.8919315863224,-14.1938037914576));
#6405=CARTESIAN_POINT('',(-10.9346485830405,38.9582599692812,-14.5021193286383));
#6406=CARTESIAN_POINT('Ctrl Pts',(-43.0885433285099,42.0489394550507,-17.1896923957214));
#6407=CARTESIAN_POINT('Ctrl Pts',(-48.2455226753514,43.0088718690012,-17.1393844696444));
#6408=CARTESIAN_POINT('Ctrl Pts',(-53.476239031365,43.5724075437909,-17.1098508163819));
#6409=CARTESIAN_POINT('Ctrl Pts',(-58.7193427440237,43.7329369224334,-17.1014378281376));
#6410=CARTESIAN_POINT('Ctrl Pts',(-42.9294558552832,42.9012532781297,-17.1450245210016));
#6411=CARTESIAN_POINT('Ctrl Pts',(-48.1303635653898,43.8690718188883,-17.0942926545265));
#6412=CARTESIAN_POINT('Ctrl Pts',(-53.4050581822932,44.4371860263541,-17.0645314741526));
#6413=CARTESIAN_POINT('Ctrl Pts',(-58.6927524437509,44.5990328131375,-17.0560476658596));
#6414=CARTESIAN_POINT('Ctrl Pts',(-42.6537193191498,44.3417297099102,-16.3656721073868));
#6415=CARTESIAN_POINT('Ctrl Pts',(-47.9302482880185,45.3231827818071,-16.3147183835047));
#6416=CARTESIAN_POINT('Ctrl Pts',(-53.2822000907191,45.8993490589594,-16.2848035737942));
#6417=CARTESIAN_POINT('Ctrl Pts',(-58.6466641047992,46.0634737135683,-16.2762827270905));
#6418=CARTESIAN_POINT('Ctrl Pts',(-42.5456853368593,44.8424136138277,-14.8449116053934));
#6419=CARTESIAN_POINT('Ctrl Pts',(-47.8519734355111,45.8298113278306,-14.7944120639171));
#6420=CARTESIAN_POINT('Ctrl Pts',(-53.2337556830865,46.4094351181156,-14.764762376283));
#6421=CARTESIAN_POINT('Ctrl Pts',(-58.6285772701664,46.5745558591124,-14.7563173851396));
#6422=CARTESIAN_POINT('Ctrl Pts',(-42.5395462907844,44.8412708771747,-14.1938037914577));
#6423=CARTESIAN_POINT('Ctrl Pts',(-47.8473631423872,45.8292805433928,-14.1434958653807));
#6424=CARTESIAN_POINT('Ctrl Pts',(-53.2310737514685,46.4092991841423,-14.1139622121182));
#6425=CARTESIAN_POINT('Ctrl Pts',(-58.6275340374295,46.5745239182025,-14.1055492238739));
#6426=CARTESIAN_POINT('',(-58.6275340374295,46.574523918203,-14.1055492238738));
#6427=CARTESIAN_POINT('Origin',(-58.7193427440237,43.5759290537046,-14.1055492238739));
#6428=CARTESIAN_POINT('Origin',(-61.8581881161728,-58.9429491936498,-19.4783359674062));
#6429=CARTESIAN_POINT('Origin',(-34.9956222364713,42.8495741462154,-14.1436158715467));
#6430=CARTESIAN_POINT('',(-83.7408340374295,47.343423918203,-14.0652528823831));
#6431=CARTESIAN_POINT('Origin',(-83.8326427440237,44.3448290537051,-14.0652528823831));
#6432=CARTESIAN_POINT('',(-34.9038135298771,45.8481690107134,-14.1436158715467));
#6433=CARTESIAN_POINT('Ctrl Pts',(-83.8326427440237,44.5018369224339,-17.0611414866468));
#6434=CARTESIAN_POINT('Ctrl Pts',(-85.1291823329322,44.541533389641,-17.0590610829551));
#6435=CARTESIAN_POINT('Ctrl Pts',(-88.1736534218528,44.0328228443927,-17.0857214729295));
#6436=CARTESIAN_POINT('Ctrl Pts',(-90.7137231575885,42.2036109984706,-17.1815864036125));
#6437=CARTESIAN_POINT('Ctrl Pts',(-91.8065896130883,40.863120307391,-17.2518385438815));
#6438=CARTESIAN_POINT('Ctrl Pts',(-83.8060524437509,45.367932813138,-17.0157513243689));
#6439=CARTESIAN_POINT('Ctrl Pts',(-85.2168172227844,45.4110042191782,-17.0134899223828));
#6440=CARTESIAN_POINT('Ctrl Pts',(-88.5283654044032,44.8594724282257,-17.0423308286342));
#6441=CARTESIAN_POINT('Ctrl Pts',(-91.2946623085161,42.8743381012542,-17.1462909481998));
#6442=CARTESIAN_POINT('Ctrl Pts',(-92.4880060784773,41.4171393972721,-17.2228036337005));
#6443=CARTESIAN_POINT('Ctrl Pts',(-83.7599551233359,46.8327110229797,-16.2368252464997));
#6444=CARTESIAN_POINT('Ctrl Pts',(-85.3675415515336,46.8816219743083,-16.2344679311023));
#6445=CARTESIAN_POINT('Ctrl Pts',(-89.1421840245006,46.255102518117,-16.2646815597622));
#6446=CARTESIAN_POINT('Ctrl Pts',(-92.3027581585607,43.9982518437246,-16.3734574009886));
#6447=CARTESIAN_POINT('Ctrl Pts',(-93.6687435475213,42.3394371608097,-16.4533351728519));
#6448=CARTESIAN_POINT('Ctrl Pts',(-83.7418772701664,47.3434558591129,-14.7160210436489));
#6449=CARTESIAN_POINT('Ctrl Pts',(-85.4271904132455,47.3949177088774,-14.7138588797998));
#6450=CARTESIAN_POINT('Ctrl Pts',(-89.3837761544091,46.7357832869599,-14.7415958417574));
#6451=CARTESIAN_POINT('Ctrl Pts',(-92.689364794491,44.3635537728249,-14.8413360091463));
#6452=CARTESIAN_POINT('Ctrl Pts',(-94.1148712483699,42.6225026105338,-14.9144297616981));
#6453=CARTESIAN_POINT('Ctrl Pts',(-83.7408340374295,47.343423918203,-14.0652528823831));
#6454=CARTESIAN_POINT('Ctrl Pts',(-85.4303690965608,47.3951528230848,-14.0631724786914));
#6455=CARTESIAN_POINT('Ctrl Pts',(-89.397652999996,46.7322464926499,-14.0898328686657));
#6456=CARTESIAN_POINT('Ctrl Pts',(-92.707645928771,44.3485803318152,-14.1856977993487));
#6457=CARTESIAN_POINT('Ctrl Pts',(-94.1317722781021,42.6017721059862,-14.2559499396178));
#6458=CARTESIAN_POINT('',(-92.9373186305561,43.8792170076268,-14.2045743867156));
#6459=CARTESIAN_POINT('Origin',(-84.135530771304,34.4521019168891,-14.5837087426767));
#6460=CARTESIAN_POINT('',(-92.9369589936803,43.8791700497052,-14.2455570506505));
#6461=CARTESIAN_POINT('Ctrl Pts',(-91.8065896130883,40.863120307391,-17.2518385438815));
#6462=CARTESIAN_POINT('Ctrl Pts',(-91.8076828548966,40.8658637455184,-17.2516947663817));
#6463=CARTESIAN_POINT('Ctrl Pts',(-91.8087757971038,40.8686071278686,-17.2515476531367));
#6464=CARTESIAN_POINT('Ctrl Pts',(-91.9526388683208,41.2298077876376,-17.2317385934309));
#6465=CARTESIAN_POINT('Ctrl Pts',(-92.0898268220143,41.5864294375923,-17.1551657107928));
#6466=CARTESIAN_POINT('Ctrl Pts',(-92.3397377909828,42.2528757458572,-16.8905132071735));
#6467=CARTESIAN_POINT('Ctrl Pts',(-92.4521943910736,42.5612722072906,-16.7071774742041));
#6468=CARTESIAN_POINT('Ctrl Pts',(-92.6529635735367,43.1182721344082,-16.2287034528615));
#6469=CARTESIAN_POINT('Ctrl Pts',(-92.7385096068228,43.3593121943403,-15.9329558726743));
#6470=CARTESIAN_POINT('Ctrl Pts',(-92.863652539549,43.7055658166781,-15.2817473214182));
#6471=CARTESIAN_POINT('Ctrl Pts',(-92.9047155647876,43.8152332191042,-14.9391342848922));
#6472=CARTESIAN_POINT('Ctrl Pts',(-92.9308662590488,43.8719794785813,-14.4706202180299));
#6473=CARTESIAN_POINT('Ctrl Pts',(-92.9349818755314,43.8789118966478,-14.3581854746154));
#6474=CARTESIAN_POINT('Ctrl Pts',(-92.9369589936803,43.8791700497052,-14.2455570506505));
#6475=CARTESIAN_POINT('Ctrl Pts',(-92.9359054049147,43.8778484318866,-14.2456130827683));
#6476=CARTESIAN_POINT('Ctrl Pts',(-92.9361496231912,43.8778815757017,-14.2319626724788));
#6477=CARTESIAN_POINT('Ctrl Pts',(-92.9362733055235,43.877895941449,-14.2183005186364));
#6478=CARTESIAN_POINT('Ctrl Pts',(-92.9362742143772,43.8778925438127,-14.2046276532484));
#6479=CARTESIAN_POINT('Origin',(-47.2498632443705,34.8883239859804,-14.5608473127614));
#6480=CARTESIAN_POINT('',(-102.705157384921,45.1546073727661,-14.1787142129342));
#6481=CARTESIAN_POINT('Origin',(-103.093571538338,42.1798578966883,-14.1787142129342));
#6482=CARTESIAN_POINT('',(-46.8614490909532,37.8630734620582,-14.5608473127614));
#6483=CARTESIAN_POINT('Ctrl Pts',(-103.093571538338,42.3368657654171,-17.1746028171979));
#6484=CARTESIAN_POINT('Ctrl Pts',(-104.388203522972,42.5059063486131,-17.1657437756239));
#6485=CARTESIAN_POINT('Ctrl Pts',(-106.390762886153,42.2692048588387,-17.178148775056));
#6486=CARTESIAN_POINT('Ctrl Pts',(-109.301640146169,40.7360741100768,-17.2584967529491));
#6487=CARTESIAN_POINT('Ctrl Pts',(-111.51164115002,38.2021752201214,-17.3912927666995));
#6488=CARTESIAN_POINT('Ctrl Pts',(-112.111422708415,35.5779382344919,-17.5288231994287));
#6489=CARTESIAN_POINT('Ctrl Pts',(-112.083504935826,34.272615556999,-17.5972322622039));
#6490=CARTESIAN_POINT('Ctrl Pts',(-102.981047812641,43.1962913255696,-17.1295622321312));
#6491=CARTESIAN_POINT('Ctrl Pts',(-104.417588094328,43.3832081549779,-17.1197444807112));
#6492=CARTESIAN_POINT('Ctrl Pts',(-106.637633969243,43.1223290449906,-17.1331952013383));
#6493=CARTESIAN_POINT('Ctrl Pts',(-109.870414185926,41.426567896979,-17.222130427061));
#6494=CARTESIAN_POINT('Ctrl Pts',(-112.331111642358,38.6206077815553,-17.3692630466974));
#6495=CARTESIAN_POINT('Ctrl Pts',(-113.007608311011,35.7063484125243,-17.5219081842828));
#6496=CARTESIAN_POINT('Ctrl Pts',(-112.981537506996,34.253461367341,-17.5982360907479));
#6497=CARTESIAN_POINT('Ctrl Pts',(-102.785980228854,44.6494434813785,-16.3508047121062));
#6498=CARTESIAN_POINT('Ctrl Pts',(-104.467030493535,44.8672899521928,-16.3404787712441));
#6499=CARTESIAN_POINT('Ctrl Pts',(-107.066142141955,44.5625109544016,-16.3549592162923));
#6500=CARTESIAN_POINT('Ctrl Pts',(-110.854431195451,42.5843388489416,-16.448719946558));
#6501=CARTESIAN_POINT('Ctrl Pts',(-113.749166206013,39.3061054720398,-16.6040246792639));
#6502=CARTESIAN_POINT('Ctrl Pts',(-114.559669885523,35.8878584319051,-16.7657797098653));
#6503=CARTESIAN_POINT('Ctrl Pts',(-114.5361736628,34.1808131363503,-16.8464730545447));
#6504=CARTESIAN_POINT('Ctrl Pts',(-102.709536987193,45.1551792190753,-14.8296467508429));
#6505=CARTESIAN_POINT('Ctrl Pts',(-104.486920962923,45.3865173938758,-14.8203545982265));
#6506=CARTESIAN_POINT('Ctrl Pts',(-107.234670519678,45.0632108256436,-14.8334325605798));
#6507=CARTESIAN_POINT('Ctrl Pts',(-111.234576459751,42.9642536090226,-14.9177730786008));
#6508=CARTESIAN_POINT('Ctrl Pts',(-114.279260937782,39.4912312293116,-15.0572757668872));
#6509=CARTESIAN_POINT('Ctrl Pts',(-115.116192236977,35.8843177979152,-15.2020641919824));
#6510=CARTESIAN_POINT('Ctrl Pts',(-115.083572756602,34.086700921475,-15.2740988613315));
#6511=CARTESIAN_POINT('Ctrl Pts',(-102.705157384921,45.154607372766,-14.1787142129342));
#6512=CARTESIAN_POINT('Ctrl Pts',(-104.487652976921,45.3873484899271,-14.1698551713602));
#6513=CARTESIAN_POINT('Ctrl Pts',(-107.244848287989,45.0614494181054,-14.1822601707923));
#6514=CARTESIAN_POINT('Ctrl Pts',(-111.252648146494,42.9505802027111,-14.2626081486854));
#6515=CARTESIAN_POINT('Ctrl Pts',(-114.295456523266,39.4618176388867,-14.3954041624357));
#6516=CARTESIAN_POINT('Ctrl Pts',(-115.121257211563,35.8486743558773,-14.532934595165));
#6517=CARTESIAN_POINT('Ctrl Pts',(-115.082819024365,34.0514594358185,-14.6013436579402));
#6518=CARTESIAN_POINT('',(-115.08518953086,34.2313163496064,-14.5944975969775));
#6519=CARTESIAN_POINT('Origin',(-104.124296885967,34.2858363713043,-14.5924223506921));
#6520=CARTESIAN_POINT('',(-115.085154804962,34.2317029546555,-14.6093249557432));
#6521=CARTESIAN_POINT('Ctrl Pts',(-112.083504935826,34.272615556999,-17.5972322622039));
#6522=CARTESIAN_POINT('Ctrl Pts',(-112.086649680394,34.2727225381196,-17.597226655561));
#6523=CARTESIAN_POINT('Ctrl Pts',(-112.089794302652,34.2728292978514,-17.597215778306));
#6524=CARTESIAN_POINT('Ctrl Pts',(-112.092938793033,34.2729358360314,-17.5971996374144));
#6525=CARTESIAN_POINT('Ctrl Pts',(-112.192222045587,34.2762996424818,-17.5966900094544));
#6526=CARTESIAN_POINT('Ctrl Pts',(-112.291157110387,34.2794341005244,-17.5909388104609));
#6527=CARTESIAN_POINT('Ctrl Pts',(-112.389440002513,34.2823361141446,-17.5802055920278));
#6528=CARTESIAN_POINT('Ctrl Pts',(-112.489483070605,34.2852901007431,-17.5692801493661));
#6529=CARTESIAN_POINT('Ctrl Pts',(-112.588851137817,34.2880031965276,-17.5531924062429));
#6530=CARTESIAN_POINT('Ctrl Pts',(-112.687222663282,34.2904673658486,-17.5321615317792));
#6531=CARTESIAN_POINT('Ctrl Pts',(-112.78678425777,34.2929613459462,-17.5108762321444));
#6532=CARTESIAN_POINT('Ctrl Pts',(-112.885325870298,34.2952002929651,-17.4845271806939));
#6533=CARTESIAN_POINT('Ctrl Pts',(-112.982501335909,34.297171750583,-17.4532903026934));
#6534=CARTESIAN_POINT('Ctrl Pts',(-113.031564894036,34.2981671327488,-17.4375189105026));
#6535=CARTESIAN_POINT('Ctrl Pts',(-113.080279914794,34.2990942659746,-17.4205007319066));
#6536=CARTESIAN_POINT('Ctrl Pts',(-113.128599596426,34.2999512114089,-17.4022539024937));
#6537=CARTESIAN_POINT('Ctrl Pts',(-113.224059487506,34.3016441844391,-17.3662056445272));
#6538=CARTESIAN_POINT('Ctrl Pts',(-113.317530078788,34.3030575520843,-17.3255340238381));
#6539=CARTESIAN_POINT('Ctrl Pts',(-113.408688403085,34.3041826192314,-17.2804733266556));
#6540=CARTESIAN_POINT('Ctrl Pts',(-113.500184847316,34.3053118594216,-17.2352454925701));
#6541=CARTESIAN_POINT('Ctrl Pts',(-113.589352649603,34.306150607241,-17.1855955618425));
#6542=CARTESIAN_POINT('Ctrl Pts',(-113.675848312217,34.3066884444972,-17.1317105595176));
#6543=CARTESIAN_POINT('Ctrl Pts',(-113.76102617282,34.3072180875503,-17.0786465204906));
#6544=CARTESIAN_POINT('Ctrl Pts',(-113.843613393211,34.307455874822,-17.021474977037));
#6545=CARTESIAN_POINT('Ctrl Pts',(-113.923254474316,34.307390981982,-16.9603331402322));
#6546=CARTESIAN_POINT('Ctrl Pts',(-113.990786982889,34.3073359554026,-16.9084872641989));
#6547=CARTESIAN_POINT('Ctrl Pts',(-114.056200900418,34.307063263876,-16.8537857893392));
#6548=CARTESIAN_POINT('Ctrl Pts',(-114.119257974641,34.3065661386468,-16.7962922636316));
#6549=CARTESIAN_POINT('Ctrl Pts',(-114.19434746296,34.3059741530599,-16.7278279480854));
#6550=CARTESIAN_POINT('Ctrl Pts',(-114.265724951634,34.30506798591,-16.6557428260124));
#6551=CARTESIAN_POINT('Ctrl Pts',(-114.333059386074,34.3038387932449,-16.5802201081507));
#6552=CARTESIAN_POINT('Ctrl Pts',(-114.366601348767,34.3032264834386,-16.5425992354711));
#6553=CARTESIAN_POINT('Ctrl Pts',(-114.399139622706,34.302534023826,-16.5041246706654));
#6554=CARTESIAN_POINT('Ctrl Pts',(-114.430630231786,34.3017603868822,-16.4648152973507));
#6555=CARTESIAN_POINT('Ctrl Pts',(-114.493193558193,34.3002233794361,-16.386718200298));
#6556=CARTESIAN_POINT('Ctrl Pts',(-114.551624399092,34.2983658036526,-16.3053279113075));
#6557=CARTESIAN_POINT('Ctrl Pts',(-114.605826326624,34.2961926923514,-16.2210420296248));
#6558=CARTESIAN_POINT('Ctrl Pts',(-114.660487031891,34.2940011873303,-16.1360427326149));
#6559=CARTESIAN_POINT('Ctrl Pts',(-114.710847295258,34.2914887409635,-16.0480977875787));
#6560=CARTESIAN_POINT('Ctrl Pts',(-114.75676204337,34.2886629979698,-15.9575901476026));
#6561=CARTESIAN_POINT('Ctrl Pts',(-114.772713495578,34.2876812936989,-15.9261464752978));
#6562=CARTESIAN_POINT('Ctrl Pts',(-114.788127956641,34.2866618002802,-15.8943933339586));
#6563=CARTESIAN_POINT('Ctrl Pts',(-114.802997927766,34.2856049223943,-15.8623463745282));
#6564=CARTESIAN_POINT('Ctrl Pts',(-114.845656136366,34.2825730054563,-15.7704117050579));
#6565=CARTESIAN_POINT('Ctrl Pts',(-114.883626946061,34.2792485777241,-15.6765130920312));
#6566=CARTESIAN_POINT('Ctrl Pts',(-114.916837949887,34.2756413839639,-15.5810666963193));
#6567=CARTESIAN_POINT('Ctrl Pts',(-114.950199403159,34.2720178492251,-15.4851879180909));
#6568=CARTESIAN_POINT('Ctrl Pts',(-114.978758136228,34.2681089323323,-15.3877464291397));
#6569=CARTESIAN_POINT('Ctrl Pts',(-115.002394112411,34.2639273223073,-15.2891393846096));
#6570=CARTESIAN_POINT('Ctrl Pts',(-115.025673518108,34.2598087957239,-15.1920199182369));
#6571=CARTESIAN_POINT('Ctrl Pts',(-115.044177730912,34.2554257011835,-15.0937689306975));
#6572=CARTESIAN_POINT('Ctrl Pts',(-115.057743718955,34.2507935271717,-14.9947550019486));
#6573=CARTESIAN_POINT('Ctrl Pts',(-115.069484596745,34.2467845461228,-14.9090619854675));
#6574=CARTESIAN_POINT('Ctrl Pts',(-115.077525967125,34.2425890286438,-14.8227970210319));
#6575=CARTESIAN_POINT('Ctrl Pts',(-115.081730657503,34.2382194775997,-14.7361997002651));
#6576=CARTESIAN_POINT('Ctrl Pts',(-115.083783086245,34.2360865756864,-14.6939290895574));
#6577=CARTESIAN_POINT('Ctrl Pts',(-115.084918510192,34.2339140759087,-14.6516281835079));
#6578=CARTESIAN_POINT('Ctrl Pts',(-115.085124710502,34.2317034469464,-14.6093252580334));
#6579=CARTESIAN_POINT('Ctrl Pts',(-115.085124710502,34.2317034469464,-14.6093252580334));
#6580=CARTESIAN_POINT('Ctrl Pts',(-115.085148706013,34.2314462366905,-14.6044025057724));
#6581=CARTESIAN_POINT('Ctrl Pts',(-115.085160786706,34.2313163575502,-14.5994595636672));
#6582=CARTESIAN_POINT('Ctrl Pts',(-115.085160727356,34.2313161170117,-14.5944976058309));
#6583=CARTESIAN_POINT('Origin',(-114.175490435375,10.8254354678839,-15.8219298631302));
#6584=CARTESIAN_POINT('',(-119.131896051834,-10.8208562486997,-16.9704295346087));
#6585=CARTESIAN_POINT('Origin',(-116.143925478106,-11.089243749409,-16.9704295346087));
#6586=CARTESIAN_POINT('',(-117.163461009103,11.0938229685931,-15.8219298631302));
#6587=CARTESIAN_POINT('Ctrl Pts',(-116.143925478106,-10.9322358806801,-19.9663181388725));
#6588=CARTESIAN_POINT('Ctrl Pts',(-116.270490975459,-12.3412954707848,-20.0401638228673));
#6589=CARTESIAN_POINT('Ctrl Pts',(-115.979285707288,-14.4955988587126,-20.1530660793306));
#6590=CARTESIAN_POINT('Ctrl Pts',(-114.376193629778,-17.6738313010654,-20.3196301836796));
#6591=CARTESIAN_POINT('Ctrl Pts',(-111.773333694612,-20.1957355289993,-20.4517975838301));
#6592=CARTESIAN_POINT('Ctrl Pts',(-109.022919719689,-21.1179904691628,-20.5001309171769));
#6593=CARTESIAN_POINT('Ctrl Pts',(-107.615353250306,-21.2602029435002,-20.5075839571433));
#6594=CARTESIAN_POINT('Ctrl Pts',(-117.035269182936,-10.8523923038642,-19.9621337143215));
#6595=CARTESIAN_POINT('Ctrl Pts',(-117.178236243618,-12.3936067567644,-20.0430708650834));
#6596=CARTESIAN_POINT('Ctrl Pts',(-116.867352596708,-14.7515766277093,-20.1664386977228));
#6597=CARTESIAN_POINT('Ctrl Pts',(-115.120254333194,-18.2388208469696,-20.3494594852417));
#6598=CARTESIAN_POINT('Ctrl Pts',(-112.271645109024,-21.0104798549686,-20.4946935915824));
#6599=CARTESIAN_POINT('Ctrl Pts',(-109.254086539181,-22.024999483746,-20.5476467976302));
#6600=CARTESIAN_POINT('Ctrl Pts',(-107.708701073997,-22.1815945035317,-20.5558720426546));
#6601=CARTESIAN_POINT('Ctrl Pts',(-118.578594670751,-10.7533256751232,-19.2073032132021));
#6602=CARTESIAN_POINT('Ctrl Pts',(-118.749233827597,-12.5222772521984,-19.2921329511199));
#6603=CARTESIAN_POINT('Ctrl Pts',(-118.401773410856,-15.2355762404006,-19.4222269600094));
#6604=CARTESIAN_POINT('Ctrl Pts',(-116.404989052719,-19.2553084242467,-19.6147379505004));
#6605=CARTESIAN_POINT('Ctrl Pts',(-113.131753262249,-22.4591150769028,-19.7680780494156));
#6606=CARTESIAN_POINT('Ctrl Pts',(-109.651817535458,-23.635351819518,-19.8243615339737));
#6607=CARTESIAN_POINT('Ctrl Pts',(-107.870064981932,-23.8165973859626,-19.8330288397007));
#6608=CARTESIAN_POINT('Ctrl Pts',(-119.128766027888,-10.786009546004,-17.6407088383763));
#6609=CARTESIAN_POINT('Ctrl Pts',(-119.300384686765,-12.6381104911816,-17.7177965025459));
#6610=CARTESIAN_POINT('Ctrl Pts',(-118.92618733345,-15.4725966293815,-17.8358861470907));
#6611=CARTESIAN_POINT('Ctrl Pts',(-116.826418818278,-19.6630977679681,-18.0101391293381));
#6612=CARTESIAN_POINT('Ctrl Pts',(-113.403287730457,-22.9939343799991,-18.148637720371));
#6613=CARTESIAN_POINT('Ctrl Pts',(-109.777153886367,-24.2135160113387,-18.1993989948348));
#6614=CARTESIAN_POINT('Ctrl Pts',(-107.920566355119,-24.4016468370375,-18.2072103083353));
#6615=CARTESIAN_POINT('Ctrl Pts',(-119.131896051834,-10.8208562486997,-16.9704295346087));
#6616=CARTESIAN_POINT('Ctrl Pts',(-119.298328237549,-12.6737535413199,-17.0442752186036));
#6617=CARTESIAN_POINT('Ctrl Pts',(-118.915396630696,-15.5066379296071,-17.1571774750668));
#6618=CARTESIAN_POINT('Ctrl Pts',(-116.807348829809,-19.6859773479748,-17.3237415794159));
#6619=CARTESIAN_POINT('Ctrl Pts',(-113.384617697068,-23.0022526488931,-17.4559089795664));
#6620=CARTESIAN_POINT('Ctrl Pts',(-109.767854684694,-24.2150073781715,-17.5042423129132));
#6621=CARTESIAN_POINT('Ctrl Pts',(-107.916920828797,-24.4020151601894,-17.5116953528795));
#6622=CARTESIAN_POINT('',(-107.918162772887,-24.4018896187301,-17.5116903495289));
#6623=CARTESIAN_POINT('Origin',(-106.657961198823,-11.9412984072157,-17.0150838270522));
#6624=CARTESIAN_POINT('Ctrl Pts',(-107.78700737117,-21.241261771717,-20.5065912923931));
#6625=CARTESIAN_POINT('Ctrl Pts',(-107.787148500292,-21.2441594390109,-20.5067431475858));
#6626=CARTESIAN_POINT('Ctrl Pts',(-107.787289567416,-21.2470572333426,-20.5068904982226));
#6627=CARTESIAN_POINT('Ctrl Pts',(-107.787430572387,-21.2499551468195,-20.5070333495019));
#6628=CARTESIAN_POINT('Ctrl Pts',(-107.792254423421,-21.3490942253164,-20.511920363661));
#6629=CARTESIAN_POINT('Ctrl Pts',(-107.796999652788,-21.4482337977088,-20.5115390854835));
#6630=CARTESIAN_POINT('Ctrl Pts',(-107.801659193115,-21.5470591102843,-20.5061143290669));
#6631=CARTESIAN_POINT('Ctrl Pts',(-107.806425341182,-21.6481454920989,-20.5005654571829));
#6632=CARTESIAN_POINT('Ctrl Pts',(-107.811101934453,-21.7489038424193,-20.4897395231683));
#6633=CARTESIAN_POINT('Ctrl Pts',(-107.815684025968,-21.848994505036,-20.4738232146479));
#6634=CARTESIAN_POINT('Ctrl Pts',(-107.816871554286,-21.8749347325134,-20.4696982278327));
#6635=CARTESIAN_POINT('Ctrl Pts',(-107.818052744046,-21.9008300637299,-20.4652310637156));
#6636=CARTESIAN_POINT('Ctrl Pts',(-107.819227523968,-21.9266744548345,-20.4604244208887));
#6637=CARTESIAN_POINT('Ctrl Pts',(-107.823749873428,-22.0261631897476,-20.4419211095867));
#6638=CARTESIAN_POINT('Ctrl Pts',(-107.828163791803,-22.1246163685559,-20.4184435037739));
#6639=CARTESIAN_POINT('Ctrl Pts',(-107.832463499416,-22.2217003126627,-20.3901977247286));
#6640=CARTESIAN_POINT('Ctrl Pts',(-107.836804196115,-22.3197097573905,-20.3616826788516));
#6641=CARTESIAN_POINT('Ctrl Pts',(-107.841028605384,-22.4163245689323,-20.3283078153878));
#6642=CARTESIAN_POINT('Ctrl Pts',(-107.845130078674,-22.5111874026187,-20.2902345671355));
#6643=CARTESIAN_POINT('Ctrl Pts',(-107.846071659168,-22.5329651852646,-20.281494042603));
#6644=CARTESIAN_POINT('Ctrl Pts',(-107.847006753696,-22.5546505455499,-20.2725057011179));
#6645=CARTESIAN_POINT('Ctrl Pts',(-107.847935267138,-22.5762389845782,-20.2632711498333));
#6646=CARTESIAN_POINT('Ctrl Pts',(-107.851983833956,-22.6703703496788,-20.2230060376882));
#6647=CARTESIAN_POINT('Ctrl Pts',(-107.855890181694,-22.7622924636586,-20.1782213944493));
#6648=CARTESIAN_POINT('Ctrl Pts',(-107.85964905711,-22.8516695175996,-20.1291275911847));
#6649=CARTESIAN_POINT('Ctrl Pts',(-107.863404349368,-22.9409613726413,-20.0800805867102));
#6650=CARTESIAN_POINT('Ctrl Pts',(-107.867012553968,-23.027713824302,-20.0267322265659));
#6651=CARTESIAN_POINT('Ctrl Pts',(-107.870465155801,-23.111572962136,-19.9692441231203));
#6652=CARTESIAN_POINT('Ctrl Pts',(-107.873843568935,-23.193630154497,-19.9129913105499));
#6653=CARTESIAN_POINT('Ctrl Pts',(-107.877073072515,-23.2729176902544,-19.8527742567669));
#6654=CARTESIAN_POINT('Ctrl Pts',(-107.880141235256,-23.3490751116789,-19.7887051274422));
#6655=CARTESIAN_POINT('Ctrl Pts',(-107.882772914793,-23.4143982201641,-19.7337506055171));
#6656=CARTESIAN_POINT('Ctrl Pts',(-107.885285855135,-23.4774182652237,-19.6759613123757));
#6657=CARTESIAN_POINT('Ctrl Pts',(-107.887668853702,-23.5378847572879,-19.61538809426));
#6658=CARTESIAN_POINT('Ctrl Pts',(-107.889947854043,-23.5957123858835,-19.5574583973244));
#6659=CARTESIAN_POINT('Ctrl Pts',(-107.892098007208,-23.650973616314,-19.4972131865837));
#6660=CARTESIAN_POINT('Ctrl Pts',(-107.894113868781,-23.7034906591028,-19.4347383636342));
#6661=CARTESIAN_POINT('Ctrl Pts',(-107.896575641551,-23.7676245399468,-19.3584440287281));
#6662=CARTESIAN_POINT('Ctrl Pts',(-107.89883747181,-23.8276675062811,-19.2788254902352));
#6663=CARTESIAN_POINT('Ctrl Pts',(-107.900913034059,-23.8835393077927,-19.1962917855886));
#6664=CARTESIAN_POINT('Ctrl Pts',(-107.903060872595,-23.9413567056884,-19.1108840501611));
#6665=CARTESIAN_POINT('Ctrl Pts',(-107.905009315619,-23.9947079604372,-19.0223538443445));
#6666=CARTESIAN_POINT('Ctrl Pts',(-107.906764308806,-24.043457939243,-18.931121196277));
#6667=CARTESIAN_POINT('Ctrl Pts',(-107.908519301994,-24.0922079180487,-18.8398885482095));
#6668=CARTESIAN_POINT('Ctrl Pts',(-107.910080874392,-24.1363569817133,-18.7459524867541));
#6669=CARTESIAN_POINT('Ctrl Pts',(-107.911445240424,-24.1757178190429,-18.6497136750475));
#6670=CARTESIAN_POINT('Ctrl Pts',(-107.912779872245,-24.214220848867,-18.5555722367861));
#6671=CARTESIAN_POINT('Ctrl Pts',(-107.913918648418,-24.2479509395301,-18.4596945519402));
#6672=CARTESIAN_POINT('Ctrl Pts',(-107.91486659357,-24.2768225591662,-18.3624941206772));
#6673=CARTESIAN_POINT('Ctrl Pts',(-107.915815711949,-24.3057299118504,-18.2651733890042));
#6674=CARTESIAN_POINT('Ctrl Pts',(-107.916573555586,-24.3297670554903,-18.166525749625));
#6675=CARTESIAN_POINT('Ctrl Pts',(-107.91713585783,-24.348801583143,-18.066944370326));
#6676=CARTESIAN_POINT('Ctrl Pts',(-107.917687110591,-24.3674620740961,-17.9693198081929));
#6677=CARTESIAN_POINT('Ctrl Pts',(-107.918050434562,-24.3813147500099,-17.8707969935154));
#6678=CARTESIAN_POINT('Ctrl Pts',(-107.918212680809,-24.3901872878921,-17.771738260211));
#6679=CARTESIAN_POINT('Ctrl Pts',(-107.918354120962,-24.3979220314996,-17.6853825957586));
#6680=CARTESIAN_POINT('Ctrl Pts',(-107.918342628483,-24.4018714280424,-17.598619204378));
#6681=CARTESIAN_POINT('Ctrl Pts',(-107.91816355561,-24.4018895385108,-17.5116903463318));
#6682=CARTESIAN_POINT('Origin',(1.39864044046423E-5,-46.7371974522082,-18.8386596241571));
#6683=CARTESIAN_POINT('',(5.00206922551824E-5,-49.7371974522082,-18.8386596241571));
#6684=CARTESIAN_POINT('Ctrl Pts',(5.00206922551824E-5,-49.7371974522082,
-18.8386596241571));
#6685=CARTESIAN_POINT('Ctrl Pts',(5.10937543368245E-5,-49.7371974522082,
-18.9401068869293));
#6686=CARTESIAN_POINT('Ctrl Pts',(5.21668164184665E-5,-49.7320472700224,
-19.0415539707078));
#6687=CARTESIAN_POINT('Ctrl Pts',(5.32398785001086E-5,-49.721773366474,
-19.1424796563872));
#6688=CARTESIAN_POINT('Ctrl Pts',(5.4308955124524E-5,-49.7115376212055,
-19.2430304942266));
#6689=CARTESIAN_POINT('Ctrl Pts',(5.53780317489393E-5,-49.696216211928,
-19.3430634515591));
#6690=CARTESIAN_POINT('Ctrl Pts',(5.64471083733547E-5,-49.6758872748633,
-19.4420683796649));
#6691=CARTESIAN_POINT('Ctrl Pts',(5.75161539431734E-5,-49.6555589283147,
-19.5410704318702));
#6692=CARTESIAN_POINT('Ctrl Pts',(5.85851995129922E-5,-49.6302234158094,
-19.6390441704496));
#6693=CARTESIAN_POINT('Ctrl Pts',(5.96542450828109E-5,-49.6000099360624,
-19.7354899772834));
#6694=CARTESIAN_POINT('Ctrl Pts',(6.0723261734049E-5,-49.5697972736154,
-19.8319331751772));
#6695=CARTESIAN_POINT('Ctrl Pts',(6.17922783852871E-5,-49.5347070130738,
-19.9268481888175));
#6696=CARTESIAN_POINT('Ctrl Pts',(6.28612950365252E-5,-49.4949180879276,
-20.0197510242307));
#6697=CARTESIAN_POINT('Ctrl Pts',(6.39302849045902E-5,-49.4551301596541,
-20.1126515320536));
#6698=CARTESIAN_POINT('Ctrl Pts',(6.49992747726551E-5,-49.410643940704,
-20.2035396396674));
#6699=CARTESIAN_POINT('Ctrl Pts',(6.60682646407201E-5,-49.3616862654193,
-20.2919519104264));
#6700=CARTESIAN_POINT('Ctrl Pts',(6.71372298604559E-5,-49.3127297189805,
-20.3803621426116));
#6701=CARTESIAN_POINT('Ctrl Pts',(6.82061950801918E-5,-49.2593020927229,
-20.4662963449546));
#6702=CARTESIAN_POINT('Ctrl Pts',(6.92751602999276E-5,-49.2016758005022,
-20.5493163608493));
#6703=CARTESIAN_POINT('Ctrl Pts',(7.03441030056577E-5,-49.1440507219773,
-20.6323346282183));
#6704=CARTESIAN_POINT('Ctrl Pts',(7.14130457113879E-5,-49.0822273547479,
-20.7124385435035));
#6705=CARTESIAN_POINT('Ctrl Pts',(7.2481988417118E-5,-49.0165209071563,
-20.789219694425));
#6706=CARTESIAN_POINT('Ctrl Pts',(7.35509107426924E-5,-48.950815712305,
-20.8659993814592));
#6707=CARTESIAN_POINT('Ctrl Pts',(7.46198330682668E-5,-48.8812278135939,
-20.9394561641456));
#6708=CARTESIAN_POINT('Ctrl Pts',(7.56887553938411E-5,-48.8081119935604,
-21.009215535074));
#6709=CARTESIAN_POINT('Ctrl Pts',(7.67653769263478E-5,-48.7344695367311,
-21.0794773670506));
#6710=CARTESIAN_POINT('Ctrl Pts',(7.78419984588545E-5,-48.6572483705303,
-21.1459880376109));
#6711=CARTESIAN_POINT('Ctrl Pts',(7.89186199913612E-5,-48.5768478775149,
-21.2084035581443));
#6712=CARTESIAN_POINT('Ctrl Pts',(7.99876668491187E-5,-48.4970130499315,
-21.2703799482562));
#6713=CARTESIAN_POINT('Ctrl Pts',(8.10567137068762E-5,-48.4140437934132,
-21.328318440263));
#6714=CARTESIAN_POINT('Ctrl Pts',(8.21257605646337E-5,-48.3283632115822,
-21.3819235754991));
#6715=CARTESIAN_POINT('Ctrl Pts',(8.31947515367816E-5,-48.2426871087986,
-21.4355259084673));
#6716=CARTESIAN_POINT('Ctrl Pts',(8.42637425089295E-5,-48.1543002622069,
-21.4847951517863));
#6717=CARTESIAN_POINT('Ctrl Pts',(8.53327334810775E-5,-48.0636533555022,
-21.5294800820503));
#6718=CARTESIAN_POINT('Ctrl Pts',(8.64016771074451E-5,-47.9730104635635,
-21.5741630332116));
#6719=CARTESIAN_POINT('Ctrl Pts',(8.74706207338126E-5,-47.8801080268746,
-21.6142619224519));
#6720=CARTESIAN_POINT('Ctrl Pts',(8.85395643601802E-5,-47.7854197121858,
-21.6495723039975));
#6721=CARTESIAN_POINT('Ctrl Pts',(8.96219066779987E-5,-47.6895445252605,
-21.6853252841009));
#6722=CARTESIAN_POINT('Ctrl Pts',(9.07042489958171E-5,-47.5918387140824,
-21.7161687276277));
#6723=CARTESIAN_POINT('Ctrl Pts',(9.17865913136355E-5,-47.4928129824718,
-21.7419414173051));
#6724=CARTESIAN_POINT('Ctrl Pts',(9.28555835800178E-5,-47.3950086746092,
-21.76739621612));
#6725=CARTESIAN_POINT('Ctrl Pts',(9.39245758464001E-5,-47.2959171802087,
-21.7879045944779));
#6726=CARTESIAN_POINT('Ctrl Pts',(9.49935681127824E-5,-47.196043767085,
-21.8033619800984));
#6727=CARTESIAN_POINT('Ctrl Pts',(9.60825854563189E-5,-47.0942994584775,
-21.819108923791));
#6728=CARTESIAN_POINT('Ctrl Pts',(9.71716027998554E-5,-46.9917440064319,
-21.829613639568));
#6729=CARTESIAN_POINT('Ctrl Pts',(9.82606201433919E-5,-46.8889200853727,
-21.8348205414954));
#6730=CARTESIAN_POINT('Ctrl Pts',(9.93496374869284E-5,-46.7860961643135,
-21.8400274434229));
#6731=CARTESIAN_POINT('Ctrl Pts',(0.000100438654830465,-46.6830041591467,
-21.8399365120095));
#6732=CARTESIAN_POINT('Ctrl Pts',(0.000101527672174001,-46.5801895834794,
-21.8345482284208));
#6733=CARTESIAN_POINT('',(30.2165597108667,-49.7371974521618,-18.8386596241571));
#6734=CARTESIAN_POINT('',(30.2165597108667,-49.7371974521618,-2.));
#6735=CARTESIAN_POINT('',(1.39864044046423E-5,-49.7371974522082,-18.8386596241571));
#6736=CARTESIAN_POINT('Origin',(-7.47786924028649,-46.7369406737479,-18.8386461669682));
#6737=CARTESIAN_POINT('',(-29.9085327350198,-49.7361704516933,-18.8386058014335));
#6738=CARTESIAN_POINT('',(-7.47797225424633,-49.7369406719792,-18.8386461669682));
#6739=CARTESIAN_POINT('',(-29.9085327350198,-49.7361704516933,-18.8406186293392));
#6740=CARTESIAN_POINT('',(-29.9085327350198,-49.7361704516933,-2.));
#6741=CARTESIAN_POINT('Origin',(-29.6676876224079,-46.7361787200609,-18.8386062346676));
#6742=CARTESIAN_POINT('Origin',(-48.4294665483518,-20.0971061762304,-17.4425116004856));
#6743=CARTESIAN_POINT('',(-86.5078032856166,-23.9325491652648,-17.4863330745715));
#6744=CARTESIAN_POINT('',(-107.918162772887,-24.4018896187301,-17.5109301654653));
#6745=CARTESIAN_POINT('',(-48.3637187883025,-23.0963856283736,-17.4425116004856));
#6746=CARTESIAN_POINT('',(-107.918162772887,-24.4018896187301,-2.));
#6747=CARTESIAN_POINT('',(-86.5072422722597,-23.9274740714093,-17.6605273057986));
#6748=CARTESIAN_POINT('Origin',(-83.149684973915,-20.8582145111912,-17.4823995981147));
#6749=CARTESIAN_POINT('Origin',(-86.1752904846382,-20.9245393696437,-17.4858755366575));
#6750=CARTESIAN_POINT('Origin',(-30.7156572584001,-46.5668580630193,-18.8297325150453));
#6751=CARTESIAN_POINT('',(-77.5988055342862,-42.0308438396134,-18.4367995729496));
#6752=CARTESIAN_POINT('',(-31.1941624055057,-49.5284510168524,-18.8297325150453));
#6753=CARTESIAN_POINT('Ctrl Pts',(-77.1780811078133,-38.9029073748294,-21.4321989169363));
#6754=CARTESIAN_POINT('Ctrl Pts',(-77.1786839609089,-38.9072048847227,-21.4324241398863));
#6755=CARTESIAN_POINT('Ctrl Pts',(-77.1792868219499,-38.9115026679822,-21.4326392379668));
#6756=CARTESIAN_POINT('Ctrl Pts',(-77.17988968727,-38.9158006985212,-21.4328442288055));
#6757=CARTESIAN_POINT('Ctrl Pts',(-77.1936478714819,-39.0138874418336,-21.4375223909524));
#6758=CARTESIAN_POINT('Ctrl Pts',(-77.2073885336423,-39.1119638083332,-21.4369343543343));
#6759=CARTESIAN_POINT('Ctrl Pts',(-77.2210670731378,-39.2097188776446,-21.4313063442508));
#6760=CARTESIAN_POINT('Ctrl Pts',(-77.2350593263487,-39.3097159338293,-21.4255492572323));
#6761=CARTESIAN_POINT('Ctrl Pts',(-77.2489866604321,-39.4093775603808,-21.4145182051064));
#6762=CARTESIAN_POINT('Ctrl Pts',(-77.2627998565675,-39.5083686629238,-21.3984013753741));
#6763=CARTESIAN_POINT('Ctrl Pts',(-77.2661609103301,-39.5324553706205,-21.394479797002));
#6764=CARTESIAN_POINT('Ctrl Pts',(-77.2695151962805,-39.5565023378264,-21.3902568734063));
#6765=CARTESIAN_POINT('Ctrl Pts',(-77.2728619833289,-39.5805046348152,-21.3857348645715));
#6766=CARTESIAN_POINT('Ctrl Pts',(-77.2865809656606,-39.6788936519683,-21.3671984717829));
#6767=CARTESIAN_POINT('Ctrl Pts',(-77.3001353791701,-39.7762536659124,-21.3436931949018));
#6768=CARTESIAN_POINT('Ctrl Pts',(-77.3134772450603,-39.8722558422747,-21.3154273695996));
#6769=CARTESIAN_POINT('Ctrl Pts',(-77.3269555862192,-39.9692400344143,-21.2868724103687));
#6770=CARTESIAN_POINT('Ctrl Pts',(-77.3402171009005,-40.0648393004835,-21.2534587163233));
#6771=CARTESIAN_POINT('Ctrl Pts',(-77.353210236133,-40.1587011144142,-21.2153502692756));
#6772=CARTESIAN_POINT('Ctrl Pts',(-77.3559926262215,-40.1788009730012,-21.2071896087839));
#6773=CARTESIAN_POINT('Ctrl Pts',(-77.3587626986862,-40.1988210814955,-21.1988134855849));
#6774=CARTESIAN_POINT('Ctrl Pts',(-77.3615199286007,-40.2187578410703,-21.1902232314376));
#6775=CARTESIAN_POINT('Ctrl Pts',(-77.3744142666443,-40.3119931988098,-21.1500504332707));
#6776=CARTESIAN_POINT('Ctrl Pts',(-77.386978124499,-40.403042694635,-21.1053554732019));
#6777=CARTESIAN_POINT('Ctrl Pts',(-77.3991628604558,-40.4915751524824,-21.0563520380387));
#6778=CARTESIAN_POINT('Ctrl Pts',(-77.4113460756056,-40.5800965603746,-21.0073547191156));
#6779=CARTESIAN_POINT('Ctrl Pts',(-77.4231503542919,-40.6661023688667,-20.9540495973858));
#6780=CARTESIAN_POINT('Ctrl Pts',(-77.4345250131423,-40.7492429328356,-20.8966017217614));
#6781=CARTESIAN_POINT('Ctrl Pts',(-77.4456676247693,-40.8306873987261,-20.8403258039251));
#6782=CARTESIAN_POINT('Ctrl Pts',(-77.4563980422304,-40.909382992862,-20.7800739432849));
#6783=CARTESIAN_POINT('Ctrl Pts',(-77.4666654290943,-40.9849724607633,-20.715961537439));
#6784=CARTESIAN_POINT('Ctrl Pts',(-77.4754414774183,-41.0495825540492,-20.6611614622765));
#6785=CARTESIAN_POINT('Ctrl Pts',(-77.4838792153855,-41.111923118867,-20.6035401242731));
#6786=CARTESIAN_POINT('Ctrl Pts',(-77.4919443526097,-41.1717484500738,-20.5431496177757));
#6787=CARTESIAN_POINT('Ctrl Pts',(-77.4998190033989,-41.2301607967578,-20.484185444393));
#6788=CARTESIAN_POINT('Ctrl Pts',(-77.5073068007595,-41.2859387289703,-20.4228196035356));
#6789=CARTESIAN_POINT('Ctrl Pts',(-77.5143811981301,-41.3388968850334,-20.3591439603874));
#6790=CARTESIAN_POINT('Ctrl Pts',(-77.5228642341114,-41.4023999538963,-20.2827893617319));
#6791=CARTESIAN_POINT('Ctrl Pts',(-77.5307529920855,-41.4618500656319,-20.2031143653037));
#6792=CARTESIAN_POINT('Ctrl Pts',(-77.5380343559214,-41.5171705936666,-20.1205298384952));
#6793=CARTESIAN_POINT('Ctrl Pts',(-77.5455307181657,-41.5741245829234,-20.0355068204633));
#6794=CARTESIAN_POINT('Ctrl Pts',(-77.5523833454487,-41.626702047179,-19.9473991588967));
#6795=CARTESIAN_POINT('Ctrl Pts',(-77.5585735415206,-41.6747736907421,-19.8566220893012));
#6796=CARTESIAN_POINT('Ctrl Pts',(-77.5647637375924,-41.7228453343052,-19.7658450197057));
#6797=CARTESIAN_POINT('Ctrl Pts',(-77.5702915420929,-41.7664115049021,-19.6723975945927));
#6798=CARTESIAN_POINT('Ctrl Pts',(-77.5751332289728,-41.8052915682618,-19.5766755811497));
#6799=CARTESIAN_POINT('Ctrl Pts',(-77.5798991657173,-41.8435633374179,-19.4824511770443));
#6800=CARTESIAN_POINT('Ctrl Pts',(-77.5839769382356,-41.8771059974957,-19.3864867118336));
#6801=CARTESIAN_POINT('Ctrl Pts',(-77.5873550096145,-41.9058360971997,-19.2891974737287));
#6802=CARTESIAN_POINT('Ctrl Pts',(-77.5907384253889,-41.9346116503594,-19.1917543157936));
#6803=CARTESIAN_POINT('Ctrl Pts',(-77.5934199550085,-41.9585597021397,-19.0929812993303));
#6804=CARTESIAN_POINT('Ctrl Pts',(-77.595383507773,-41.9775492447788,-18.9932734506519));
#6805=CARTESIAN_POINT('Ctrl Pts',(-77.5973088558059,-41.9961693089933,-18.8955056117749));
#6806=CARTESIAN_POINT('Ctrl Pts',(-77.5985439069377,-42.0100220687964,-18.7968381084001));
#6807=CARTESIAN_POINT('Ctrl Pts',(-77.599068875602,-42.018935826672,-18.6976349915856));
#6808=CARTESIAN_POINT('Ctrl Pts',(-77.5995272450151,-42.0267187559095,-18.611017108412));
#6809=CARTESIAN_POINT('Ctrl Pts',(-77.5994442126511,-42.0307357535997,-18.5239904361798));
#6810=CARTESIAN_POINT('Ctrl Pts',(-77.5988035133069,-42.0308401717345,-18.4367994342306));
#6811=CARTESIAN_POINT('Origin',(-81.8657444259033,-9.24330605037443,-16.8736880391075));
#6812=CARTESIAN_POINT('',(-87.1967526284883,-30.1649900395612,-17.987421665932));
#6813=CARTESIAN_POINT('',(-84.8475812648029,-8.91368647240413,-16.8736880391075));
#6814=CARTESIAN_POINT('Ctrl Pts',(-84.2107244112127,-30.299709059349,-20.9813243984904));
#6815=CARTESIAN_POINT('Ctrl Pts',(-84.2158070134954,-30.2992197342827,-20.9812987796621));
#6816=CARTESIAN_POINT('Ctrl Pts',(-84.2208892965546,-30.2987311292452,-20.9812592556897));
#6817=CARTESIAN_POINT('Ctrl Pts',(-84.2259712185255,-30.298243246971,-20.9812058565794));
#6818=CARTESIAN_POINT('Ctrl Pts',(-84.3193736376147,-30.289276288231,-20.9802244156776));
#6819=CARTESIAN_POINT('Ctrl Pts',(-84.412600110446,-30.2805584760416,-20.9745599076841));
#6820=CARTESIAN_POINT('Ctrl Pts',(-84.5053906139857,-30.2721071104353,-20.964393175344));
#6821=CARTESIAN_POINT('Ctrl Pts',(-84.6036870846723,-30.2631542609529,-20.9536231733576));
#6822=CARTESIAN_POINT('Ctrl Pts',(-84.7013766632579,-30.2545111170958,-20.9378140741293));
#6823=CARTESIAN_POINT('Ctrl Pts',(-84.7981489110666,-30.246199131218,-20.9171687178025));
#6824=CARTESIAN_POINT('Ctrl Pts',(-84.8971646938903,-30.2376944430749,-20.8960447265274));
#6825=CARTESIAN_POINT('Ctrl Pts',(-84.9950329633453,-30.2295525450417,-20.8698977850602));
#6826=CARTESIAN_POINT('Ctrl Pts',(-85.0914237102804,-30.2217959260053,-20.8389500493175));
#6827=CARTESIAN_POINT('Ctrl Pts',(-85.1833263448863,-30.2144004679583,-20.8094432912492));
#6828=CARTESIAN_POINT('Ctrl Pts',(-85.2738864121612,-30.2073552394748,-20.7755717090735));
#6829=CARTESIAN_POINT('Ctrl Pts',(-85.3628049076551,-30.2006831727557,-20.7374858416898));
#6830=CARTESIAN_POINT('Ctrl Pts',(-85.4564776884283,-30.1936543646365,-20.6973636029342));
#6831=CARTESIAN_POINT('Ctrl Pts',(-85.5479787370757,-30.1870655964447,-20.6527147446097));
#6832=CARTESIAN_POINT('Ctrl Pts',(-85.6369845088294,-30.1809385110553,-20.6037707230114));
#6833=CARTESIAN_POINT('Ctrl Pts',(-85.726166375156,-30.1747993034579,-20.5547298675066));
#6834=CARTESIAN_POINT('Ctrl Pts',(-85.8128438854501,-30.1691235650717,-20.5013764187176));
#6835=CARTESIAN_POINT('Ctrl Pts',(-85.8966731329866,-30.1639369425847,-20.4438943172323));
#6836=CARTESIAN_POINT('Ctrl Pts',(-85.97902730392,-30.158841584969,-20.3874236825737));
#6837=CARTESIAN_POINT('Ctrl Pts',(-86.0586332405736,-30.15421825291,-20.3269679061784));
#6838=CARTESIAN_POINT('Ctrl Pts',(-86.1351362768103,-30.1500955036487,-20.2626613310543));
#6839=CARTESIAN_POINT('Ctrl Pts',(-86.2002192359301,-30.1465881824386,-20.207954192543));
#6840=CARTESIAN_POINT('Ctrl Pts',(-86.2630563117369,-30.1434432039471,-20.1504593292792));
#6841=CARTESIAN_POINT('Ctrl Pts',(-86.3234068622773,-30.1406808862352,-20.0902398858743));
#6842=CARTESIAN_POINT('Ctrl Pts',(-86.3953119069865,-30.1373897053464,-20.0184910495899));
#6843=CARTESIAN_POINT('Ctrl Pts',(-86.4633333522621,-30.1346576176619,-19.9432287308918));
#6844=CARTESIAN_POINT('Ctrl Pts',(-86.5271391028925,-30.1325089006278,-19.8646333962137));
#6845=CARTESIAN_POINT('Ctrl Pts',(-86.5315632948638,-30.132359911915,-19.8591837173802));
#6846=CARTESIAN_POINT('Ctrl Pts',(-86.5359672059018,-30.1322137296253,-19.8537179975219));
#6847=CARTESIAN_POINT('Ctrl Pts',(-86.540350719397,-30.1320703626171,-19.8482362895739));
#6848=CARTESIAN_POINT('Ctrl Pts',(-86.6027356633452,-30.1300300032609,-19.7702221478477));
#6849=CARTESIAN_POINT('Ctrl Pts',(-86.6609926045122,-30.1285594881665,-19.6889726330372));
#6850=CARTESIAN_POINT('Ctrl Pts',(-86.7150393285422,-30.1276487763339,-19.6048936285684));
#6851=CARTESIAN_POINT('Ctrl Pts',(-86.7697418057855,-30.1267270147621,-19.5197944868323));
#6852=CARTESIAN_POINT('Ctrl Pts',(-86.8201316627918,-30.1263787322353,-19.4317959651721));
#6853=CARTESIAN_POINT('Ctrl Pts',(-86.8660788731586,-30.1265979829806,-19.3412904992163));
#6854=CARTESIAN_POINT('Ctrl Pts',(-86.9018287814853,-30.1267685742739,-19.2708713794232));
#6855=CARTESIAN_POINT('Ctrl Pts',(-86.9348883319296,-30.1272828335001,-19.1989338945857));
#6856=CARTESIAN_POINT('Ctrl Pts',(-86.9651756123193,-30.1281397368213,-19.1256560847468));
#6857=CARTESIAN_POINT('Ctrl Pts',(-87.0040233473139,-30.1292388369289,-19.0316668951935));
#6858=CARTESIAN_POINT('Ctrl Pts',(-87.0381209581597,-30.1308959978911,-18.9359352389749));
#6859=CARTESIAN_POINT('Ctrl Pts',(-87.0673905439128,-30.1330990263842,-18.8388760485956));
#6860=CARTESIAN_POINT('Ctrl Pts',(-87.0967286195296,-30.1353072098912,-18.7415897429168));
#6861=CARTESIAN_POINT('Ctrl Pts',(-87.1212163446665,-30.138063839927,-18.6429687958144));
#6862=CARTESIAN_POINT('Ctrl Pts',(-87.1407280016373,-30.1413609312307,-18.5434087031816));
#6863=CARTESIAN_POINT('Ctrl Pts',(-87.1598823268431,-30.1445976404019,-18.4456719299974));
#6864=CARTESIAN_POINT('Ctrl Pts',(-87.1742413050543,-30.1483552288071,-18.3470292359837));
#6865=CARTESIAN_POINT('Ctrl Pts',(-87.183637614724,-30.1526298546631,-18.2478462739958));
#6866=CARTESIAN_POINT('Ctrl Pts',(-87.1918303396985,-30.1563569385117,-18.161367777832));
#6867=CARTESIAN_POINT('Ctrl Pts',(-87.1962497128182,-30.1604771510649,-18.0744781001468));
#6868=CARTESIAN_POINT('Ctrl Pts',(-87.1967525451491,-30.1649900462852,-17.9874216773178));
#6869=CARTESIAN_POINT('Ctrl Pts',(-84.2079776637472,-30.2672322744649,-20.9796223623163));
#6870=CARTESIAN_POINT('Ctrl Pts',(-84.3599651899872,-32.0200781890927,-21.0714851241273));
#6871=CARTESIAN_POINT('Ctrl Pts',(-83.6100874210854,-35.0185547669028,-21.2286286228026));
#6872=CARTESIAN_POINT('Ctrl Pts',(-80.6069145304428,-37.9679311414112,-21.3831988888604));
#6873=CARTESIAN_POINT('Ctrl Pts',(-78.3429005591156,-38.7650520372859,-21.4249742248333));
#6874=CARTESIAN_POINT('Ctrl Pts',(-77.1780811078017,-38.9029073748308,-21.4321989169364));
#6875=CARTESIAN_POINT('Ctrl Pts',(-85.0996555130266,-30.1901275487693,-20.9755814748704));
#6876=CARTESIAN_POINT('Ctrl Pts',(-85.2753257041714,-32.1387325646855,-21.0779487431504));
#6877=CARTESIAN_POINT('Ctrl Pts',(-84.4545899697155,-35.4777838376061,-21.2525874948739));
#6878=CARTESIAN_POINT('Ctrl Pts',(-81.11339161622,-38.7764516008897,-21.4258548210646));
#6879=CARTESIAN_POINT('Ctrl Pts',(-78.5877858114746,-39.668060291452,-21.4722775962649));
#6880=CARTESIAN_POINT('Ctrl Pts',(-77.2872143432874,-39.8225114176923,-21.4803933226424));
#6881=CARTESIAN_POINT('Ctrl Pts',(-86.6435759252392,-30.0958086371464,-20.2208673351424));
#6882=CARTESIAN_POINT('Ctrl Pts',(-86.8591820691332,-32.381752500394,-20.3290013341371));
#6883=CARTESIAN_POINT('Ctrl Pts',(-85.9109873096386,-36.3147978899824,-20.514958176699));
#6884=CARTESIAN_POINT('Ctrl Pts',(-81.9877507406981,-40.2134706549274,-20.6989493026486));
#6885=CARTESIAN_POINT('Ctrl Pts',(-79.0092661655616,-41.2715537311719,-20.7489022141728));
#6886=CARTESIAN_POINT('Ctrl Pts',(-77.4758691841851,-41.4544490106011,-20.7575279899688));
#6887=CARTESIAN_POINT('Ctrl Pts',(-87.1937397033956,-30.1302162491444,-18.6540815020764));
#6888=CARTESIAN_POINT('Ctrl Pts',(-87.4104098177375,-32.5392443364915,-18.7507467686307));
#6889=CARTESIAN_POINT('Ctrl Pts',(-86.3941189648858,-36.6684566532937,-18.9165844750405));
#6890=CARTESIAN_POINT('Ctrl Pts',(-82.2640564197037,-40.7450756490552,-19.0798495106101));
#6891=CARTESIAN_POINT('Ctrl Pts',(-79.1420853626604,-41.8477758241578,-19.1241417447407));
#6892=CARTESIAN_POINT('Ctrl Pts',(-77.534921755697,-42.0386201806162,-19.1317798318966));
#6893=CARTESIAN_POINT('Ctrl Pts',(-87.1967631834412,-30.1650855228079,-17.9837337580526));
#6894=CARTESIAN_POINT('Ctrl Pts',(-87.4057457654274,-32.5752455808404,-18.0755965198636));
#6895=CARTESIAN_POINT('Ctrl Pts',(-86.3746651485112,-36.698145615849,-18.2327400185389));
#6896=CARTESIAN_POINT('Ctrl Pts',(-82.2453076915955,-40.7535329574419,-18.3873102845967));
#6897=CARTESIAN_POINT('Ctrl Pts',(-79.1322924522161,-41.8495727910791,-18.4290856205696));
#6898=CARTESIAN_POINT('Ctrl Pts',(-77.5306677498119,-42.0391236383981,-18.4363103126726));
#6899=CARTESIAN_POINT('',(-77.5988096047606,-42.030843181946,-18.4359947047543));
#6900=CARTESIAN_POINT('',(-87.1967631834414,-30.1650855228093,-17.9837337580527));
#6901=CARTESIAN_POINT('Origin',(-76.237845664519,-31.1153223634047,-18.0199518425159));
#6902=CARTESIAN_POINT('Ctrl Pts',(-87.1967631834413,-30.1650855228093,-17.9837337580527));
#6903=CARTESIAN_POINT('Ctrl Pts',(-87.1967631834413,-30.1650855228092,-17.9849679028357));
#6904=CARTESIAN_POINT('Ctrl Pts',(-87.1967596164716,-30.1650535095532,-17.9861973024501));
#6905=CARTESIAN_POINT('Ctrl Pts',(-87.1967525451491,-30.1649900462852,-17.9874216773178));
#6906=CARTESIAN_POINT('',(-77.5988096047606,-42.030843181946,-2.));
#6907=CARTESIAN_POINT('Origin',(97.2024162894286,-24.1596978058766,-2.));
#6908=CARTESIAN_POINT('',(107.900182104589,-24.4104585545794,-2.));
#6909=CARTESIAN_POINT('',(86.504650474268,-23.9089370571737,-2.));
#6910=CARTESIAN_POINT('Origin',(106.651182301404,-11.9418985832288,-2.));
#6911=CARTESIAN_POINT('',(119.131896730395,-10.8208474650842,-4.));
#6912=CARTESIAN_POINT('Origin',(117.108543241902,11.7052413724851,-2.));
#6913=CARTESIAN_POINT('',(115.08518975341,34.2313302100542,-2.));
#6914=CARTESIAN_POINT('Origin',(104.124301955784,34.2858506147247,-2.));
#6915=CARTESIAN_POINT('',(102.705153008938,45.1546154964084,-2.));
#6916=CARTESIAN_POINT('Origin',(97.8212847247569,44.5169223815531,-2.));
#6917=CARTESIAN_POINT('',(92.9374164405755,43.8792292666978,-2.));
#6918=CARTESIAN_POINT('Origin',(84.1356306775552,34.4521064808274,-2.));
#6919=CARTESIAN_POINT('',(83.7409353855168,47.3434327223134,-2.));
#6920=CARTESIAN_POINT('Origin',(71.169400191569,46.9585285113891,-2.));
#6921=CARTESIAN_POINT('',(58.5978649976212,46.5736243004648,-2.));
#6922=CARTESIAN_POINT('Origin',(61.8166600356525,-58.5569353407031,-2.));
#6923=CARTESIAN_POINT('',(42.5688562441091,44.8467263989291,-2.));
#6924=CARTESIAN_POINT('Origin',(28.5599562441092,42.239076398929,-2.));
#6925=CARTESIAN_POINT('',(14.5510562441091,39.6314263989291,-2.));
#6926=CARTESIAN_POINT('',(10.8512196041591,38.9427299977722,-2.));
#6927=CARTESIAN_POINT('',(14.5510562441091,39.6314263989291,-2.));
#6928=CARTESIAN_POINT('Origin',(-28.5453004542451,42.2363486380522,-2.));
#6929=CARTESIAN_POINT('',(-42.5395462907844,44.8412708771747,-2.));
#6930=CARTESIAN_POINT('',(-14.5510546177059,39.6314263989291,-2.));
#6931=CARTESIAN_POINT('',(-14.5510546177059,39.6314263989291,-2.));
#6932=CARTESIAN_POINT('',(-10.8438781639754,38.9413637473597,-2.));
#6933=CARTESIAN_POINT('Origin',(-61.8581881161728,-58.9429491936498,-2.));
#6934=CARTESIAN_POINT('',(-58.6275340374295,46.574523918203,-2.));
#6935=CARTESIAN_POINT('Origin',(-71.1841840374295,46.958973918203,-2.));
#6936=CARTESIAN_POINT('',(-83.7408340374295,47.343423918203,-2.));
#6937=CARTESIAN_POINT('Origin',(-84.135530771304,34.4521019168891,-2.));
#6938=CARTESIAN_POINT('',(-92.9373186305561,43.8792170076268,-2.));
#6939=CARTESIAN_POINT('Origin',(-14.9542413571637,-49.7366839519507,-2.));
#6940=CARTESIAN_POINT('',(5.00206922551824E-5,-49.7371974522082,-4.));
#6941=CARTESIAN_POINT('',(-29.9085327350198,-49.7361704516933,-2.));
#6942=CARTESIAN_POINT('Origin',(53.9076332483472,-45.8837260975879,-2.));
#6943=CARTESIAN_POINT('',(77.5987000975735,-42.0302549463582,-2.00000001299871));
#6944=CARTESIAN_POINT('',(77.5987462583068,-42.0302483226182,-2.));
#6945=CARTESIAN_POINT('',(77.598699733962,-42.0302541227228,-2.));
#6946=CARTESIAN_POINT('',(30.2165597108667,-49.7371974521618,-2.));
#6947=CARTESIAN_POINT('Origin',(76.2379043865374,-31.1147249792382,-2.));
#6948=CARTESIAN_POINT('',(87.1968606984541,-30.1650845139381,-2.));
#6949=CARTESIAN_POINT('Origin',(86.850755586361,-27.0370107855558,-2.));
#6950=CARTESIAN_POINT('Origin',(-97.8212380077383,44.5169121901964,-2.));
#6951=CARTESIAN_POINT('',(-102.705157384921,45.1546073727661,-4.));
#6952=CARTESIAN_POINT('Origin',(-104.124296885967,34.2858363713043,-2.));
#6953=CARTESIAN_POINT('',(-115.08518953086,34.2313163496064,-2.));
#6954=CARTESIAN_POINT('Origin',(-117.108542791347,11.7052300504534,-2.));
#6955=CARTESIAN_POINT('',(-119.131896051834,-10.8208562486997,-4.));
#6956=CARTESIAN_POINT('Origin',(-106.657961198823,-11.9412984072157,-2.));
#6957=CARTESIAN_POINT('',(-107.918162772887,-24.4018896187301,-2.));
#6958=CARTESIAN_POINT('Origin',(-97.2129830292521,-24.1672193919975,-2.));
#6959=CARTESIAN_POINT('',(-86.5078032856166,-23.9325491652648,-2.));
#6960=CARTESIAN_POINT('Origin',(-86.852283234529,-27.048817344037,-2.));
#6961=CARTESIAN_POINT('',(-87.1967631834414,-30.1650855228093,-2.));
#6962=CARTESIAN_POINT('Origin',(-76.237845664519,-31.1153223634047,-2.));
#6963=CARTESIAN_POINT('',(-77.5988096047606,-42.030843181946,-2.));
#6964=CARTESIAN_POINT('Origin',(-53.7536711698902,-45.8835068168197,-2.));
#6965=CARTESIAN_POINT('Origin',(1.39864043124938E-5,-49.7371974522082,-2.));
#6966=CARTESIAN_POINT('Origin',(1.39864043124938E-5,-1.1938619642656,-2.));
#6967=CARTESIAN_POINT('Origin',(-15.7405479782882,33.2411924568501,-2.));
#6968=CARTESIAN_POINT('Origin',(1.39864043124938E-5,-1.1938619642656,-2.));
#6969=CARTESIAN_POINT('Origin',(15.7405496046915,33.2411924568499,-2.));
#6970=CARTESIAN_POINT('Origin',(-7.7405491867984,35.405310867836,0.));
#6971=CARTESIAN_POINT('',(-7.7405491867984,-1.1938619642656,-2.));
#6972=CARTESIAN_POINT('Origin',(1.39864043124938E-5,-1.1938619642656,-2.));
#6973=CARTESIAN_POINT('',(-15.4660496805817,34.7158609141743,-2.));
#6974=CARTESIAN_POINT('Origin',(-15.7405479782883,33.2411924568499,-2.));
#6975=CARTESIAN_POINT('',(-39.7866650100013,39.24295815691,-2.));
#6976=CARTESIAN_POINT('',(-29.4602955171209,37.3207831532973,-2.));
#6977=CARTESIAN_POINT('',(-44.5472634554021,37.522910568258,-2.));
#6978=CARTESIAN_POINT('Origin',(-40.7016600728772,34.3273926721551,-2.));
#6979=CARTESIAN_POINT('',(-49.0623375492824,35.7634502639407,-2.));
#6980=CARTESIAN_POINT('Origin',(-48.392866837927,40.7184284643609,-2.));
#6981=CARTESIAN_POINT('',(-58.9335630594102,36.5792077032098,-2.));
#6982=CARTESIAN_POINT('Origin',(-61.8581881161728,-58.9429491936502,-2.));
#6983=CARTESIAN_POINT('',(-84.0468630594102,37.3481077032098,-2.));
#6984=CARTESIAN_POINT('',(-71.4902130594102,36.9636577032098,-2.));
#6985=CARTESIAN_POINT('',(-84.9475791213283,35.8187294062785,-2.));
#6986=CARTESIAN_POINT('',(-84.4972210903693,36.5834185547442,-2.));
#6987=CARTESIAN_POINT('',(-89.9032747554649,33.3981779036943,-2.));
#6988=CARTESIAN_POINT('Origin',(-89.2559178331028,38.3560936971575,-2.));
#6989=CARTESIAN_POINT('',(-103.088070432722,35.11972161423,-2.));
#6990=CARTESIAN_POINT('',(-96.4956725940936,34.2589497589621,-2.));
#6991=CARTESIAN_POINT('',(-110.427049709248,30.2012654647653,-2.));
#6992=CARTESIAN_POINT('Origin',(-103.955159108502,28.4789451098309,-2.));
#6993=CARTESIAN_POINT('',(-111.151492724974,22.1360075536801,-2.));
#6994=CARTESIAN_POINT('',(-112.128591835134,11.2579175492713,-2.));
#6995=CARTESIAN_POINT('',(-110.734480492801,0.425373139933939,-2.));
#6996=CARTESIAN_POINT('Origin',(-11.5524736007138,13.1897575300375,-2.));
#6997=CARTESIAN_POINT('',(-109.171994139408,-11.7154812510639,-2.));
#6998=CARTESIAN_POINT('',(-109.953237316105,-5.645054055565,-2.));
#6999=CARTESIAN_POINT('',(-108.81295530449,-13.6333416775836,-2.));
#7000=CARTESIAN_POINT('',(-108.992474721949,-12.6744114643237,-2.));
#7001=CARTESIAN_POINT('',(-103.791012880143,-17.7121333913886,-2.));
#7002=CARTESIAN_POINT('Origin',(-103.898334637647,-12.713285320046,-2.));
#7003=CARTESIAN_POINT('',(-94.5357163132004,-17.5134286738992,-2.));
#7004=CARTESIAN_POINT('',(-94.5357163132004,-17.5134286738992,-2.));
#7005=CARTESIAN_POINT('',(-82.0107838653413,-15.018650538963,-2.));
#7006=CARTESIAN_POINT('',(-88.2732500892709,-16.2660396064311,-2.));
#7007=CARTESIAN_POINT('',(-76.0643184075471,-20.4716869709051,-2.));
#7008=CARTESIAN_POINT('Origin',(-81.0340464723798,-19.9223210076212,-2.));
#7009=CARTESIAN_POINT('',(-77.237377583352,-31.0835295263841,-2.));
#7010=CARTESIAN_POINT('',(-76.6508479954496,-25.7776082486446,-2.));
#7011=CARTESIAN_POINT('',(-77.1598299021722,-32.8540489295503,-2.));
#7012=CARTESIAN_POINT('',(-77.1986037427621,-31.9687892279672,-2.));
#7013=CARTESIAN_POINT('',(-72.7882561247999,-37.5962169280436,-2.));
#7014=CARTESIAN_POINT('Origin',(-72.1646189806062,-32.6352617062761,-2.));
#7015=CARTESIAN_POINT('',(-60.1418081560646,-39.1859903371667,-2.));
#7016=CARTESIAN_POINT('',(-53.288502094927,-40.0475131748452,-2.));
#7017=CARTESIAN_POINT('',(-46.3818299486205,-39.9586006847052,-2.));
#7018=CARTESIAN_POINT('Origin',(-47.6690652721911,60.0331140981798,-2.));
#7019=CARTESIAN_POINT('',(-29.1057156929791,-39.7361980129187,-2.));
#7020=CARTESIAN_POINT('',(-37.7437728207998,-39.8473993488103,-2.));
#7021=CARTESIAN_POINT('',(-14.55274699076,-39.7366977325634,-2.));
#7022=CARTESIAN_POINT('',(-21.8292313418696,-39.736447872741,-2.));
#7023=CARTESIAN_POINT('',(-4.97525203322105,-43.0259892852967,-2.));
#7024=CARTESIAN_POINT('Origin',(-14.5532823094905,-55.3263924983299,-2.));
#7025=CARTESIAN_POINT('',(5.05135589053105,-43.0259892852968,-2.));
#7026=CARTESIAN_POINT('',(1.39864043124938E-5,-43.0259892852967,-2.));
#7027=CARTESIAN_POINT('',(14.7044077986296,-39.7371974521856,-2.));
#7028=CARTESIAN_POINT('Origin',(14.7044077986539,-55.5481043352876,-2.));
#7029=CARTESIAN_POINT('',(29.4085938858,-39.737197452163,-2.));
#7030=CARTESIAN_POINT('',(1.39864043124938E-5,-39.7371974521856,-2.));
#7031=CARTESIAN_POINT('',(46.679152597825,-39.9281448650425,-2.));
#7032=CARTESIAN_POINT('',(38.0438732418125,-39.8326711586027,-2.));
#7033=CARTESIAN_POINT('',(60.1555480260814,-39.1661178328392,-2.));
#7034=CARTESIAN_POINT('Origin',(47.7847088591391,60.0657436749738,-2.));
#7035=CARTESIAN_POINT('',(72.7848751904677,-37.5916701427188,-2.));
#7036=CARTESIAN_POINT('',(53.4431235305519,-40.0029289396015,-2.));
#7037=CARTESIAN_POINT('',(77.161720344585,-32.8448038626397,-2.));
#7038=CARTESIAN_POINT('Origin',(72.1663332321205,-32.6300770673281,-2.));
#7039=CARTESIAN_POINT('',(77.2374365723292,-31.0833475538019,-2.));
#7040=CARTESIAN_POINT('',(77.1995784584571,-31.9640757082208,-2.));
#7041=CARTESIAN_POINT('',(76.059789382998,-20.4398548530643,-2.));
#7042=CARTESIAN_POINT('',(76.6486129776636,-25.7616012034331,-2.));
#7043=CARTESIAN_POINT('',(82.0120887535367,-14.9874927082339,-2.));
#7044=CARTESIAN_POINT('Origin',(81.0294618759034,-19.8899864021975,-2.));
#7045=CARTESIAN_POINT('',(88.2687074033851,-16.2415323933869,-2.));
#7046=CARTESIAN_POINT('',(108.806685463315,-13.6442573663528,-2.));
#7047=CARTESIAN_POINT('Origin',(103.894022331642,-12.7138053500174,-2.));
#7048=CARTESIAN_POINT('',(109.171994817969,-11.7154724674478,-2.));
#7049=CARTESIAN_POINT('',(108.989340140642,-12.6798649169003,-2.));
#7050=CARTESIAN_POINT('',(110.734481354037,0.425385620775752,-2.));
#7051=CARTESIAN_POINT('',(109.953238086005,-5.64504342333624,-2.));
#7052=CARTESIAN_POINT('',(111.151493283039,22.1360176787775,-2.));
#7053=CARTESIAN_POINT('Origin',(11.5524741587777,13.1897676551414,-2.));
#7054=CARTESIAN_POINT('',(110.42705011291,30.2012773088477,-2.));
#7055=CARTESIAN_POINT('',(112.128592285686,11.2579288713026,-2.));
#7056=CARTESIAN_POINT('',(103.088074349366,35.1197299611867,-2.));
#7057=CARTESIAN_POINT('Origin',(103.955167892706,28.4789641177332,-2.));
#7058=CARTESIAN_POINT('',(89.9033809426042,33.3981871762999,-2.));
#7059=CARTESIAN_POINT('',(96.4957276459849,34.2589585687433,-2.));
#7060=CARTESIAN_POINT('',(84.9476824454859,35.8187351380626,-2.));
#7061=CARTESIAN_POINT('Origin',(89.2560194252661,38.3561023697932,-2.));
#7062=CARTESIAN_POINT('',(84.0469631900502,37.3481164700454,-2.));
#7063=CARTESIAN_POINT('',(84.497322817768,36.583425804054,-2.));
#7064=CARTESIAN_POINT('',(58.9038928021546,36.578308048197,-2.));
#7065=CARTESIAN_POINT('',(71.4754279961024,36.9632122591212,-2.));
#7066=CARTESIAN_POINT('',(49.0907824551314,35.7683040569648,-2.));
#7067=CARTESIAN_POINT('Origin',(61.8166600356525,-58.5569353407016,-2.));
#7068=CARTESIAN_POINT('',(44.5764853611979,37.5281049814221,-2.));
#7069=CARTESIAN_POINT('Origin',(48.4222648454955,40.7234109383154,-2.));
#7070=CARTESIAN_POINT('',(39.8157108140246,39.2483645092839,-2.));
#7071=CARTESIAN_POINT('Origin',(40.7307058769004,34.3327990245291,-2.));
#7072=CARTESIAN_POINT('',(15.466051306985,34.7158609141743,-2.));
#7073=CARTESIAN_POINT('',(29.474951306985,37.3235109141743,-2.));
#7074=CARTESIAN_POINT('Origin',(15.7405496046915,33.2411924568499,-2.));
#7075=CARTESIAN_POINT('Origin',(15.7405496046915,33.2411924568499,-2.));
#7076=CARTESIAN_POINT('Origin',(-15.7405479782882,33.2411924568501,-2.));
#7077=CARTESIAN_POINT('Origin',(1.39864043124938E-5,-1.1938619642656,0.));
#7078=CARTESIAN_POINT('',(103.088074349366,35.1197299611867,0.));
#7079=CARTESIAN_POINT('',(110.42705011291,30.2012773088477,0.));
#7080=CARTESIAN_POINT('Origin',(103.955167892706,28.4789641177332,0.));
#7081=CARTESIAN_POINT('',(110.105238797194,33.7840177088715,0.));
#7082=CARTESIAN_POINT('',(112.128592285686,11.2579288713026,0.));
#7083=CARTESIAN_POINT('',(103.352514526276,39.1967003029153,0.));
#7084=CARTESIAN_POINT('Origin',(104.1293425149,33.247246737362,0.));
#7085=CARTESIAN_POINT('',(89.9885402534228,37.4517485791956,0.));
#7086=CARTESIAN_POINT('',(96.6705273898495,38.3242244410555,0.));
#7087=CARTESIAN_POINT('',(83.8939492877835,42.3457745961794,0.));
#7088=CARTESIAN_POINT('Origin',(84.0780377873863,36.3331746144856,0.));
#7089=CARTESIAN_POINT('',(58.7508788998879,41.5759661743308,0.));
#7090=CARTESIAN_POINT('',(71.3224140938357,41.9608703852551,0.));
#7091=CARTESIAN_POINT('',(43.4838513069849,39.9311609141743,0.));
#7092=CARTESIAN_POINT('Origin',(61.8166600356524,-58.5569353407018,0.));
#7093=CARTESIAN_POINT('',(39.8157108140246,39.2483645092839,0.));
#7094=CARTESIAN_POINT('',(29.474951306985,37.3235109141743,0.));
#7095=CARTESIAN_POINT('',(44.5764853611979,37.5281049814221,0.));
#7096=CARTESIAN_POINT('Origin',(40.7307058769004,34.3327990245291,0.));
#7097=CARTESIAN_POINT('',(49.0907824551314,35.7683040569648,0.));
#7098=CARTESIAN_POINT('Origin',(48.4222648454955,40.7234109383154,0.));
#7099=CARTESIAN_POINT('',(58.9038928021546,36.578308048197,0.));
#7100=CARTESIAN_POINT('Origin',(61.8166600356525,-58.5569353407016,0.));
#7101=CARTESIAN_POINT('',(84.0469631900502,37.3481164700454,0.));
#7102=CARTESIAN_POINT('',(71.4754279961024,36.9632122591212,0.));
#7103=CARTESIAN_POINT('',(84.9476824454859,35.8187351380626,0.));
#7104=CARTESIAN_POINT('',(84.497322817768,36.583425804054,0.));
#7105=CARTESIAN_POINT('',(89.9033809426042,33.3981871762999,0.));
#7106=CARTESIAN_POINT('Origin',(89.2560194252661,38.3561023697932,0.));
#7107=CARTESIAN_POINT('',(96.4957276459849,34.2589585687433,0.));
#7108=CARTESIAN_POINT('Origin',(1.39864043124938E-5,-1.1938619642656,0.));
#7109=CARTESIAN_POINT('',(114.151945774179,-11.2681599662663,0.));
#7110=CARTESIAN_POINT('Origin',(108.176855039705,-11.8139827880081,0.));
#7111=CARTESIAN_POINT('',(111.151493283039,22.1360176787775,0.));
#7112=CARTESIAN_POINT('',(112.128592285686,11.2579288713026,0.));
#7113=CARTESIAN_POINT('',(110.734481354037,0.425385620775752,0.));
#7114=CARTESIAN_POINT('Origin',(11.5524741587777,13.1897676551414,0.));
#7115=CARTESIAN_POINT('',(109.171994817969,-11.7154724674478,0.));
#7116=CARTESIAN_POINT('',(109.953238086005,-5.64504342333624,0.));
#7117=CARTESIAN_POINT('',(108.806685463315,-13.6442573663528,0.));
#7118=CARTESIAN_POINT('',(108.989340140642,-12.6798649169003,0.));
#7119=CARTESIAN_POINT('Origin',(103.894022331642,-12.7138053500174,0.));
#7120=CARTESIAN_POINT('Origin',(1.39864043124938E-5,-1.1938619642656,0.));
#7121=CARTESIAN_POINT('',(-110.734480492801,0.425373139933939,0.));
#7122=CARTESIAN_POINT('',(-111.151492724974,22.1360075536801,0.));
#7123=CARTESIAN_POINT('Origin',(-11.5524736007138,13.1897575300375,0.));
#7124=CARTESIAN_POINT('',(-114.151945095621,-11.2681687498818,0.));
#7125=CARTESIAN_POINT('',(-112.128591835134,11.2579175492713,0.));
#7126=CARTESIAN_POINT('',(-108.032326032599,-17.8031914061855,0.));
#7127=CARTESIAN_POINT('Origin',(-108.176032407187,-11.804941195035,0.));
#7128=CARTESIAN_POINT('',(-103.791012880143,-17.7121333913886,0.));
#7129=CARTESIAN_POINT('',(-94.5357163132004,-17.5134286738992,0.));
#7130=CARTESIAN_POINT('',(-108.81295530449,-13.6333416775836,0.));
#7131=CARTESIAN_POINT('Origin',(-103.898334637647,-12.713285320046,0.));
#7132=CARTESIAN_POINT('',(-109.171994139408,-11.7154812510639,0.));
#7133=CARTESIAN_POINT('',(-108.992474721949,-12.6744114643237,0.));
#7134=CARTESIAN_POINT('',(-109.953237316105,-5.645054055565,0.));
#7135=CARTESIAN_POINT('Origin',(1.39864043124938E-5,-1.1938619642656,0.));
#7136=CARTESIAN_POINT('',(-43.4545413536601,39.9257053924204,0.));
#7137=CARTESIAN_POINT('',(-39.7866650100013,39.24295815691,0.));
#7138=CARTESIAN_POINT('',(-29.4602955171209,37.3207831532973,0.));
#7139=CARTESIAN_POINT('',(-58.7805485484199,41.5768658107065,0.));
#7140=CARTESIAN_POINT('Origin',(-61.8581881161728,-58.9429491936496,0.));
#7141=CARTESIAN_POINT('',(-83.8938485484199,42.3457658107064,0.));
#7142=CARTESIAN_POINT('',(-71.3371985484199,41.9613158107065,0.));
#7143=CARTESIAN_POINT('',(-89.9884397142908,37.4517393535829,0.));
#7144=CARTESIAN_POINT('Origin',(-84.077937758297,36.3331665723047,0.));
#7145=CARTESIAN_POINT('',(-103.352514307283,39.1966915793031,0.));
#7146=CARTESIAN_POINT('',(-96.6704770107867,38.324215466443,0.));
#7147=CARTESIAN_POINT('',(-110.105238574647,33.7840038484243,0.));
#7148=CARTESIAN_POINT('Origin',(-104.129337415882,33.2472324388969,0.));
#7149=CARTESIAN_POINT('',(-110.427049709248,30.2012654647653,0.));
#7150=CARTESIAN_POINT('',(-112.128591835134,11.2579175492713,0.));
#7151=CARTESIAN_POINT('',(-103.088070432722,35.11972161423,0.));
#7152=CARTESIAN_POINT('Origin',(-103.955159108502,28.4789451098309,0.));
#7153=CARTESIAN_POINT('',(-89.9032747554649,33.3981779036943,0.));
#7154=CARTESIAN_POINT('',(-96.4956725940936,34.2589497589621,0.));
#7155=CARTESIAN_POINT('',(-84.9475791213283,35.8187294062785,0.));
#7156=CARTESIAN_POINT('Origin',(-89.2559178331028,38.3560936971575,0.));
#7157=CARTESIAN_POINT('',(-84.0468630594102,37.3481077032098,0.));
#7158=CARTESIAN_POINT('',(-84.4972210903693,36.5834185547442,0.));
#7159=CARTESIAN_POINT('',(-58.9335630594102,36.5792077032098,0.));
#7160=CARTESIAN_POINT('',(-71.4902130594102,36.9636577032098,0.));
#7161=CARTESIAN_POINT('',(-49.0623375492824,35.7634502639407,0.));
#7162=CARTESIAN_POINT('Origin',(-61.8581881161728,-58.9429491936502,0.));
#7163=CARTESIAN_POINT('',(-44.5472634554021,37.522910568258,0.));
#7164=CARTESIAN_POINT('Origin',(-48.392866837927,40.7184284643609,0.));
#7165=CARTESIAN_POINT('Origin',(-40.7016600728772,34.3273926721551,0.));
#7166=CARTESIAN_POINT('Origin',(1.39864043124938E-5,-1.1938619642656,0.));
#7167=CARTESIAN_POINT('',(-76.9751789280674,-37.0698826913361,0.));
#7168=CARTESIAN_POINT('Origin',(-76.237845664519,-31.1153223634047,0.));
#7169=CARTESIAN_POINT('',(-72.7882561247999,-37.5962169280436,0.));
#7170=CARTESIAN_POINT('',(-53.288502094927,-40.0475131748452,0.));
#7171=CARTESIAN_POINT('',(-77.1598299021722,-32.8540489295503,0.));
#7172=CARTESIAN_POINT('Origin',(-72.1646189806062,-32.6352617062761,0.));
#7173=CARTESIAN_POINT('',(-77.237377583352,-31.0835295263841,0.));
#7174=CARTESIAN_POINT('',(-77.1986037427621,-31.9687892279672,0.));
#7175=CARTESIAN_POINT('',(-76.0643184075471,-20.4716869709051,0.));
#7176=CARTESIAN_POINT('',(-76.6508479954496,-25.7776082486446,0.));
#7177=CARTESIAN_POINT('',(-82.0107838653413,-15.018650538963,0.));
#7178=CARTESIAN_POINT('Origin',(-81.0340464723798,-19.9223210076212,0.));
#7179=CARTESIAN_POINT('',(-94.5357163132005,-17.5134286738992,0.));
#7180=CARTESIAN_POINT('',(-88.2732500892709,-16.2660396064311,0.));
#7181=CARTESIAN_POINT('',(-94.5357163132004,-17.5134286738992,0.));
#7182=CARTESIAN_POINT('Origin',(1.39864043124938E-5,-1.1938619642656,0.));
#7183=CARTESIAN_POINT('',(14.7044077986296,-39.7371974521856,0.));
#7184=CARTESIAN_POINT('',(5.07073805071804,-43.011071845347,0.));
#7185=CARTESIAN_POINT('Origin',(14.7044077986539,-55.5481043352876,0.));
#7186=CARTESIAN_POINT('',(29.9060892854857,-42.9371968318712,0.));
#7187=CARTESIAN_POINT('',(14.9522290583347,-42.9816784506473,0.));
#7188=CARTESIAN_POINT('',(60.1555480260814,-39.1661178328392,0.));
#7189=CARTESIAN_POINT('',(53.4431235305519,-40.0029289396015,0.));
#7190=CARTESIAN_POINT('',(46.679152597825,-39.9281448650425,0.));
#7191=CARTESIAN_POINT('Origin',(47.7847088591391,60.0657436749738,0.));
#7192=CARTESIAN_POINT('',(29.4085938858,-39.737197452163,0.));
#7193=CARTESIAN_POINT('',(38.0438732418125,-39.8326711586027,0.));
#7194=CARTESIAN_POINT('',(22.0565008422148,-39.7371974521743,0.));
#7195=CARTESIAN_POINT('Origin',(1.39864043124938E-5,-1.1938619642656,0.));
#7196=CARTESIAN_POINT('',(-29.6018252617866,-43.0251436583543,0.));
#7197=CARTESIAN_POINT('',(-60.1418081560646,-39.1859903371667,0.));
#7198=CARTESIAN_POINT('',(-53.288502094927,-40.0475131748452,0.));
#7199=CARTESIAN_POINT('',(-4.97525203322106,-43.0259892852967,0.));
#7200=CARTESIAN_POINT('',(-14.8017282153015,-43.0256518638889,0.));
#7201=CARTESIAN_POINT('',(-14.55274699076,-39.7366977325634,0.));
#7202=CARTESIAN_POINT('Origin',(-14.5532823094905,-55.3263924983299,0.));
#7203=CARTESIAN_POINT('',(-29.1057156929791,-39.7361980129187,0.));
#7204=CARTESIAN_POINT('',(-21.8292313418696,-39.736447872741,0.));
#7205=CARTESIAN_POINT('',(-46.3818299486205,-39.9586006847052,0.));
#7206=CARTESIAN_POINT('',(-37.7437728207998,-39.8473993488103,0.));
#7207=CARTESIAN_POINT('Origin',(-47.6690652721911,60.0331140981798,0.));
#7208=CARTESIAN_POINT('Origin',(22.0565008422148,-39.7371974521743,0.));
#7209=CARTESIAN_POINT('',(14.7044077986296,-39.7371974521856,0.));
#7210=CARTESIAN_POINT('',(29.4085938858,-39.737197452163,0.));
#7211=CARTESIAN_POINT('Origin',(38.0438732418125,-39.8326711586027,0.));
#7212=CARTESIAN_POINT('',(46.679152597825,-39.9281448650425,0.));
#7213=CARTESIAN_POINT('Origin',(47.7847088591391,60.0657436749738,0.));
#7214=CARTESIAN_POINT('',(60.1555480260814,-39.1661178328392,0.));
#7215=CARTESIAN_POINT('Origin',(53.4431235305519,-40.0029289396015,0.));
#7216=CARTESIAN_POINT('',(29.9060892854857,-42.9371968318712,0.));
#7217=CARTESIAN_POINT('',(76.9801577756182,-37.0686610473318,0.));
#7218=CARTESIAN_POINT('',(76.9801577756182,-37.0686610473318,0.));
#7219=CARTESIAN_POINT('',(72.7848751904677,-37.5916701427188,0.));
#7220=CARTESIAN_POINT('',(53.4431235305519,-40.0029289396015,0.));
#7221=CARTESIAN_POINT('',(72.7848751904677,-37.5916701427188,0.));
#7222=CARTESIAN_POINT('Origin',(72.1663332321205,-32.6300770673281,0.));
#7223=CARTESIAN_POINT('',(77.161720344585,-32.8448038626397,0.));
#7224=CARTESIAN_POINT('Origin',(72.1663332321205,-32.6300770673281,0.));
#7225=CARTESIAN_POINT('',(77.161720344585,-32.8448038626397,0.));
#7226=CARTESIAN_POINT('Origin',(77.1995784584571,-31.9640757082208,0.));
#7227=CARTESIAN_POINT('',(77.2374365723292,-31.0833475538019,0.));
#7228=CARTESIAN_POINT('',(77.1995784584571,-31.9640757082208,0.));
#7229=CARTESIAN_POINT('',(77.2374365723292,-31.0833475538019,0.));
#7230=CARTESIAN_POINT('Origin',(76.6486129776636,-25.7616012034331,0.));
#7231=CARTESIAN_POINT('',(76.059789382998,-20.4398548530643,0.));
#7232=CARTESIAN_POINT('',(76.6486129776636,-25.7616012034331,0.));
#7233=CARTESIAN_POINT('',(76.059789382998,-20.4398548530643,0.));
#7234=CARTESIAN_POINT('Origin',(81.0294618759034,-19.8899864021975,0.));
#7235=CARTESIAN_POINT('',(82.0120887535367,-14.9874927082339,0.));
#7236=CARTESIAN_POINT('Origin',(81.0294618759034,-19.8899864021975,0.));
#7237=CARTESIAN_POINT('',(82.0120887535367,-14.9874927082339,0.));
#7238=CARTESIAN_POINT('Origin',(88.2687074033851,-16.2415323933869,0.));
#7239=CARTESIAN_POINT('',(88.2687074033851,-16.2415323933869,0.));
#7240=CARTESIAN_POINT('Origin',(103.894022331642,-12.7138053500174,0.));
#7241=CARTESIAN_POINT('',(108.806685463315,-13.6442573663528,0.));
#7242=CARTESIAN_POINT('Origin',(108.989340140642,-12.6798649169003,0.));
#7243=CARTESIAN_POINT('',(109.171994817969,-11.7154724674478,0.));
#7244=CARTESIAN_POINT('Origin',(109.953238086005,-5.64504342333624,0.));
#7245=CARTESIAN_POINT('',(110.734481354037,0.425385620775752,0.));
#7246=CARTESIAN_POINT('Origin',(11.5524741587777,13.1897676551414,0.));
#7247=CARTESIAN_POINT('',(111.151493283039,22.1360176787775,0.));
#7248=CARTESIAN_POINT('Origin',(112.128592285686,11.2579288713026,0.));
#7249=CARTESIAN_POINT('',(114.151945774179,-11.2681599662663,0.));
#7250=CARTESIAN_POINT('',(110.105238797194,33.7840177088715,0.));
#7251=CARTESIAN_POINT('',(110.42705011291,30.2012773088477,0.));
#7252=CARTESIAN_POINT('Origin',(103.955167892706,28.4789641177332,0.));
#7253=CARTESIAN_POINT('',(103.088074349366,35.1197299611867,0.));
#7254=CARTESIAN_POINT('Origin',(96.4957276459849,34.2589585687433,0.));
#7255=CARTESIAN_POINT('',(89.9033809426042,33.3981871762999,0.));
#7256=CARTESIAN_POINT('Origin',(89.2560194252661,38.3561023697932,0.));
#7257=CARTESIAN_POINT('',(84.9476824454859,35.8187351380626,0.));
#7258=CARTESIAN_POINT('Origin',(84.497322817768,36.583425804054,0.));
#7259=CARTESIAN_POINT('',(84.0469631900502,37.3481164700454,0.));
#7260=CARTESIAN_POINT('Origin',(71.4754279961024,36.9632122591212,0.));
#7261=CARTESIAN_POINT('',(58.9038928021546,36.578308048197,0.));
#7262=CARTESIAN_POINT('Origin',(61.8166600356525,-58.5569353407016,0.));
#7263=CARTESIAN_POINT('',(49.0907824551314,35.7683040569648,0.));
#7264=CARTESIAN_POINT('Origin',(48.4222648454955,40.7234109383154,0.));
#7265=CARTESIAN_POINT('',(44.5764853611979,37.5281049814221,0.));
#7266=CARTESIAN_POINT('Origin',(40.7307058769004,34.3327990245291,0.));
#7267=CARTESIAN_POINT('',(39.8157108140246,39.2483645092839,0.));
#7268=CARTESIAN_POINT('Origin',(29.474951306985,37.3235109141743,0.));
#7269=CARTESIAN_POINT('',(43.4838513069849,39.9311609141743,0.));
#7270=CARTESIAN_POINT('',(15.466051306985,34.7158609141743,0.));
#7271=CARTESIAN_POINT('Origin',(15.7405496046915,33.2411924568499,0.));
#7272=CARTESIAN_POINT('Origin',(-15.7405479782883,33.2411924568499,0.));
#7273=CARTESIAN_POINT('',(-15.4660496805817,34.7158609141743,0.));
#7274=CARTESIAN_POINT('Origin',(-29.4602955171209,37.3207831532973,0.));
#7275=CARTESIAN_POINT('',(-43.4545413536601,39.9257053924204,0.));
#7276=CARTESIAN_POINT('',(-39.7866650100013,39.24295815691,0.));
#7277=CARTESIAN_POINT('Origin',(-40.7016600728772,34.3273926721551,0.));
#7278=CARTESIAN_POINT('',(-44.5472634554021,37.522910568258,0.));
#7279=CARTESIAN_POINT('Origin',(-48.392866837927,40.7184284643609,0.));
#7280=CARTESIAN_POINT('',(-49.0623375492824,35.7634502639407,0.));
#7281=CARTESIAN_POINT('Origin',(-61.8581881161728,-58.9429491936502,0.));
#7282=CARTESIAN_POINT('',(-58.9335630594102,36.5792077032098,0.));
#7283=CARTESIAN_POINT('Origin',(-71.4902130594102,36.9636577032098,0.));
#7284=CARTESIAN_POINT('',(-84.0468630594102,37.3481077032098,0.));
#7285=CARTESIAN_POINT('Origin',(-84.4972210903693,36.5834185547442,0.));
#7286=CARTESIAN_POINT('',(-84.9475791213283,35.8187294062785,0.));
#7287=CARTESIAN_POINT('Origin',(-89.2559178331028,38.3560936971575,0.));
#7288=CARTESIAN_POINT('',(-89.9032747554649,33.3981779036943,0.));
#7289=CARTESIAN_POINT('Origin',(-96.4956725940936,34.2589497589621,0.));
#7290=CARTESIAN_POINT('',(-103.088070432722,35.11972161423,0.));
#7291=CARTESIAN_POINT('Origin',(-103.955159108502,28.4789451098309,0.));
#7292=CARTESIAN_POINT('',(-110.427049709248,30.2012654647653,0.));
#7293=CARTESIAN_POINT('Origin',(-112.128591835134,11.2579175492713,0.));
#7294=CARTESIAN_POINT('',(-110.105238574647,33.7840038484243,0.));
#7295=CARTESIAN_POINT('',(-114.151945095621,-11.2681687498818,0.));
#7296=CARTESIAN_POINT('',(-111.151492724974,22.1360075536801,0.));
#7297=CARTESIAN_POINT('Origin',(-11.5524736007138,13.1897575300375,0.));
#7298=CARTESIAN_POINT('',(-110.734480492801,0.425373139933939,0.));
#7299=CARTESIAN_POINT('Origin',(-109.953237316105,-5.645054055565,0.));
#7300=CARTESIAN_POINT('',(-109.171994139408,-11.7154812510639,0.));
#7301=CARTESIAN_POINT('Origin',(-108.992474721949,-12.6744114643237,0.));
#7302=CARTESIAN_POINT('',(-108.81295530449,-13.6333416775836,0.));
#7303=CARTESIAN_POINT('Origin',(-103.898334637647,-12.713285320046,0.));
#7304=CARTESIAN_POINT('',(-103.791012880143,-17.7121333913886,0.));
#7305=CARTESIAN_POINT('Origin',(-94.5357163132004,-17.5134286738992,0.));
#7306=CARTESIAN_POINT('',(-94.5357163132004,-17.5134286738992,0.));
#7307=CARTESIAN_POINT('',(-108.032326032599,-17.8031914061855,0.));
#7308=CARTESIAN_POINT('Origin',(-88.2732500892709,-16.2660396064311,0.));
#7309=CARTESIAN_POINT('',(-82.0107838653413,-15.018650538963,0.));
#7310=CARTESIAN_POINT('Origin',(-81.0340464723798,-19.9223210076212,0.));
#7311=CARTESIAN_POINT('',(-76.0643184075471,-20.4716869709051,0.));
#7312=CARTESIAN_POINT('Origin',(-76.6508479954496,-25.7776082486446,0.));
#7313=CARTESIAN_POINT('',(-77.237377583352,-31.0835295263841,0.));
#7314=CARTESIAN_POINT('Origin',(-77.1986037427621,-31.9687892279672,0.));
#7315=CARTESIAN_POINT('',(-77.1598299021722,-32.8540489295503,0.));
#7316=CARTESIAN_POINT('Origin',(-72.1646189806062,-32.6352617062761,0.));
#7317=CARTESIAN_POINT('',(-72.7882561247999,-37.5962169280436,0.));
#7318=CARTESIAN_POINT('Origin',(-53.288502094927,-40.0475131748452,0.));
#7319=CARTESIAN_POINT('',(-76.9751789280674,-37.0698826913361,0.));
#7320=CARTESIAN_POINT('',(-29.6018252617866,-43.0251436583543,0.));
#7321=CARTESIAN_POINT('',(-60.1418081560646,-39.1859903371667,0.));
#7322=CARTESIAN_POINT('Origin',(-47.6690652721911,60.0331140981798,0.));
#7323=CARTESIAN_POINT('',(-46.3818299486205,-39.9586006847052,0.));
#7324=CARTESIAN_POINT('Origin',(-37.7437728207998,-39.8473993488103,0.));
#7325=CARTESIAN_POINT('',(-29.1057156929791,-39.7361980129187,0.));
#7326=CARTESIAN_POINT('Origin',(-21.8292313418696,-39.736447872741,0.));
#7327=CARTESIAN_POINT('',(-14.55274699076,-39.7366977325634,0.));
#7328=CARTESIAN_POINT('Origin',(-14.5532823094905,-55.3263924983299,0.));
#7329=CARTESIAN_POINT('',(-4.97525203322105,-43.0259892852967,0.));
#7330=CARTESIAN_POINT('Origin',(0.0380519286550711,-43.0259892852967,0.));
#7331=CARTESIAN_POINT('',(5.05135589053118,-43.0259892852967,0.));
#7332=CARTESIAN_POINT('',(5.05135589053118,-43.0259892852967,0.));
#7333=CARTESIAN_POINT('',(-0.00163091481439195,-43.026074675849,0.));
#7334=CARTESIAN_POINT('',(0.0380519286550711,-43.0259892852967,0.));
#7335=CARTESIAN_POINT('',(0.0557831526677172,-43.0259892852967,0.));
#7336=CARTESIAN_POINT('',(14.9522290583347,-42.9816784506473,0.));
#7337=CARTESIAN_POINT('',(0.0380519286550711,-43.0259892852967,0.));
#7338=CARTESIAN_POINT('Origin',(14.7044077986539,-55.5481043352876,0.));
#7339=CARTESIAN_POINT('Origin',(14.7044077986539,-55.5481043352876,0.));
#7340=CARTESIAN_POINT('Origin',(1.39864043124938E-5,-1.1938619642656,0.));
#7341=CARTESIAN_POINT('',(82.2157924538604,-30.59979872131,0.));
#7342=CARTESIAN_POINT('Origin',(76.2379043865373,-31.1147249792382,0.));
#7343=CARTESIAN_POINT('',(81.6245425987078,-23.8895553146288,0.));
#7344=CARTESIAN_POINT('Origin',(14.9522290583347,-42.9816784506473,0.));
#7345=CARTESIAN_POINT('',(14.9522290583347,-42.9816784506473,0.));
#7346=CARTESIAN_POINT('',(-0.0016311688163656,-43.0261600694234,0.));
#7347=CARTESIAN_POINT('Origin',(-14.8017282153015,-43.0256518638889,0.));
#7348=CARTESIAN_POINT('Origin',(-76.237845664519,-31.1153223634047,0.));
#7349=CARTESIAN_POINT('Origin',(-108.176032407187,-11.804941195035,0.));
#7350=CARTESIAN_POINT('Origin',(-104.129337415882,33.2472324388969,0.));
#7351=CARTESIAN_POINT('',(-103.352514307283,39.1966915793031,0.));
#7352=CARTESIAN_POINT('Origin',(-96.6704770107867,38.324215466443,0.));
#7353=CARTESIAN_POINT('',(-89.9884397142908,37.4517393535829,0.));
#7354=CARTESIAN_POINT('Origin',(-84.077937758297,36.3331665723047,0.));
#7355=CARTESIAN_POINT('',(-83.8938485484199,42.3457658107064,0.));
#7356=CARTESIAN_POINT('Origin',(-71.3371985484199,41.9613158107065,0.));
#7357=CARTESIAN_POINT('',(-58.7805485484199,41.5768658107065,0.));
#7358=CARTESIAN_POINT('Origin',(-61.8581881161728,-58.9429491936496,0.));
#7359=CARTESIAN_POINT('Origin',(61.8166600356524,-58.5569353407018,0.));
#7360=CARTESIAN_POINT('',(58.7508788998879,41.5759661743308,0.));
#7361=CARTESIAN_POINT('Origin',(71.3224140938357,41.9608703852551,0.));
#7362=CARTESIAN_POINT('',(83.8939492877835,42.3457745961794,0.));
#7363=CARTESIAN_POINT('Origin',(84.0780377873863,36.3331746144856,0.));
#7364=CARTESIAN_POINT('',(89.9885402534228,37.4517485791956,0.));
#7365=CARTESIAN_POINT('Origin',(96.6705273898495,38.3242244410555,0.));
#7366=CARTESIAN_POINT('',(103.352514526276,39.1967003029153,0.));
#7367=CARTESIAN_POINT('Origin',(104.1293425149,33.247246737362,0.));
#7368=CARTESIAN_POINT('Origin',(108.176855039705,-11.8139827880081,0.));
#7369=CARTESIAN_POINT('Origin',(81.6245425987078,-23.8895553146288,0.));
#7370=CARTESIAN_POINT('',(82.2157924538605,-30.59979872131,0.));
#7371=CARTESIAN_POINT('Origin',(76.2379043865373,-31.1147249792382,0.));
#7372=CARTESIAN_POINT('Origin',(1.39864043124938E-5,-1.1938619642656,0.));
#7373=CARTESIAN_POINT('Origin',(-71.3371985484199,44.4613158107064,4.5));
#7374=CARTESIAN_POINT('',(-73.2871985484199,44.4613158107064,6.5));
#7375=CARTESIAN_POINT('Origin',(-71.3371985484199,44.4613158107064,6.5));
#7376=CARTESIAN_POINT('',(-73.2871985484199,44.4613158107064,4.5));
#7377=CARTESIAN_POINT('Origin',(1.39864043124938E-5,-1.1938619642656,6.5));
#7378=CARTESIAN_POINT('Origin',(71.3224140938357,44.4608703852551,4.5));
#7379=CARTESIAN_POINT('',(69.3724140938357,44.4608703852551,6.5));
#7380=CARTESIAN_POINT('Origin',(71.3224140938357,44.4608703852551,6.5));
#7381=CARTESIAN_POINT('',(69.3724140938357,44.4608703852551,4.5));
#7382=CARTESIAN_POINT('Origin',(1.39864043124938E-5,-1.1938619642656,6.5));
#7383=CARTESIAN_POINT('Origin',(-109.376250757765,40.5049181355258,4.5));
#7384=CARTESIAN_POINT('',(-111.326250757765,40.5049181355258,6.5));
#7385=CARTESIAN_POINT('Origin',(-109.376250757765,40.5049181355258,6.5));
#7386=CARTESIAN_POINT('',(-111.326250757765,40.5049181355258,4.5));
#7387=CARTESIAN_POINT('Origin',(1.39864043124938E-5,-1.1938619642656,6.5));
#7388=CARTESIAN_POINT('Origin',(109.376248965787,40.5049319715899,4.5));
#7389=CARTESIAN_POINT('',(107.426248965787,40.5049319715899,6.5));
#7390=CARTESIAN_POINT('Origin',(109.376248965787,40.5049319715899,6.5));
#7391=CARTESIAN_POINT('',(107.426248965787,40.5049319715899,4.5));
#7392=CARTESIAN_POINT('Origin',(1.39864043124938E-5,-1.1938619642656,6.5));
#7393=CARTESIAN_POINT('Origin',(-114.315483795165,-17.9154252339532,4.5));
#7394=CARTESIAN_POINT('',(-116.265483795165,-17.9154252339532,6.5));
#7395=CARTESIAN_POINT('Origin',(-114.315483795165,-17.9154252339532,6.5));
#7396=CARTESIAN_POINT('',(-116.265483795165,-17.9154252339532,4.5));
#7397=CARTESIAN_POINT('Origin',(1.39864043124938E-5,-1.1938619642656,6.5));
#7398=CARTESIAN_POINT('Origin',(-10.7405491867984,35.5922043656988,4.5));
#7399=CARTESIAN_POINT('',(-12.6905491867984,35.5922043656988,6.5));
#7400=CARTESIAN_POINT('Origin',(-10.7405491867984,35.5922043656988,6.5));
#7401=CARTESIAN_POINT('',(-12.6905491867984,35.5922043656988,4.5));
#7402=CARTESIAN_POINT('Origin',(1.39864043124938E-5,-1.1938619642656,6.5));
#7403=CARTESIAN_POINT('Origin',(10.7405508132016,35.5922043656988,4.5));
#7404=CARTESIAN_POINT('',(8.7905508132016,35.5922043656988,6.5));
#7405=CARTESIAN_POINT('Origin',(10.7405508132016,35.5922043656988,6.5));
#7406=CARTESIAN_POINT('',(8.7905508132016,35.5922043656988,4.5));
#7407=CARTESIAN_POINT('Origin',(1.39864043124938E-5,-1.1938619642656,6.5));
#7408=CARTESIAN_POINT('Origin',(-82.790267701985,-36.0331905706513,4.5));
#7409=CARTESIAN_POINT('',(-84.740267701985,-36.0331905706513,6.5));
#7410=CARTESIAN_POINT('Origin',(-82.790267701985,-36.0331905706513,6.5));
#7411=CARTESIAN_POINT('',(-84.740267701985,-36.0331905706513,4.5));
#7412=CARTESIAN_POINT('Origin',(1.39864043124938E-5,-1.1938619642656,6.5));
#7413=CARTESIAN_POINT('Origin',(82.7900756136743,-36.0328828092943,4.5));
#7414=CARTESIAN_POINT('',(80.8400756136743,-36.0328828092943,6.5));
#7415=CARTESIAN_POINT('Origin',(82.7900756136743,-36.0328828092943,6.5));
#7416=CARTESIAN_POINT('',(80.8400756136743,-36.0328828092943,4.5));
#7417=CARTESIAN_POINT('Origin',(1.39864043124938E-5,-1.1938619642656,6.5));
#7418=CARTESIAN_POINT('Origin',(5.0020692254904E-5,-46.7371974522082,4.5));
#7419=CARTESIAN_POINT('',(-1.94994997930774,-46.7371974522082,6.5));
#7420=CARTESIAN_POINT('Origin',(5.0020692254904E-5,-46.7371974522082,6.5));
#7421=CARTESIAN_POINT('',(-1.94994997930774,-46.7371974522082,4.5));
#7422=CARTESIAN_POINT('Origin',(1.39864043124938E-5,-1.1938619642656,6.5));
#7423=CARTESIAN_POINT('Origin',(114.310149410533,-17.92496457646,4.5));
#7424=CARTESIAN_POINT('',(112.360149410533,-17.92496457646,6.5));
#7425=CARTESIAN_POINT('Origin',(114.310149410533,-17.92496457646,6.5));
#7426=CARTESIAN_POINT('',(112.360149410533,-17.92496457646,4.5));
#7427=CARTESIAN_POINT('Origin',(1.39864043124938E-5,-1.1938619642656,6.5));
#7428=UNCERTAINTY_MEASURE_WITH_UNIT(LENGTH_MEASURE(0.01),#7432,
'DISTANCE_ACCURACY_VALUE',
'Maximum model space distance between geometric entities at asserted c
onnectivities');
#7429=UNCERTAINTY_MEASURE_WITH_UNIT(LENGTH_MEASURE(0.01),#7432,
'DISTANCE_ACCURACY_VALUE',
'Maximum model space distance between geometric entities at asserted c
onnectivities');
#7430=(
GEOMETRIC_REPRESENTATION_CONTEXT(3)
GLOBAL_UNCERTAINTY_ASSIGNED_CONTEXT((#7428))
GLOBAL_UNIT_ASSIGNED_CONTEXT((#7432,#7434,#7435))
REPRESENTATION_CONTEXT('','3D')
);
#7431=(
GEOMETRIC_REPRESENTATION_CONTEXT(3)
GLOBAL_UNCERTAINTY_ASSIGNED_CONTEXT((#7429))
GLOBAL_UNIT_ASSIGNED_CONTEXT((#7432,#7434,#7435))
REPRESENTATION_CONTEXT('','3D')
);
#7432=(
LENGTH_UNIT()
NAMED_UNIT(*)
SI_UNIT(.MILLI.,.METRE.)
);
#7433=(
LENGTH_UNIT()
NAMED_UNIT(*)
SI_UNIT($,.METRE.)
);
#7434=(
NAMED_UNIT(*)
PLANE_ANGLE_UNIT()
SI_UNIT($,.RADIAN.)
);
#7435=(
NAMED_UNIT(*)
SI_UNIT($,.STERADIAN.)
SOLID_ANGLE_UNIT()
);
#7436=SHAPE_DEFINITION_REPRESENTATION(#7437,#7438);
#7437=PRODUCT_DEFINITION_SHAPE('',$,#7440);
#7438=SHAPE_REPRESENTATION('',(#3922),#7430);
#7439=PRODUCT_DEFINITION_CONTEXT('part definition',#7444,'design');
#7440=PRODUCT_DEFINITION('Part 1','toki_case_bottom',#7441,#7439);
#7441=PRODUCT_DEFINITION_FORMATION('',$,#7446);
#7442=PRODUCT_RELATED_PRODUCT_CATEGORY('toki_case_bottom',
'toki_case_bottom',(#7446));
#7443=APPLICATION_PROTOCOL_DEFINITION('international standard',
'automotive_design',2009,#7444);
#7444=APPLICATION_CONTEXT(
'Core Data for Automotive Mechanical Design Process');
#7445=PRODUCT_CONTEXT('part definition',#7444,'mechanical');
#7446=PRODUCT('Part 1','toki_case_bottom','STEP AP242',(#7445));
#7447=PRESENTATION_STYLE_ASSIGNMENT((#7449));
#7448=PRESENTATION_STYLE_ASSIGNMENT((#7450));
#7449=SURFACE_STYLE_USAGE(.BOTH.,#7451);
#7450=SURFACE_STYLE_USAGE(.BOTH.,#7452);
#7451=SURFACE_SIDE_STYLE('',(#7453));
#7452=SURFACE_SIDE_STYLE('',(#7454));
#7453=SURFACE_STYLE_FILL_AREA(#7455);
#7454=SURFACE_STYLE_FILL_AREA(#7456);
#7455=FILL_AREA_STYLE('Steel - Satin',(#7457));
#7456=FILL_AREA_STYLE('Polymide (Kapton)',(#7458));
#7457=FILL_AREA_STYLE_COLOUR('Steel - Satin',#7459);
#7458=FILL_AREA_STYLE_COLOUR('Polymide (Kapton)',#7460);
#7459=COLOUR_RGB('Steel - Satin',0.627450980392157,0.627450980392157,0.627450980392157);
#7460=COLOUR_RGB('Polymide (Kapton)',0.784313725490196,0.556862745098039,
0.0274509803921569);
ENDSEC;
END-ISO-10303-21;
