ISO-10303-21;
HEADER;
/* Generated by software containing ST-Developer
 * from STEP Tools, Inc. (www.steptools.com) 
 */

FILE_DESCRIPTION(
/* description */ ('STEP AP242'),
/* implementation_level */ '2;1');

FILE_NAME(
/* name */ 'toki_case_bottom_-5deg.step',
/* time_stamp */ '2026-08-12T22:57:19-05:00',
/* author */ (''),
/* organization */ (''),
/* preprocessor_version */ 'ST-DEVELOPER v20.1',
/* originating_system */ 'Autodesk Translation Framework v15.8.0.0',
/* authorisation */ '');

FILE_SCHEMA (('AUTOMOTIVE_DESIGN { 1 0 10303 214 3 1 1 }'));
ENDSEC;

DATA;
#10=MECHANICAL_DESIGN_GEOMETRIC_PRESENTATION_REPRESENTATION('',(#13),#7590);
#11=SHAPE_REPRESENTATION_RELATIONSHIP('SRR','None',#7597,#12);
#12=ADVANCED_BREP_SHAPE_REPRESENTATION('',(#14),#7589);
#13=STYLED_ITEM('',(#7607),#14);
#14=MANIFOLD_SOLID_BREP('Body5',#3981);
#15=B_SPLINE_SURFACE_WITH_KNOTS('',3,3,((#6269,#6270,#6271,#6272,#6273,
#6274,#6275),(#6276,#6277,#6278,#6279,#6280,#6281,#6282),(#6283,#6284,#6285,
#6286,#6287,#6288,#6289),(#6290,#6291,#6292,#6293,#6294,#6295,#6296),(#6297,
#6298,#6299,#6300,#6301,#6302,#6303)),.UNSPECIFIED.,.F.,.F.,.F.,(4,1,4),
(4,1,1,1,4),(0.,0.571428571428571,1.),(0.117606426693868,0.557500214447938,
0.777447108324973,1.21734089607904,1.65723468383311),.UNSPECIFIED.);
#16=B_SPLINE_SURFACE_WITH_KNOTS('',3,3,((#6502,#6503,#6504,#6505,#6506,
#6507,#6508),(#6509,#6510,#6511,#6512,#6513,#6514,#6515),(#6516,#6517,#6518,
#6519,#6520,#6521,#6522),(#6523,#6524,#6525,#6526,#6527,#6528,#6529),(#6530,
#6531,#6532,#6533,#6534,#6535,#6536)),.UNSPECIFIED.,.F.,.F.,.F.,(4,1,4),
(4,1,1,1,4),(0.,0.571428571428571,1.),(0.099671871298964,0.322629974683527,
0.768546181452653,1.21446238822178,1.6603785949909),.UNSPECIFIED.);
#17=B_SPLINE_SURFACE_WITH_KNOTS('',3,3,((#6595,#6596,#6597,#6598,#6599,
#6600,#6601),(#6602,#6603,#6604,#6605,#6606,#6607,#6608),(#6609,#6610,#6611,
#6612,#6613,#6614,#6615),(#6616,#6617,#6618,#6619,#6620,#6621,#6622),(#6623,
#6624,#6625,#6626,#6627,#6628,#6629)),.UNSPECIFIED.,.F.,.F.,.F.,(4,1,4),
(4,1,1,1,4),(0.,0.571428571428571,1.),(-1.59218076023959,-1.10017574721362,
-0.854173240700631,-0.362168227674659,0.129836785351312),.UNSPECIFIED.);
#18=B_SPLINE_SURFACE_WITH_KNOTS('',3,3,((#6653,#6654,#6655,#6656,#6657),
(#6658,#6659,#6660,#6661,#6662),(#6663,#6664,#6665,#6666,#6667),(#6668,
#6669,#6670,#6671,#6672),(#6673,#6674,#6675,#6676,#6677)),.UNSPECIFIED.,
 .F.,.F.,.F.,(4,1,4),(4,1,4),(0.,0.571428571428571,1.),(-0.886810940975083,
-0.493631583754863,0.0306075592054311),.UNSPECIFIED.);
#19=B_SPLINE_SURFACE_WITH_KNOTS('',3,3,((#6690,#6691,#6692,#6693),(#6694,
#6695,#6696,#6697),(#6698,#6699,#6700,#6701),(#6702,#6703,#6704,#6705),
(#6706,#6707,#6708,#6709)),.UNSPECIFIED.,.F.,.F.,.F.,(4,1,4),(4,4),(0.,
0.571428571428571,1.),(0.0306075592054349,0.184036116890265),
 .UNSPECIFIED.);
#20=B_SPLINE_SURFACE_WITH_KNOTS('',3,3,((#6722,#6723,#6724,#6725),(#6726,
#6727,#6728,#6729),(#6730,#6731,#6732,#6733),(#6734,#6735,#6736,#6737),
(#6738,#6739,#6740,#6741)),.UNSPECIFIED.,.F.,.F.,.F.,(4,1,4),(4,4),(0.,
0.571428571428571,1.),(-0.184036116890263,-0.0306076810072161),
 .UNSPECIFIED.);
#21=B_SPLINE_SURFACE_WITH_KNOTS('',3,3,((#6749,#6750,#6751,#6752,#6753),
(#6754,#6755,#6756,#6757,#6758),(#6759,#6760,#6761,#6762,#6763),(#6764,
#6765,#6766,#6767,#6768),(#6769,#6770,#6771,#6772,#6773)),.UNSPECIFIED.,
 .F.,.F.,.F.,(4,1,4),(4,1,4),(0.,0.571428571428571,1.),(-0.0306076810072167,
0.362571946099872,0.886811448909325),.UNSPECIFIED.);
#22=B_SPLINE_SURFACE_WITH_KNOTS('',3,3,((#6799,#6800,#6801,#6802,#6803,
#6804,#6805),(#6806,#6807,#6808,#6809,#6810,#6811,#6812),(#6813,#6814,#6815,
#6816,#6817,#6818,#6819),(#6820,#6821,#6822,#6823,#6824,#6825,#6826),(#6827,
#6828,#6829,#6830,#6831,#6832,#6833)),.UNSPECIFIED.,.F.,.F.,.F.,(4,1,4),
(4,1,1,1,4),(0.,0.571428571428571,1.),(-0.129835858555337,0.362168874572383,
0.854173607700102,1.10017597426396,1.59218070739168),.UNSPECIFIED.);
#23=B_SPLINE_SURFACE_WITH_KNOTS('',3,3,((#6905,#6906,#6907,#6908,#6909,
#6910,#6911),(#6912,#6913,#6914,#6915,#6916,#6917,#6918),(#6919,#6920,#6921,
#6922,#6923,#6924,#6925),(#6926,#6927,#6928,#6929,#6930,#6931,#6932),(#6933,
#6934,#6935,#6936,#6937,#6938,#6939)),.UNSPECIFIED.,.F.,.F.,.F.,(4,1,4),
(4,1,1,1,4),(0.,0.571428571428571,1.),(-1.66037859499096,-1.21473498251279,
-0.991913176273706,-0.546269563795533,-0.100625951317361),.UNSPECIFIED.);
#24=B_SPLINE_SURFACE_WITH_KNOTS('',3,3,((#7133,#7134,#7135,#7136,#7137,
#7138),(#7139,#7140,#7141,#7142,#7143,#7144),(#7145,#7146,#7147,#7148,#7149,
#7150),(#7151,#7152,#7153,#7154,#7155,#7156),(#7157,#7158,#7159,#7160,#7161,
#7162)),.UNSPECIFIED.,.F.,.F.,.F.,(4,1,4),(4,1,1,4),(0.,0.571428571428571,
1.),(-1.65728900162809,-0.997508493050186,-0.557654820664918,-0.11780114827965),
 .UNSPECIFIED.);
#25=B_SPLINE_CURVE_WITH_KNOTS('',3,(#6208,#6209,#6210,#6211,#6212,#6213,
#6214,#6215,#6216,#6217,#6218,#6219,#6220,#6221,#6222,#6223,#6224,#6225,
#6226,#6227,#6228,#6229,#6230,#6231,#6232,#6233,#6234,#6235,#6236,#6237,
#6238,#6239,#6240,#6241,#6242,#6243,#6244,#6245,#6246,#6247,#6248,#6249,
#6250,#6251,#6252,#6253,#6254,#6255,#6256,#6257,#6258,#6259),
 .UNSPECIFIED.,.F.,.F.,(4,3,3,3,3,3,3,3,3,3,3,3,3,3,3,3,3,4),(0.,0.103628924342719,
0.204700395954826,0.305768866269978,0.40683453724663,0.507897610784337,
0.608958288727954,0.710016772871889,0.811073264964235,0.916946955529144,
1.01801626251365,1.11908005730435,1.22013914737703,1.32119433980609,1.42225988232023,
1.52331628417246,1.62437537438514,1.6580627894835),.UNSPECIFIED.);
#26=B_SPLINE_CURVE_WITH_KNOTS('',3,(#6305,#6306,#6307,#6308,#6309,#6310,
#6311,#6312,#6313,#6314,#6315,#6316,#6317,#6318,#6319,#6320,#6321,#6322,
#6323,#6324,#6325,#6326,#6327,#6328,#6329,#6330,#6331,#6332,#6333,#6334,
#6335,#6336,#6337,#6338,#6339,#6340,#6341,#6342,#6343,#6344,#6345,#6346,
#6347,#6348,#6349,#6350,#6351,#6352,#6353,#6354,#6355,#6356,#6357,#6358,
#6359),.UNSPECIFIED.,.F.,.F.,(4,3,3,3,3,3,3,3,3,3,3,3,3,3,3,3,3,3,4),(-0.00152635458268068,
0.,0.0278711109678933,0.0574094761734642,0.0879191641813048,0.116444232295348,
0.147089586661769,0.177800608784667,0.207978325504592,0.233648119829311,
0.264229279150182,0.266991170000403,0.297172573367772,0.327714454369941,
0.35083836612635,0.38131820391072,0.411872335547886,0.441871145363431,0.46801965886819),
 .UNSPECIFIED.);
#27=B_SPLINE_CURVE_WITH_KNOTS('',3,(#6361,#6362,#6363,#6364),
 .UNSPECIFIED.,.F.,.F.,(4,4),(0.0504581493550495,0.0511083079087404),
 .UNSPECIFIED.);
#28=B_SPLINE_CURVE_WITH_KNOTS('',3,(#6369,#6370,#6371,#6372,#6373,#6374,
#6375,#6376,#6377,#6378,#6379,#6380,#6381,#6382,#6383,#6384,#6385,#6386,
#6387,#6388,#6389,#6390,#6391,#6392,#6393,#6394,#6395,#6396,#6397,#6398,
#6399,#6400,#6401,#6402,#6403,#6404,#6405,#6406,#6407,#6408,#6409,#6410,
#6411,#6412,#6413,#6414,#6415,#6416,#6417,#6418,#6419,#6420,#6421,#6422,
#6423,#6424,#6425,#6426,#6427,#6428,#6429),.UNSPECIFIED.,.F.,.F.,(4,3,3,
3,3,3,3,3,3,3,3,3,3,3,3,3,3,3,3,3,4),(-0.497112708892616,-0.467141037205818,
-0.436720472930574,-0.406210349389042,-0.379938898179782,-0.349388508083087,
-0.318903009908392,-0.289009301530891,-0.283448878748458,-0.262757276873645,
-0.232700240429978,-0.202167674828554,-0.171437252668673,-0.145555254783159,
-0.114873868801858,-0.0844420846015037,-0.0727797563239642,-0.0422837548666243,
-0.0124769853363305,0.,0.00129830452776003),.UNSPECIFIED.);
#29=B_SPLINE_CURVE_WITH_KNOTS('',3,(#6436,#6437,#6438,#6439,#6440,#6441,
#6442,#6443,#6444,#6445,#6446,#6447,#6448,#6449,#6450,#6451,#6452,#6453,
#6454,#6455,#6456,#6457,#6458,#6459,#6460,#6461,#6462,#6463,#6464,#6465,
#6466,#6467,#6468,#6469,#6470,#6471,#6472,#6473,#6474,#6475,#6476,#6477,
#6478,#6479,#6480,#6481,#6482,#6483,#6484,#6485,#6486,#6487,#6488,#6489,
#6490,#6491,#6492,#6493,#6494,#6495,#6496),.UNSPECIFIED.,.F.,.F.,(4,3,3,
3,3,3,3,3,3,3,3,3,3,3,3,3,3,3,3,3,4),(-0.499083812725744,-0.498210353757931,
-0.468418882439157,-0.437906615875034,-0.424747650282748,-0.394295044586433,
-0.3635628311352,-0.351310260930606,-0.320544378065435,-0.289846440808249,
-0.259855242448202,-0.234040708896517,-0.213881961513658,-0.183827039845465,
-0.153383360663896,-0.122906848929015,-0.11698335303668,-0.0864947536463448,
-0.055979921644765,-0.0260822311725754,0.),.UNSPECIFIED.);
#30=B_SPLINE_CURVE_WITH_KNOTS('',3,(#6543,#6544,#6545,#6546,#6547,#6548,
#6549,#6550,#6551,#6552,#6553,#6554,#6555,#6556,#6557,#6558,#6559,#6560,
#6561,#6562,#6563,#6564,#6565,#6566,#6567,#6568,#6569,#6570,#6571,#6572,
#6573,#6574,#6575,#6576,#6577,#6578,#6579,#6580,#6581,#6582,#6583,#6584,
#6585,#6586,#6587,#6588,#6589,#6590,#6591,#6592,#6593,#6594),
 .UNSPECIFIED.,.F.,.F.,(4,3,3,3,3,3,3,3,3,3,3,3,3,3,3,3,3,4),(-0.000944077234921749,
0.,0.0301491893802202,0.0602486745436004,0.0907945687713929,0.120462996280682,
0.151131532649885,0.181842773156276,0.211989967275241,0.237760571372876,
0.269273193119376,0.299420788852676,0.329934201720491,0.354901633108764,
0.385356444842337,0.415885400156781,0.44587964590368,0.469487181511285),
 .UNSPECIFIED.);
#31=B_SPLINE_CURVE_WITH_KNOTS('',3,(#6634,#6635,#6636,#6637),
 .UNSPECIFIED.,.F.,.F.,(4,4),(-0.204655307478168,-0.201996585085198),
 .UNSPECIFIED.);
#32=B_SPLINE_CURVE_WITH_KNOTS('',3,(#6641,#6642,#6643,#6644,#6645,#6646,
#6647,#6648,#6649,#6650,#6651,#6652),.UNSPECIFIED.,.F.,.F.,(4,2,2,2,2,4),
(-0.000887374612957064,0.,0.136550423199475,0.263000123854373,0.376752791524984,
0.47725627865815),.UNSPECIFIED.);
#33=B_SPLINE_CURVE_WITH_KNOTS('',3,(#6682,#6683,#6684,#6685),
 .UNSPECIFIED.,.F.,.F.,(4,4),(-0.676639228636775,-0.667079193494286),
 .UNSPECIFIED.);
#34=B_SPLINE_CURVE_WITH_KNOTS('',3,(#6777,#6778,#6779,#6780,#6781,#6782,
#6783,#6784,#6785,#6786,#6787,#6788,#6789,#6790),.UNSPECIFIED.,.F.,.F.,
(4,2,2,2,2,2,4),(-0.482403829478293,-0.481520228849628,-0.37016048404349,
-0.262490590331248,-0.145482464228659,-0.0372084309276593,-0.00684220448460636),
 .UNSPECIFIED.);
#35=B_SPLINE_CURVE_WITH_KNOTS('',3,(#6791,#6792,#6793,#6794),
 .UNSPECIFIED.,.F.,.F.,(4,4),(-0.00685246764659235,0.),.UNSPECIFIED.);
#36=B_SPLINE_CURVE_WITH_KNOTS('',3,(#6837,#6838,#6839,#6840,#6841,#6842,
#6843,#6844,#6845,#6846,#6847,#6848,#6849,#6850,#6851,#6852,#6853,#6854,
#6855,#6856,#6857,#6858,#6859,#6860,#6861,#6862,#6863,#6864,#6865,#6866,
#6867,#6868,#6869,#6870,#6871,#6872,#6873,#6874,#6875,#6876,#6877,#6878,
#6879,#6880,#6881,#6882,#6883,#6884,#6885,#6886,#6887,#6888,#6889,#6890,
#6891,#6892,#6893,#6894),.UNSPECIFIED.,.F.,.F.,(4,3,3,3,3,3,3,3,3,3,3,3,
3,3,3,3,3,3,3,4),(-0.473051997397096,-0.472107978159769,-0.442316392880389,
-0.411990852837025,-0.381296364950925,-0.365723390459831,-0.335104963121536,
-0.30437103026716,-0.274101938913829,-0.248410115911919,-0.217844976521293,
-0.202617014157319,-0.172376230971631,-0.141875396945594,-0.131259368543529,
-0.10085821267796,-0.0703168071474189,-0.0402325882102445,-0.0142023857071377,
-0.00247185350466712),.UNSPECIFIED.);
#37=B_SPLINE_CURVE_WITH_KNOTS('',3,(#6895,#6896,#6897,#6898),
 .UNSPECIFIED.,.F.,.F.,(4,4),(-0.00248619082541386,0.),.UNSPECIFIED.);
#38=B_SPLINE_CURVE_WITH_KNOTS('',3,(#6942,#6943,#6944,#6945,#6946,#6947,
#6948,#6949,#6950,#6951,#6952,#6953,#6954,#6955,#6956,#6957,#6958,#6959,
#6960,#6961,#6962,#6963,#6964,#6965,#6966,#6967,#6968,#6969,#6970,#6971,
#6972,#6973,#6974,#6975,#6976,#6977,#6978,#6979,#6980,#6981,#6982,#6983,
#6984,#6985,#6986,#6987,#6988,#6989,#6990,#6991,#6992,#6993,#6994,#6995,
#6996,#6997,#6998,#6999,#7000,#7001,#7002),.UNSPECIFIED.,.F.,.F.,(4,3,3,
3,3,3,3,3,3,3,3,3,3,3,3,3,3,3,3,3,4),(-0.000874316664407899,0.,0.0297942387070779,
0.0603096426472559,0.0734635709001671,0.103918842991611,0.134654019173088,
0.14690210053937,0.177670663517807,0.208371441006707,0.238365544596254,
0.264180882514377,0.284346048658716,0.314403268812227,0.344849351607754,
0.37532841173093,0.381249420104641,0.411740444797612,0.442257739336092,
0.47215793485552,0.498244651940727),.UNSPECIFIED.);
#39=B_SPLINE_CURVE_WITH_KNOTS('',3,(#7014,#7015,#7016,#7017,#7018,#7019,
#7020,#7021,#7022,#7023,#7024,#7025,#7026,#7027,#7028,#7029,#7030,#7031,
#7032,#7033,#7034,#7035,#7036,#7037,#7038,#7039,#7040,#7041,#7042,#7043,
#7044,#7045,#7046,#7047,#7048,#7049,#7050,#7051,#7052,#7053,#7054,#7055,
#7056,#7057,#7058,#7059,#7060,#7061,#7062,#7063,#7064,#7065,#7066,#7067,
#7068,#7069,#7070,#7071,#7072,#7073,#7074),.UNSPECIFIED.,.F.,.F.,(4,3,3,
3,3,3,3,3,3,3,3,3,3,3,3,3,3,3,3,3,4),(-0.498543141607636,-0.497229885131395,
-0.467502819160744,-0.437054359568358,-0.424458142498108,-0.39407630047347,
-0.363390875100984,-0.351690457082295,-0.320955273234807,-0.290261150363863,
-0.260240030988142,-0.234489776499787,-0.213800773027308,-0.183751658893069,
-0.153297071425459,-0.122785316017839,-0.117308367935119,-0.0867901776317549,
-0.0562360143219093,-0.0262953111291414,-0.000134352456243228),
 .UNSPECIFIED.);
#40=B_SPLINE_CURVE_WITH_KNOTS('',3,(#7078,#7079,#7080,#7081,#7082,#7083,
#7084,#7085,#7086,#7087,#7088,#7089,#7090,#7091,#7092,#7093,#7094,#7095,
#7096,#7097,#7098,#7099,#7100,#7101,#7102,#7103,#7104,#7105,#7106,#7107,
#7108,#7109,#7110,#7111,#7112,#7113,#7114,#7115,#7116,#7117,#7118,#7119,
#7120,#7121,#7122,#7123,#7124,#7125,#7126,#7127,#7128,#7129,#7130,#7131,
#7132),.UNSPECIFIED.,.F.,.F.,(4,3,3,3,3,3,3,3,3,3,3,3,3,3,3,3,3,3,4),(-0.469546844758463,
-0.468016217529312,-0.440147769554546,-0.410609632180594,-0.380100035287834,
-0.35157434308614,-0.320929073881631,-0.290218145984903,-0.260040538857818,
-0.234370942815995,-0.203789868944106,-0.20103132286547,-0.170850005711848,
-0.140308194487584,-0.117181037657438,-0.0867012760555682,-0.0561472468410225,
-0.0261485719905224,0.),.UNSPECIFIED.);
#41=B_SPLINE_CURVE_WITH_KNOTS('',3,(#7166,#7167,#7168,#7169),
 .UNSPECIFIED.,.F.,.F.,(4,4),(0.,0.000618380837418163),.UNSPECIFIED.);
#42=FACE_BOUND('',#582,.T.);
#43=FACE_BOUND('',#583,.T.);
#44=FACE_BOUND('',#584,.T.);
#45=FACE_BOUND('',#585,.T.);
#46=FACE_BOUND('',#628,.T.);
#47=FACE_BOUND('',#629,.T.);
#48=FACE_BOUND('',#630,.T.);
#49=FACE_BOUND('',#631,.T.);
#50=FACE_BOUND('',#632,.T.);
#51=FACE_BOUND('',#633,.T.);
#52=FACE_BOUND('',#634,.T.);
#53=FACE_BOUND('',#635,.T.);
#54=FACE_BOUND('',#636,.T.);
#55=FACE_BOUND('',#637,.T.);
#56=FACE_BOUND('',#638,.T.);
#57=FACE_BOUND('',#653,.T.);
#58=ELLIPSE('',#4007,8.03058336051486,8.0000245663287);
#59=ELLIPSE('',#4008,8.03059626321062,8.0000374199258);
#60=ELLIPSE('',#4009,9.56053503889665,9.5241543166692);
#61=ELLIPSE('',#4010,7.99143807123808,7.9610282366959);
#62=ELLIPSE('',#4011,9.93516916697773,9.8973628487878);
#63=ELLIPSE('',#4012,102.958707352367,102.566918386808);
#64=ELLIPSE('',#4013,102.570133541909,102.179823217012);
#65=ELLIPSE('',#4014,9.93517337706026,9.8973670428497);
#66=ELLIPSE('',#4015,7.99143320742651,7.9610233913926);
#67=ELLIPSE('',#4016,9.5673679102631,9.5309611868972);
#68=ELLIPSE('',#4142,16.3956320286994,3.);
#69=ELLIPSE('',#4143,16.3956320286994,3.);
#70=ELLIPSE('',#4178,3.00984993344663,3.);
#71=ELLIPSE('',#4179,18.6863365354132,3.);
#72=ELLIPSE('',#4181,18.8125732963572,3.);
#73=ELLIPSE('',#4182,3.00971670594369,3.);
#74=ELLIPSE('',#4183,11.0222691179335,11.0000245663287);
#75=ELLIPSE('',#4185,4.55621930438025,3.);
#76=ELLIPSE('',#4187,3.02699370533621,3.);
#77=ELLIPSE('',#4189,12.558674127937,12.5309611868972);
#78=ELLIPSE('',#4192,10.983130020951,10.9610233913926);
#79=ELLIPSE('',#4195,12.9264021401682,12.8973670428497);
#80=ELLIPSE('',#4199,105.559041460725,105.179823217012);
#81=ELLIPSE('',#4201,3.01284164583465,3.);
#82=ELLIPSE('',#4203,3.01284164583465,3.);
#83=ELLIPSE('',#4207,105.947614083524,105.566918386808);
#84=ELLIPSE('',#4210,12.926397930947,12.8973628487878);
#85=ELLIPSE('',#4213,10.9831348833841,10.9610282366959);
#86=ELLIPSE('',#4217,12.5518427384184,12.5241543166692);
#87=ELLIPSE('',#4219,4.55199312494078,3.);
#88=ELLIPSE('',#4220,3.02633794616264,3.);
#89=ELLIPSE('',#4223,11.0222820169984,11.0000374199258);
#90=CYLINDRICAL_SURFACE('',#4003,3.);
#91=CYLINDRICAL_SURFACE('',#4029,3.);
#92=CYLINDRICAL_SURFACE('',#4038,3.);
#93=CYLINDRICAL_SURFACE('',#4047,3.);
#94=CYLINDRICAL_SURFACE('',#4050,3.00000000000002);
#95=CYLINDRICAL_SURFACE('',#4055,3.);
#96=CYLINDRICAL_SURFACE('',#4059,3.);
#97=CYLINDRICAL_SURFACE('',#4062,3.);
#98=CYLINDRICAL_SURFACE('',#4066,0.5);
#99=CYLINDRICAL_SURFACE('',#4074,0.5);
#100=CYLINDRICAL_SURFACE('',#4076,0.5);
#101=CYLINDRICAL_SURFACE('',#4079,0.5);
#102=CYLINDRICAL_SURFACE('',#4083,2.);
#103=CYLINDRICAL_SURFACE('',#4130,2.);
#104=CYLINDRICAL_SURFACE('',#4133,1.5);
#105=CYLINDRICAL_SURFACE('',#4136,1.5);
#106=CYLINDRICAL_SURFACE('',#4139,1.5);
#107=CYLINDRICAL_SURFACE('',#4144,1.5);
#108=CYLINDRICAL_SURFACE('',#4147,1.5);
#109=CYLINDRICAL_SURFACE('',#4149,1.5);
#110=CYLINDRICAL_SURFACE('',#4177,3.);
#111=CYLINDRICAL_SURFACE('',#4180,3.);
#112=CYLINDRICAL_SURFACE('',#4184,3.);
#113=CYLINDRICAL_SURFACE('',#4186,3.);
#114=CYLINDRICAL_SURFACE('',#4190,3.);
#115=CYLINDRICAL_SURFACE('',#4193,3.);
#116=CYLINDRICAL_SURFACE('',#4196,3.);
#117=CYLINDRICAL_SURFACE('',#4200,3.);
#118=CYLINDRICAL_SURFACE('',#4202,3.);
#119=CYLINDRICAL_SURFACE('',#4204,3.);
#120=CYLINDRICAL_SURFACE('',#4208,3.);
#121=CYLINDRICAL_SURFACE('',#4211,3.);
#122=CYLINDRICAL_SURFACE('',#4214,3.);
#123=CYLINDRICAL_SURFACE('',#4215,3.);
#124=CYLINDRICAL_SURFACE('',#4218,3.);
#125=CYLINDRICAL_SURFACE('',#4221,3.);
#126=CYLINDRICAL_SURFACE('',#4222,3.);
#127=CYLINDRICAL_SURFACE('',#4227,11.0000245663287);
#128=CYLINDRICAL_SURFACE('',#4230,12.5309611868972);
#129=CYLINDRICAL_SURFACE('',#4232,10.9610233913926);
#130=CYLINDRICAL_SURFACE('',#4234,12.8973670428497);
#131=CYLINDRICAL_SURFACE('',#4236,105.179823217012);
#132=CYLINDRICAL_SURFACE('',#4239,105.566918386808);
#133=CYLINDRICAL_SURFACE('',#4241,12.8973628487878);
#134=CYLINDRICAL_SURFACE('',#4243,10.9610282366959);
#135=CYLINDRICAL_SURFACE('',#4245,12.5241543166692);
#136=CYLINDRICAL_SURFACE('',#4248,11.0000374199258);
#137=CYLINDRICAL_SURFACE('',#4254,6.49999879148993);
#138=CYLINDRICAL_SURFACE('',#4255,6.49999879148974);
#139=CYLINDRICAL_SURFACE('',#4294,100.);
#140=CYLINDRICAL_SURFACE('',#4296,5.);
#141=CYLINDRICAL_SURFACE('',#4300,5.);
#142=CYLINDRICAL_SURFACE('',#4303,5.);
#143=CYLINDRICAL_SURFACE('',#4306,99.9999999999984);
#144=CYLINDRICAL_SURFACE('',#4308,6.69713537271574);
#145=CYLINDRICAL_SURFACE('',#4310,5.00000000000014);
#146=CYLINDRICAL_SURFACE('',#4313,95.1798232170111);
#147=CYLINDRICAL_SURFACE('',#4314,5.00000000000015);
#148=CYLINDRICAL_SURFACE('',#4315,5.);
#149=CYLINDRICAL_SURFACE('',#4317,1.49999879148992);
#150=CYLINDRICAL_SURFACE('',#4318,1.49999879148991);
#151=CYLINDRICAL_SURFACE('',#4320,5.);
#152=CYLINDRICAL_SURFACE('',#4321,5.00000000000017);
#153=CYLINDRICAL_SURFACE('',#4322,95.5669183868088);
#154=CYLINDRICAL_SURFACE('',#4325,5.0000000000002);
#155=CYLINDRICAL_SURFACE('',#4327,6.69714531371739);
#156=CYLINDRICAL_SURFACE('',#4329,100.000000000002);
#157=CYLINDRICAL_SURFACE('',#4332,5.);
#158=CYLINDRICAL_SURFACE('',#4335,5.);
#159=CYLINDRICAL_SURFACE('',#4338,5.);
#160=CYLINDRICAL_SURFACE('',#4340,100.);
#161=CYLINDRICAL_SURFACE('',#4343,15.5896947749574);
#162=CYLINDRICAL_SURFACE('',#4345,15.8109068831019);
#163=CYLINDRICAL_SURFACE('',#4351,6.0000374199258);
#164=CYLINDRICAL_SURFACE('',#4352,5.99997142640403);
#165=CYLINDRICAL_SURFACE('',#4353,5.99995985031715);
#166=CYLINDRICAL_SURFACE('',#4355,6.01541673027085);
#167=CYLINDRICAL_SURFACE('',#4357,100.566918386808);
#168=CYLINDRICAL_SURFACE('',#4358,100.179823217011);
#169=CYLINDRICAL_SURFACE('',#4360,6.01541745147837);
#170=CYLINDRICAL_SURFACE('',#4362,5.99995495421292);
#171=CYLINDRICAL_SURFACE('',#4363,5.999969319749);
#172=CYLINDRICAL_SURFACE('',#4365,6.00002456632871);
#173=CYLINDRICAL_SURFACE('',#4367,1.95);
#174=CYLINDRICAL_SURFACE('',#4370,1.95);
#175=CYLINDRICAL_SURFACE('',#4373,1.95);
#176=CYLINDRICAL_SURFACE('',#4376,1.95);
#177=CYLINDRICAL_SURFACE('',#4379,1.95);
#178=CYLINDRICAL_SURFACE('',#4382,1.95);
#179=CYLINDRICAL_SURFACE('',#4385,1.95);
#180=CYLINDRICAL_SURFACE('',#4388,1.95);
#181=CYLINDRICAL_SURFACE('',#4391,1.95);
#182=CYLINDRICAL_SURFACE('',#4394,1.95);
#183=CYLINDRICAL_SURFACE('',#4397,1.95);
#184=CIRCLE('',#3997,3.1);
#185=CIRCLE('',#3998,3.);
#186=CIRCLE('',#4001,3.10000000000002);
#187=CIRCLE('',#4002,3.00000000000002);
#188=CIRCLE('',#4004,3.);
#189=CIRCLE('',#4017,3.1);
#190=CIRCLE('',#4018,3.1);
#191=CIRCLE('',#4019,3.1);
#192=CIRCLE('',#4020,3.1);
#193=CIRCLE('',#4021,3.1);
#194=CIRCLE('',#4022,3.1);
#195=CIRCLE('',#4025,3.);
#196=CIRCLE('',#4028,3.);
#197=CIRCLE('',#4030,3.);
#198=CIRCLE('',#4034,3.);
#199=CIRCLE('',#4037,3.);
#200=CIRCLE('',#4039,3.);
#201=CIRCLE('',#4043,3.);
#202=CIRCLE('',#4046,3.);
#203=CIRCLE('',#4048,3.);
#204=CIRCLE('',#4051,3.00000000000002);
#205=CIRCLE('',#4056,3.);
#206=CIRCLE('',#4060,3.);
#207=CIRCLE('',#4063,3.);
#208=CIRCLE('',#4067,0.5);
#209=CIRCLE('',#4068,0.5);
#210=CIRCLE('',#4070,0.5);
#211=CIRCLE('',#4071,0.5);
#212=CIRCLE('',#4072,0.5);
#213=CIRCLE('',#4075,0.5);
#214=CIRCLE('',#4077,0.5);
#215=CIRCLE('',#4080,0.5);
#216=CIRCLE('',#4084,2.);
#217=CIRCLE('',#4085,2.);
#218=CIRCLE('',#4088,6.00002456632871);
#219=CIRCLE('',#4089,6.0000374199258);
#220=CIRCLE('',#4090,2.);
#221=CIRCLE('',#4091,5.99997142640403);
#222=CIRCLE('',#4092,5.99995985031715);
#223=CIRCLE('',#4093,6.01541673027085);
#224=CIRCLE('',#4094,100.566918386808);
#225=CIRCLE('',#4095,1.49999879148991);
#226=CIRCLE('',#4096,1.5);
#227=CIRCLE('',#4097,1.5);
#228=CIRCLE('',#4098,1.5);
#229=CIRCLE('',#4099,6.49999879148974);
#230=CIRCLE('',#4100,105.566918386808);
#231=CIRCLE('',#4101,12.8973628487878);
#232=CIRCLE('',#4102,10.9610282366959);
#233=CIRCLE('',#4103,12.5241543166692);
#234=CIRCLE('',#4104,11.0000374199258);
#235=CIRCLE('',#4105,11.0000245663287);
#236=CIRCLE('',#4106,12.5309611868972);
#237=CIRCLE('',#4107,10.9610233913926);
#238=CIRCLE('',#4108,12.8973670428497);
#239=CIRCLE('',#4109,105.179823217012);
#240=CIRCLE('',#4110,6.49999879148993);
#241=CIRCLE('',#4111,1.5);
#242=CIRCLE('',#4112,1.5);
#243=CIRCLE('',#4113,1.5);
#244=CIRCLE('',#4114,1.49999879148992);
#245=CIRCLE('',#4115,100.179823217011);
#246=CIRCLE('',#4116,6.01541745147837);
#247=CIRCLE('',#4117,5.99995495421292);
#248=CIRCLE('',#4118,5.999969319749);
#249=CIRCLE('',#4119,1.95);
#250=CIRCLE('',#4120,1.95);
#251=CIRCLE('',#4121,1.95);
#252=CIRCLE('',#4122,1.95);
#253=CIRCLE('',#4123,1.95);
#254=CIRCLE('',#4124,1.95);
#255=CIRCLE('',#4125,1.95);
#256=CIRCLE('',#4126,1.95);
#257=CIRCLE('',#4127,1.95);
#258=CIRCLE('',#4128,1.95);
#259=CIRCLE('',#4129,1.95);
#260=CIRCLE('',#4131,2.);
#261=CIRCLE('',#4134,1.5);
#262=CIRCLE('',#4137,1.5);
#263=CIRCLE('',#4140,1.5);
#264=CIRCLE('',#4145,1.5);
#265=CIRCLE('',#4148,1.5);
#266=CIRCLE('',#4150,1.5);
#267=CIRCLE('',#4153,1.49999879148991);
#268=CIRCLE('',#4154,5.);
#269=CIRCLE('',#4155,5.00000000000017);
#270=CIRCLE('',#4156,95.5669183868088);
#271=CIRCLE('',#4157,5.0000000000002);
#272=CIRCLE('',#4158,6.69714531371739);
#273=CIRCLE('',#4159,100.000000000002);
#274=CIRCLE('',#4160,5.);
#275=CIRCLE('',#4161,5.);
#276=CIRCLE('',#4162,5.);
#277=CIRCLE('',#4163,100.);
#278=CIRCLE('',#4164,15.5896947749574);
#279=CIRCLE('',#4165,15.8109068831019);
#280=CIRCLE('',#4166,100.);
#281=CIRCLE('',#4167,5.);
#282=CIRCLE('',#4168,5.);
#283=CIRCLE('',#4169,5.);
#284=CIRCLE('',#4170,99.9999999999984);
#285=CIRCLE('',#4171,6.69713537271574);
#286=CIRCLE('',#4172,5.00000000000014);
#287=CIRCLE('',#4173,95.1798232170111);
#288=CIRCLE('',#4174,5.00000000000015);
#289=CIRCLE('',#4175,5.);
#290=CIRCLE('',#4176,1.49999879148992);
#291=CIRCLE('',#4188,3.);
#292=CIRCLE('',#4191,3.);
#293=CIRCLE('',#4194,3.);
#294=CIRCLE('',#4197,3.);
#295=CIRCLE('',#4198,3.);
#296=CIRCLE('',#4205,3.);
#297=CIRCLE('',#4206,3.);
#298=CIRCLE('',#4209,3.);
#299=CIRCLE('',#4212,3.);
#300=CIRCLE('',#4216,3.);
#301=CIRCLE('',#4251,6.49999879148974);
#302=CIRCLE('',#4253,6.49999879148993);
#303=CIRCLE('',#4257,6.69713537271574);
#304=CIRCLE('',#4258,5.99995495421292);
#305=CIRCLE('',#4259,6.01541745147837);
#306=CIRCLE('',#4260,100.179823217011);
#307=CIRCLE('',#4261,5.);
#308=CIRCLE('',#4262,5.00000000000015);
#309=CIRCLE('',#4263,95.1798232170111);
#310=CIRCLE('',#4264,5.00000000000014);
#311=CIRCLE('',#4266,5.999969319749);
#312=CIRCLE('',#4267,99.9999999999984);
#313=CIRCLE('',#4268,5.);
#314=CIRCLE('',#4270,100.000000000002);
#315=CIRCLE('',#4271,5.99997142640403);
#316=CIRCLE('',#4272,5.);
#317=CIRCLE('',#4274,100.566918386808);
#318=CIRCLE('',#4275,6.01541673027085);
#319=CIRCLE('',#4276,5.99995985031715);
#320=CIRCLE('',#4277,6.69714531371739);
#321=CIRCLE('',#4278,5.0000000000002);
#322=CIRCLE('',#4279,95.5669183868088);
#323=CIRCLE('',#4280,5.00000000000017);
#324=CIRCLE('',#4281,5.);
#325=CIRCLE('',#4283,6.0000374199258);
#326=CIRCLE('',#4284,5.);
#327=CIRCLE('',#4285,5.);
#328=CIRCLE('',#4287,15.8109068831019);
#329=CIRCLE('',#4288,100.);
#330=CIRCLE('',#4290,15.5896947749574);
#331=CIRCLE('',#4291,100.);
#332=CIRCLE('',#4297,5.);
#333=CIRCLE('',#4301,5.);
#334=CIRCLE('',#4346,15.8109068831019);
#335=CIRCLE('',#4348,6.00002456632871);
#336=CIRCLE('',#4368,1.95);
#337=CIRCLE('',#4371,1.95);
#338=CIRCLE('',#4374,1.95);
#339=CIRCLE('',#4377,1.95);
#340=CIRCLE('',#4380,1.95);
#341=CIRCLE('',#4383,1.95);
#342=CIRCLE('',#4386,1.95);
#343=CIRCLE('',#4389,1.95);
#344=CIRCLE('',#4392,1.95);
#345=CIRCLE('',#4395,1.95);
#346=CIRCLE('',#4398,1.95);
#347=CONICAL_SURFACE('',#3996,3.05,0.785398163397128);
#348=CONICAL_SURFACE('',#4000,3.05000000000002,0.785398163397462);
#349=CONICAL_SURFACE('',#4024,3.05,0.785398163397774);
#350=CONICAL_SURFACE('',#4027,3.05,0.78539816339778);
#351=CONICAL_SURFACE('',#4033,3.05,0.785398163397156);
#352=CONICAL_SURFACE('',#4036,3.05,0.785398163397191);
#353=CONICAL_SURFACE('',#4042,3.05,0.78539816339713);
#354=CONICAL_SURFACE('',#4045,3.05,0.785398163397454);
#355=FACE_OUTER_BOUND('',#575,.T.);
#356=FACE_OUTER_BOUND('',#576,.T.);
#357=FACE_OUTER_BOUND('',#577,.T.);
#358=FACE_OUTER_BOUND('',#578,.T.);
#359=FACE_OUTER_BOUND('',#579,.T.);
#360=FACE_OUTER_BOUND('',#580,.T.);
#361=FACE_OUTER_BOUND('',#581,.T.);
#362=FACE_OUTER_BOUND('',#586,.T.);
#363=FACE_OUTER_BOUND('',#587,.T.);
#364=FACE_OUTER_BOUND('',#588,.T.);
#365=FACE_OUTER_BOUND('',#589,.T.);
#366=FACE_OUTER_BOUND('',#590,.T.);
#367=FACE_OUTER_BOUND('',#591,.T.);
#368=FACE_OUTER_BOUND('',#592,.T.);
#369=FACE_OUTER_BOUND('',#593,.T.);
#370=FACE_OUTER_BOUND('',#594,.T.);
#371=FACE_OUTER_BOUND('',#595,.T.);
#372=FACE_OUTER_BOUND('',#596,.T.);
#373=FACE_OUTER_BOUND('',#597,.T.);
#374=FACE_OUTER_BOUND('',#598,.T.);
#375=FACE_OUTER_BOUND('',#599,.T.);
#376=FACE_OUTER_BOUND('',#600,.T.);
#377=FACE_OUTER_BOUND('',#601,.T.);
#378=FACE_OUTER_BOUND('',#602,.T.);
#379=FACE_OUTER_BOUND('',#603,.T.);
#380=FACE_OUTER_BOUND('',#604,.T.);
#381=FACE_OUTER_BOUND('',#605,.T.);
#382=FACE_OUTER_BOUND('',#606,.T.);
#383=FACE_OUTER_BOUND('',#607,.T.);
#384=FACE_OUTER_BOUND('',#608,.T.);
#385=FACE_OUTER_BOUND('',#609,.T.);
#386=FACE_OUTER_BOUND('',#610,.T.);
#387=FACE_OUTER_BOUND('',#611,.T.);
#388=FACE_OUTER_BOUND('',#612,.T.);
#389=FACE_OUTER_BOUND('',#613,.T.);
#390=FACE_OUTER_BOUND('',#614,.T.);
#391=FACE_OUTER_BOUND('',#615,.T.);
#392=FACE_OUTER_BOUND('',#616,.T.);
#393=FACE_OUTER_BOUND('',#617,.T.);
#394=FACE_OUTER_BOUND('',#618,.T.);
#395=FACE_OUTER_BOUND('',#619,.T.);
#396=FACE_OUTER_BOUND('',#620,.T.);
#397=FACE_OUTER_BOUND('',#621,.T.);
#398=FACE_OUTER_BOUND('',#622,.T.);
#399=FACE_OUTER_BOUND('',#623,.T.);
#400=FACE_OUTER_BOUND('',#624,.T.);
#401=FACE_OUTER_BOUND('',#625,.T.);
#402=FACE_OUTER_BOUND('',#626,.T.);
#403=FACE_OUTER_BOUND('',#627,.T.);
#404=FACE_OUTER_BOUND('',#639,.T.);
#405=FACE_OUTER_BOUND('',#640,.T.);
#406=FACE_OUTER_BOUND('',#641,.T.);
#407=FACE_OUTER_BOUND('',#642,.T.);
#408=FACE_OUTER_BOUND('',#643,.T.);
#409=FACE_OUTER_BOUND('',#644,.T.);
#410=FACE_OUTER_BOUND('',#645,.T.);
#411=FACE_OUTER_BOUND('',#646,.T.);
#412=FACE_OUTER_BOUND('',#647,.T.);
#413=FACE_OUTER_BOUND('',#648,.T.);
#414=FACE_OUTER_BOUND('',#649,.T.);
#415=FACE_OUTER_BOUND('',#650,.T.);
#416=FACE_OUTER_BOUND('',#651,.T.);
#417=FACE_OUTER_BOUND('',#652,.T.);
#418=FACE_OUTER_BOUND('',#654,.T.);
#419=FACE_OUTER_BOUND('',#655,.T.);
#420=FACE_OUTER_BOUND('',#656,.T.);
#421=FACE_OUTER_BOUND('',#657,.T.);
#422=FACE_OUTER_BOUND('',#658,.T.);
#423=FACE_OUTER_BOUND('',#659,.T.);
#424=FACE_OUTER_BOUND('',#660,.T.);
#425=FACE_OUTER_BOUND('',#661,.T.);
#426=FACE_OUTER_BOUND('',#662,.T.);
#427=FACE_OUTER_BOUND('',#663,.T.);
#428=FACE_OUTER_BOUND('',#664,.T.);
#429=FACE_OUTER_BOUND('',#665,.T.);
#430=FACE_OUTER_BOUND('',#666,.T.);
#431=FACE_OUTER_BOUND('',#667,.T.);
#432=FACE_OUTER_BOUND('',#668,.T.);
#433=FACE_OUTER_BOUND('',#669,.T.);
#434=FACE_OUTER_BOUND('',#670,.T.);
#435=FACE_OUTER_BOUND('',#671,.T.);
#436=FACE_OUTER_BOUND('',#672,.T.);
#437=FACE_OUTER_BOUND('',#673,.T.);
#438=FACE_OUTER_BOUND('',#674,.T.);
#439=FACE_OUTER_BOUND('',#675,.T.);
#440=FACE_OUTER_BOUND('',#676,.T.);
#441=FACE_OUTER_BOUND('',#677,.T.);
#442=FACE_OUTER_BOUND('',#678,.T.);
#443=FACE_OUTER_BOUND('',#679,.T.);
#444=FACE_OUTER_BOUND('',#680,.T.);
#445=FACE_OUTER_BOUND('',#681,.T.);
#446=FACE_OUTER_BOUND('',#682,.T.);
#447=FACE_OUTER_BOUND('',#683,.T.);
#448=FACE_OUTER_BOUND('',#684,.T.);
#449=FACE_OUTER_BOUND('',#685,.T.);
#450=FACE_OUTER_BOUND('',#686,.T.);
#451=FACE_OUTER_BOUND('',#687,.T.);
#452=FACE_OUTER_BOUND('',#688,.T.);
#453=FACE_OUTER_BOUND('',#689,.T.);
#454=FACE_OUTER_BOUND('',#690,.T.);
#455=FACE_OUTER_BOUND('',#691,.T.);
#456=FACE_OUTER_BOUND('',#692,.T.);
#457=FACE_OUTER_BOUND('',#693,.T.);
#458=FACE_OUTER_BOUND('',#694,.T.);
#459=FACE_OUTER_BOUND('',#695,.T.);
#460=FACE_OUTER_BOUND('',#696,.T.);
#461=FACE_OUTER_BOUND('',#697,.T.);
#462=FACE_OUTER_BOUND('',#698,.T.);
#463=FACE_OUTER_BOUND('',#699,.T.);
#464=FACE_OUTER_BOUND('',#700,.T.);
#465=FACE_OUTER_BOUND('',#701,.T.);
#466=FACE_OUTER_BOUND('',#702,.T.);
#467=FACE_OUTER_BOUND('',#703,.T.);
#468=FACE_OUTER_BOUND('',#704,.T.);
#469=FACE_OUTER_BOUND('',#705,.T.);
#470=FACE_OUTER_BOUND('',#706,.T.);
#471=FACE_OUTER_BOUND('',#707,.T.);
#472=FACE_OUTER_BOUND('',#708,.T.);
#473=FACE_OUTER_BOUND('',#709,.T.);
#474=FACE_OUTER_BOUND('',#710,.T.);
#475=FACE_OUTER_BOUND('',#711,.T.);
#476=FACE_OUTER_BOUND('',#712,.T.);
#477=FACE_OUTER_BOUND('',#713,.T.);
#478=FACE_OUTER_BOUND('',#714,.T.);
#479=FACE_OUTER_BOUND('',#715,.T.);
#480=FACE_OUTER_BOUND('',#716,.T.);
#481=FACE_OUTER_BOUND('',#717,.T.);
#482=FACE_OUTER_BOUND('',#718,.T.);
#483=FACE_OUTER_BOUND('',#719,.T.);
#484=FACE_OUTER_BOUND('',#720,.T.);
#485=FACE_OUTER_BOUND('',#721,.T.);
#486=FACE_OUTER_BOUND('',#722,.T.);
#487=FACE_OUTER_BOUND('',#723,.T.);
#488=FACE_OUTER_BOUND('',#724,.T.);
#489=FACE_OUTER_BOUND('',#725,.T.);
#490=FACE_OUTER_BOUND('',#726,.T.);
#491=FACE_OUTER_BOUND('',#727,.T.);
#492=FACE_OUTER_BOUND('',#728,.T.);
#493=FACE_OUTER_BOUND('',#729,.T.);
#494=FACE_OUTER_BOUND('',#730,.T.);
#495=FACE_OUTER_BOUND('',#731,.T.);
#496=FACE_OUTER_BOUND('',#732,.T.);
#497=FACE_OUTER_BOUND('',#733,.T.);
#498=FACE_OUTER_BOUND('',#734,.T.);
#499=FACE_OUTER_BOUND('',#735,.T.);
#500=FACE_OUTER_BOUND('',#736,.T.);
#501=FACE_OUTER_BOUND('',#737,.T.);
#502=FACE_OUTER_BOUND('',#738,.T.);
#503=FACE_OUTER_BOUND('',#739,.T.);
#504=FACE_OUTER_BOUND('',#740,.T.);
#505=FACE_OUTER_BOUND('',#741,.T.);
#506=FACE_OUTER_BOUND('',#742,.T.);
#507=FACE_OUTER_BOUND('',#743,.T.);
#508=FACE_OUTER_BOUND('',#744,.T.);
#509=FACE_OUTER_BOUND('',#745,.T.);
#510=FACE_OUTER_BOUND('',#746,.T.);
#511=FACE_OUTER_BOUND('',#747,.T.);
#512=FACE_OUTER_BOUND('',#748,.T.);
#513=FACE_OUTER_BOUND('',#749,.T.);
#514=FACE_OUTER_BOUND('',#750,.T.);
#515=FACE_OUTER_BOUND('',#751,.T.);
#516=FACE_OUTER_BOUND('',#752,.T.);
#517=FACE_OUTER_BOUND('',#753,.T.);
#518=FACE_OUTER_BOUND('',#754,.T.);
#519=FACE_OUTER_BOUND('',#755,.T.);
#520=FACE_OUTER_BOUND('',#756,.T.);
#521=FACE_OUTER_BOUND('',#757,.T.);
#522=FACE_OUTER_BOUND('',#758,.T.);
#523=FACE_OUTER_BOUND('',#759,.T.);
#524=FACE_OUTER_BOUND('',#760,.T.);
#525=FACE_OUTER_BOUND('',#761,.T.);
#526=FACE_OUTER_BOUND('',#762,.T.);
#527=FACE_OUTER_BOUND('',#763,.T.);
#528=FACE_OUTER_BOUND('',#764,.T.);
#529=FACE_OUTER_BOUND('',#765,.T.);
#530=FACE_OUTER_BOUND('',#766,.T.);
#531=FACE_OUTER_BOUND('',#767,.T.);
#532=FACE_OUTER_BOUND('',#768,.T.);
#533=FACE_OUTER_BOUND('',#769,.T.);
#534=FACE_OUTER_BOUND('',#770,.T.);
#535=FACE_OUTER_BOUND('',#771,.T.);
#536=FACE_OUTER_BOUND('',#772,.T.);
#537=FACE_OUTER_BOUND('',#773,.T.);
#538=FACE_OUTER_BOUND('',#774,.T.);
#539=FACE_OUTER_BOUND('',#775,.T.);
#540=FACE_OUTER_BOUND('',#776,.T.);
#541=FACE_OUTER_BOUND('',#777,.T.);
#542=FACE_OUTER_BOUND('',#778,.T.);
#543=FACE_OUTER_BOUND('',#779,.T.);
#544=FACE_OUTER_BOUND('',#780,.T.);
#545=FACE_OUTER_BOUND('',#781,.T.);
#546=FACE_OUTER_BOUND('',#782,.T.);
#547=FACE_OUTER_BOUND('',#783,.T.);
#548=FACE_OUTER_BOUND('',#784,.T.);
#549=FACE_OUTER_BOUND('',#785,.T.);
#550=FACE_OUTER_BOUND('',#786,.T.);
#551=FACE_OUTER_BOUND('',#787,.T.);
#552=FACE_OUTER_BOUND('',#788,.T.);
#553=FACE_OUTER_BOUND('',#789,.T.);
#554=FACE_OUTER_BOUND('',#790,.T.);
#555=FACE_OUTER_BOUND('',#791,.T.);
#556=FACE_OUTER_BOUND('',#792,.T.);
#557=FACE_OUTER_BOUND('',#793,.T.);
#558=FACE_OUTER_BOUND('',#794,.T.);
#559=FACE_OUTER_BOUND('',#795,.T.);
#560=FACE_OUTER_BOUND('',#796,.T.);
#561=FACE_OUTER_BOUND('',#797,.T.);
#562=FACE_OUTER_BOUND('',#798,.T.);
#563=FACE_OUTER_BOUND('',#799,.T.);
#564=FACE_OUTER_BOUND('',#800,.T.);
#565=FACE_OUTER_BOUND('',#801,.T.);
#566=FACE_OUTER_BOUND('',#802,.T.);
#567=FACE_OUTER_BOUND('',#803,.T.);
#568=FACE_OUTER_BOUND('',#804,.T.);
#569=FACE_OUTER_BOUND('',#805,.T.);
#570=FACE_OUTER_BOUND('',#806,.T.);
#571=FACE_OUTER_BOUND('',#807,.T.);
#572=FACE_OUTER_BOUND('',#808,.T.);
#573=FACE_OUTER_BOUND('',#809,.T.);
#574=FACE_OUTER_BOUND('',#810,.T.);
#575=EDGE_LOOP('',(#2497,#2498,#2499,#2500));
#576=EDGE_LOOP('',(#2501,#2502,#2503,#2504));
#577=EDGE_LOOP('',(#2505,#2506,#2507,#2508));
#578=EDGE_LOOP('',(#2509,#2510,#2511,#2512));
#579=EDGE_LOOP('',(#2513,#2514,#2515,#2516));
#580=EDGE_LOOP('',(#2517,#2518,#2519,#2520));
#581=EDGE_LOOP('',(#2521,#2522,#2523,#2524,#2525,#2526,#2527,#2528,#2529,
#2530,#2531,#2532,#2533,#2534,#2535,#2536,#2537,#2538,#2539,#2540,#2541,
#2542,#2543,#2544,#2545,#2546,#2547));
#582=EDGE_LOOP('',(#2548,#2549,#2550,#2551));
#583=EDGE_LOOP('',(#2552,#2553,#2554,#2555));
#584=EDGE_LOOP('',(#2556,#2557,#2558,#2559));
#585=EDGE_LOOP('',(#2560,#2561,#2562,#2563));
#586=EDGE_LOOP('',(#2564,#2565,#2566,#2567));
#587=EDGE_LOOP('',(#2568,#2569,#2570,#2571));
#588=EDGE_LOOP('',(#2572,#2573,#2574,#2575));
#589=EDGE_LOOP('',(#2576,#2577,#2578,#2579));
#590=EDGE_LOOP('',(#2580,#2581,#2582,#2583));
#591=EDGE_LOOP('',(#2584,#2585,#2586,#2587));
#592=EDGE_LOOP('',(#2588,#2589,#2590,#2591));
#593=EDGE_LOOP('',(#2592,#2593,#2594,#2595));
#594=EDGE_LOOP('',(#2596,#2597,#2598,#2599));
#595=EDGE_LOOP('',(#2600,#2601,#2602,#2603));
#596=EDGE_LOOP('',(#2604,#2605,#2606,#2607));
#597=EDGE_LOOP('',(#2608,#2609,#2610,#2611));
#598=EDGE_LOOP('',(#2612,#2613,#2614,#2615));
#599=EDGE_LOOP('',(#2616,#2617,#2618,#2619));
#600=EDGE_LOOP('',(#2620,#2621,#2622,#2623));
#601=EDGE_LOOP('',(#2624,#2625,#2626,#2627));
#602=EDGE_LOOP('',(#2628,#2629,#2630,#2631));
#603=EDGE_LOOP('',(#2632,#2633,#2634,#2635));
#604=EDGE_LOOP('',(#2636,#2637,#2638,#2639));
#605=EDGE_LOOP('',(#2640,#2641,#2642,#2643));
#606=EDGE_LOOP('',(#2644,#2645,#2646,#2647));
#607=EDGE_LOOP('',(#2648,#2649,#2650,#2651));
#608=EDGE_LOOP('',(#2652,#2653,#2654,#2655));
#609=EDGE_LOOP('',(#2656,#2657,#2658,#2659));
#610=EDGE_LOOP('',(#2660,#2661,#2662,#2663));
#611=EDGE_LOOP('',(#2664,#2665,#2666,#2667));
#612=EDGE_LOOP('',(#2668,#2669,#2670,#2671));
#613=EDGE_LOOP('',(#2672,#2673,#2674,#2675));
#614=EDGE_LOOP('',(#2676,#2677,#2678,#2679));
#615=EDGE_LOOP('',(#2680,#2681,#2682,#2683));
#616=EDGE_LOOP('',(#2684,#2685,#2686,#2687));
#617=EDGE_LOOP('',(#2688,#2689,#2690,#2691,#2692,#2693,#2694,#2695));
#618=EDGE_LOOP('',(#2696,#2697,#2698,#2699));
#619=EDGE_LOOP('',(#2700,#2701,#2702,#2703));
#620=EDGE_LOOP('',(#2704,#2705,#2706,#2707));
#621=EDGE_LOOP('',(#2708,#2709,#2710,#2711));
#622=EDGE_LOOP('',(#2712,#2713,#2714,#2715));
#623=EDGE_LOOP('',(#2716,#2717,#2718,#2719));
#624=EDGE_LOOP('',(#2720,#2721,#2722,#2723));
#625=EDGE_LOOP('',(#2724,#2725,#2726,#2727));
#626=EDGE_LOOP('',(#2728,#2729,#2730,#2731,#2732,#2733,#2734,#2735));
#627=EDGE_LOOP('',(#2736,#2737,#2738,#2739,#2740,#2741,#2742,#2743,#2744,
#2745,#2746,#2747,#2748,#2749,#2750,#2751,#2752,#2753,#2754,#2755,#2756,
#2757,#2758,#2759,#2760,#2761,#2762,#2763,#2764,#2765,#2766,#2767,#2768,
#2769,#2770,#2771,#2772,#2773,#2774,#2775,#2776,#2777,#2778,#2779,#2780,
#2781,#2782,#2783,#2784,#2785,#2786,#2787,#2788,#2789,#2790,#2791,#2792,
#2793,#2794,#2795,#2796,#2797,#2798,#2799,#2800,#2801,#2802,#2803,#2804,
#2805));
#628=EDGE_LOOP('',(#2806));
#629=EDGE_LOOP('',(#2807));
#630=EDGE_LOOP('',(#2808));
#631=EDGE_LOOP('',(#2809));
#632=EDGE_LOOP('',(#2810));
#633=EDGE_LOOP('',(#2811));
#634=EDGE_LOOP('',(#2812));
#635=EDGE_LOOP('',(#2813));
#636=EDGE_LOOP('',(#2814));
#637=EDGE_LOOP('',(#2815));
#638=EDGE_LOOP('',(#2816));
#639=EDGE_LOOP('',(#2817,#2818,#2819,#2820));
#640=EDGE_LOOP('',(#2821,#2822,#2823,#2824));
#641=EDGE_LOOP('',(#2825,#2826,#2827,#2828));
#642=EDGE_LOOP('',(#2829,#2830,#2831,#2832));
#643=EDGE_LOOP('',(#2833,#2834,#2835,#2836));
#644=EDGE_LOOP('',(#2837,#2838,#2839,#2840));
#645=EDGE_LOOP('',(#2841,#2842,#2843,#2844));
#646=EDGE_LOOP('',(#2845,#2846,#2847,#2848,#2849,#2850,#2851,#2852,#2853,
#2854,#2855,#2856,#2857,#2858));
#647=EDGE_LOOP('',(#2859,#2860,#2861,#2862));
#648=EDGE_LOOP('',(#2863,#2864,#2865,#2866));
#649=EDGE_LOOP('',(#2867,#2868,#2869,#2870));
#650=EDGE_LOOP('',(#2871,#2872,#2873,#2874));
#651=EDGE_LOOP('',(#2875,#2876,#2877,#2878));
#652=EDGE_LOOP('',(#2879,#2880,#2881,#2882,#2883,#2884,#2885,#2886,#2887,
#2888,#2889,#2890,#2891,#2892,#2893,#2894,#2895,#2896,#2897,#2898,#2899,
#2900,#2901,#2902,#2903,#2904,#2905,#2906,#2907,#2908,#2909,#2910,#2911,
#2912,#2913,#2914,#2915,#2916,#2917,#2918,#2919,#2920,#2921,#2922,#2923,
#2924,#2925,#2926,#2927,#2928,#2929,#2930,#2931,#2932,#2933,#2934,#2935,
#2936,#2937,#2938,#2939,#2940,#2941,#2942));
#653=EDGE_LOOP('',(#2943,#2944,#2945,#2946,#2947,#2948,#2949,#2950));
#654=EDGE_LOOP('',(#2951,#2952,#2953,#2954,#2955));
#655=EDGE_LOOP('',(#2956,#2957,#2958,#2959,#2960));
#656=EDGE_LOOP('',(#2961,#2962,#2963,#2964,#2965,#2966));
#657=EDGE_LOOP('',(#2967,#2968,#2969,#2970));
#658=EDGE_LOOP('',(#2971,#2972,#2973,#2974,#2975,#2976));
#659=EDGE_LOOP('',(#2977,#2978,#2979,#2980));
#660=EDGE_LOOP('',(#2981,#2982,#2983,#2984));
#661=EDGE_LOOP('',(#2985,#2986,#2987,#2988,#2989));
#662=EDGE_LOOP('',(#2990,#2991,#2992,#2993));
#663=EDGE_LOOP('',(#2994,#2995,#2996,#2997,#2998));
#664=EDGE_LOOP('',(#2999,#3000,#3001,#3002));
#665=EDGE_LOOP('',(#3003,#3004,#3005,#3006));
#666=EDGE_LOOP('',(#3007,#3008,#3009,#3010,#3011));
#667=EDGE_LOOP('',(#3012,#3013,#3014,#3015));
#668=EDGE_LOOP('',(#3016,#3017,#3018,#3019,#3020));
#669=EDGE_LOOP('',(#3021,#3022,#3023,#3024));
#670=EDGE_LOOP('',(#3025,#3026,#3027,#3028));
#671=EDGE_LOOP('',(#3029,#3030,#3031,#3032,#3033));
#672=EDGE_LOOP('',(#3034,#3035,#3036,#3037));
#673=EDGE_LOOP('',(#3038,#3039,#3040,#3041,#3042));
#674=EDGE_LOOP('',(#3043,#3044,#3045,#3046));
#675=EDGE_LOOP('',(#3047,#3048,#3049,#3050));
#676=EDGE_LOOP('',(#3051,#3052,#3053,#3054));
#677=EDGE_LOOP('',(#3055,#3056,#3057,#3058,#3059,#3060));
#678=EDGE_LOOP('',(#3061,#3062,#3063,#3064));
#679=EDGE_LOOP('',(#3065,#3066,#3067,#3068));
#680=EDGE_LOOP('',(#3069,#3070,#3071,#3072,#3073,#3074));
#681=EDGE_LOOP('',(#3075,#3076,#3077,#3078));
#682=EDGE_LOOP('',(#3079,#3080,#3081,#3082));
#683=EDGE_LOOP('',(#3083,#3084,#3085,#3086,#3087,#3088,#3089));
#684=EDGE_LOOP('',(#3090,#3091,#3092,#3093,#3094));
#685=EDGE_LOOP('',(#3095,#3096,#3097,#3098,#3099,#3100));
#686=EDGE_LOOP('',(#3101,#3102,#3103,#3104));
#687=EDGE_LOOP('',(#3105,#3106,#3107,#3108,#3109));
#688=EDGE_LOOP('',(#3110,#3111,#3112,#3113,#3114));
#689=EDGE_LOOP('',(#3115,#3116,#3117,#3118));
#690=EDGE_LOOP('',(#3119,#3120,#3121,#3122,#3123));
#691=EDGE_LOOP('',(#3124,#3125,#3126,#3127));
#692=EDGE_LOOP('',(#3128,#3129,#3130,#3131));
#693=EDGE_LOOP('',(#3132,#3133,#3134,#3135));
#694=EDGE_LOOP('',(#3136,#3137,#3138,#3139,#3140,#3141));
#695=EDGE_LOOP('',(#3142,#3143,#3144,#3145,#3146,#3147));
#696=EDGE_LOOP('',(#3148,#3149,#3150,#3151));
#697=EDGE_LOOP('',(#3152,#3153,#3154,#3155));
#698=EDGE_LOOP('',(#3156,#3157,#3158,#3159));
#699=EDGE_LOOP('',(#3160,#3161,#3162,#3163,#3164));
#700=EDGE_LOOP('',(#3165,#3166,#3167,#3168));
#701=EDGE_LOOP('',(#3169,#3170,#3171,#3172,#3173));
#702=EDGE_LOOP('',(#3174,#3175,#3176,#3177,#3178));
#703=EDGE_LOOP('',(#3179,#3180,#3181,#3182));
#704=EDGE_LOOP('',(#3183,#3184,#3185,#3186,#3187,#3188));
#705=EDGE_LOOP('',(#3189,#3190,#3191,#3192));
#706=EDGE_LOOP('',(#3193,#3194,#3195,#3196,#3197,#3198));
#707=EDGE_LOOP('',(#3199,#3200,#3201));
#708=EDGE_LOOP('',(#3202,#3203,#3204));
#709=EDGE_LOOP('',(#3205,#3206,#3207,#3208));
#710=EDGE_LOOP('',(#3209,#3210,#3211,#3212));
#711=EDGE_LOOP('',(#3213,#3214,#3215,#3216,#3217,#3218,#3219,#3220,#3221,
#3222,#3223,#3224,#3225,#3226,#3227));
#712=EDGE_LOOP('',(#3228,#3229,#3230,#3231,#3232,#3233,#3234));
#713=EDGE_LOOP('',(#3235,#3236,#3237,#3238,#3239,#3240,#3241));
#714=EDGE_LOOP('',(#3242,#3243,#3244,#3245,#3246,#3247,#3248,#3249,#3250,
#3251,#3252,#3253,#3254,#3255,#3256));
#715=EDGE_LOOP('',(#3257,#3258,#3259,#3260,#3261,#3262,#3263,#3264,#3265,
#3266));
#716=EDGE_LOOP('',(#3267,#3268,#3269,#3270,#3271,#3272));
#717=EDGE_LOOP('',(#3273,#3274,#3275,#3276,#3277,#3278));
#718=EDGE_LOOP('',(#3279,#3280,#3281,#3282));
#719=EDGE_LOOP('',(#3283,#3284,#3285,#3286));
#720=EDGE_LOOP('',(#3287,#3288,#3289,#3290));
#721=EDGE_LOOP('',(#3291,#3292,#3293,#3294,#3295,#3296,#3297,#3298));
#722=EDGE_LOOP('',(#3299,#3300,#3301,#3302));
#723=EDGE_LOOP('',(#3303,#3304,#3305,#3306));
#724=EDGE_LOOP('',(#3307,#3308,#3309,#3310));
#725=EDGE_LOOP('',(#3311,#3312,#3313,#3314));
#726=EDGE_LOOP('',(#3315,#3316,#3317,#3318));
#727=EDGE_LOOP('',(#3319,#3320,#3321,#3322));
#728=EDGE_LOOP('',(#3323,#3324,#3325,#3326));
#729=EDGE_LOOP('',(#3327,#3328,#3329,#3330));
#730=EDGE_LOOP('',(#3331,#3332,#3333,#3334));
#731=EDGE_LOOP('',(#3335,#3336,#3337,#3338,#3339,#3340,#3341,#3342));
#732=EDGE_LOOP('',(#3343,#3344,#3345,#3346));
#733=EDGE_LOOP('',(#3347,#3348,#3349,#3350));
#734=EDGE_LOOP('',(#3351,#3352,#3353,#3354));
#735=EDGE_LOOP('',(#3355,#3356,#3357,#3358));
#736=EDGE_LOOP('',(#3359,#3360,#3361,#3362));
#737=EDGE_LOOP('',(#3363,#3364,#3365,#3366));
#738=EDGE_LOOP('',(#3367,#3368,#3369,#3370));
#739=EDGE_LOOP('',(#3371,#3372,#3373,#3374));
#740=EDGE_LOOP('',(#3375,#3376,#3377,#3378,#3379,#3380));
#741=EDGE_LOOP('',(#3381,#3382,#3383,#3384));
#742=EDGE_LOOP('',(#3385,#3386,#3387,#3388));
#743=EDGE_LOOP('',(#3389,#3390,#3391,#3392,#3393,#3394));
#744=EDGE_LOOP('',(#3395,#3396,#3397,#3398));
#745=EDGE_LOOP('',(#3399,#3400,#3401,#3402));
#746=EDGE_LOOP('',(#3403,#3404,#3405,#3406));
#747=EDGE_LOOP('',(#3407,#3408,#3409,#3410));
#748=EDGE_LOOP('',(#3411,#3412,#3413,#3414));
#749=EDGE_LOOP('',(#3415,#3416,#3417,#3418));
#750=EDGE_LOOP('',(#3419,#3420,#3421,#3422));
#751=EDGE_LOOP('',(#3423,#3424,#3425,#3426));
#752=EDGE_LOOP('',(#3427,#3428,#3429,#3430,#3431,#3432,#3433,#3434));
#753=EDGE_LOOP('',(#3435,#3436,#3437,#3438));
#754=EDGE_LOOP('',(#3439,#3440,#3441,#3442));
#755=EDGE_LOOP('',(#3443,#3444,#3445,#3446));
#756=EDGE_LOOP('',(#3447,#3448,#3449,#3450));
#757=EDGE_LOOP('',(#3451,#3452,#3453,#3454,#3455,#3456,#3457,#3458));
#758=EDGE_LOOP('',(#3459,#3460,#3461,#3462));
#759=EDGE_LOOP('',(#3463,#3464,#3465,#3466));
#760=EDGE_LOOP('',(#3467,#3468,#3469,#3470));
#761=EDGE_LOOP('',(#3471,#3472,#3473,#3474));
#762=EDGE_LOOP('',(#3475,#3476,#3477,#3478));
#763=EDGE_LOOP('',(#3479,#3480,#3481,#3482,#3483,#3484,#3485,#3486));
#764=EDGE_LOOP('',(#3487,#3488,#3489,#3490));
#765=EDGE_LOOP('',(#3491,#3492,#3493,#3494));
#766=EDGE_LOOP('',(#3495,#3496,#3497,#3498));
#767=EDGE_LOOP('',(#3499,#3500,#3501,#3502));
#768=EDGE_LOOP('',(#3503,#3504,#3505,#3506,#3507,#3508));
#769=EDGE_LOOP('',(#3509,#3510,#3511,#3512,#3513));
#770=EDGE_LOOP('',(#3514,#3515,#3516,#3517,#3518,#3519,#3520,#3521,#3522,
#3523));
#771=EDGE_LOOP('',(#3524,#3525,#3526,#3527,#3528,#3529));
#772=EDGE_LOOP('',(#3530,#3531,#3532,#3533,#3534));
#773=EDGE_LOOP('',(#3535,#3536,#3537,#3538));
#774=EDGE_LOOP('',(#3539,#3540,#3541,#3542));
#775=EDGE_LOOP('',(#3543,#3544,#3545,#3546));
#776=EDGE_LOOP('',(#3547,#3548,#3549,#3550));
#777=EDGE_LOOP('',(#3551,#3552,#3553,#3554));
#778=EDGE_LOOP('',(#3555,#3556,#3557,#3558));
#779=EDGE_LOOP('',(#3559,#3560,#3561,#3562));
#780=EDGE_LOOP('',(#3563,#3564,#3565,#3566));
#781=EDGE_LOOP('',(#3567,#3568,#3569,#3570));
#782=EDGE_LOOP('',(#3571,#3572,#3573,#3574));
#783=EDGE_LOOP('',(#3575,#3576,#3577,#3578));
#784=EDGE_LOOP('',(#3579,#3580,#3581,#3582));
#785=EDGE_LOOP('',(#3583,#3584,#3585,#3586));
#786=EDGE_LOOP('',(#3587,#3588,#3589,#3590));
#787=EDGE_LOOP('',(#3591,#3592,#3593,#3594));
#788=EDGE_LOOP('',(#3595,#3596,#3597));
#789=EDGE_LOOP('',(#3598,#3599,#3600,#3601));
#790=EDGE_LOOP('',(#3602));
#791=EDGE_LOOP('',(#3603,#3604,#3605,#3606));
#792=EDGE_LOOP('',(#3607));
#793=EDGE_LOOP('',(#3608,#3609,#3610,#3611));
#794=EDGE_LOOP('',(#3612));
#795=EDGE_LOOP('',(#3613,#3614,#3615,#3616));
#796=EDGE_LOOP('',(#3617));
#797=EDGE_LOOP('',(#3618,#3619,#3620,#3621));
#798=EDGE_LOOP('',(#3622));
#799=EDGE_LOOP('',(#3623,#3624,#3625,#3626));
#800=EDGE_LOOP('',(#3627));
#801=EDGE_LOOP('',(#3628,#3629,#3630,#3631));
#802=EDGE_LOOP('',(#3632));
#803=EDGE_LOOP('',(#3633,#3634,#3635,#3636));
#804=EDGE_LOOP('',(#3637));
#805=EDGE_LOOP('',(#3638,#3639,#3640,#3641));
#806=EDGE_LOOP('',(#3642));
#807=EDGE_LOOP('',(#3643,#3644,#3645,#3646));
#808=EDGE_LOOP('',(#3647));
#809=EDGE_LOOP('',(#3648,#3649,#3650,#3651));
#810=EDGE_LOOP('',(#3652));
#811=LINE('',#5582,#1177);
#812=LINE('',#5584,#1178);
#813=LINE('',#5586,#1179);
#814=LINE('',#5587,#1180);
#815=LINE('',#5591,#1181);
#816=LINE('',#5597,#1182);
#817=LINE('',#5598,#1183);
#818=LINE('',#5599,#1184);
#819=LINE('',#5605,#1185);
#820=LINE('',#5608,#1186);
#821=LINE('',#5611,#1187);
#822=LINE('',#5612,#1188);
#823=LINE('',#5618,#1189);
#824=LINE('',#5620,#1190);
#825=LINE('',#5622,#1191);
#826=LINE('',#5624,#1192);
#827=LINE('',#5628,#1193);
#828=LINE('',#5630,#1194);
#829=LINE('',#5634,#1195);
#830=LINE('',#5638,#1196);
#831=LINE('',#5642,#1197);
#832=LINE('',#5646,#1198);
#833=LINE('',#5648,#1199);
#834=LINE('',#5650,#1200);
#835=LINE('',#5654,#1201);
#836=LINE('',#5658,#1202);
#837=LINE('',#5662,#1203);
#838=LINE('',#5666,#1204);
#839=LINE('',#5667,#1205);
#840=LINE('',#5670,#1206);
#841=LINE('',#5674,#1207);
#842=LINE('',#5678,#1208);
#843=LINE('',#5682,#1209);
#844=LINE('',#5686,#1210);
#845=LINE('',#5690,#1211);
#846=LINE('',#5694,#1212);
#847=LINE('',#5696,#1213);
#848=LINE('',#5697,#1214);
#849=LINE('',#5700,#1215);
#850=LINE('',#5704,#1216);
#851=LINE('',#5705,#1217);
#852=LINE('',#5710,#1218);
#853=LINE('',#5713,#1219);
#854=LINE('',#5716,#1220);
#855=LINE('',#5717,#1221);
#856=LINE('',#5720,#1222);
#857=LINE('',#5722,#1223);
#858=LINE('',#5723,#1224);
#859=LINE('',#5726,#1225);
#860=LINE('',#5730,#1226);
#861=LINE('',#5731,#1227);
#862=LINE('',#5736,#1228);
#863=LINE('',#5739,#1229);
#864=LINE('',#5742,#1230);
#865=LINE('',#5743,#1231);
#866=LINE('',#5746,#1232);
#867=LINE('',#5748,#1233);
#868=LINE('',#5749,#1234);
#869=LINE('',#5752,#1235);
#870=LINE('',#5756,#1236);
#871=LINE('',#5757,#1237);
#872=LINE('',#5762,#1238);
#873=LINE('',#5765,#1239);
#874=LINE('',#5768,#1240);
#875=LINE('',#5769,#1241);
#876=LINE('',#5772,#1242);
#877=LINE('',#5775,#1243);
#878=LINE('',#5779,#1244);
#879=LINE('',#5780,#1245);
#880=LINE('',#5786,#1246);
#881=LINE('',#5787,#1247);
#882=LINE('',#5793,#1248);
#883=LINE('',#5796,#1249);
#884=LINE('',#5803,#1250);
#885=LINE('',#5806,#1251);
#886=LINE('',#5809,#1252);
#887=LINE('',#5813,#1253);
#888=LINE('',#5817,#1254);
#889=LINE('',#5820,#1255);
#890=LINE('',#5823,#1256);
#891=LINE('',#5824,#1257);
#892=LINE('',#5828,#1258);
#893=LINE('',#5831,#1259);
#894=LINE('',#5834,#1260);
#895=LINE('',#5837,#1261);
#896=LINE('',#5838,#1262);
#897=LINE('',#5842,#1263);
#898=LINE('',#5844,#1264);
#899=LINE('',#5846,#1265);
#900=LINE('',#5852,#1266);
#901=LINE('',#5855,#1267);
#902=LINE('',#5858,#1268);
#903=LINE('',#5860,#1269);
#904=LINE('',#5862,#1270);
#905=LINE('',#5864,#1271);
#906=LINE('',#5866,#1272);
#907=LINE('',#5868,#1273);
#908=LINE('',#5869,#1274);
#909=LINE('',#5872,#1275);
#910=LINE('',#5876,#1276);
#911=LINE('',#5878,#1277);
#912=LINE('',#5880,#1278);
#913=LINE('',#5882,#1279);
#914=LINE('',#5886,#1280);
#915=LINE('',#5890,#1281);
#916=LINE('',#5894,#1282);
#917=LINE('',#5898,#1283);
#918=LINE('',#5902,#1284);
#919=LINE('',#5906,#1285);
#920=LINE('',#5912,#1286);
#921=LINE('',#5916,#1287);
#922=LINE('',#5920,#1288);
#923=LINE('',#5924,#1289);
#924=LINE('',#5928,#1290);
#925=LINE('',#5932,#1291);
#926=LINE('',#5936,#1292);
#927=LINE('',#5940,#1293);
#928=LINE('',#5942,#1294);
#929=LINE('',#5946,#1295);
#930=LINE('',#5948,#1296);
#931=LINE('',#5950,#1297);
#932=LINE('',#5952,#1298);
#933=LINE('',#5956,#1299);
#934=LINE('',#5958,#1300);
#935=LINE('',#5962,#1301);
#936=LINE('',#5966,#1302);
#937=LINE('',#5970,#1303);
#938=LINE('',#5974,#1304);
#939=LINE('',#5978,#1305);
#940=LINE('',#5982,#1306);
#941=LINE('',#5986,#1307);
#942=LINE('',#5992,#1308);
#943=LINE('',#5996,#1309);
#944=LINE('',#6000,#1310);
#945=LINE('',#6004,#1311);
#946=LINE('',#6030,#1312);
#947=LINE('',#6033,#1313);
#948=LINE('',#6036,#1314);
#949=LINE('',#6037,#1315);
#950=LINE('',#6042,#1316);
#951=LINE('',#6043,#1317);
#952=LINE('',#6046,#1318);
#953=LINE('',#6047,#1319);
#954=LINE('',#6050,#1320);
#955=LINE('',#6054,#1321);
#956=LINE('',#6055,#1322);
#957=LINE('',#6058,#1323);
#958=LINE('',#6062,#1324);
#959=LINE('',#6064,#1325);
#960=LINE('',#6066,#1326);
#961=LINE('',#6068,#1327);
#962=LINE('',#6072,#1328);
#963=LINE('',#6076,#1329);
#964=LINE('',#6078,#1330);
#965=LINE('',#6079,#1331);
#966=LINE('',#6080,#1332);
#967=LINE('',#6083,#1333);
#968=LINE('',#6086,#1334);
#969=LINE('',#6089,#1335);
#970=LINE('',#6090,#1336);
#971=LINE('',#6095,#1337);
#972=LINE('',#6098,#1338);
#973=LINE('',#6100,#1339);
#974=LINE('',#6105,#1340);
#975=LINE('',#6113,#1341);
#976=LINE('',#6115,#1342);
#977=LINE('',#6119,#1343);
#978=LINE('',#6123,#1344);
#979=LINE('',#6127,#1345);
#980=LINE('',#6129,#1346);
#981=LINE('',#6133,#1347);
#982=LINE('',#6135,#1348);
#983=LINE('',#6139,#1349);
#984=LINE('',#6141,#1350);
#985=LINE('',#6145,#1351);
#986=LINE('',#6149,#1352);
#987=LINE('',#6151,#1353);
#988=LINE('',#6155,#1354);
#989=LINE('',#6159,#1355);
#990=LINE('',#6161,#1356);
#991=LINE('',#6165,#1357);
#992=LINE('',#6169,#1358);
#993=LINE('',#6171,#1359);
#994=LINE('',#6174,#1360);
#995=LINE('',#6178,#1361);
#996=LINE('',#6180,#1362);
#997=LINE('',#6184,#1363);
#998=LINE('',#6188,#1364);
#999=LINE('',#6192,#1365);
#1000=LINE('',#6194,#1366);
#1001=LINE('',#6202,#1367);
#1002=LINE('',#6207,#1368);
#1003=LINE('',#6265,#1369);
#1004=LINE('',#6368,#1370);
#1005=LINE('',#6433,#1371);
#1006=LINE('',#6498,#1372);
#1007=LINE('',#6500,#1373);
#1008=LINE('',#6542,#1374);
#1009=LINE('',#6640,#1375);
#1010=LINE('',#6689,#1376);
#1011=LINE('',#6714,#1377);
#1012=LINE('',#6721,#1378);
#1013=LINE('',#6748,#1379);
#1014=LINE('',#6798,#1380);
#1015=LINE('',#6900,#1381);
#1016=LINE('',#6904,#1382);
#1017=LINE('',#7006,#1383);
#1018=LINE('',#7007,#1384);
#1019=LINE('',#7013,#1385);
#1020=LINE('',#7077,#1386);
#1021=LINE('',#7170,#1387);
#1022=LINE('',#7172,#1388);
#1023=LINE('',#7173,#1389);
#1024=LINE('',#7175,#1390);
#1025=LINE('',#7178,#1391);
#1026=LINE('',#7179,#1392);
#1027=LINE('',#7181,#1393);
#1028=LINE('',#7183,#1394);
#1029=LINE('',#7185,#1395);
#1030=LINE('',#7187,#1396);
#1031=LINE('',#7189,#1397);
#1032=LINE('',#7191,#1398);
#1033=LINE('',#7193,#1399);
#1034=LINE('',#7195,#1400);
#1035=LINE('',#7197,#1401);
#1036=LINE('',#7199,#1402);
#1037=LINE('',#7202,#1403);
#1038=LINE('',#7203,#1404);
#1039=LINE('',#7205,#1405);
#1040=LINE('',#7207,#1406);
#1041=LINE('',#7208,#1407);
#1042=LINE('',#7210,#1408);
#1043=LINE('',#7212,#1409);
#1044=LINE('',#7214,#1410);
#1045=LINE('',#7216,#1411);
#1046=LINE('',#7218,#1412);
#1047=LINE('',#7220,#1413);
#1048=LINE('',#7222,#1414);
#1049=LINE('',#7224,#1415);
#1050=LINE('',#7226,#1416);
#1051=LINE('',#7228,#1417);
#1052=LINE('',#7241,#1418);
#1053=LINE('',#7245,#1419);
#1054=LINE('',#7249,#1420);
#1055=LINE('',#7253,#1421);
#1056=LINE('',#7261,#1422);
#1057=LINE('',#7263,#1423);
#1058=LINE('',#7266,#1424);
#1059=LINE('',#7271,#1425);
#1060=LINE('',#7275,#1426);
#1061=LINE('',#7277,#1427);
#1062=LINE('',#7284,#1428);
#1063=LINE('',#7288,#1429);
#1064=LINE('',#7292,#1430);
#1065=LINE('',#7293,#1431);
#1066=LINE('',#7297,#1432);
#1067=LINE('',#7301,#1433);
#1068=LINE('',#7305,#1434);
#1069=LINE('',#7309,#1435);
#1070=LINE('',#7313,#1436);
#1071=LINE('',#7317,#1437);
#1072=LINE('',#7319,#1438);
#1073=LINE('',#7329,#1439);
#1074=LINE('',#7333,#1440);
#1075=LINE('',#7335,#1441);
#1076=LINE('',#7339,#1442);
#1077=LINE('',#7340,#1443);
#1078=LINE('',#7346,#1444);
#1079=LINE('',#7348,#1445);
#1080=LINE('',#7352,#1446);
#1081=LINE('',#7353,#1447);
#1082=LINE('',#7357,#1448);
#1083=LINE('',#7359,#1449);
#1084=LINE('',#7363,#1450);
#1085=LINE('',#7365,#1451);
#1086=LINE('',#7368,#1452);
#1087=LINE('',#7369,#1453);
#1088=LINE('',#7371,#1454);
#1089=LINE('',#7373,#1455);
#1090=LINE('',#7375,#1456);
#1091=LINE('',#7377,#1457);
#1092=LINE('',#7379,#1458);
#1093=LINE('',#7380,#1459);
#1094=LINE('',#7384,#1460);
#1095=LINE('',#7387,#1461);
#1096=LINE('',#7388,#1462);
#1097=LINE('',#7391,#1463);
#1098=LINE('',#7392,#1464);
#1099=LINE('',#7396,#1465);
#1100=LINE('',#7398,#1466);
#1101=LINE('',#7400,#1467);
#1102=LINE('',#7402,#1468);
#1103=LINE('',#7404,#1469);
#1104=LINE('',#7406,#1470);
#1105=LINE('',#7408,#1471);
#1106=LINE('',#7409,#1472);
#1107=LINE('',#7410,#1473);
#1108=LINE('',#7412,#1474);
#1109=LINE('',#7414,#1475);
#1110=LINE('',#7416,#1476);
#1111=LINE('',#7418,#1477);
#1112=LINE('',#7420,#1478);
#1113=LINE('',#7422,#1479);
#1114=LINE('',#7424,#1480);
#1115=LINE('',#7426,#1481);
#1116=LINE('',#7428,#1482);
#1117=LINE('',#7429,#1483);
#1118=LINE('',#7432,#1484);
#1119=LINE('',#7434,#1485);
#1120=LINE('',#7435,#1486);
#1121=LINE('',#7437,#1487);
#1122=LINE('',#7439,#1488);
#1123=LINE('',#7441,#1489);
#1124=LINE('',#7443,#1490);
#1125=LINE('',#7445,#1491);
#1126=LINE('',#7447,#1492);
#1127=LINE('',#7449,#1493);
#1128=LINE('',#7451,#1494);
#1129=LINE('',#7453,#1495);
#1130=LINE('',#7454,#1496);
#1131=LINE('',#7455,#1497);
#1132=LINE('',#7457,#1498);
#1133=LINE('',#7459,#1499);
#1134=LINE('',#7461,#1500);
#1135=LINE('',#7463,#1501);
#1136=LINE('',#7465,#1502);
#1137=LINE('',#7466,#1503);
#1138=LINE('',#7468,#1504);
#1139=LINE('',#7470,#1505);
#1140=LINE('',#7472,#1506);
#1141=LINE('',#7474,#1507);
#1142=LINE('',#7476,#1508);
#1143=LINE('',#7478,#1509);
#1144=LINE('',#7479,#1510);
#1145=LINE('',#7480,#1511);
#1146=LINE('',#7482,#1512);
#1147=LINE('',#7484,#1513);
#1148=LINE('',#7486,#1514);
#1149=LINE('',#7488,#1515);
#1150=LINE('',#7491,#1516);
#1151=LINE('',#7493,#1517);
#1152=LINE('',#7495,#1518);
#1153=LINE('',#7496,#1519);
#1154=LINE('',#7502,#1520);
#1155=LINE('',#7504,#1521);
#1156=LINE('',#7505,#1522);
#1157=LINE('',#7510,#1523);
#1158=LINE('',#7512,#1524);
#1159=LINE('',#7514,#1525);
#1160=LINE('',#7516,#1526);
#1161=LINE('',#7519,#1527);
#1162=LINE('',#7521,#1528);
#1163=LINE('',#7523,#1529);
#1164=LINE('',#7525,#1530);
#1165=LINE('',#7529,#1531);
#1166=LINE('',#7535,#1532);
#1167=LINE('',#7540,#1533);
#1168=LINE('',#7545,#1534);
#1169=LINE('',#7550,#1535);
#1170=LINE('',#7555,#1536);
#1171=LINE('',#7560,#1537);
#1172=LINE('',#7565,#1538);
#1173=LINE('',#7570,#1539);
#1174=LINE('',#7575,#1540);
#1175=LINE('',#7580,#1541);
#1176=LINE('',#7585,#1542);
#1177=VECTOR('',#4404,10.);
#1178=VECTOR('',#4405,10.);
#1179=VECTOR('',#4406,10.);
#1180=VECTOR('',#4407,10.);
#1181=VECTOR('',#4410,10.);
#1182=VECTOR('',#4417,10.);
#1183=VECTOR('',#4418,10.);
#1184=VECTOR('',#4419,10.);
#1185=VECTOR('',#4428,10.);
#1186=VECTOR('',#4431,10.);
#1187=VECTOR('',#4434,10.);
#1188=VECTOR('',#4435,10.);
#1189=VECTOR('',#4440,10.);
#1190=VECTOR('',#4441,10.);
#1191=VECTOR('',#4442,10.);
#1192=VECTOR('',#4443,10.);
#1193=VECTOR('',#4446,10.);
#1194=VECTOR('',#4447,10.);
#1195=VECTOR('',#4450,10.);
#1196=VECTOR('',#4453,10.);
#1197=VECTOR('',#4456,10.);
#1198=VECTOR('',#4459,10.);
#1199=VECTOR('',#4460,10.);
#1200=VECTOR('',#4461,10.);
#1201=VECTOR('',#4464,10.);
#1202=VECTOR('',#4467,10.);
#1203=VECTOR('',#4470,10.);
#1204=VECTOR('',#4473,10.);
#1205=VECTOR('',#4474,10.);
#1206=VECTOR('',#4475,10.);
#1207=VECTOR('',#4478,10.);
#1208=VECTOR('',#4481,10.);
#1209=VECTOR('',#4484,10.);
#1210=VECTOR('',#4487,10.);
#1211=VECTOR('',#4490,10.);
#1212=VECTOR('',#4495,10.);
#1213=VECTOR('',#4496,10.);
#1214=VECTOR('',#4497,10.);
#1215=VECTOR('',#4500,10.);
#1216=VECTOR('',#4505,10.);
#1217=VECTOR('',#4506,10.);
#1218=VECTOR('',#4513,10.);
#1219=VECTOR('',#4516,10.);
#1220=VECTOR('',#4519,10.);
#1221=VECTOR('',#4520,10.);
#1222=VECTOR('',#4523,10.);
#1223=VECTOR('',#4524,10.);
#1224=VECTOR('',#4525,10.);
#1225=VECTOR('',#4528,10.);
#1226=VECTOR('',#4533,10.);
#1227=VECTOR('',#4534,10.);
#1228=VECTOR('',#4541,10.);
#1229=VECTOR('',#4544,10.);
#1230=VECTOR('',#4547,10.);
#1231=VECTOR('',#4548,10.);
#1232=VECTOR('',#4551,10.);
#1233=VECTOR('',#4552,10.);
#1234=VECTOR('',#4553,10.);
#1235=VECTOR('',#4556,10.);
#1236=VECTOR('',#4561,10.);
#1237=VECTOR('',#4562,10.);
#1238=VECTOR('',#4569,10.);
#1239=VECTOR('',#4572,10.);
#1240=VECTOR('',#4575,10.);
#1241=VECTOR('',#4576,10.);
#1242=VECTOR('',#4579,10.);
#1243=VECTOR('',#4584,10.);
#1244=VECTOR('',#4589,10.);
#1245=VECTOR('',#4590,10.);
#1246=VECTOR('',#4599,10.);
#1247=VECTOR('',#4600,10.);
#1248=VECTOR('',#4609,10.);
#1249=VECTOR('',#4614,10.);
#1250=VECTOR('',#4621,10.);
#1251=VECTOR('',#4624,10.);
#1252=VECTOR('',#4627,10.);
#1253=VECTOR('',#4630,10.);
#1254=VECTOR('',#4633,10.);
#1255=VECTOR('',#4636,10.);
#1256=VECTOR('',#4639,10.);
#1257=VECTOR('',#4640,10.);
#1258=VECTOR('',#4645,10.);
#1259=VECTOR('',#4648,10.);
#1260=VECTOR('',#4651,10.);
#1261=VECTOR('',#4654,10.);
#1262=VECTOR('',#4655,10.);
#1263=VECTOR('',#4660,10.);
#1264=VECTOR('',#4663,10.);
#1265=VECTOR('',#4666,10.);
#1266=VECTOR('',#4671,10.);
#1267=VECTOR('',#4674,10.);
#1268=VECTOR('',#4677,1000.);
#1269=VECTOR('',#4678,1000.);
#1270=VECTOR('',#4679,1000.);
#1271=VECTOR('',#4680,1000.);
#1272=VECTOR('',#4681,1000.);
#1273=VECTOR('',#4682,1000.);
#1274=VECTOR('',#4683,1000.);
#1275=VECTOR('',#4686,1000.);
#1276=VECTOR('',#4689,1000.);
#1277=VECTOR('',#4690,1000.);
#1278=VECTOR('',#4691,1000.);
#1279=VECTOR('',#4692,1000.);
#1280=VECTOR('',#4695,1000.);
#1281=VECTOR('',#4698,1000.);
#1282=VECTOR('',#4701,1000.);
#1283=VECTOR('',#4704,1000.);
#1284=VECTOR('',#4707,1000.);
#1285=VECTOR('',#4710,1000.);
#1286=VECTOR('',#4715,1000.);
#1287=VECTOR('',#4718,1000.);
#1288=VECTOR('',#4721,1000.);
#1289=VECTOR('',#4724,1000.);
#1290=VECTOR('',#4727,1000.);
#1291=VECTOR('',#4730,1000.);
#1292=VECTOR('',#4733,1000.);
#1293=VECTOR('',#4736,1000.);
#1294=VECTOR('',#4737,1000.);
#1295=VECTOR('',#4740,1000.);
#1296=VECTOR('',#4741,1000.);
#1297=VECTOR('',#4742,1000.);
#1298=VECTOR('',#4743,1000.);
#1299=VECTOR('',#4746,1000.);
#1300=VECTOR('',#4747,1000.);
#1301=VECTOR('',#4750,1000.);
#1302=VECTOR('',#4753,1000.);
#1303=VECTOR('',#4756,1000.);
#1304=VECTOR('',#4759,1000.);
#1305=VECTOR('',#4762,1000.);
#1306=VECTOR('',#4765,1000.);
#1307=VECTOR('',#4768,1000.);
#1308=VECTOR('',#4773,1000.);
#1309=VECTOR('',#4776,1000.);
#1310=VECTOR('',#4779,1000.);
#1311=VECTOR('',#4782,1000.);
#1312=VECTOR('',#4809,10.);
#1313=VECTOR('',#4812,10.);
#1314=VECTOR('',#4815,1000.);
#1315=VECTOR('',#4816,1000.);
#1316=VECTOR('',#4821,1.5);
#1317=VECTOR('',#4822,1.5);
#1318=VECTOR('',#4825,10.);
#1319=VECTOR('',#4826,1000.);
#1320=VECTOR('',#4829,10.);
#1321=VECTOR('',#4834,10.);
#1322=VECTOR('',#4835,1000.);
#1323=VECTOR('',#4838,10.);
#1324=VECTOR('',#4843,10.);
#1325=VECTOR('',#4844,1000.);
#1326=VECTOR('',#4845,10.);
#1327=VECTOR('',#4846,10.);
#1328=VECTOR('',#4849,10.);
#1329=VECTOR('',#4852,10.);
#1330=VECTOR('',#4853,10.);
#1331=VECTOR('',#4854,1000.);
#1332=VECTOR('',#4855,10.);
#1333=VECTOR('',#4858,10.);
#1334=VECTOR('',#4861,10.);
#1335=VECTOR('',#4864,1000.);
#1336=VECTOR('',#4865,10.);
#1337=VECTOR('',#4872,1.5);
#1338=VECTOR('',#4875,1.5);
#1339=VECTOR('',#4878,1000.);
#1340=VECTOR('',#4883,1000.);
#1341=VECTOR('',#4890,1000.);
#1342=VECTOR('',#4891,1000.);
#1343=VECTOR('',#4894,1000.);
#1344=VECTOR('',#4897,1000.);
#1345=VECTOR('',#4900,1000.);
#1346=VECTOR('',#4901,1000.);
#1347=VECTOR('',#4904,1000.);
#1348=VECTOR('',#4905,1000.);
#1349=VECTOR('',#4908,1000.);
#1350=VECTOR('',#4909,1000.);
#1351=VECTOR('',#4912,1000.);
#1352=VECTOR('',#4915,1000.);
#1353=VECTOR('',#4916,1000.);
#1354=VECTOR('',#4919,1000.);
#1355=VECTOR('',#4922,1000.);
#1356=VECTOR('',#4923,1000.);
#1357=VECTOR('',#4926,1000.);
#1358=VECTOR('',#4929,1000.);
#1359=VECTOR('',#4930,1000.);
#1360=VECTOR('',#4933,1000.);
#1361=VECTOR('',#4936,1000.);
#1362=VECTOR('',#4937,999.999999999999);
#1363=VECTOR('',#4940,1000.);
#1364=VECTOR('',#4943,1000.);
#1365=VECTOR('',#4946,1000.);
#1366=VECTOR('',#4947,1000.);
#1367=VECTOR('',#4954,1000.);
#1368=VECTOR('',#4959,10.);
#1369=VECTOR('',#4966,10.);
#1370=VECTOR('',#4973,10.);
#1371=VECTOR('',#4978,10.);
#1372=VECTOR('',#4981,1000.);
#1373=VECTOR('',#4982,10.);
#1374=VECTOR('',#4991,10.);
#1375=VECTOR('',#4998,10.);
#1376=VECTOR('',#5007,10.);
#1377=VECTOR('',#5014,10.);
#1378=VECTOR('',#5025,10.);
#1379=VECTOR('',#5034,10.);
#1380=VECTOR('',#5041,10.);
#1381=VECTOR('',#5046,10.);
#1382=VECTOR('',#5051,10.);
#1383=VECTOR('',#5056,10.);
#1384=VECTOR('',#5057,1000.);
#1385=VECTOR('',#5064,10.);
#1386=VECTOR('',#5067,10.);
#1387=VECTOR('',#5070,1000.);
#1388=VECTOR('',#5073,10.);
#1389=VECTOR('',#5074,1000.);
#1390=VECTOR('',#5077,1000.);
#1391=VECTOR('',#5080,10.);
#1392=VECTOR('',#5081,1000.);
#1393=VECTOR('',#5084,1000.);
#1394=VECTOR('',#5087,1000.);
#1395=VECTOR('',#5090,1000.);
#1396=VECTOR('',#5093,10.);
#1397=VECTOR('',#5096,1000.);
#1398=VECTOR('',#5099,1000.);
#1399=VECTOR('',#5102,1000.);
#1400=VECTOR('',#5105,1000.);
#1401=VECTOR('',#5108,1000.);
#1402=VECTOR('',#5111,1000.);
#1403=VECTOR('',#5114,10.);
#1404=VECTOR('',#5115,1000.);
#1405=VECTOR('',#5118,105.566918386808);
#1406=VECTOR('',#5119,1000.);
#1407=VECTOR('',#5120,10.);
#1408=VECTOR('',#5123,1000.);
#1409=VECTOR('',#5126,1000.);
#1410=VECTOR('',#5129,10.);
#1411=VECTOR('',#5132,10.);
#1412=VECTOR('',#5135,1000.);
#1413=VECTOR('',#5138,10.);
#1414=VECTOR('',#5141,1000.);
#1415=VECTOR('',#5144,1000.);
#1416=VECTOR('',#5147,1000.);
#1417=VECTOR('',#5150,1000.);
#1418=VECTOR('',#5169,1000.);
#1419=VECTOR('',#5172,1000.);
#1420=VECTOR('',#5175,1000.);
#1421=VECTOR('',#5178,1000.);
#1422=VECTOR('',#5185,1000.);
#1423=VECTOR('',#5186,1000.);
#1424=VECTOR('',#5189,1000.);
#1425=VECTOR('',#5194,1000.);
#1426=VECTOR('',#5197,999.999999999999);
#1427=VECTOR('',#5198,1000.);
#1428=VECTOR('',#5205,1000.);
#1429=VECTOR('',#5208,1000.);
#1430=VECTOR('',#5211,1000.);
#1431=VECTOR('',#5212,1000.);
#1432=VECTOR('',#5215,1000.);
#1433=VECTOR('',#5218,1000.);
#1434=VECTOR('',#5221,1000.);
#1435=VECTOR('',#5224,1000.);
#1436=VECTOR('',#5227,1000.);
#1437=VECTOR('',#5230,1000.);
#1438=VECTOR('',#5231,1000.);
#1439=VECTOR('',#5242,1000.);
#1440=VECTOR('',#5245,1000.);
#1441=VECTOR('',#5246,1000.);
#1442=VECTOR('',#5249,1000.);
#1443=VECTOR('',#5250,1000.);
#1444=VECTOR('',#5255,1000.);
#1445=VECTOR('',#5256,1000.);
#1446=VECTOR('',#5259,1000.);
#1447=VECTOR('',#5260,1000.);
#1448=VECTOR('',#5263,1000.);
#1449=VECTOR('',#5264,1000.);
#1450=VECTOR('',#5267,1000.);
#1451=VECTOR('',#5268,1000.);
#1452=VECTOR('',#5273,1000.);
#1453=VECTOR('',#5274,1000.);
#1454=VECTOR('',#5277,1000.);
#1455=VECTOR('',#5280,1000.);
#1456=VECTOR('',#5283,1000.);
#1457=VECTOR('',#5284,1000.);
#1458=VECTOR('',#5285,1000.);
#1459=VECTOR('',#5286,1000.);
#1460=VECTOR('',#5291,1000.);
#1461=VECTOR('',#5294,1000.);
#1462=VECTOR('',#5295,1000.);
#1463=VECTOR('',#5298,1000.);
#1464=VECTOR('',#5299,1000.);
#1465=VECTOR('',#5304,1000.);
#1466=VECTOR('',#5307,1000.);
#1467=VECTOR('',#5310,1000.);
#1468=VECTOR('',#5313,1000.);
#1469=VECTOR('',#5316,1000.);
#1470=VECTOR('',#5319,1000.);
#1471=VECTOR('',#5322,1000.);
#1472=VECTOR('',#5323,1000.);
#1473=VECTOR('',#5324,1000.);
#1474=VECTOR('',#5327,1000.);
#1475=VECTOR('',#5330,1000.);
#1476=VECTOR('',#5333,1000.);
#1477=VECTOR('',#5336,1000.);
#1478=VECTOR('',#5339,1000.);
#1479=VECTOR('',#5342,1000.);
#1480=VECTOR('',#5345,1000.);
#1481=VECTOR('',#5348,1000.);
#1482=VECTOR('',#5351,1000.);
#1483=VECTOR('',#5352,1000.);
#1484=VECTOR('',#5357,1000.);
#1485=VECTOR('',#5360,1000.);
#1486=VECTOR('',#5361,1000.);
#1487=VECTOR('',#5364,1000.);
#1488=VECTOR('',#5367,1000.);
#1489=VECTOR('',#5370,1000.);
#1490=VECTOR('',#5373,1000.);
#1491=VECTOR('',#5376,1000.);
#1492=VECTOR('',#5379,1000.);
#1493=VECTOR('',#5382,1000.);
#1494=VECTOR('',#5385,1000.);
#1495=VECTOR('',#5388,1000.);
#1496=VECTOR('',#5389,1000.);
#1497=VECTOR('',#5390,1000.);
#1498=VECTOR('',#5393,1000.);
#1499=VECTOR('',#5396,1000.);
#1500=VECTOR('',#5399,1000.);
#1501=VECTOR('',#5402,1000.);
#1502=VECTOR('',#5405,1000.);
#1503=VECTOR('',#5406,1000.);
#1504=VECTOR('',#5409,1000.);
#1505=VECTOR('',#5412,1000.);
#1506=VECTOR('',#5415,1000.);
#1507=VECTOR('',#5418,1000.);
#1508=VECTOR('',#5421,1000.);
#1509=VECTOR('',#5424,1000.);
#1510=VECTOR('',#5425,1000.);
#1511=VECTOR('',#5426,1000.);
#1512=VECTOR('',#5429,1000.);
#1513=VECTOR('',#5432,1000.);
#1514=VECTOR('',#5435,1000.);
#1515=VECTOR('',#5438,1000.);
#1516=VECTOR('',#5441,1000.);
#1517=VECTOR('',#5442,1000.);
#1518=VECTOR('',#5443,1000.);
#1519=VECTOR('',#5444,1000.);
#1520=VECTOR('',#5453,1000.);
#1521=VECTOR('',#5456,1000.);
#1522=VECTOR('',#5457,1000.);
#1523=VECTOR('',#5466,1000.);
#1524=VECTOR('',#5469,1000.);
#1525=VECTOR('',#5472,1000.);
#1526=VECTOR('',#5475,1000.);
#1527=VECTOR('',#5480,1000.);
#1528=VECTOR('',#5483,1000.);
#1529=VECTOR('',#5486,1000.);
#1530=VECTOR('',#5489,1000.);
#1531=VECTOR('',#5496,1000.);
#1532=VECTOR('',#5505,1.95);
#1533=VECTOR('',#5512,1.95);
#1534=VECTOR('',#5519,1.95);
#1535=VECTOR('',#5526,1.95);
#1536=VECTOR('',#5533,1.95);
#1537=VECTOR('',#5540,1.95);
#1538=VECTOR('',#5547,1.95);
#1539=VECTOR('',#5554,1.95);
#1540=VECTOR('',#5561,1.95);
#1541=VECTOR('',#5568,1.95);
#1542=VECTOR('',#5575,1.95);
#1543=VERTEX_POINT('',#5580);
#1544=VERTEX_POINT('',#5581);
#1545=VERTEX_POINT('',#5583);
#1546=VERTEX_POINT('',#5585);
#1547=VERTEX_POINT('',#5589);
#1548=VERTEX_POINT('',#5590);
#1549=VERTEX_POINT('',#5595);
#1550=VERTEX_POINT('',#5596);
#1551=VERTEX_POINT('',#5604);
#1552=VERTEX_POINT('',#5606);
#1553=VERTEX_POINT('',#5610);
#1554=VERTEX_POINT('',#5614);
#1555=VERTEX_POINT('',#5615);
#1556=VERTEX_POINT('',#5617);
#1557=VERTEX_POINT('',#5619);
#1558=VERTEX_POINT('',#5621);
#1559=VERTEX_POINT('',#5623);
#1560=VERTEX_POINT('',#5625);
#1561=VERTEX_POINT('',#5627);
#1562=VERTEX_POINT('',#5629);
#1563=VERTEX_POINT('',#5631);
#1564=VERTEX_POINT('',#5633);
#1565=VERTEX_POINT('',#5635);
#1566=VERTEX_POINT('',#5637);
#1567=VERTEX_POINT('',#5639);
#1568=VERTEX_POINT('',#5641);
#1569=VERTEX_POINT('',#5643);
#1570=VERTEX_POINT('',#5645);
#1571=VERTEX_POINT('',#5647);
#1572=VERTEX_POINT('',#5649);
#1573=VERTEX_POINT('',#5651);
#1574=VERTEX_POINT('',#5653);
#1575=VERTEX_POINT('',#5655);
#1576=VERTEX_POINT('',#5657);
#1577=VERTEX_POINT('',#5659);
#1578=VERTEX_POINT('',#5661);
#1579=VERTEX_POINT('',#5663);
#1580=VERTEX_POINT('',#5665);
#1581=VERTEX_POINT('',#5668);
#1582=VERTEX_POINT('',#5669);
#1583=VERTEX_POINT('',#5671);
#1584=VERTEX_POINT('',#5673);
#1585=VERTEX_POINT('',#5676);
#1586=VERTEX_POINT('',#5677);
#1587=VERTEX_POINT('',#5679);
#1588=VERTEX_POINT('',#5681);
#1589=VERTEX_POINT('',#5684);
#1590=VERTEX_POINT('',#5685);
#1591=VERTEX_POINT('',#5687);
#1592=VERTEX_POINT('',#5689);
#1593=VERTEX_POINT('',#5693);
#1594=VERTEX_POINT('',#5695);
#1595=VERTEX_POINT('',#5699);
#1596=VERTEX_POINT('',#5703);
#1597=VERTEX_POINT('',#5709);
#1598=VERTEX_POINT('',#5711);
#1599=VERTEX_POINT('',#5715);
#1600=VERTEX_POINT('',#5719);
#1601=VERTEX_POINT('',#5721);
#1602=VERTEX_POINT('',#5725);
#1603=VERTEX_POINT('',#5729);
#1604=VERTEX_POINT('',#5735);
#1605=VERTEX_POINT('',#5737);
#1606=VERTEX_POINT('',#5741);
#1607=VERTEX_POINT('',#5745);
#1608=VERTEX_POINT('',#5747);
#1609=VERTEX_POINT('',#5751);
#1610=VERTEX_POINT('',#5755);
#1611=VERTEX_POINT('',#5761);
#1612=VERTEX_POINT('',#5763);
#1613=VERTEX_POINT('',#5767);
#1614=VERTEX_POINT('',#5771);
#1615=VERTEX_POINT('',#5778);
#1616=VERTEX_POINT('',#5785);
#1617=VERTEX_POINT('',#5792);
#1618=VERTEX_POINT('',#5799);
#1619=VERTEX_POINT('',#5800);
#1620=VERTEX_POINT('',#5802);
#1621=VERTEX_POINT('',#5804);
#1622=VERTEX_POINT('',#5808);
#1623=VERTEX_POINT('',#5810);
#1624=VERTEX_POINT('',#5812);
#1625=VERTEX_POINT('',#5814);
#1626=VERTEX_POINT('',#5816);
#1627=VERTEX_POINT('',#5818);
#1628=VERTEX_POINT('',#5822);
#1629=VERTEX_POINT('',#5826);
#1630=VERTEX_POINT('',#5830);
#1631=VERTEX_POINT('',#5832);
#1632=VERTEX_POINT('',#5836);
#1633=VERTEX_POINT('',#5840);
#1634=VERTEX_POINT('',#5848);
#1635=VERTEX_POINT('',#5849);
#1636=VERTEX_POINT('',#5851);
#1637=VERTEX_POINT('',#5853);
#1638=VERTEX_POINT('',#5857);
#1639=VERTEX_POINT('',#5859);
#1640=VERTEX_POINT('',#5861);
#1641=VERTEX_POINT('',#5863);
#1642=VERTEX_POINT('',#5865);
#1643=VERTEX_POINT('',#5867);
#1644=VERTEX_POINT('',#5871);
#1645=VERTEX_POINT('',#5873);
#1646=VERTEX_POINT('',#5875);
#1647=VERTEX_POINT('',#5877);
#1648=VERTEX_POINT('',#5879);
#1649=VERTEX_POINT('',#5881);
#1650=VERTEX_POINT('',#5883);
#1651=VERTEX_POINT('',#5885);
#1652=VERTEX_POINT('',#5887);
#1653=VERTEX_POINT('',#5889);
#1654=VERTEX_POINT('',#5891);
#1655=VERTEX_POINT('',#5893);
#1656=VERTEX_POINT('',#5895);
#1657=VERTEX_POINT('',#5897);
#1658=VERTEX_POINT('',#5899);
#1659=VERTEX_POINT('',#5901);
#1660=VERTEX_POINT('',#5903);
#1661=VERTEX_POINT('',#5905);
#1662=VERTEX_POINT('',#5907);
#1663=VERTEX_POINT('',#5909);
#1664=VERTEX_POINT('',#5911);
#1665=VERTEX_POINT('',#5913);
#1666=VERTEX_POINT('',#5915);
#1667=VERTEX_POINT('',#5917);
#1668=VERTEX_POINT('',#5919);
#1669=VERTEX_POINT('',#5921);
#1670=VERTEX_POINT('',#5923);
#1671=VERTEX_POINT('',#5925);
#1672=VERTEX_POINT('',#5927);
#1673=VERTEX_POINT('',#5929);
#1674=VERTEX_POINT('',#5931);
#1675=VERTEX_POINT('',#5933);
#1676=VERTEX_POINT('',#5935);
#1677=VERTEX_POINT('',#5937);
#1678=VERTEX_POINT('',#5939);
#1679=VERTEX_POINT('',#5941);
#1680=VERTEX_POINT('',#5943);
#1681=VERTEX_POINT('',#5945);
#1682=VERTEX_POINT('',#5947);
#1683=VERTEX_POINT('',#5949);
#1684=VERTEX_POINT('',#5951);
#1685=VERTEX_POINT('',#5953);
#1686=VERTEX_POINT('',#5955);
#1687=VERTEX_POINT('',#5957);
#1688=VERTEX_POINT('',#5959);
#1689=VERTEX_POINT('',#5961);
#1690=VERTEX_POINT('',#5963);
#1691=VERTEX_POINT('',#5965);
#1692=VERTEX_POINT('',#5967);
#1693=VERTEX_POINT('',#5969);
#1694=VERTEX_POINT('',#5971);
#1695=VERTEX_POINT('',#5973);
#1696=VERTEX_POINT('',#5975);
#1697=VERTEX_POINT('',#5977);
#1698=VERTEX_POINT('',#5979);
#1699=VERTEX_POINT('',#5981);
#1700=VERTEX_POINT('',#5983);
#1701=VERTEX_POINT('',#5985);
#1702=VERTEX_POINT('',#5987);
#1703=VERTEX_POINT('',#5989);
#1704=VERTEX_POINT('',#5991);
#1705=VERTEX_POINT('',#5993);
#1706=VERTEX_POINT('',#5995);
#1707=VERTEX_POINT('',#5997);
#1708=VERTEX_POINT('',#5999);
#1709=VERTEX_POINT('',#6001);
#1710=VERTEX_POINT('',#6003);
#1711=VERTEX_POINT('',#6006);
#1712=VERTEX_POINT('',#6008);
#1713=VERTEX_POINT('',#6010);
#1714=VERTEX_POINT('',#6012);
#1715=VERTEX_POINT('',#6014);
#1716=VERTEX_POINT('',#6016);
#1717=VERTEX_POINT('',#6018);
#1718=VERTEX_POINT('',#6020);
#1719=VERTEX_POINT('',#6022);
#1720=VERTEX_POINT('',#6024);
#1721=VERTEX_POINT('',#6026);
#1722=VERTEX_POINT('',#6029);
#1723=VERTEX_POINT('',#6031);
#1724=VERTEX_POINT('',#6035);
#1725=VERTEX_POINT('',#6039);
#1726=VERTEX_POINT('',#6040);
#1727=VERTEX_POINT('',#6045);
#1728=VERTEX_POINT('',#6049);
#1729=VERTEX_POINT('',#6053);
#1730=VERTEX_POINT('',#6057);
#1731=VERTEX_POINT('',#6061);
#1732=VERTEX_POINT('',#6063);
#1733=VERTEX_POINT('',#6065);
#1734=VERTEX_POINT('',#6067);
#1735=VERTEX_POINT('',#6069);
#1736=VERTEX_POINT('',#6071);
#1737=VERTEX_POINT('',#6073);
#1738=VERTEX_POINT('',#6075);
#1739=VERTEX_POINT('',#6077);
#1740=VERTEX_POINT('',#6082);
#1741=VERTEX_POINT('',#6084);
#1742=VERTEX_POINT('',#6088);
#1743=VERTEX_POINT('',#6094);
#1744=VERTEX_POINT('',#6096);
#1745=VERTEX_POINT('',#6102);
#1746=VERTEX_POINT('',#6104);
#1747=VERTEX_POINT('',#6106);
#1748=VERTEX_POINT('',#6108);
#1749=VERTEX_POINT('',#6110);
#1750=VERTEX_POINT('',#6112);
#1751=VERTEX_POINT('',#6114);
#1752=VERTEX_POINT('',#6116);
#1753=VERTEX_POINT('',#6118);
#1754=VERTEX_POINT('',#6120);
#1755=VERTEX_POINT('',#6122);
#1756=VERTEX_POINT('',#6124);
#1757=VERTEX_POINT('',#6126);
#1758=VERTEX_POINT('',#6128);
#1759=VERTEX_POINT('',#6130);
#1760=VERTEX_POINT('',#6132);
#1761=VERTEX_POINT('',#6134);
#1762=VERTEX_POINT('',#6136);
#1763=VERTEX_POINT('',#6138);
#1764=VERTEX_POINT('',#6140);
#1765=VERTEX_POINT('',#6142);
#1766=VERTEX_POINT('',#6144);
#1767=VERTEX_POINT('',#6146);
#1768=VERTEX_POINT('',#6148);
#1769=VERTEX_POINT('',#6150);
#1770=VERTEX_POINT('',#6152);
#1771=VERTEX_POINT('',#6154);
#1772=VERTEX_POINT('',#6156);
#1773=VERTEX_POINT('',#6158);
#1774=VERTEX_POINT('',#6160);
#1775=VERTEX_POINT('',#6162);
#1776=VERTEX_POINT('',#6164);
#1777=VERTEX_POINT('',#6166);
#1778=VERTEX_POINT('',#6168);
#1779=VERTEX_POINT('',#6170);
#1780=VERTEX_POINT('',#6172);
#1781=VERTEX_POINT('',#6175);
#1782=VERTEX_POINT('',#6177);
#1783=VERTEX_POINT('',#6179);
#1784=VERTEX_POINT('',#6181);
#1785=VERTEX_POINT('',#6183);
#1786=VERTEX_POINT('',#6185);
#1787=VERTEX_POINT('',#6187);
#1788=VERTEX_POINT('',#6189);
#1789=VERTEX_POINT('',#6191);
#1790=VERTEX_POINT('',#6193);
#1791=VERTEX_POINT('',#6195);
#1792=VERTEX_POINT('',#6197);
#1793=VERTEX_POINT('',#6199);
#1794=VERTEX_POINT('',#6201);
#1795=VERTEX_POINT('',#6205);
#1796=VERTEX_POINT('',#6206);
#1797=VERTEX_POINT('',#6260);
#1798=VERTEX_POINT('',#6264);
#1799=VERTEX_POINT('',#6266);
#1800=VERTEX_POINT('',#6304);
#1801=VERTEX_POINT('',#6360);
#1802=VERTEX_POINT('',#6365);
#1803=VERTEX_POINT('',#6367);
#1804=VERTEX_POINT('',#6431);
#1805=VERTEX_POINT('',#6435);
#1806=VERTEX_POINT('',#6497);
#1807=VERTEX_POINT('',#6499);
#1808=VERTEX_POINT('',#6537);
#1809=VERTEX_POINT('',#6541);
#1810=VERTEX_POINT('',#6630);
#1811=VERTEX_POINT('',#6632);
#1812=VERTEX_POINT('',#6639);
#1813=VERTEX_POINT('',#6678);
#1814=VERTEX_POINT('',#6680);
#1815=VERTEX_POINT('',#6687);
#1816=VERTEX_POINT('',#6710);
#1817=VERTEX_POINT('',#6719);
#1818=VERTEX_POINT('',#6742);
#1819=VERTEX_POINT('',#6746);
#1820=VERTEX_POINT('',#6774);
#1821=VERTEX_POINT('',#6776);
#1822=VERTEX_POINT('',#6796);
#1823=VERTEX_POINT('',#6834);
#1824=VERTEX_POINT('',#6836);
#1825=VERTEX_POINT('',#6902);
#1826=VERTEX_POINT('',#6940);
#1827=VERTEX_POINT('',#7004);
#1828=VERTEX_POINT('',#7005);
#1829=VERTEX_POINT('',#7008);
#1830=VERTEX_POINT('',#7012);
#1831=VERTEX_POINT('',#7076);
#1832=VERTEX_POINT('',#7163);
#1833=VERTEX_POINT('',#7164);
#1834=VERTEX_POINT('',#7177);
#1835=VERTEX_POINT('',#7201);
#1836=VERTEX_POINT('',#7206);
#1837=VERTEX_POINT('',#7237);
#1838=VERTEX_POINT('',#7238);
#1839=VERTEX_POINT('',#7240);
#1840=VERTEX_POINT('',#7242);
#1841=VERTEX_POINT('',#7244);
#1842=VERTEX_POINT('',#7246);
#1843=VERTEX_POINT('',#7248);
#1844=VERTEX_POINT('',#7250);
#1845=VERTEX_POINT('',#7252);
#1846=VERTEX_POINT('',#7254);
#1847=VERTEX_POINT('',#7256);
#1848=VERTEX_POINT('',#7258);
#1849=VERTEX_POINT('',#7260);
#1850=VERTEX_POINT('',#7262);
#1851=VERTEX_POINT('',#7264);
#1852=VERTEX_POINT('',#7268);
#1853=VERTEX_POINT('',#7270);
#1854=VERTEX_POINT('',#7272);
#1855=VERTEX_POINT('',#7274);
#1856=VERTEX_POINT('',#7276);
#1857=VERTEX_POINT('',#7280);
#1858=VERTEX_POINT('',#7281);
#1859=VERTEX_POINT('',#7283);
#1860=VERTEX_POINT('',#7285);
#1861=VERTEX_POINT('',#7287);
#1862=VERTEX_POINT('',#7289);
#1863=VERTEX_POINT('',#7291);
#1864=VERTEX_POINT('',#7295);
#1865=VERTEX_POINT('',#7296);
#1866=VERTEX_POINT('',#7298);
#1867=VERTEX_POINT('',#7300);
#1868=VERTEX_POINT('',#7302);
#1869=VERTEX_POINT('',#7304);
#1870=VERTEX_POINT('',#7306);
#1871=VERTEX_POINT('',#7308);
#1872=VERTEX_POINT('',#7310);
#1873=VERTEX_POINT('',#7312);
#1874=VERTEX_POINT('',#7314);
#1875=VERTEX_POINT('',#7316);
#1876=VERTEX_POINT('',#7318);
#1877=VERTEX_POINT('',#7320);
#1878=VERTEX_POINT('',#7322);
#1879=VERTEX_POINT('',#7326);
#1880=VERTEX_POINT('',#7328);
#1881=VERTEX_POINT('',#7330);
#1882=VERTEX_POINT('',#7332);
#1883=VERTEX_POINT('',#7334);
#1884=VERTEX_POINT('',#7336);
#1885=VERTEX_POINT('',#7338);
#1886=VERTEX_POINT('',#7342);
#1887=VERTEX_POINT('',#7343);
#1888=VERTEX_POINT('',#7345);
#1889=VERTEX_POINT('',#7347);
#1890=VERTEX_POINT('',#7349);
#1891=VERTEX_POINT('',#7351);
#1892=VERTEX_POINT('',#7355);
#1893=VERTEX_POINT('',#7356);
#1894=VERTEX_POINT('',#7358);
#1895=VERTEX_POINT('',#7360);
#1896=VERTEX_POINT('',#7362);
#1897=VERTEX_POINT('',#7364);
#1898=VERTEX_POINT('',#7376);
#1899=VERTEX_POINT('',#7378);
#1900=VERTEX_POINT('',#7382);
#1901=VERTEX_POINT('',#7386);
#1902=VERTEX_POINT('',#7390);
#1903=VERTEX_POINT('',#7394);
#1904=VERTEX_POINT('',#7490);
#1905=VERTEX_POINT('',#7492);
#1906=VERTEX_POINT('',#7494);
#1907=VERTEX_POINT('',#7500);
#1908=VERTEX_POINT('',#7533);
#1909=VERTEX_POINT('',#7538);
#1910=VERTEX_POINT('',#7543);
#1911=VERTEX_POINT('',#7548);
#1912=VERTEX_POINT('',#7553);
#1913=VERTEX_POINT('',#7558);
#1914=VERTEX_POINT('',#7563);
#1915=VERTEX_POINT('',#7568);
#1916=VERTEX_POINT('',#7573);
#1917=VERTEX_POINT('',#7578);
#1918=VERTEX_POINT('',#7583);
#1919=EDGE_CURVE('',#1543,#1544,#811,.T.);
#1920=EDGE_CURVE('',#1544,#1545,#812,.T.);
#1921=EDGE_CURVE('',#1545,#1546,#813,.T.);
#1922=EDGE_CURVE('',#1546,#1543,#814,.T.);
#1923=EDGE_CURVE('',#1547,#1548,#815,.T.);
#1924=EDGE_CURVE('',#1548,#1544,#184,.T.);
#1925=EDGE_CURVE('',#1543,#1547,#185,.T.);
#1926=EDGE_CURVE('',#1549,#1550,#816,.T.);
#1927=EDGE_CURVE('',#1550,#1548,#817,.T.);
#1928=EDGE_CURVE('',#1547,#1549,#818,.T.);
#1929=EDGE_CURVE('',#1545,#1550,#186,.T.);
#1930=EDGE_CURVE('',#1549,#1546,#187,.T.);
#1931=EDGE_CURVE('',#1543,#1551,#819,.T.);
#1932=EDGE_CURVE('',#1551,#1552,#188,.T.);
#1933=EDGE_CURVE('',#1547,#1552,#820,.T.);
#1934=EDGE_CURVE('',#1546,#1553,#821,.T.);
#1935=EDGE_CURVE('',#1553,#1551,#822,.T.);
#1936=EDGE_CURVE('',#1554,#1555,#58,.T.);
#1937=EDGE_CURVE('',#1556,#1554,#823,.T.);
#1938=EDGE_CURVE('',#1557,#1556,#824,.T.);
#1939=EDGE_CURVE('',#1558,#1557,#825,.T.);
#1940=EDGE_CURVE('',#1559,#1558,#826,.T.);
#1941=EDGE_CURVE('',#1560,#1559,#59,.T.);
#1942=EDGE_CURVE('',#1561,#1560,#827,.T.);
#1943=EDGE_CURVE('',#1562,#1561,#828,.T.);
#1944=EDGE_CURVE('',#1563,#1562,#60,.T.);
#1945=EDGE_CURVE('',#1564,#1563,#829,.T.);
#1946=EDGE_CURVE('',#1565,#1564,#61,.T.);
#1947=EDGE_CURVE('',#1566,#1565,#830,.T.);
#1948=EDGE_CURVE('',#1567,#1566,#62,.T.);
#1949=EDGE_CURVE('',#1568,#1567,#831,.T.);
#1950=EDGE_CURVE('',#1569,#1568,#63,.T.);
#1951=EDGE_CURVE('',#1570,#1569,#832,.T.);
#1952=EDGE_CURVE('',#1571,#1570,#833,.T.);
#1953=EDGE_CURVE('',#1572,#1571,#834,.T.);
#1954=EDGE_CURVE('',#1573,#1572,#64,.T.);
#1955=EDGE_CURVE('',#1574,#1573,#835,.T.);
#1956=EDGE_CURVE('',#1575,#1574,#65,.T.);
#1957=EDGE_CURVE('',#1576,#1575,#836,.T.);
#1958=EDGE_CURVE('',#1577,#1576,#66,.T.);
#1959=EDGE_CURVE('',#1578,#1577,#837,.T.);
#1960=EDGE_CURVE('',#1579,#1578,#67,.T.);
#1961=EDGE_CURVE('',#1580,#1579,#838,.T.);
#1962=EDGE_CURVE('',#1555,#1580,#839,.T.);
#1963=EDGE_CURVE('',#1581,#1582,#840,.T.);
#1964=EDGE_CURVE('',#1583,#1581,#189,.T.);
#1965=EDGE_CURVE('',#1584,#1583,#841,.T.);
#1966=EDGE_CURVE('',#1582,#1584,#190,.T.);
#1967=EDGE_CURVE('',#1585,#1586,#842,.T.);
#1968=EDGE_CURVE('',#1587,#1585,#191,.T.);
#1969=EDGE_CURVE('',#1588,#1587,#843,.T.);
#1970=EDGE_CURVE('',#1586,#1588,#192,.T.);
#1971=EDGE_CURVE('',#1589,#1590,#844,.T.);
#1972=EDGE_CURVE('',#1591,#1589,#193,.T.);
#1973=EDGE_CURVE('',#1592,#1591,#845,.T.);
#1974=EDGE_CURVE('',#1590,#1592,#194,.T.);
#1975=EDGE_CURVE('',#1593,#1581,#846,.T.);
#1976=EDGE_CURVE('',#1582,#1594,#847,.T.);
#1977=EDGE_CURVE('',#1594,#1593,#848,.T.);
#1978=EDGE_CURVE('',#1595,#1583,#849,.T.);
#1979=EDGE_CURVE('',#1593,#1595,#195,.T.);
#1980=EDGE_CURVE('',#1596,#1584,#850,.T.);
#1981=EDGE_CURVE('',#1595,#1596,#851,.T.);
#1982=EDGE_CURVE('',#1596,#1594,#196,.T.);
#1983=EDGE_CURVE('',#1593,#1597,#852,.T.);
#1984=EDGE_CURVE('',#1597,#1598,#197,.T.);
#1985=EDGE_CURVE('',#1595,#1598,#853,.T.);
#1986=EDGE_CURVE('',#1594,#1599,#854,.T.);
#1987=EDGE_CURVE('',#1599,#1597,#855,.T.);
#1988=EDGE_CURVE('',#1600,#1589,#856,.T.);
#1989=EDGE_CURVE('',#1590,#1601,#857,.T.);
#1990=EDGE_CURVE('',#1601,#1600,#858,.T.);
#1991=EDGE_CURVE('',#1602,#1591,#859,.T.);
#1992=EDGE_CURVE('',#1600,#1602,#198,.T.);
#1993=EDGE_CURVE('',#1603,#1592,#860,.T.);
#1994=EDGE_CURVE('',#1602,#1603,#861,.T.);
#1995=EDGE_CURVE('',#1603,#1601,#199,.T.);
#1996=EDGE_CURVE('',#1600,#1604,#862,.T.);
#1997=EDGE_CURVE('',#1604,#1605,#200,.T.);
#1998=EDGE_CURVE('',#1602,#1605,#863,.T.);
#1999=EDGE_CURVE('',#1601,#1606,#864,.T.);
#2000=EDGE_CURVE('',#1606,#1604,#865,.T.);
#2001=EDGE_CURVE('',#1607,#1585,#866,.T.);
#2002=EDGE_CURVE('',#1586,#1608,#867,.T.);
#2003=EDGE_CURVE('',#1608,#1607,#868,.T.);
#2004=EDGE_CURVE('',#1609,#1587,#869,.T.);
#2005=EDGE_CURVE('',#1607,#1609,#201,.T.);
#2006=EDGE_CURVE('',#1610,#1588,#870,.T.);
#2007=EDGE_CURVE('',#1609,#1610,#871,.T.);
#2008=EDGE_CURVE('',#1610,#1608,#202,.T.);
#2009=EDGE_CURVE('',#1607,#1611,#872,.T.);
#2010=EDGE_CURVE('',#1611,#1612,#203,.T.);
#2011=EDGE_CURVE('',#1609,#1612,#873,.T.);
#2012=EDGE_CURVE('',#1608,#1613,#874,.T.);
#2013=EDGE_CURVE('',#1613,#1611,#875,.T.);
#2014=EDGE_CURVE('',#1549,#1614,#876,.T.);
#2015=EDGE_CURVE('',#1614,#1553,#204,.T.);
#2016=EDGE_CURVE('',#1552,#1614,#877,.T.);
#2017=EDGE_CURVE('',#1598,#1615,#878,.T.);
#2018=EDGE_CURVE('',#1596,#1615,#879,.T.);
#2019=EDGE_CURVE('',#1615,#1599,#205,.T.);
#2020=EDGE_CURVE('',#1605,#1616,#880,.T.);
#2021=EDGE_CURVE('',#1603,#1616,#881,.T.);
#2022=EDGE_CURVE('',#1616,#1606,#206,.T.);
#2023=EDGE_CURVE('',#1610,#1617,#882,.T.);
#2024=EDGE_CURVE('',#1617,#1613,#207,.T.);
#2025=EDGE_CURVE('',#1612,#1617,#883,.T.);
#2026=EDGE_CURVE('',#1618,#1619,#208,.T.);
#2027=EDGE_CURVE('',#1618,#1620,#884,.T.);
#2028=EDGE_CURVE('',#1620,#1621,#209,.T.);
#2029=EDGE_CURVE('',#1621,#1619,#885,.T.);
#2030=EDGE_CURVE('',#1622,#1619,#886,.T.);
#2031=EDGE_CURVE('',#1622,#1623,#210,.T.);
#2032=EDGE_CURVE('',#1624,#1623,#887,.T.);
#2033=EDGE_CURVE('',#1624,#1625,#211,.T.);
#2034=EDGE_CURVE('',#1626,#1625,#888,.T.);
#2035=EDGE_CURVE('',#1626,#1627,#212,.T.);
#2036=EDGE_CURVE('',#1618,#1627,#889,.T.);
#2037=EDGE_CURVE('',#1628,#1621,#890,.T.);
#2038=EDGE_CURVE('',#1622,#1628,#891,.T.);
#2039=EDGE_CURVE('',#1628,#1629,#213,.T.);
#2040=EDGE_CURVE('',#1629,#1623,#892,.T.);
#2041=EDGE_CURVE('',#1624,#1630,#893,.T.);
#2042=EDGE_CURVE('',#1630,#1631,#214,.T.);
#2043=EDGE_CURVE('',#1631,#1625,#894,.T.);
#2044=EDGE_CURVE('',#1632,#1631,#895,.T.);
#2045=EDGE_CURVE('',#1626,#1632,#896,.T.);
#2046=EDGE_CURVE('',#1632,#1633,#215,.T.);
#2047=EDGE_CURVE('',#1633,#1627,#897,.T.);
#2048=EDGE_CURVE('',#1620,#1633,#898,.T.);
#2049=EDGE_CURVE('',#1630,#1629,#899,.T.);
#2050=EDGE_CURVE('',#1634,#1635,#216,.T.);
#2051=EDGE_CURVE('',#1635,#1636,#900,.T.);
#2052=EDGE_CURVE('',#1636,#1637,#217,.F.);
#2053=EDGE_CURVE('',#1637,#1634,#901,.T.);
#2054=EDGE_CURVE('',#1638,#1635,#902,.T.);
#2055=EDGE_CURVE('',#1639,#1638,#903,.T.);
#2056=EDGE_CURVE('',#1639,#1640,#904,.T.);
#2057=EDGE_CURVE('',#1640,#1641,#905,.T.);
#2058=EDGE_CURVE('',#1641,#1642,#906,.T.);
#2059=EDGE_CURVE('',#1643,#1642,#907,.T.);
#2060=EDGE_CURVE('',#1643,#1636,#908,.T.);
#2061=EDGE_CURVE('',#1634,#1644,#909,.T.);
#2062=EDGE_CURVE('',#1644,#1645,#218,.T.);
#2063=EDGE_CURVE('',#1645,#1646,#910,.T.);
#2064=EDGE_CURVE('',#1647,#1646,#911,.T.);
#2065=EDGE_CURVE('',#1648,#1647,#912,.T.);
#2066=EDGE_CURVE('',#1648,#1649,#913,.T.);
#2067=EDGE_CURVE('',#1650,#1649,#219,.T.);
#2068=EDGE_CURVE('',#1650,#1651,#914,.T.);
#2069=EDGE_CURVE('',#1652,#1651,#220,.T.);
#2070=EDGE_CURVE('',#1652,#1653,#915,.T.);
#2071=EDGE_CURVE('',#1654,#1653,#221,.T.);
#2072=EDGE_CURVE('',#1655,#1654,#916,.T.);
#2073=EDGE_CURVE('',#1656,#1655,#222,.T.);
#2074=EDGE_CURVE('',#1656,#1657,#917,.T.);
#2075=EDGE_CURVE('',#1658,#1657,#223,.T.);
#2076=EDGE_CURVE('',#1658,#1659,#918,.T.);
#2077=EDGE_CURVE('',#1659,#1660,#224,.T.);
#2078=EDGE_CURVE('',#1660,#1661,#919,.T.);
#2079=EDGE_CURVE('',#1661,#1662,#225,.T.);
#2080=EDGE_CURVE('',#1663,#1662,#226,.T.);
#2081=EDGE_CURVE('',#1664,#1663,#920,.F.);
#2082=EDGE_CURVE('',#1665,#1664,#227,.T.);
#2083=EDGE_CURVE('',#1666,#1665,#921,.F.);
#2084=EDGE_CURVE('',#1667,#1666,#228,.T.);
#2085=EDGE_CURVE('',#1668,#1667,#922,.T.);
#2086=EDGE_CURVE('',#1669,#1668,#229,.T.);
#2087=EDGE_CURVE('',#1670,#1669,#923,.T.);
#2088=EDGE_CURVE('',#1671,#1670,#230,.T.);
#2089=EDGE_CURVE('',#1672,#1671,#924,.T.);
#2090=EDGE_CURVE('',#1672,#1673,#231,.T.);
#2091=EDGE_CURVE('',#1674,#1673,#925,.T.);
#2092=EDGE_CURVE('',#1674,#1675,#232,.T.);
#2093=EDGE_CURVE('',#1675,#1676,#926,.T.);
#2094=EDGE_CURVE('',#1676,#1677,#233,.T.);
#2095=EDGE_CURVE('',#1678,#1677,#927,.T.);
#2096=EDGE_CURVE('',#1679,#1678,#928,.T.);
#2097=EDGE_CURVE('',#1679,#1680,#234,.T.);
#2098=EDGE_CURVE('',#1681,#1680,#929,.T.);
#2099=EDGE_CURVE('',#1681,#1682,#930,.T.);
#2100=EDGE_CURVE('',#1682,#1683,#931,.T.);
#2101=EDGE_CURVE('',#1684,#1683,#932,.T.);
#2102=EDGE_CURVE('',#1685,#1684,#235,.T.);
#2103=EDGE_CURVE('',#1686,#1685,#933,.T.);
#2104=EDGE_CURVE('',#1687,#1686,#934,.T.);
#2105=EDGE_CURVE('',#1688,#1687,#236,.T.);
#2106=EDGE_CURVE('',#1688,#1689,#935,.T.);
#2107=EDGE_CURVE('',#1690,#1689,#237,.T.);
#2108=EDGE_CURVE('',#1691,#1690,#936,.T.);
#2109=EDGE_CURVE('',#1692,#1691,#238,.T.);
#2110=EDGE_CURVE('',#1693,#1692,#937,.T.);
#2111=EDGE_CURVE('',#1694,#1693,#239,.T.);
#2112=EDGE_CURVE('',#1695,#1694,#938,.T.);
#2113=EDGE_CURVE('',#1695,#1696,#240,.T.);
#2114=EDGE_CURVE('',#1696,#1697,#939,.F.);
#2115=EDGE_CURVE('',#1698,#1697,#241,.T.);
#2116=EDGE_CURVE('',#1698,#1699,#940,.F.);
#2117=EDGE_CURVE('',#1700,#1699,#242,.T.);
#2118=EDGE_CURVE('',#1701,#1700,#941,.F.);
#2119=EDGE_CURVE('',#1702,#1701,#243,.T.);
#2120=EDGE_CURVE('',#1703,#1702,#244,.T.);
#2121=EDGE_CURVE('',#1703,#1704,#942,.T.);
#2122=EDGE_CURVE('',#1704,#1705,#245,.T.);
#2123=EDGE_CURVE('',#1705,#1706,#943,.T.);
#2124=EDGE_CURVE('',#1706,#1707,#246,.T.);
#2125=EDGE_CURVE('',#1707,#1708,#944,.T.);
#2126=EDGE_CURVE('',#1708,#1709,#247,.T.);
#2127=EDGE_CURVE('',#1710,#1709,#945,.T.);
#2128=EDGE_CURVE('',#1710,#1638,#248,.T.);
#2129=EDGE_CURVE('',#1711,#1711,#249,.T.);
#2130=EDGE_CURVE('',#1712,#1712,#250,.T.);
#2131=EDGE_CURVE('',#1713,#1713,#251,.T.);
#2132=EDGE_CURVE('',#1714,#1714,#252,.T.);
#2133=EDGE_CURVE('',#1715,#1715,#253,.T.);
#2134=EDGE_CURVE('',#1716,#1716,#254,.T.);
#2135=EDGE_CURVE('',#1717,#1717,#255,.T.);
#2136=EDGE_CURVE('',#1718,#1718,#256,.T.);
#2137=EDGE_CURVE('',#1719,#1719,#257,.T.);
#2138=EDGE_CURVE('',#1720,#1720,#258,.T.);
#2139=EDGE_CURVE('',#1721,#1721,#259,.T.);
#2140=EDGE_CURVE('',#1651,#1722,#946,.T.);
#2141=EDGE_CURVE('',#1722,#1723,#260,.F.);
#2142=EDGE_CURVE('',#1723,#1652,#947,.T.);
#2143=EDGE_CURVE('',#1724,#1650,#948,.T.);
#2144=EDGE_CURVE('',#1724,#1722,#949,.T.);
#2145=EDGE_CURVE('',#1725,#1726,#261,.T.);
#2146=EDGE_CURVE('',#1725,#1702,#950,.T.);
#2147=EDGE_CURVE('',#1701,#1726,#951,.T.);
#2148=EDGE_CURVE('',#1727,#1700,#952,.T.);
#2149=EDGE_CURVE('',#1726,#1727,#953,.F.);
#2150=EDGE_CURVE('',#1699,#1728,#954,.T.);
#2151=EDGE_CURVE('',#1728,#1727,#262,.F.);
#2152=EDGE_CURVE('',#1729,#1698,#955,.T.);
#2153=EDGE_CURVE('',#1729,#1728,#956,.T.);
#2154=EDGE_CURVE('',#1697,#1730,#957,.T.);
#2155=EDGE_CURVE('',#1730,#1729,#263,.F.);
#2156=EDGE_CURVE('',#1731,#1730,#958,.T.);
#2157=EDGE_CURVE('',#1696,#1732,#959,.T.);
#2158=EDGE_CURVE('',#1733,#1732,#960,.T.);
#2159=EDGE_CURVE('',#1734,#1733,#961,.T.);
#2160=EDGE_CURVE('',#1735,#1734,#68,.T.);
#2161=EDGE_CURVE('',#1736,#1735,#962,.T.);
#2162=EDGE_CURVE('',#1737,#1736,#69,.T.);
#2163=EDGE_CURVE('',#1737,#1738,#963,.T.);
#2164=EDGE_CURVE('',#1739,#1738,#964,.T.);
#2165=EDGE_CURVE('',#1668,#1739,#965,.T.);
#2166=EDGE_CURVE('',#1731,#1667,#966,.T.);
#2167=EDGE_CURVE('',#1664,#1740,#967,.T.);
#2168=EDGE_CURVE('',#1740,#1741,#264,.F.);
#2169=EDGE_CURVE('',#1741,#1665,#968,.T.);
#2170=EDGE_CURVE('',#1742,#1741,#969,.T.);
#2171=EDGE_CURVE('',#1666,#1742,#970,.T.);
#2172=EDGE_CURVE('',#1742,#1731,#265,.F.);
#2173=EDGE_CURVE('',#1662,#1743,#971,.T.);
#2174=EDGE_CURVE('',#1743,#1744,#266,.F.);
#2175=EDGE_CURVE('',#1744,#1663,#972,.T.);
#2176=EDGE_CURVE('',#1740,#1744,#973,.F.);
#2177=EDGE_CURVE('',#1745,#1743,#267,.T.);
#2178=EDGE_CURVE('',#1746,#1745,#974,.T.);
#2179=EDGE_CURVE('',#1747,#1746,#268,.T.);
#2180=EDGE_CURVE('',#1747,#1748,#269,.T.);
#2181=EDGE_CURVE('',#1749,#1748,#270,.T.);
#2182=EDGE_CURVE('',#1750,#1749,#975,.T.);
#2183=EDGE_CURVE('',#1750,#1751,#976,.T.);
#2184=EDGE_CURVE('',#1751,#1752,#271,.T.);
#2185=EDGE_CURVE('',#1753,#1752,#977,.T.);
#2186=EDGE_CURVE('',#1753,#1754,#272,.T.);
#2187=EDGE_CURVE('',#1754,#1755,#978,.T.);
#2188=EDGE_CURVE('',#1756,#1755,#273,.T.);
#2189=EDGE_CURVE('',#1756,#1757,#979,.T.);
#2190=EDGE_CURVE('',#1757,#1758,#980,.T.);
#2191=EDGE_CURVE('',#1759,#1758,#274,.T.);
#2192=EDGE_CURVE('',#1760,#1759,#981,.T.);
#2193=EDGE_CURVE('',#1761,#1760,#982,.T.);
#2194=EDGE_CURVE('',#1761,#1762,#275,.T.);
#2195=EDGE_CURVE('',#1763,#1762,#983,.T.);
#2196=EDGE_CURVE('',#1763,#1764,#984,.T.);
#2197=EDGE_CURVE('',#1765,#1764,#276,.T.);
#2198=EDGE_CURVE('',#1766,#1765,#985,.T.);
#2199=EDGE_CURVE('',#1767,#1766,#277,.T.);
#2200=EDGE_CURVE('',#1767,#1768,#986,.T.);
#2201=EDGE_CURVE('',#1768,#1769,#987,.T.);
#2202=EDGE_CURVE('',#1769,#1770,#278,.T.);
#2203=EDGE_CURVE('',#1770,#1771,#988,.T.);
#2204=EDGE_CURVE('',#1772,#1771,#279,.T.);
#2205=EDGE_CURVE('',#1772,#1773,#989,.T.);
#2206=EDGE_CURVE('',#1773,#1774,#990,.T.);
#2207=EDGE_CURVE('',#1775,#1774,#280,.T.);
#2208=EDGE_CURVE('',#1776,#1775,#991,.T.);
#2209=EDGE_CURVE('',#1777,#1776,#281,.T.);
#2210=EDGE_CURVE('',#1777,#1778,#992,.T.);
#2211=EDGE_CURVE('',#1779,#1778,#993,.T.);
#2212=EDGE_CURVE('',#1779,#1780,#282,.T.);
#2213=EDGE_CURVE('',#1642,#1780,#994,.T.);
#2214=EDGE_CURVE('',#1781,#1641,#283,.T.);
#2215=EDGE_CURVE('',#1781,#1782,#995,.T.);
#2216=EDGE_CURVE('',#1783,#1782,#996,.T.);
#2217=EDGE_CURVE('',#1784,#1783,#284,.T.);
#2218=EDGE_CURVE('',#1784,#1785,#997,.T.);
#2219=EDGE_CURVE('',#1786,#1785,#285,.T.);
#2220=EDGE_CURVE('',#1787,#1786,#998,.T.);
#2221=EDGE_CURVE('',#1787,#1788,#286,.T.);
#2222=EDGE_CURVE('',#1789,#1788,#999,.T.);
#2223=EDGE_CURVE('',#1790,#1789,#1000,.T.);
#2224=EDGE_CURVE('',#1791,#1790,#287,.T.);
#2225=EDGE_CURVE('',#1791,#1792,#288,.T.);
#2226=EDGE_CURVE('',#1793,#1792,#289,.T.);
#2227=EDGE_CURVE('',#1794,#1793,#1001,.T.);
#2228=EDGE_CURVE('',#1794,#1725,#290,.T.);
#2229=EDGE_CURVE('',#1795,#1796,#1002,.T.);
#2230=EDGE_CURVE('',#1796,#1557,#25,.T.);
#2231=EDGE_CURVE('',#1556,#1797,#70,.T.);
#2232=EDGE_CURVE('',#1797,#1795,#71,.T.);
#2233=EDGE_CURVE('',#1796,#1798,#1003,.T.);
#2234=EDGE_CURVE('',#1798,#1799,#72,.T.);
#2235=EDGE_CURVE('',#1799,#1558,#73,.T.);
#2236=EDGE_CURVE('',#1555,#1800,#26,.T.);
#2237=EDGE_CURVE('',#1800,#1801,#27,.T.);
#2238=EDGE_CURVE('',#1801,#1802,#74,.T.);
#2239=EDGE_CURVE('',#1802,#1803,#1004,.T.);
#2240=EDGE_CURVE('',#1803,#1554,#28,.T.);
#2241=EDGE_CURVE('',#1580,#1804,#75,.T.);
#2242=EDGE_CURVE('',#1804,#1800,#1005,.T.);
#2243=EDGE_CURVE('',#1579,#1805,#29,.T.);
#2244=EDGE_CURVE('',#1806,#1805,#1006,.T.);
#2245=EDGE_CURVE('',#1806,#1807,#1007,.T.);
#2246=EDGE_CURVE('',#1807,#1804,#76,.T.);
#2247=EDGE_CURVE('',#1578,#1808,#291,.T.);
#2248=EDGE_CURVE('',#1808,#1805,#77,.T.);
#2249=EDGE_CURVE('',#1809,#1808,#1008,.T.);
#2250=EDGE_CURVE('',#1577,#1809,#30,.T.);
#2251=EDGE_CURVE('',#1576,#1810,#292,.T.);
#2252=EDGE_CURVE('',#1810,#1811,#78,.T.);
#2253=EDGE_CURVE('',#1811,#1809,#31,.T.);
#2254=EDGE_CURVE('',#1812,#1810,#1009,.T.);
#2255=EDGE_CURVE('',#1575,#1812,#32,.T.);
#2256=EDGE_CURVE('',#1574,#1813,#293,.T.);
#2257=EDGE_CURVE('',#1813,#1814,#79,.T.);
#2258=EDGE_CURVE('',#1814,#1812,#33,.T.);
#2259=EDGE_CURVE('',#1573,#1815,#294,.T.);
#2260=EDGE_CURVE('',#1815,#1813,#1010,.T.);
#2261=EDGE_CURVE('',#1572,#1816,#295,.T.);
#2262=EDGE_CURVE('',#1816,#1815,#80,.T.);
#2263=EDGE_CURVE('',#1734,#1816,#1011,.T.);
#2264=EDGE_CURVE('',#1571,#1735,#81,.T.);
#2265=EDGE_CURVE('',#1570,#1736,#82,.T.);
#2266=EDGE_CURVE('',#1569,#1817,#296,.T.);
#2267=EDGE_CURVE('',#1817,#1737,#1012,.T.);
#2268=EDGE_CURVE('',#1568,#1818,#297,.T.);
#2269=EDGE_CURVE('',#1818,#1817,#83,.T.);
#2270=EDGE_CURVE('',#1567,#1819,#298,.T.);
#2271=EDGE_CURVE('',#1819,#1818,#1013,.T.);
#2272=EDGE_CURVE('',#1820,#1819,#84,.T.);
#2273=EDGE_CURVE('',#1566,#1821,#34,.T.);
#2274=EDGE_CURVE('',#1821,#1820,#35,.T.);
#2275=EDGE_CURVE('',#1565,#1822,#299,.T.);
#2276=EDGE_CURVE('',#1822,#1821,#1014,.T.);
#2277=EDGE_CURVE('',#1823,#1822,#85,.T.);
#2278=EDGE_CURVE('',#1564,#1824,#36,.T.);
#2279=EDGE_CURVE('',#1824,#1823,#37,.T.);
#2280=EDGE_CURVE('',#1803,#1797,#1015,.T.);
#2281=EDGE_CURVE('',#1563,#1825,#300,.T.);
#2282=EDGE_CURVE('',#1825,#1824,#1016,.T.);
#2283=EDGE_CURVE('',#1826,#1825,#86,.T.);
#2284=EDGE_CURVE('',#1562,#1826,#38,.T.);
#2285=EDGE_CURVE('',#1827,#1828,#1017,.T.);
#2286=EDGE_CURVE('',#1828,#1826,#1018,.T.);
#2287=EDGE_CURVE('',#1561,#1829,#87,.T.);
#2288=EDGE_CURVE('',#1829,#1827,#88,.T.);
#2289=EDGE_CURVE('',#1799,#1830,#1019,.T.);
#2290=EDGE_CURVE('',#1559,#1830,#39,.T.);
#2291=EDGE_CURVE('',#1831,#1829,#1020,.T.);
#2292=EDGE_CURVE('',#1560,#1831,#40,.T.);
#2293=EDGE_CURVE('',#1832,#1833,#89,.T.);
#2294=EDGE_CURVE('',#1833,#1831,#41,.T.);
#2295=EDGE_CURVE('',#1832,#1830,#1021,.T.);
#2296=EDGE_CURVE('',#1682,#1796,#1022,.T.);
#2297=EDGE_CURVE('',#1681,#1798,#1023,.T.);
#2298=EDGE_CURVE('',#1683,#1795,#1024,.T.);
#2299=EDGE_CURVE('',#1834,#1802,#1025,.T.);
#2300=EDGE_CURVE('',#1684,#1834,#1026,.T.);
#2301=EDGE_CURVE('',#1685,#1801,#1027,.T.);
#2302=EDGE_CURVE('',#1686,#1807,#1028,.T.);
#2303=EDGE_CURVE('',#1687,#1806,#1029,.T.);
#2304=EDGE_CURVE('',#1688,#1808,#1030,.T.);
#2305=EDGE_CURVE('',#1689,#1811,#1031,.T.);
#2306=EDGE_CURVE('',#1690,#1810,#1032,.T.);
#2307=EDGE_CURVE('',#1691,#1814,#1033,.T.);
#2308=EDGE_CURVE('',#1692,#1813,#1034,.T.);
#2309=EDGE_CURVE('',#1693,#1815,#1035,.T.);
#2310=EDGE_CURVE('',#1694,#1816,#1036,.T.);
#2311=EDGE_CURVE('',#1835,#1733,#1037,.T.);
#2312=EDGE_CURVE('',#1695,#1835,#1038,.T.);
#2313=EDGE_CURVE('',#1670,#1817,#1039,.T.);
#2314=EDGE_CURVE('',#1669,#1836,#1040,.T.);
#2315=EDGE_CURVE('',#1836,#1738,#1041,.T.);
#2316=EDGE_CURVE('',#1671,#1818,#1042,.T.);
#2317=EDGE_CURVE('',#1672,#1819,#1043,.T.);
#2318=EDGE_CURVE('',#1820,#1673,#1044,.T.);
#2319=EDGE_CURVE('',#1674,#1822,#1045,.T.);
#2320=EDGE_CURVE('',#1675,#1823,#1046,.T.);
#2321=EDGE_CURVE('',#1676,#1825,#1047,.T.);
#2322=EDGE_CURVE('',#1677,#1828,#1048,.T.);
#2323=EDGE_CURVE('',#1678,#1827,#1049,.T.);
#2324=EDGE_CURVE('',#1679,#1833,#1050,.T.);
#2325=EDGE_CURVE('',#1680,#1832,#1051,.T.);
#2326=EDGE_CURVE('',#1836,#1739,#301,.T.);
#2327=EDGE_CURVE('',#1732,#1835,#302,.T.);
#2328=EDGE_CURVE('',#1837,#1838,#303,.T.);
#2329=EDGE_CURVE('',#1838,#1839,#1052,.T.);
#2330=EDGE_CURVE('',#1840,#1839,#304,.T.);
#2331=EDGE_CURVE('',#1841,#1840,#1053,.T.);
#2332=EDGE_CURVE('',#1842,#1841,#305,.T.);
#2333=EDGE_CURVE('',#1843,#1842,#1054,.T.);
#2334=EDGE_CURVE('',#1844,#1843,#306,.T.);
#2335=EDGE_CURVE('',#1845,#1844,#1055,.T.);
#2336=EDGE_CURVE('',#1845,#1846,#307,.T.);
#2337=EDGE_CURVE('',#1847,#1846,#308,.T.);
#2338=EDGE_CURVE('',#1847,#1848,#309,.T.);
#2339=EDGE_CURVE('',#1848,#1849,#1056,.T.);
#2340=EDGE_CURVE('',#1849,#1850,#1057,.T.);
#2341=EDGE_CURVE('',#1851,#1850,#310,.T.);
#2342=EDGE_CURVE('',#1851,#1837,#1058,.T.);
#2343=EDGE_CURVE('',#1852,#1639,#311,.T.);
#2344=EDGE_CURVE('',#1852,#1853,#1059,.T.);
#2345=EDGE_CURVE('',#1853,#1854,#312,.T.);
#2346=EDGE_CURVE('',#1854,#1855,#1060,.T.);
#2347=EDGE_CURVE('',#1856,#1855,#1061,.T.);
#2348=EDGE_CURVE('',#1856,#1640,#313,.T.);
#2349=EDGE_CURVE('',#1857,#1858,#314,.T.);
#2350=EDGE_CURVE('',#1858,#1859,#1062,.T.);
#2351=EDGE_CURVE('',#1859,#1860,#315,.T.);
#2352=EDGE_CURVE('',#1861,#1860,#1063,.T.);
#2353=EDGE_CURVE('',#1861,#1862,#316,.T.);
#2354=EDGE_CURVE('',#1863,#1862,#1064,.T.);
#2355=EDGE_CURVE('',#1857,#1863,#1065,.T.);
#2356=EDGE_CURVE('',#1864,#1865,#1066,.T.);
#2357=EDGE_CURVE('',#1866,#1864,#317,.T.);
#2358=EDGE_CURVE('',#1867,#1866,#1067,.T.);
#2359=EDGE_CURVE('',#1867,#1868,#318,.T.);
#2360=EDGE_CURVE('',#1869,#1868,#1068,.T.);
#2361=EDGE_CURVE('',#1869,#1870,#319,.T.);
#2362=EDGE_CURVE('',#1870,#1871,#1069,.T.);
#2363=EDGE_CURVE('',#1872,#1871,#320,.T.);
#2364=EDGE_CURVE('',#1872,#1873,#1070,.T.);
#2365=EDGE_CURVE('',#1874,#1873,#321,.T.);
#2366=EDGE_CURVE('',#1875,#1874,#1071,.T.);
#2367=EDGE_CURVE('',#1875,#1876,#1072,.T.);
#2368=EDGE_CURVE('',#1876,#1877,#322,.T.);
#2369=EDGE_CURVE('',#1878,#1877,#323,.T.);
#2370=EDGE_CURVE('',#1878,#1865,#324,.T.);
#2371=EDGE_CURVE('',#1724,#1879,#325,.T.);
#2372=EDGE_CURVE('',#1880,#1879,#1073,.T.);
#2373=EDGE_CURVE('',#1880,#1881,#326,.T.);
#2374=EDGE_CURVE('',#1882,#1881,#1074,.T.);
#2375=EDGE_CURVE('',#1882,#1883,#1075,.T.);
#2376=EDGE_CURVE('',#1884,#1883,#327,.T.);
#2377=EDGE_CURVE('',#1884,#1885,#1076,.T.);
#2378=EDGE_CURVE('',#1723,#1885,#1077,.T.);
#2379=EDGE_CURVE('',#1886,#1887,#328,.T.);
#2380=EDGE_CURVE('',#1887,#1888,#1078,.T.);
#2381=EDGE_CURVE('',#1889,#1888,#1079,.T.);
#2382=EDGE_CURVE('',#1889,#1890,#329,.T.);
#2383=EDGE_CURVE('',#1891,#1890,#1080,.T.);
#2384=EDGE_CURVE('',#1886,#1891,#1081,.T.);
#2385=EDGE_CURVE('',#1892,#1893,#1082,.T.);
#2386=EDGE_CURVE('',#1892,#1894,#1083,.T.);
#2387=EDGE_CURVE('',#1895,#1894,#330,.T.);
#2388=EDGE_CURVE('',#1896,#1895,#1084,.T.);
#2389=EDGE_CURVE('',#1897,#1896,#1085,.T.);
#2390=EDGE_CURVE('',#1897,#1893,#331,.T.);
#2391=EDGE_CURVE('',#1886,#1772,#1086,.T.);
#2392=EDGE_CURVE('',#1891,#1773,#1087,.T.);
#2393=EDGE_CURVE('',#1890,#1774,#1088,.T.);
#2394=EDGE_CURVE('',#1889,#1775,#1089,.T.);
#2395=EDGE_CURVE('',#1888,#1646,#1090,.T.);
#2396=EDGE_CURVE('',#1898,#1645,#1091,.T.);
#2397=EDGE_CURVE('',#1898,#1899,#1092,.T.);
#2398=EDGE_CURVE('',#1899,#1776,#1093,.T.);
#2399=EDGE_CURVE('',#1900,#1899,#332,.T.);
#2400=EDGE_CURVE('',#1900,#1777,#1094,.T.);
#2401=EDGE_CURVE('',#1900,#1901,#1095,.T.);
#2402=EDGE_CURVE('',#1901,#1778,#1096,.T.);
#2403=EDGE_CURVE('',#1902,#1901,#1097,.T.);
#2404=EDGE_CURVE('',#1902,#1779,#1098,.T.);
#2405=EDGE_CURVE('',#1902,#1903,#333,.T.);
#2406=EDGE_CURVE('',#1903,#1780,#1099,.T.);
#2407=EDGE_CURVE('',#1643,#1903,#1100,.T.);
#2408=EDGE_CURVE('',#1856,#1781,#1101,.T.);
#2409=EDGE_CURVE('',#1855,#1782,#1102,.T.);
#2410=EDGE_CURVE('',#1854,#1783,#1103,.T.);
#2411=EDGE_CURVE('',#1853,#1784,#1104,.T.);
#2412=EDGE_CURVE('',#1852,#1710,#1105,.T.);
#2413=EDGE_CURVE('',#1839,#1709,#1106,.T.);
#2414=EDGE_CURVE('',#1838,#1785,#1107,.T.);
#2415=EDGE_CURVE('',#1837,#1786,#1108,.T.);
#2416=EDGE_CURVE('',#1851,#1787,#1109,.T.);
#2417=EDGE_CURVE('',#1850,#1788,#1110,.T.);
#2418=EDGE_CURVE('',#1849,#1789,#1111,.T.);
#2419=EDGE_CURVE('',#1848,#1790,#1112,.T.);
#2420=EDGE_CURVE('',#1847,#1791,#1113,.T.);
#2421=EDGE_CURVE('',#1846,#1792,#1114,.T.);
#2422=EDGE_CURVE('',#1845,#1793,#1115,.T.);
#2423=EDGE_CURVE('',#1844,#1704,#1116,.T.);
#2424=EDGE_CURVE('',#1703,#1794,#1117,.T.);
#2425=EDGE_CURVE('',#1661,#1745,#1118,.T.);
#2426=EDGE_CURVE('',#1864,#1660,#1119,.T.);
#2427=EDGE_CURVE('',#1865,#1746,#1120,.T.);
#2428=EDGE_CURVE('',#1878,#1747,#1121,.T.);
#2429=EDGE_CURVE('',#1877,#1748,#1122,.T.);
#2430=EDGE_CURVE('',#1876,#1749,#1123,.T.);
#2431=EDGE_CURVE('',#1875,#1750,#1124,.T.);
#2432=EDGE_CURVE('',#1874,#1751,#1125,.T.);
#2433=EDGE_CURVE('',#1873,#1752,#1126,.T.);
#2434=EDGE_CURVE('',#1872,#1753,#1127,.T.);
#2435=EDGE_CURVE('',#1871,#1754,#1128,.T.);
#2436=EDGE_CURVE('',#1870,#1655,#1129,.T.);
#2437=EDGE_CURVE('',#1859,#1654,#1130,.T.);
#2438=EDGE_CURVE('',#1858,#1755,#1131,.T.);
#2439=EDGE_CURVE('',#1857,#1756,#1132,.T.);
#2440=EDGE_CURVE('',#1863,#1757,#1133,.T.);
#2441=EDGE_CURVE('',#1862,#1758,#1134,.T.);
#2442=EDGE_CURVE('',#1861,#1759,#1135,.T.);
#2443=EDGE_CURVE('',#1885,#1760,#1136,.T.);
#2444=EDGE_CURVE('',#1860,#1653,#1137,.T.);
#2445=EDGE_CURVE('',#1884,#1761,#1138,.T.);
#2446=EDGE_CURVE('',#1883,#1762,#1139,.T.);
#2447=EDGE_CURVE('',#1882,#1763,#1140,.T.);
#2448=EDGE_CURVE('',#1881,#1764,#1141,.T.);
#2449=EDGE_CURVE('',#1880,#1765,#1142,.T.);
#2450=EDGE_CURVE('',#1879,#1649,#1143,.T.);
#2451=EDGE_CURVE('',#1892,#1648,#1144,.T.);
#2452=EDGE_CURVE('',#1893,#1766,#1145,.T.);
#2453=EDGE_CURVE('',#1897,#1767,#1146,.T.);
#2454=EDGE_CURVE('',#1896,#1768,#1147,.T.);
#2455=EDGE_CURVE('',#1895,#1769,#1148,.T.);
#2456=EDGE_CURVE('',#1894,#1770,#1149,.T.);
#2457=EDGE_CURVE('',#1904,#1771,#1150,.T.);
#2458=EDGE_CURVE('',#1894,#1905,#1151,.T.);
#2459=EDGE_CURVE('',#1905,#1906,#1152,.T.);
#2460=EDGE_CURVE('',#1906,#1904,#1153,.T.);
#2461=EDGE_CURVE('',#1887,#1904,#334,.T.);
#2462=EDGE_CURVE('',#1907,#1898,#335,.T.);
#2463=EDGE_CURVE('',#1637,#1907,#1154,.T.);
#2464=EDGE_CURVE('',#1906,#1887,#1155,.T.);
#2465=EDGE_CURVE('',#1905,#1647,#1156,.T.);
#2466=EDGE_CURVE('',#1869,#1656,#1157,.T.);
#2467=EDGE_CURVE('',#1868,#1657,#1158,.T.);
#2468=EDGE_CURVE('',#1867,#1658,#1159,.T.);
#2469=EDGE_CURVE('',#1866,#1659,#1160,.T.);
#2470=EDGE_CURVE('',#1843,#1705,#1161,.T.);
#2471=EDGE_CURVE('',#1842,#1706,#1162,.T.);
#2472=EDGE_CURVE('',#1841,#1707,#1163,.T.);
#2473=EDGE_CURVE('',#1840,#1708,#1164,.T.);
#2474=EDGE_CURVE('',#1907,#1644,#1165,.T.);
#2475=EDGE_CURVE('',#1908,#1908,#336,.T.);
#2476=EDGE_CURVE('',#1908,#1721,#1166,.T.);
#2477=EDGE_CURVE('',#1909,#1909,#337,.T.);
#2478=EDGE_CURVE('',#1909,#1720,#1167,.T.);
#2479=EDGE_CURVE('',#1910,#1910,#338,.T.);
#2480=EDGE_CURVE('',#1910,#1719,#1168,.T.);
#2481=EDGE_CURVE('',#1911,#1911,#339,.T.);
#2482=EDGE_CURVE('',#1911,#1718,#1169,.T.);
#2483=EDGE_CURVE('',#1912,#1912,#340,.T.);
#2484=EDGE_CURVE('',#1912,#1717,#1170,.T.);
#2485=EDGE_CURVE('',#1913,#1913,#341,.T.);
#2486=EDGE_CURVE('',#1913,#1716,#1171,.T.);
#2487=EDGE_CURVE('',#1914,#1914,#342,.T.);
#2488=EDGE_CURVE('',#1914,#1715,#1172,.T.);
#2489=EDGE_CURVE('',#1915,#1915,#343,.T.);
#2490=EDGE_CURVE('',#1915,#1714,#1173,.T.);
#2491=EDGE_CURVE('',#1916,#1916,#344,.T.);
#2492=EDGE_CURVE('',#1916,#1713,#1174,.T.);
#2493=EDGE_CURVE('',#1917,#1917,#345,.T.);
#2494=EDGE_CURVE('',#1917,#1712,#1175,.T.);
#2495=EDGE_CURVE('',#1918,#1918,#346,.T.);
#2496=EDGE_CURVE('',#1918,#1711,#1176,.T.);
#2497=ORIENTED_EDGE('',*,*,#1919,.T.);
#2498=ORIENTED_EDGE('',*,*,#1920,.T.);
#2499=ORIENTED_EDGE('',*,*,#1921,.T.);
#2500=ORIENTED_EDGE('',*,*,#1922,.T.);
#2501=ORIENTED_EDGE('',*,*,#1923,.T.);
#2502=ORIENTED_EDGE('',*,*,#1924,.T.);
#2503=ORIENTED_EDGE('',*,*,#1919,.F.);
#2504=ORIENTED_EDGE('',*,*,#1925,.T.);
#2505=ORIENTED_EDGE('',*,*,#1926,.T.);
#2506=ORIENTED_EDGE('',*,*,#1927,.T.);
#2507=ORIENTED_EDGE('',*,*,#1923,.F.);
#2508=ORIENTED_EDGE('',*,*,#1928,.T.);
#2509=ORIENTED_EDGE('',*,*,#1921,.F.);
#2510=ORIENTED_EDGE('',*,*,#1929,.T.);
#2511=ORIENTED_EDGE('',*,*,#1926,.F.);
#2512=ORIENTED_EDGE('',*,*,#1930,.T.);
#2513=ORIENTED_EDGE('',*,*,#1925,.F.);
#2514=ORIENTED_EDGE('',*,*,#1931,.T.);
#2515=ORIENTED_EDGE('',*,*,#1932,.T.);
#2516=ORIENTED_EDGE('',*,*,#1933,.F.);
#2517=ORIENTED_EDGE('',*,*,#1922,.F.);
#2518=ORIENTED_EDGE('',*,*,#1934,.T.);
#2519=ORIENTED_EDGE('',*,*,#1935,.T.);
#2520=ORIENTED_EDGE('',*,*,#1931,.F.);
#2521=ORIENTED_EDGE('',*,*,#1936,.F.);
#2522=ORIENTED_EDGE('',*,*,#1937,.F.);
#2523=ORIENTED_EDGE('',*,*,#1938,.F.);
#2524=ORIENTED_EDGE('',*,*,#1939,.F.);
#2525=ORIENTED_EDGE('',*,*,#1940,.F.);
#2526=ORIENTED_EDGE('',*,*,#1941,.F.);
#2527=ORIENTED_EDGE('',*,*,#1942,.F.);
#2528=ORIENTED_EDGE('',*,*,#1943,.F.);
#2529=ORIENTED_EDGE('',*,*,#1944,.F.);
#2530=ORIENTED_EDGE('',*,*,#1945,.F.);
#2531=ORIENTED_EDGE('',*,*,#1946,.F.);
#2532=ORIENTED_EDGE('',*,*,#1947,.F.);
#2533=ORIENTED_EDGE('',*,*,#1948,.F.);
#2534=ORIENTED_EDGE('',*,*,#1949,.F.);
#2535=ORIENTED_EDGE('',*,*,#1950,.F.);
#2536=ORIENTED_EDGE('',*,*,#1951,.F.);
#2537=ORIENTED_EDGE('',*,*,#1952,.F.);
#2538=ORIENTED_EDGE('',*,*,#1953,.F.);
#2539=ORIENTED_EDGE('',*,*,#1954,.F.);
#2540=ORIENTED_EDGE('',*,*,#1955,.F.);
#2541=ORIENTED_EDGE('',*,*,#1956,.F.);
#2542=ORIENTED_EDGE('',*,*,#1957,.F.);
#2543=ORIENTED_EDGE('',*,*,#1958,.F.);
#2544=ORIENTED_EDGE('',*,*,#1959,.F.);
#2545=ORIENTED_EDGE('',*,*,#1960,.F.);
#2546=ORIENTED_EDGE('',*,*,#1961,.F.);
#2547=ORIENTED_EDGE('',*,*,#1962,.F.);
#2548=ORIENTED_EDGE('',*,*,#1963,.F.);
#2549=ORIENTED_EDGE('',*,*,#1964,.F.);
#2550=ORIENTED_EDGE('',*,*,#1965,.F.);
#2551=ORIENTED_EDGE('',*,*,#1966,.F.);
#2552=ORIENTED_EDGE('',*,*,#1967,.F.);
#2553=ORIENTED_EDGE('',*,*,#1968,.F.);
#2554=ORIENTED_EDGE('',*,*,#1969,.F.);
#2555=ORIENTED_EDGE('',*,*,#1970,.F.);
#2556=ORIENTED_EDGE('',*,*,#1971,.F.);
#2557=ORIENTED_EDGE('',*,*,#1972,.F.);
#2558=ORIENTED_EDGE('',*,*,#1973,.F.);
#2559=ORIENTED_EDGE('',*,*,#1974,.F.);
#2560=ORIENTED_EDGE('',*,*,#1920,.F.);
#2561=ORIENTED_EDGE('',*,*,#1924,.F.);
#2562=ORIENTED_EDGE('',*,*,#1927,.F.);
#2563=ORIENTED_EDGE('',*,*,#1929,.F.);
#2564=ORIENTED_EDGE('',*,*,#1975,.T.);
#2565=ORIENTED_EDGE('',*,*,#1963,.T.);
#2566=ORIENTED_EDGE('',*,*,#1976,.T.);
#2567=ORIENTED_EDGE('',*,*,#1977,.T.);
#2568=ORIENTED_EDGE('',*,*,#1978,.T.);
#2569=ORIENTED_EDGE('',*,*,#1964,.T.);
#2570=ORIENTED_EDGE('',*,*,#1975,.F.);
#2571=ORIENTED_EDGE('',*,*,#1979,.T.);
#2572=ORIENTED_EDGE('',*,*,#1980,.T.);
#2573=ORIENTED_EDGE('',*,*,#1965,.T.);
#2574=ORIENTED_EDGE('',*,*,#1978,.F.);
#2575=ORIENTED_EDGE('',*,*,#1981,.T.);
#2576=ORIENTED_EDGE('',*,*,#1976,.F.);
#2577=ORIENTED_EDGE('',*,*,#1966,.T.);
#2578=ORIENTED_EDGE('',*,*,#1980,.F.);
#2579=ORIENTED_EDGE('',*,*,#1982,.T.);
#2580=ORIENTED_EDGE('',*,*,#1979,.F.);
#2581=ORIENTED_EDGE('',*,*,#1983,.T.);
#2582=ORIENTED_EDGE('',*,*,#1984,.T.);
#2583=ORIENTED_EDGE('',*,*,#1985,.F.);
#2584=ORIENTED_EDGE('',*,*,#1977,.F.);
#2585=ORIENTED_EDGE('',*,*,#1986,.T.);
#2586=ORIENTED_EDGE('',*,*,#1987,.T.);
#2587=ORIENTED_EDGE('',*,*,#1983,.F.);
#2588=ORIENTED_EDGE('',*,*,#1988,.T.);
#2589=ORIENTED_EDGE('',*,*,#1971,.T.);
#2590=ORIENTED_EDGE('',*,*,#1989,.T.);
#2591=ORIENTED_EDGE('',*,*,#1990,.T.);
#2592=ORIENTED_EDGE('',*,*,#1991,.T.);
#2593=ORIENTED_EDGE('',*,*,#1972,.T.);
#2594=ORIENTED_EDGE('',*,*,#1988,.F.);
#2595=ORIENTED_EDGE('',*,*,#1992,.T.);
#2596=ORIENTED_EDGE('',*,*,#1993,.T.);
#2597=ORIENTED_EDGE('',*,*,#1973,.T.);
#2598=ORIENTED_EDGE('',*,*,#1991,.F.);
#2599=ORIENTED_EDGE('',*,*,#1994,.T.);
#2600=ORIENTED_EDGE('',*,*,#1989,.F.);
#2601=ORIENTED_EDGE('',*,*,#1974,.T.);
#2602=ORIENTED_EDGE('',*,*,#1993,.F.);
#2603=ORIENTED_EDGE('',*,*,#1995,.T.);
#2604=ORIENTED_EDGE('',*,*,#1992,.F.);
#2605=ORIENTED_EDGE('',*,*,#1996,.T.);
#2606=ORIENTED_EDGE('',*,*,#1997,.T.);
#2607=ORIENTED_EDGE('',*,*,#1998,.F.);
#2608=ORIENTED_EDGE('',*,*,#1990,.F.);
#2609=ORIENTED_EDGE('',*,*,#1999,.T.);
#2610=ORIENTED_EDGE('',*,*,#2000,.T.);
#2611=ORIENTED_EDGE('',*,*,#1996,.F.);
#2612=ORIENTED_EDGE('',*,*,#2001,.T.);
#2613=ORIENTED_EDGE('',*,*,#1967,.T.);
#2614=ORIENTED_EDGE('',*,*,#2002,.T.);
#2615=ORIENTED_EDGE('',*,*,#2003,.T.);
#2616=ORIENTED_EDGE('',*,*,#2004,.T.);
#2617=ORIENTED_EDGE('',*,*,#1968,.T.);
#2618=ORIENTED_EDGE('',*,*,#2001,.F.);
#2619=ORIENTED_EDGE('',*,*,#2005,.T.);
#2620=ORIENTED_EDGE('',*,*,#2006,.T.);
#2621=ORIENTED_EDGE('',*,*,#1969,.T.);
#2622=ORIENTED_EDGE('',*,*,#2004,.F.);
#2623=ORIENTED_EDGE('',*,*,#2007,.T.);
#2624=ORIENTED_EDGE('',*,*,#2002,.F.);
#2625=ORIENTED_EDGE('',*,*,#1970,.T.);
#2626=ORIENTED_EDGE('',*,*,#2006,.F.);
#2627=ORIENTED_EDGE('',*,*,#2008,.T.);
#2628=ORIENTED_EDGE('',*,*,#2005,.F.);
#2629=ORIENTED_EDGE('',*,*,#2009,.T.);
#2630=ORIENTED_EDGE('',*,*,#2010,.T.);
#2631=ORIENTED_EDGE('',*,*,#2011,.F.);
#2632=ORIENTED_EDGE('',*,*,#2003,.F.);
#2633=ORIENTED_EDGE('',*,*,#2012,.T.);
#2634=ORIENTED_EDGE('',*,*,#2013,.T.);
#2635=ORIENTED_EDGE('',*,*,#2009,.F.);
#2636=ORIENTED_EDGE('',*,*,#1930,.F.);
#2637=ORIENTED_EDGE('',*,*,#2014,.T.);
#2638=ORIENTED_EDGE('',*,*,#2015,.T.);
#2639=ORIENTED_EDGE('',*,*,#1934,.F.);
#2640=ORIENTED_EDGE('',*,*,#1928,.F.);
#2641=ORIENTED_EDGE('',*,*,#1933,.T.);
#2642=ORIENTED_EDGE('',*,*,#2016,.T.);
#2643=ORIENTED_EDGE('',*,*,#2014,.F.);
#2644=ORIENTED_EDGE('',*,*,#1932,.F.);
#2645=ORIENTED_EDGE('',*,*,#1935,.F.);
#2646=ORIENTED_EDGE('',*,*,#2015,.F.);
#2647=ORIENTED_EDGE('',*,*,#2016,.F.);
#2648=ORIENTED_EDGE('',*,*,#1981,.F.);
#2649=ORIENTED_EDGE('',*,*,#1985,.T.);
#2650=ORIENTED_EDGE('',*,*,#2017,.T.);
#2651=ORIENTED_EDGE('',*,*,#2018,.F.);
#2652=ORIENTED_EDGE('',*,*,#1982,.F.);
#2653=ORIENTED_EDGE('',*,*,#2018,.T.);
#2654=ORIENTED_EDGE('',*,*,#2019,.T.);
#2655=ORIENTED_EDGE('',*,*,#1986,.F.);
#2656=ORIENTED_EDGE('',*,*,#2019,.F.);
#2657=ORIENTED_EDGE('',*,*,#2017,.F.);
#2658=ORIENTED_EDGE('',*,*,#1984,.F.);
#2659=ORIENTED_EDGE('',*,*,#1987,.F.);
#2660=ORIENTED_EDGE('',*,*,#1994,.F.);
#2661=ORIENTED_EDGE('',*,*,#1998,.T.);
#2662=ORIENTED_EDGE('',*,*,#2020,.T.);
#2663=ORIENTED_EDGE('',*,*,#2021,.F.);
#2664=ORIENTED_EDGE('',*,*,#1995,.F.);
#2665=ORIENTED_EDGE('',*,*,#2021,.T.);
#2666=ORIENTED_EDGE('',*,*,#2022,.T.);
#2667=ORIENTED_EDGE('',*,*,#1999,.F.);
#2668=ORIENTED_EDGE('',*,*,#2022,.F.);
#2669=ORIENTED_EDGE('',*,*,#2020,.F.);
#2670=ORIENTED_EDGE('',*,*,#1997,.F.);
#2671=ORIENTED_EDGE('',*,*,#2000,.F.);
#2672=ORIENTED_EDGE('',*,*,#2008,.F.);
#2673=ORIENTED_EDGE('',*,*,#2023,.T.);
#2674=ORIENTED_EDGE('',*,*,#2024,.T.);
#2675=ORIENTED_EDGE('',*,*,#2012,.F.);
#2676=ORIENTED_EDGE('',*,*,#2007,.F.);
#2677=ORIENTED_EDGE('',*,*,#2011,.T.);
#2678=ORIENTED_EDGE('',*,*,#2025,.T.);
#2679=ORIENTED_EDGE('',*,*,#2023,.F.);
#2680=ORIENTED_EDGE('',*,*,#2010,.F.);
#2681=ORIENTED_EDGE('',*,*,#2013,.F.);
#2682=ORIENTED_EDGE('',*,*,#2024,.F.);
#2683=ORIENTED_EDGE('',*,*,#2025,.F.);
#2684=ORIENTED_EDGE('',*,*,#2026,.F.);
#2685=ORIENTED_EDGE('',*,*,#2027,.T.);
#2686=ORIENTED_EDGE('',*,*,#2028,.T.);
#2687=ORIENTED_EDGE('',*,*,#2029,.T.);
#2688=ORIENTED_EDGE('',*,*,#2026,.T.);
#2689=ORIENTED_EDGE('',*,*,#2030,.F.);
#2690=ORIENTED_EDGE('',*,*,#2031,.T.);
#2691=ORIENTED_EDGE('',*,*,#2032,.F.);
#2692=ORIENTED_EDGE('',*,*,#2033,.T.);
#2693=ORIENTED_EDGE('',*,*,#2034,.F.);
#2694=ORIENTED_EDGE('',*,*,#2035,.T.);
#2695=ORIENTED_EDGE('',*,*,#2036,.F.);
#2696=ORIENTED_EDGE('',*,*,#2029,.F.);
#2697=ORIENTED_EDGE('',*,*,#2037,.F.);
#2698=ORIENTED_EDGE('',*,*,#2038,.F.);
#2699=ORIENTED_EDGE('',*,*,#2030,.T.);
#2700=ORIENTED_EDGE('',*,*,#2031,.F.);
#2701=ORIENTED_EDGE('',*,*,#2038,.T.);
#2702=ORIENTED_EDGE('',*,*,#2039,.T.);
#2703=ORIENTED_EDGE('',*,*,#2040,.T.);
#2704=ORIENTED_EDGE('',*,*,#2033,.F.);
#2705=ORIENTED_EDGE('',*,*,#2041,.T.);
#2706=ORIENTED_EDGE('',*,*,#2042,.T.);
#2707=ORIENTED_EDGE('',*,*,#2043,.T.);
#2708=ORIENTED_EDGE('',*,*,#2043,.F.);
#2709=ORIENTED_EDGE('',*,*,#2044,.F.);
#2710=ORIENTED_EDGE('',*,*,#2045,.F.);
#2711=ORIENTED_EDGE('',*,*,#2034,.T.);
#2712=ORIENTED_EDGE('',*,*,#2035,.F.);
#2713=ORIENTED_EDGE('',*,*,#2045,.T.);
#2714=ORIENTED_EDGE('',*,*,#2046,.T.);
#2715=ORIENTED_EDGE('',*,*,#2047,.T.);
#2716=ORIENTED_EDGE('',*,*,#2027,.F.);
#2717=ORIENTED_EDGE('',*,*,#2036,.T.);
#2718=ORIENTED_EDGE('',*,*,#2047,.F.);
#2719=ORIENTED_EDGE('',*,*,#2048,.F.);
#2720=ORIENTED_EDGE('',*,*,#2040,.F.);
#2721=ORIENTED_EDGE('',*,*,#2049,.F.);
#2722=ORIENTED_EDGE('',*,*,#2041,.F.);
#2723=ORIENTED_EDGE('',*,*,#2032,.T.);
#2724=ORIENTED_EDGE('',*,*,#2050,.T.);
#2725=ORIENTED_EDGE('',*,*,#2051,.T.);
#2726=ORIENTED_EDGE('',*,*,#2052,.T.);
#2727=ORIENTED_EDGE('',*,*,#2053,.T.);
#2728=ORIENTED_EDGE('',*,*,#2051,.F.);
#2729=ORIENTED_EDGE('',*,*,#2054,.F.);
#2730=ORIENTED_EDGE('',*,*,#2055,.F.);
#2731=ORIENTED_EDGE('',*,*,#2056,.T.);
#2732=ORIENTED_EDGE('',*,*,#2057,.T.);
#2733=ORIENTED_EDGE('',*,*,#2058,.T.);
#2734=ORIENTED_EDGE('',*,*,#2059,.F.);
#2735=ORIENTED_EDGE('',*,*,#2060,.T.);
#2736=ORIENTED_EDGE('',*,*,#2050,.F.);
#2737=ORIENTED_EDGE('',*,*,#2061,.T.);
#2738=ORIENTED_EDGE('',*,*,#2062,.T.);
#2739=ORIENTED_EDGE('',*,*,#2063,.T.);
#2740=ORIENTED_EDGE('',*,*,#2064,.F.);
#2741=ORIENTED_EDGE('',*,*,#2065,.F.);
#2742=ORIENTED_EDGE('',*,*,#2066,.T.);
#2743=ORIENTED_EDGE('',*,*,#2067,.F.);
#2744=ORIENTED_EDGE('',*,*,#2068,.T.);
#2745=ORIENTED_EDGE('',*,*,#2069,.F.);
#2746=ORIENTED_EDGE('',*,*,#2070,.T.);
#2747=ORIENTED_EDGE('',*,*,#2071,.F.);
#2748=ORIENTED_EDGE('',*,*,#2072,.F.);
#2749=ORIENTED_EDGE('',*,*,#2073,.F.);
#2750=ORIENTED_EDGE('',*,*,#2074,.T.);
#2751=ORIENTED_EDGE('',*,*,#2075,.F.);
#2752=ORIENTED_EDGE('',*,*,#2076,.T.);
#2753=ORIENTED_EDGE('',*,*,#2077,.T.);
#2754=ORIENTED_EDGE('',*,*,#2078,.T.);
#2755=ORIENTED_EDGE('',*,*,#2079,.T.);
#2756=ORIENTED_EDGE('',*,*,#2080,.F.);
#2757=ORIENTED_EDGE('',*,*,#2081,.F.);
#2758=ORIENTED_EDGE('',*,*,#2082,.F.);
#2759=ORIENTED_EDGE('',*,*,#2083,.F.);
#2760=ORIENTED_EDGE('',*,*,#2084,.F.);
#2761=ORIENTED_EDGE('',*,*,#2085,.F.);
#2762=ORIENTED_EDGE('',*,*,#2086,.F.);
#2763=ORIENTED_EDGE('',*,*,#2087,.F.);
#2764=ORIENTED_EDGE('',*,*,#2088,.F.);
#2765=ORIENTED_EDGE('',*,*,#2089,.F.);
#2766=ORIENTED_EDGE('',*,*,#2090,.T.);
#2767=ORIENTED_EDGE('',*,*,#2091,.F.);
#2768=ORIENTED_EDGE('',*,*,#2092,.T.);
#2769=ORIENTED_EDGE('',*,*,#2093,.T.);
#2770=ORIENTED_EDGE('',*,*,#2094,.T.);
#2771=ORIENTED_EDGE('',*,*,#2095,.F.);
#2772=ORIENTED_EDGE('',*,*,#2096,.F.);
#2773=ORIENTED_EDGE('',*,*,#2097,.T.);
#2774=ORIENTED_EDGE('',*,*,#2098,.F.);
#2775=ORIENTED_EDGE('',*,*,#2099,.T.);
#2776=ORIENTED_EDGE('',*,*,#2100,.T.);
#2777=ORIENTED_EDGE('',*,*,#2101,.F.);
#2778=ORIENTED_EDGE('',*,*,#2102,.F.);
#2779=ORIENTED_EDGE('',*,*,#2103,.F.);
#2780=ORIENTED_EDGE('',*,*,#2104,.F.);
#2781=ORIENTED_EDGE('',*,*,#2105,.F.);
#2782=ORIENTED_EDGE('',*,*,#2106,.T.);
#2783=ORIENTED_EDGE('',*,*,#2107,.F.);
#2784=ORIENTED_EDGE('',*,*,#2108,.F.);
#2785=ORIENTED_EDGE('',*,*,#2109,.F.);
#2786=ORIENTED_EDGE('',*,*,#2110,.F.);
#2787=ORIENTED_EDGE('',*,*,#2111,.F.);
#2788=ORIENTED_EDGE('',*,*,#2112,.F.);
#2789=ORIENTED_EDGE('',*,*,#2113,.T.);
#2790=ORIENTED_EDGE('',*,*,#2114,.T.);
#2791=ORIENTED_EDGE('',*,*,#2115,.F.);
#2792=ORIENTED_EDGE('',*,*,#2116,.T.);
#2793=ORIENTED_EDGE('',*,*,#2117,.F.);
#2794=ORIENTED_EDGE('',*,*,#2118,.F.);
#2795=ORIENTED_EDGE('',*,*,#2119,.F.);
#2796=ORIENTED_EDGE('',*,*,#2120,.F.);
#2797=ORIENTED_EDGE('',*,*,#2121,.T.);
#2798=ORIENTED_EDGE('',*,*,#2122,.T.);
#2799=ORIENTED_EDGE('',*,*,#2123,.T.);
#2800=ORIENTED_EDGE('',*,*,#2124,.T.);
#2801=ORIENTED_EDGE('',*,*,#2125,.T.);
#2802=ORIENTED_EDGE('',*,*,#2126,.T.);
#2803=ORIENTED_EDGE('',*,*,#2127,.F.);
#2804=ORIENTED_EDGE('',*,*,#2128,.T.);
#2805=ORIENTED_EDGE('',*,*,#2054,.T.);
#2806=ORIENTED_EDGE('',*,*,#2129,.F.);
#2807=ORIENTED_EDGE('',*,*,#2130,.F.);
#2808=ORIENTED_EDGE('',*,*,#2131,.F.);
#2809=ORIENTED_EDGE('',*,*,#2132,.F.);
#2810=ORIENTED_EDGE('',*,*,#2133,.F.);
#2811=ORIENTED_EDGE('',*,*,#2134,.F.);
#2812=ORIENTED_EDGE('',*,*,#2135,.F.);
#2813=ORIENTED_EDGE('',*,*,#2136,.F.);
#2814=ORIENTED_EDGE('',*,*,#2137,.F.);
#2815=ORIENTED_EDGE('',*,*,#2138,.F.);
#2816=ORIENTED_EDGE('',*,*,#2139,.F.);
#2817=ORIENTED_EDGE('',*,*,#2069,.T.);
#2818=ORIENTED_EDGE('',*,*,#2140,.T.);
#2819=ORIENTED_EDGE('',*,*,#2141,.T.);
#2820=ORIENTED_EDGE('',*,*,#2142,.T.);
#2821=ORIENTED_EDGE('',*,*,#2140,.F.);
#2822=ORIENTED_EDGE('',*,*,#2068,.F.);
#2823=ORIENTED_EDGE('',*,*,#2143,.F.);
#2824=ORIENTED_EDGE('',*,*,#2144,.T.);
#2825=ORIENTED_EDGE('',*,*,#2145,.F.);
#2826=ORIENTED_EDGE('',*,*,#2146,.T.);
#2827=ORIENTED_EDGE('',*,*,#2119,.T.);
#2828=ORIENTED_EDGE('',*,*,#2147,.T.);
#2829=ORIENTED_EDGE('',*,*,#2147,.F.);
#2830=ORIENTED_EDGE('',*,*,#2118,.T.);
#2831=ORIENTED_EDGE('',*,*,#2148,.F.);
#2832=ORIENTED_EDGE('',*,*,#2149,.F.);
#2833=ORIENTED_EDGE('',*,*,#2117,.T.);
#2834=ORIENTED_EDGE('',*,*,#2150,.T.);
#2835=ORIENTED_EDGE('',*,*,#2151,.T.);
#2836=ORIENTED_EDGE('',*,*,#2148,.T.);
#2837=ORIENTED_EDGE('',*,*,#2150,.F.);
#2838=ORIENTED_EDGE('',*,*,#2116,.F.);
#2839=ORIENTED_EDGE('',*,*,#2152,.F.);
#2840=ORIENTED_EDGE('',*,*,#2153,.T.);
#2841=ORIENTED_EDGE('',*,*,#2115,.T.);
#2842=ORIENTED_EDGE('',*,*,#2154,.T.);
#2843=ORIENTED_EDGE('',*,*,#2155,.T.);
#2844=ORIENTED_EDGE('',*,*,#2152,.T.);
#2845=ORIENTED_EDGE('',*,*,#2156,.T.);
#2846=ORIENTED_EDGE('',*,*,#2154,.F.);
#2847=ORIENTED_EDGE('',*,*,#2114,.F.);
#2848=ORIENTED_EDGE('',*,*,#2157,.T.);
#2849=ORIENTED_EDGE('',*,*,#2158,.F.);
#2850=ORIENTED_EDGE('',*,*,#2159,.F.);
#2851=ORIENTED_EDGE('',*,*,#2160,.F.);
#2852=ORIENTED_EDGE('',*,*,#2161,.F.);
#2853=ORIENTED_EDGE('',*,*,#2162,.F.);
#2854=ORIENTED_EDGE('',*,*,#2163,.T.);
#2855=ORIENTED_EDGE('',*,*,#2164,.F.);
#2856=ORIENTED_EDGE('',*,*,#2165,.F.);
#2857=ORIENTED_EDGE('',*,*,#2085,.T.);
#2858=ORIENTED_EDGE('',*,*,#2166,.F.);
#2859=ORIENTED_EDGE('',*,*,#2082,.T.);
#2860=ORIENTED_EDGE('',*,*,#2167,.T.);
#2861=ORIENTED_EDGE('',*,*,#2168,.T.);
#2862=ORIENTED_EDGE('',*,*,#2169,.T.);
#2863=ORIENTED_EDGE('',*,*,#2169,.F.);
#2864=ORIENTED_EDGE('',*,*,#2170,.F.);
#2865=ORIENTED_EDGE('',*,*,#2171,.F.);
#2866=ORIENTED_EDGE('',*,*,#2083,.T.);
#2867=ORIENTED_EDGE('',*,*,#2084,.T.);
#2868=ORIENTED_EDGE('',*,*,#2171,.T.);
#2869=ORIENTED_EDGE('',*,*,#2172,.T.);
#2870=ORIENTED_EDGE('',*,*,#2166,.T.);
#2871=ORIENTED_EDGE('',*,*,#2080,.T.);
#2872=ORIENTED_EDGE('',*,*,#2173,.T.);
#2873=ORIENTED_EDGE('',*,*,#2174,.T.);
#2874=ORIENTED_EDGE('',*,*,#2175,.T.);
#2875=ORIENTED_EDGE('',*,*,#2167,.F.);
#2876=ORIENTED_EDGE('',*,*,#2081,.T.);
#2877=ORIENTED_EDGE('',*,*,#2175,.F.);
#2878=ORIENTED_EDGE('',*,*,#2176,.F.);
#2879=ORIENTED_EDGE('',*,*,#2149,.T.);
#2880=ORIENTED_EDGE('',*,*,#2151,.F.);
#2881=ORIENTED_EDGE('',*,*,#2153,.F.);
#2882=ORIENTED_EDGE('',*,*,#2155,.F.);
#2883=ORIENTED_EDGE('',*,*,#2156,.F.);
#2884=ORIENTED_EDGE('',*,*,#2172,.F.);
#2885=ORIENTED_EDGE('',*,*,#2170,.T.);
#2886=ORIENTED_EDGE('',*,*,#2168,.F.);
#2887=ORIENTED_EDGE('',*,*,#2176,.T.);
#2888=ORIENTED_EDGE('',*,*,#2174,.F.);
#2889=ORIENTED_EDGE('',*,*,#2177,.F.);
#2890=ORIENTED_EDGE('',*,*,#2178,.F.);
#2891=ORIENTED_EDGE('',*,*,#2179,.F.);
#2892=ORIENTED_EDGE('',*,*,#2180,.T.);
#2893=ORIENTED_EDGE('',*,*,#2181,.F.);
#2894=ORIENTED_EDGE('',*,*,#2182,.F.);
#2895=ORIENTED_EDGE('',*,*,#2183,.T.);
#2896=ORIENTED_EDGE('',*,*,#2184,.T.);
#2897=ORIENTED_EDGE('',*,*,#2185,.F.);
#2898=ORIENTED_EDGE('',*,*,#2186,.T.);
#2899=ORIENTED_EDGE('',*,*,#2187,.T.);
#2900=ORIENTED_EDGE('',*,*,#2188,.F.);
#2901=ORIENTED_EDGE('',*,*,#2189,.T.);
#2902=ORIENTED_EDGE('',*,*,#2190,.T.);
#2903=ORIENTED_EDGE('',*,*,#2191,.F.);
#2904=ORIENTED_EDGE('',*,*,#2192,.F.);
#2905=ORIENTED_EDGE('',*,*,#2193,.F.);
#2906=ORIENTED_EDGE('',*,*,#2194,.T.);
#2907=ORIENTED_EDGE('',*,*,#2195,.F.);
#2908=ORIENTED_EDGE('',*,*,#2196,.T.);
#2909=ORIENTED_EDGE('',*,*,#2197,.F.);
#2910=ORIENTED_EDGE('',*,*,#2198,.F.);
#2911=ORIENTED_EDGE('',*,*,#2199,.F.);
#2912=ORIENTED_EDGE('',*,*,#2200,.T.);
#2913=ORIENTED_EDGE('',*,*,#2201,.T.);
#2914=ORIENTED_EDGE('',*,*,#2202,.T.);
#2915=ORIENTED_EDGE('',*,*,#2203,.T.);
#2916=ORIENTED_EDGE('',*,*,#2204,.F.);
#2917=ORIENTED_EDGE('',*,*,#2205,.T.);
#2918=ORIENTED_EDGE('',*,*,#2206,.T.);
#2919=ORIENTED_EDGE('',*,*,#2207,.F.);
#2920=ORIENTED_EDGE('',*,*,#2208,.F.);
#2921=ORIENTED_EDGE('',*,*,#2209,.F.);
#2922=ORIENTED_EDGE('',*,*,#2210,.T.);
#2923=ORIENTED_EDGE('',*,*,#2211,.F.);
#2924=ORIENTED_EDGE('',*,*,#2212,.T.);
#2925=ORIENTED_EDGE('',*,*,#2213,.F.);
#2926=ORIENTED_EDGE('',*,*,#2058,.F.);
#2927=ORIENTED_EDGE('',*,*,#2214,.F.);
#2928=ORIENTED_EDGE('',*,*,#2215,.T.);
#2929=ORIENTED_EDGE('',*,*,#2216,.F.);
#2930=ORIENTED_EDGE('',*,*,#2217,.F.);
#2931=ORIENTED_EDGE('',*,*,#2218,.T.);
#2932=ORIENTED_EDGE('',*,*,#2219,.F.);
#2933=ORIENTED_EDGE('',*,*,#2220,.F.);
#2934=ORIENTED_EDGE('',*,*,#2221,.T.);
#2935=ORIENTED_EDGE('',*,*,#2222,.F.);
#2936=ORIENTED_EDGE('',*,*,#2223,.F.);
#2937=ORIENTED_EDGE('',*,*,#2224,.F.);
#2938=ORIENTED_EDGE('',*,*,#2225,.T.);
#2939=ORIENTED_EDGE('',*,*,#2226,.F.);
#2940=ORIENTED_EDGE('',*,*,#2227,.F.);
#2941=ORIENTED_EDGE('',*,*,#2228,.T.);
#2942=ORIENTED_EDGE('',*,*,#2145,.T.);
#2943=ORIENTED_EDGE('',*,*,#2044,.T.);
#2944=ORIENTED_EDGE('',*,*,#2042,.F.);
#2945=ORIENTED_EDGE('',*,*,#2049,.T.);
#2946=ORIENTED_EDGE('',*,*,#2039,.F.);
#2947=ORIENTED_EDGE('',*,*,#2037,.T.);
#2948=ORIENTED_EDGE('',*,*,#2028,.F.);
#2949=ORIENTED_EDGE('',*,*,#2048,.T.);
#2950=ORIENTED_EDGE('',*,*,#2046,.F.);
#2951=ORIENTED_EDGE('',*,*,#2229,.T.);
#2952=ORIENTED_EDGE('',*,*,#2230,.T.);
#2953=ORIENTED_EDGE('',*,*,#1938,.T.);
#2954=ORIENTED_EDGE('',*,*,#2231,.T.);
#2955=ORIENTED_EDGE('',*,*,#2232,.T.);
#2956=ORIENTED_EDGE('',*,*,#1939,.T.);
#2957=ORIENTED_EDGE('',*,*,#2230,.F.);
#2958=ORIENTED_EDGE('',*,*,#2233,.T.);
#2959=ORIENTED_EDGE('',*,*,#2234,.T.);
#2960=ORIENTED_EDGE('',*,*,#2235,.T.);
#2961=ORIENTED_EDGE('',*,*,#1936,.T.);
#2962=ORIENTED_EDGE('',*,*,#2236,.T.);
#2963=ORIENTED_EDGE('',*,*,#2237,.T.);
#2964=ORIENTED_EDGE('',*,*,#2238,.T.);
#2965=ORIENTED_EDGE('',*,*,#2239,.T.);
#2966=ORIENTED_EDGE('',*,*,#2240,.T.);
#2967=ORIENTED_EDGE('',*,*,#1962,.T.);
#2968=ORIENTED_EDGE('',*,*,#2241,.T.);
#2969=ORIENTED_EDGE('',*,*,#2242,.T.);
#2970=ORIENTED_EDGE('',*,*,#2236,.F.);
#2971=ORIENTED_EDGE('',*,*,#1961,.T.);
#2972=ORIENTED_EDGE('',*,*,#2243,.T.);
#2973=ORIENTED_EDGE('',*,*,#2244,.F.);
#2974=ORIENTED_EDGE('',*,*,#2245,.T.);
#2975=ORIENTED_EDGE('',*,*,#2246,.T.);
#2976=ORIENTED_EDGE('',*,*,#2241,.F.);
#2977=ORIENTED_EDGE('',*,*,#1960,.T.);
#2978=ORIENTED_EDGE('',*,*,#2247,.T.);
#2979=ORIENTED_EDGE('',*,*,#2248,.T.);
#2980=ORIENTED_EDGE('',*,*,#2243,.F.);
#2981=ORIENTED_EDGE('',*,*,#2249,.T.);
#2982=ORIENTED_EDGE('',*,*,#2247,.F.);
#2983=ORIENTED_EDGE('',*,*,#1959,.T.);
#2984=ORIENTED_EDGE('',*,*,#2250,.T.);
#2985=ORIENTED_EDGE('',*,*,#1958,.T.);
#2986=ORIENTED_EDGE('',*,*,#2251,.T.);
#2987=ORIENTED_EDGE('',*,*,#2252,.T.);
#2988=ORIENTED_EDGE('',*,*,#2253,.T.);
#2989=ORIENTED_EDGE('',*,*,#2250,.F.);
#2990=ORIENTED_EDGE('',*,*,#2254,.T.);
#2991=ORIENTED_EDGE('',*,*,#2251,.F.);
#2992=ORIENTED_EDGE('',*,*,#1957,.T.);
#2993=ORIENTED_EDGE('',*,*,#2255,.T.);
#2994=ORIENTED_EDGE('',*,*,#1956,.T.);
#2995=ORIENTED_EDGE('',*,*,#2256,.T.);
#2996=ORIENTED_EDGE('',*,*,#2257,.T.);
#2997=ORIENTED_EDGE('',*,*,#2258,.T.);
#2998=ORIENTED_EDGE('',*,*,#2255,.F.);
#2999=ORIENTED_EDGE('',*,*,#2259,.T.);
#3000=ORIENTED_EDGE('',*,*,#2260,.T.);
#3001=ORIENTED_EDGE('',*,*,#2256,.F.);
#3002=ORIENTED_EDGE('',*,*,#1955,.T.);
#3003=ORIENTED_EDGE('',*,*,#2261,.T.);
#3004=ORIENTED_EDGE('',*,*,#2262,.T.);
#3005=ORIENTED_EDGE('',*,*,#2259,.F.);
#3006=ORIENTED_EDGE('',*,*,#1954,.T.);
#3007=ORIENTED_EDGE('',*,*,#2263,.T.);
#3008=ORIENTED_EDGE('',*,*,#2261,.F.);
#3009=ORIENTED_EDGE('',*,*,#1953,.T.);
#3010=ORIENTED_EDGE('',*,*,#2264,.T.);
#3011=ORIENTED_EDGE('',*,*,#2160,.T.);
#3012=ORIENTED_EDGE('',*,*,#2161,.T.);
#3013=ORIENTED_EDGE('',*,*,#2264,.F.);
#3014=ORIENTED_EDGE('',*,*,#1952,.T.);
#3015=ORIENTED_EDGE('',*,*,#2265,.T.);
#3016=ORIENTED_EDGE('',*,*,#1951,.T.);
#3017=ORIENTED_EDGE('',*,*,#2266,.T.);
#3018=ORIENTED_EDGE('',*,*,#2267,.T.);
#3019=ORIENTED_EDGE('',*,*,#2162,.T.);
#3020=ORIENTED_EDGE('',*,*,#2265,.F.);
#3021=ORIENTED_EDGE('',*,*,#2268,.T.);
#3022=ORIENTED_EDGE('',*,*,#2269,.T.);
#3023=ORIENTED_EDGE('',*,*,#2266,.F.);
#3024=ORIENTED_EDGE('',*,*,#1950,.T.);
#3025=ORIENTED_EDGE('',*,*,#2270,.T.);
#3026=ORIENTED_EDGE('',*,*,#2271,.T.);
#3027=ORIENTED_EDGE('',*,*,#2268,.F.);
#3028=ORIENTED_EDGE('',*,*,#1949,.T.);
#3029=ORIENTED_EDGE('',*,*,#2272,.T.);
#3030=ORIENTED_EDGE('',*,*,#2270,.F.);
#3031=ORIENTED_EDGE('',*,*,#1948,.T.);
#3032=ORIENTED_EDGE('',*,*,#2273,.T.);
#3033=ORIENTED_EDGE('',*,*,#2274,.T.);
#3034=ORIENTED_EDGE('',*,*,#1947,.T.);
#3035=ORIENTED_EDGE('',*,*,#2275,.T.);
#3036=ORIENTED_EDGE('',*,*,#2276,.T.);
#3037=ORIENTED_EDGE('',*,*,#2273,.F.);
#3038=ORIENTED_EDGE('',*,*,#2277,.T.);
#3039=ORIENTED_EDGE('',*,*,#2275,.F.);
#3040=ORIENTED_EDGE('',*,*,#1946,.T.);
#3041=ORIENTED_EDGE('',*,*,#2278,.T.);
#3042=ORIENTED_EDGE('',*,*,#2279,.T.);
#3043=ORIENTED_EDGE('',*,*,#1937,.T.);
#3044=ORIENTED_EDGE('',*,*,#2240,.F.);
#3045=ORIENTED_EDGE('',*,*,#2280,.T.);
#3046=ORIENTED_EDGE('',*,*,#2231,.F.);
#3047=ORIENTED_EDGE('',*,*,#1945,.T.);
#3048=ORIENTED_EDGE('',*,*,#2281,.T.);
#3049=ORIENTED_EDGE('',*,*,#2282,.T.);
#3050=ORIENTED_EDGE('',*,*,#2278,.F.);
#3051=ORIENTED_EDGE('',*,*,#2283,.T.);
#3052=ORIENTED_EDGE('',*,*,#2281,.F.);
#3053=ORIENTED_EDGE('',*,*,#1944,.T.);
#3054=ORIENTED_EDGE('',*,*,#2284,.T.);
#3055=ORIENTED_EDGE('',*,*,#2285,.T.);
#3056=ORIENTED_EDGE('',*,*,#2286,.T.);
#3057=ORIENTED_EDGE('',*,*,#2284,.F.);
#3058=ORIENTED_EDGE('',*,*,#1943,.T.);
#3059=ORIENTED_EDGE('',*,*,#2287,.T.);
#3060=ORIENTED_EDGE('',*,*,#2288,.T.);
#3061=ORIENTED_EDGE('',*,*,#1940,.T.);
#3062=ORIENTED_EDGE('',*,*,#2235,.F.);
#3063=ORIENTED_EDGE('',*,*,#2289,.T.);
#3064=ORIENTED_EDGE('',*,*,#2290,.F.);
#3065=ORIENTED_EDGE('',*,*,#2291,.T.);
#3066=ORIENTED_EDGE('',*,*,#2287,.F.);
#3067=ORIENTED_EDGE('',*,*,#1942,.T.);
#3068=ORIENTED_EDGE('',*,*,#2292,.T.);
#3069=ORIENTED_EDGE('',*,*,#2293,.T.);
#3070=ORIENTED_EDGE('',*,*,#2294,.T.);
#3071=ORIENTED_EDGE('',*,*,#2292,.F.);
#3072=ORIENTED_EDGE('',*,*,#1941,.T.);
#3073=ORIENTED_EDGE('',*,*,#2290,.T.);
#3074=ORIENTED_EDGE('',*,*,#2295,.F.);
#3075=ORIENTED_EDGE('',*,*,#2233,.F.);
#3076=ORIENTED_EDGE('',*,*,#2296,.F.);
#3077=ORIENTED_EDGE('',*,*,#2099,.F.);
#3078=ORIENTED_EDGE('',*,*,#2297,.T.);
#3079=ORIENTED_EDGE('',*,*,#2229,.F.);
#3080=ORIENTED_EDGE('',*,*,#2298,.F.);
#3081=ORIENTED_EDGE('',*,*,#2100,.F.);
#3082=ORIENTED_EDGE('',*,*,#2296,.T.);
#3083=ORIENTED_EDGE('',*,*,#2232,.F.);
#3084=ORIENTED_EDGE('',*,*,#2280,.F.);
#3085=ORIENTED_EDGE('',*,*,#2239,.F.);
#3086=ORIENTED_EDGE('',*,*,#2299,.F.);
#3087=ORIENTED_EDGE('',*,*,#2300,.F.);
#3088=ORIENTED_EDGE('',*,*,#2101,.T.);
#3089=ORIENTED_EDGE('',*,*,#2298,.T.);
#3090=ORIENTED_EDGE('',*,*,#2238,.F.);
#3091=ORIENTED_EDGE('',*,*,#2301,.F.);
#3092=ORIENTED_EDGE('',*,*,#2102,.T.);
#3093=ORIENTED_EDGE('',*,*,#2300,.T.);
#3094=ORIENTED_EDGE('',*,*,#2299,.T.);
#3095=ORIENTED_EDGE('',*,*,#2237,.F.);
#3096=ORIENTED_EDGE('',*,*,#2242,.F.);
#3097=ORIENTED_EDGE('',*,*,#2246,.F.);
#3098=ORIENTED_EDGE('',*,*,#2302,.F.);
#3099=ORIENTED_EDGE('',*,*,#2103,.T.);
#3100=ORIENTED_EDGE('',*,*,#2301,.T.);
#3101=ORIENTED_EDGE('',*,*,#2245,.F.);
#3102=ORIENTED_EDGE('',*,*,#2303,.F.);
#3103=ORIENTED_EDGE('',*,*,#2104,.T.);
#3104=ORIENTED_EDGE('',*,*,#2302,.T.);
#3105=ORIENTED_EDGE('',*,*,#2248,.F.);
#3106=ORIENTED_EDGE('',*,*,#2304,.F.);
#3107=ORIENTED_EDGE('',*,*,#2105,.T.);
#3108=ORIENTED_EDGE('',*,*,#2303,.T.);
#3109=ORIENTED_EDGE('',*,*,#2244,.T.);
#3110=ORIENTED_EDGE('',*,*,#2249,.F.);
#3111=ORIENTED_EDGE('',*,*,#2253,.F.);
#3112=ORIENTED_EDGE('',*,*,#2305,.F.);
#3113=ORIENTED_EDGE('',*,*,#2106,.F.);
#3114=ORIENTED_EDGE('',*,*,#2304,.T.);
#3115=ORIENTED_EDGE('',*,*,#2252,.F.);
#3116=ORIENTED_EDGE('',*,*,#2306,.F.);
#3117=ORIENTED_EDGE('',*,*,#2107,.T.);
#3118=ORIENTED_EDGE('',*,*,#2305,.T.);
#3119=ORIENTED_EDGE('',*,*,#2254,.F.);
#3120=ORIENTED_EDGE('',*,*,#2258,.F.);
#3121=ORIENTED_EDGE('',*,*,#2307,.F.);
#3122=ORIENTED_EDGE('',*,*,#2108,.T.);
#3123=ORIENTED_EDGE('',*,*,#2306,.T.);
#3124=ORIENTED_EDGE('',*,*,#2257,.F.);
#3125=ORIENTED_EDGE('',*,*,#2308,.F.);
#3126=ORIENTED_EDGE('',*,*,#2109,.T.);
#3127=ORIENTED_EDGE('',*,*,#2307,.T.);
#3128=ORIENTED_EDGE('',*,*,#2260,.F.);
#3129=ORIENTED_EDGE('',*,*,#2309,.F.);
#3130=ORIENTED_EDGE('',*,*,#2110,.T.);
#3131=ORIENTED_EDGE('',*,*,#2308,.T.);
#3132=ORIENTED_EDGE('',*,*,#2262,.F.);
#3133=ORIENTED_EDGE('',*,*,#2310,.F.);
#3134=ORIENTED_EDGE('',*,*,#2111,.T.);
#3135=ORIENTED_EDGE('',*,*,#2309,.T.);
#3136=ORIENTED_EDGE('',*,*,#2263,.F.);
#3137=ORIENTED_EDGE('',*,*,#2159,.T.);
#3138=ORIENTED_EDGE('',*,*,#2311,.F.);
#3139=ORIENTED_EDGE('',*,*,#2312,.F.);
#3140=ORIENTED_EDGE('',*,*,#2112,.T.);
#3141=ORIENTED_EDGE('',*,*,#2310,.T.);
#3142=ORIENTED_EDGE('',*,*,#2267,.F.);
#3143=ORIENTED_EDGE('',*,*,#2313,.F.);
#3144=ORIENTED_EDGE('',*,*,#2087,.T.);
#3145=ORIENTED_EDGE('',*,*,#2314,.T.);
#3146=ORIENTED_EDGE('',*,*,#2315,.T.);
#3147=ORIENTED_EDGE('',*,*,#2163,.F.);
#3148=ORIENTED_EDGE('',*,*,#2269,.F.);
#3149=ORIENTED_EDGE('',*,*,#2316,.F.);
#3150=ORIENTED_EDGE('',*,*,#2088,.T.);
#3151=ORIENTED_EDGE('',*,*,#2313,.T.);
#3152=ORIENTED_EDGE('',*,*,#2271,.F.);
#3153=ORIENTED_EDGE('',*,*,#2317,.F.);
#3154=ORIENTED_EDGE('',*,*,#2089,.T.);
#3155=ORIENTED_EDGE('',*,*,#2316,.T.);
#3156=ORIENTED_EDGE('',*,*,#2272,.F.);
#3157=ORIENTED_EDGE('',*,*,#2318,.T.);
#3158=ORIENTED_EDGE('',*,*,#2090,.F.);
#3159=ORIENTED_EDGE('',*,*,#2317,.T.);
#3160=ORIENTED_EDGE('',*,*,#2276,.F.);
#3161=ORIENTED_EDGE('',*,*,#2319,.F.);
#3162=ORIENTED_EDGE('',*,*,#2091,.T.);
#3163=ORIENTED_EDGE('',*,*,#2318,.F.);
#3164=ORIENTED_EDGE('',*,*,#2274,.F.);
#3165=ORIENTED_EDGE('',*,*,#2277,.F.);
#3166=ORIENTED_EDGE('',*,*,#2320,.F.);
#3167=ORIENTED_EDGE('',*,*,#2092,.F.);
#3168=ORIENTED_EDGE('',*,*,#2319,.T.);
#3169=ORIENTED_EDGE('',*,*,#2282,.F.);
#3170=ORIENTED_EDGE('',*,*,#2321,.F.);
#3171=ORIENTED_EDGE('',*,*,#2093,.F.);
#3172=ORIENTED_EDGE('',*,*,#2320,.T.);
#3173=ORIENTED_EDGE('',*,*,#2279,.F.);
#3174=ORIENTED_EDGE('',*,*,#2283,.F.);
#3175=ORIENTED_EDGE('',*,*,#2286,.F.);
#3176=ORIENTED_EDGE('',*,*,#2322,.F.);
#3177=ORIENTED_EDGE('',*,*,#2094,.F.);
#3178=ORIENTED_EDGE('',*,*,#2321,.T.);
#3179=ORIENTED_EDGE('',*,*,#2285,.F.);
#3180=ORIENTED_EDGE('',*,*,#2323,.F.);
#3181=ORIENTED_EDGE('',*,*,#2095,.T.);
#3182=ORIENTED_EDGE('',*,*,#2322,.T.);
#3183=ORIENTED_EDGE('',*,*,#2294,.F.);
#3184=ORIENTED_EDGE('',*,*,#2324,.F.);
#3185=ORIENTED_EDGE('',*,*,#2096,.T.);
#3186=ORIENTED_EDGE('',*,*,#2323,.T.);
#3187=ORIENTED_EDGE('',*,*,#2288,.F.);
#3188=ORIENTED_EDGE('',*,*,#2291,.F.);
#3189=ORIENTED_EDGE('',*,*,#2293,.F.);
#3190=ORIENTED_EDGE('',*,*,#2325,.F.);
#3191=ORIENTED_EDGE('',*,*,#2097,.F.);
#3192=ORIENTED_EDGE('',*,*,#2324,.T.);
#3193=ORIENTED_EDGE('',*,*,#2234,.F.);
#3194=ORIENTED_EDGE('',*,*,#2297,.F.);
#3195=ORIENTED_EDGE('',*,*,#2098,.T.);
#3196=ORIENTED_EDGE('',*,*,#2325,.T.);
#3197=ORIENTED_EDGE('',*,*,#2295,.T.);
#3198=ORIENTED_EDGE('',*,*,#2289,.F.);
#3199=ORIENTED_EDGE('',*,*,#2315,.F.);
#3200=ORIENTED_EDGE('',*,*,#2326,.T.);
#3201=ORIENTED_EDGE('',*,*,#2164,.T.);
#3202=ORIENTED_EDGE('',*,*,#2311,.T.);
#3203=ORIENTED_EDGE('',*,*,#2158,.T.);
#3204=ORIENTED_EDGE('',*,*,#2327,.T.);
#3205=ORIENTED_EDGE('',*,*,#2312,.T.);
#3206=ORIENTED_EDGE('',*,*,#2327,.F.);
#3207=ORIENTED_EDGE('',*,*,#2157,.F.);
#3208=ORIENTED_EDGE('',*,*,#2113,.F.);
#3209=ORIENTED_EDGE('',*,*,#2165,.T.);
#3210=ORIENTED_EDGE('',*,*,#2326,.F.);
#3211=ORIENTED_EDGE('',*,*,#2314,.F.);
#3212=ORIENTED_EDGE('',*,*,#2086,.T.);
#3213=ORIENTED_EDGE('',*,*,#2328,.T.);
#3214=ORIENTED_EDGE('',*,*,#2329,.T.);
#3215=ORIENTED_EDGE('',*,*,#2330,.F.);
#3216=ORIENTED_EDGE('',*,*,#2331,.F.);
#3217=ORIENTED_EDGE('',*,*,#2332,.F.);
#3218=ORIENTED_EDGE('',*,*,#2333,.F.);
#3219=ORIENTED_EDGE('',*,*,#2334,.F.);
#3220=ORIENTED_EDGE('',*,*,#2335,.F.);
#3221=ORIENTED_EDGE('',*,*,#2336,.T.);
#3222=ORIENTED_EDGE('',*,*,#2337,.F.);
#3223=ORIENTED_EDGE('',*,*,#2338,.T.);
#3224=ORIENTED_EDGE('',*,*,#2339,.T.);
#3225=ORIENTED_EDGE('',*,*,#2340,.T.);
#3226=ORIENTED_EDGE('',*,*,#2341,.F.);
#3227=ORIENTED_EDGE('',*,*,#2342,.T.);
#3228=ORIENTED_EDGE('',*,*,#2056,.F.);
#3229=ORIENTED_EDGE('',*,*,#2343,.F.);
#3230=ORIENTED_EDGE('',*,*,#2344,.T.);
#3231=ORIENTED_EDGE('',*,*,#2345,.T.);
#3232=ORIENTED_EDGE('',*,*,#2346,.T.);
#3233=ORIENTED_EDGE('',*,*,#2347,.F.);
#3234=ORIENTED_EDGE('',*,*,#2348,.T.);
#3235=ORIENTED_EDGE('',*,*,#2349,.T.);
#3236=ORIENTED_EDGE('',*,*,#2350,.T.);
#3237=ORIENTED_EDGE('',*,*,#2351,.T.);
#3238=ORIENTED_EDGE('',*,*,#2352,.F.);
#3239=ORIENTED_EDGE('',*,*,#2353,.T.);
#3240=ORIENTED_EDGE('',*,*,#2354,.F.);
#3241=ORIENTED_EDGE('',*,*,#2355,.F.);
#3242=ORIENTED_EDGE('',*,*,#2356,.F.);
#3243=ORIENTED_EDGE('',*,*,#2357,.F.);
#3244=ORIENTED_EDGE('',*,*,#2358,.F.);
#3245=ORIENTED_EDGE('',*,*,#2359,.T.);
#3246=ORIENTED_EDGE('',*,*,#2360,.F.);
#3247=ORIENTED_EDGE('',*,*,#2361,.T.);
#3248=ORIENTED_EDGE('',*,*,#2362,.T.);
#3249=ORIENTED_EDGE('',*,*,#2363,.F.);
#3250=ORIENTED_EDGE('',*,*,#2364,.T.);
#3251=ORIENTED_EDGE('',*,*,#2365,.F.);
#3252=ORIENTED_EDGE('',*,*,#2366,.F.);
#3253=ORIENTED_EDGE('',*,*,#2367,.T.);
#3254=ORIENTED_EDGE('',*,*,#2368,.T.);
#3255=ORIENTED_EDGE('',*,*,#2369,.F.);
#3256=ORIENTED_EDGE('',*,*,#2370,.T.);
#3257=ORIENTED_EDGE('',*,*,#2144,.F.);
#3258=ORIENTED_EDGE('',*,*,#2371,.T.);
#3259=ORIENTED_EDGE('',*,*,#2372,.F.);
#3260=ORIENTED_EDGE('',*,*,#2373,.T.);
#3261=ORIENTED_EDGE('',*,*,#2374,.F.);
#3262=ORIENTED_EDGE('',*,*,#2375,.T.);
#3263=ORIENTED_EDGE('',*,*,#2376,.F.);
#3264=ORIENTED_EDGE('',*,*,#2377,.T.);
#3265=ORIENTED_EDGE('',*,*,#2378,.F.);
#3266=ORIENTED_EDGE('',*,*,#2141,.F.);
#3267=ORIENTED_EDGE('',*,*,#2379,.T.);
#3268=ORIENTED_EDGE('',*,*,#2380,.T.);
#3269=ORIENTED_EDGE('',*,*,#2381,.F.);
#3270=ORIENTED_EDGE('',*,*,#2382,.T.);
#3271=ORIENTED_EDGE('',*,*,#2383,.F.);
#3272=ORIENTED_EDGE('',*,*,#2384,.F.);
#3273=ORIENTED_EDGE('',*,*,#2385,.F.);
#3274=ORIENTED_EDGE('',*,*,#2386,.T.);
#3275=ORIENTED_EDGE('',*,*,#2387,.F.);
#3276=ORIENTED_EDGE('',*,*,#2388,.F.);
#3277=ORIENTED_EDGE('',*,*,#2389,.F.);
#3278=ORIENTED_EDGE('',*,*,#2390,.T.);
#3279=ORIENTED_EDGE('',*,*,#2391,.F.);
#3280=ORIENTED_EDGE('',*,*,#2384,.T.);
#3281=ORIENTED_EDGE('',*,*,#2392,.T.);
#3282=ORIENTED_EDGE('',*,*,#2205,.F.);
#3283=ORIENTED_EDGE('',*,*,#2392,.F.);
#3284=ORIENTED_EDGE('',*,*,#2383,.T.);
#3285=ORIENTED_EDGE('',*,*,#2393,.T.);
#3286=ORIENTED_EDGE('',*,*,#2206,.F.);
#3287=ORIENTED_EDGE('',*,*,#2393,.F.);
#3288=ORIENTED_EDGE('',*,*,#2382,.F.);
#3289=ORIENTED_EDGE('',*,*,#2394,.T.);
#3290=ORIENTED_EDGE('',*,*,#2207,.T.);
#3291=ORIENTED_EDGE('',*,*,#2394,.F.);
#3292=ORIENTED_EDGE('',*,*,#2381,.T.);
#3293=ORIENTED_EDGE('',*,*,#2395,.T.);
#3294=ORIENTED_EDGE('',*,*,#2063,.F.);
#3295=ORIENTED_EDGE('',*,*,#2396,.F.);
#3296=ORIENTED_EDGE('',*,*,#2397,.T.);
#3297=ORIENTED_EDGE('',*,*,#2398,.T.);
#3298=ORIENTED_EDGE('',*,*,#2208,.T.);
#3299=ORIENTED_EDGE('',*,*,#2398,.F.);
#3300=ORIENTED_EDGE('',*,*,#2399,.F.);
#3301=ORIENTED_EDGE('',*,*,#2400,.T.);
#3302=ORIENTED_EDGE('',*,*,#2209,.T.);
#3303=ORIENTED_EDGE('',*,*,#2400,.F.);
#3304=ORIENTED_EDGE('',*,*,#2401,.T.);
#3305=ORIENTED_EDGE('',*,*,#2402,.T.);
#3306=ORIENTED_EDGE('',*,*,#2210,.F.);
#3307=ORIENTED_EDGE('',*,*,#2402,.F.);
#3308=ORIENTED_EDGE('',*,*,#2403,.F.);
#3309=ORIENTED_EDGE('',*,*,#2404,.T.);
#3310=ORIENTED_EDGE('',*,*,#2211,.T.);
#3311=ORIENTED_EDGE('',*,*,#2404,.F.);
#3312=ORIENTED_EDGE('',*,*,#2405,.T.);
#3313=ORIENTED_EDGE('',*,*,#2406,.T.);
#3314=ORIENTED_EDGE('',*,*,#2212,.F.);
#3315=ORIENTED_EDGE('',*,*,#2406,.F.);
#3316=ORIENTED_EDGE('',*,*,#2407,.F.);
#3317=ORIENTED_EDGE('',*,*,#2059,.T.);
#3318=ORIENTED_EDGE('',*,*,#2213,.T.);
#3319=ORIENTED_EDGE('',*,*,#2057,.F.);
#3320=ORIENTED_EDGE('',*,*,#2348,.F.);
#3321=ORIENTED_EDGE('',*,*,#2408,.T.);
#3322=ORIENTED_EDGE('',*,*,#2214,.T.);
#3323=ORIENTED_EDGE('',*,*,#2408,.F.);
#3324=ORIENTED_EDGE('',*,*,#2347,.T.);
#3325=ORIENTED_EDGE('',*,*,#2409,.T.);
#3326=ORIENTED_EDGE('',*,*,#2215,.F.);
#3327=ORIENTED_EDGE('',*,*,#2409,.F.);
#3328=ORIENTED_EDGE('',*,*,#2346,.F.);
#3329=ORIENTED_EDGE('',*,*,#2410,.T.);
#3330=ORIENTED_EDGE('',*,*,#2216,.T.);
#3331=ORIENTED_EDGE('',*,*,#2410,.F.);
#3332=ORIENTED_EDGE('',*,*,#2345,.F.);
#3333=ORIENTED_EDGE('',*,*,#2411,.T.);
#3334=ORIENTED_EDGE('',*,*,#2217,.T.);
#3335=ORIENTED_EDGE('',*,*,#2411,.F.);
#3336=ORIENTED_EDGE('',*,*,#2344,.F.);
#3337=ORIENTED_EDGE('',*,*,#2412,.T.);
#3338=ORIENTED_EDGE('',*,*,#2127,.T.);
#3339=ORIENTED_EDGE('',*,*,#2413,.F.);
#3340=ORIENTED_EDGE('',*,*,#2329,.F.);
#3341=ORIENTED_EDGE('',*,*,#2414,.T.);
#3342=ORIENTED_EDGE('',*,*,#2218,.F.);
#3343=ORIENTED_EDGE('',*,*,#2414,.F.);
#3344=ORIENTED_EDGE('',*,*,#2328,.F.);
#3345=ORIENTED_EDGE('',*,*,#2415,.T.);
#3346=ORIENTED_EDGE('',*,*,#2219,.T.);
#3347=ORIENTED_EDGE('',*,*,#2415,.F.);
#3348=ORIENTED_EDGE('',*,*,#2342,.F.);
#3349=ORIENTED_EDGE('',*,*,#2416,.T.);
#3350=ORIENTED_EDGE('',*,*,#2220,.T.);
#3351=ORIENTED_EDGE('',*,*,#2416,.F.);
#3352=ORIENTED_EDGE('',*,*,#2341,.T.);
#3353=ORIENTED_EDGE('',*,*,#2417,.T.);
#3354=ORIENTED_EDGE('',*,*,#2221,.F.);
#3355=ORIENTED_EDGE('',*,*,#2417,.F.);
#3356=ORIENTED_EDGE('',*,*,#2340,.F.);
#3357=ORIENTED_EDGE('',*,*,#2418,.T.);
#3358=ORIENTED_EDGE('',*,*,#2222,.T.);
#3359=ORIENTED_EDGE('',*,*,#2418,.F.);
#3360=ORIENTED_EDGE('',*,*,#2339,.F.);
#3361=ORIENTED_EDGE('',*,*,#2419,.T.);
#3362=ORIENTED_EDGE('',*,*,#2223,.T.);
#3363=ORIENTED_EDGE('',*,*,#2419,.F.);
#3364=ORIENTED_EDGE('',*,*,#2338,.F.);
#3365=ORIENTED_EDGE('',*,*,#2420,.T.);
#3366=ORIENTED_EDGE('',*,*,#2224,.T.);
#3367=ORIENTED_EDGE('',*,*,#2420,.F.);
#3368=ORIENTED_EDGE('',*,*,#2337,.T.);
#3369=ORIENTED_EDGE('',*,*,#2421,.T.);
#3370=ORIENTED_EDGE('',*,*,#2225,.F.);
#3371=ORIENTED_EDGE('',*,*,#2421,.F.);
#3372=ORIENTED_EDGE('',*,*,#2336,.F.);
#3373=ORIENTED_EDGE('',*,*,#2422,.T.);
#3374=ORIENTED_EDGE('',*,*,#2226,.T.);
#3375=ORIENTED_EDGE('',*,*,#2422,.F.);
#3376=ORIENTED_EDGE('',*,*,#2335,.T.);
#3377=ORIENTED_EDGE('',*,*,#2423,.T.);
#3378=ORIENTED_EDGE('',*,*,#2121,.F.);
#3379=ORIENTED_EDGE('',*,*,#2424,.T.);
#3380=ORIENTED_EDGE('',*,*,#2227,.T.);
#3381=ORIENTED_EDGE('',*,*,#2146,.F.);
#3382=ORIENTED_EDGE('',*,*,#2228,.F.);
#3383=ORIENTED_EDGE('',*,*,#2424,.F.);
#3384=ORIENTED_EDGE('',*,*,#2120,.T.);
#3385=ORIENTED_EDGE('',*,*,#2173,.F.);
#3386=ORIENTED_EDGE('',*,*,#2079,.F.);
#3387=ORIENTED_EDGE('',*,*,#2425,.T.);
#3388=ORIENTED_EDGE('',*,*,#2177,.T.);
#3389=ORIENTED_EDGE('',*,*,#2425,.F.);
#3390=ORIENTED_EDGE('',*,*,#2078,.F.);
#3391=ORIENTED_EDGE('',*,*,#2426,.F.);
#3392=ORIENTED_EDGE('',*,*,#2356,.T.);
#3393=ORIENTED_EDGE('',*,*,#2427,.T.);
#3394=ORIENTED_EDGE('',*,*,#2178,.T.);
#3395=ORIENTED_EDGE('',*,*,#2427,.F.);
#3396=ORIENTED_EDGE('',*,*,#2370,.F.);
#3397=ORIENTED_EDGE('',*,*,#2428,.T.);
#3398=ORIENTED_EDGE('',*,*,#2179,.T.);
#3399=ORIENTED_EDGE('',*,*,#2428,.F.);
#3400=ORIENTED_EDGE('',*,*,#2369,.T.);
#3401=ORIENTED_EDGE('',*,*,#2429,.T.);
#3402=ORIENTED_EDGE('',*,*,#2180,.F.);
#3403=ORIENTED_EDGE('',*,*,#2429,.F.);
#3404=ORIENTED_EDGE('',*,*,#2368,.F.);
#3405=ORIENTED_EDGE('',*,*,#2430,.T.);
#3406=ORIENTED_EDGE('',*,*,#2181,.T.);
#3407=ORIENTED_EDGE('',*,*,#2430,.F.);
#3408=ORIENTED_EDGE('',*,*,#2367,.F.);
#3409=ORIENTED_EDGE('',*,*,#2431,.T.);
#3410=ORIENTED_EDGE('',*,*,#2182,.T.);
#3411=ORIENTED_EDGE('',*,*,#2431,.F.);
#3412=ORIENTED_EDGE('',*,*,#2366,.T.);
#3413=ORIENTED_EDGE('',*,*,#2432,.T.);
#3414=ORIENTED_EDGE('',*,*,#2183,.F.);
#3415=ORIENTED_EDGE('',*,*,#2432,.F.);
#3416=ORIENTED_EDGE('',*,*,#2365,.T.);
#3417=ORIENTED_EDGE('',*,*,#2433,.T.);
#3418=ORIENTED_EDGE('',*,*,#2184,.F.);
#3419=ORIENTED_EDGE('',*,*,#2433,.F.);
#3420=ORIENTED_EDGE('',*,*,#2364,.F.);
#3421=ORIENTED_EDGE('',*,*,#2434,.T.);
#3422=ORIENTED_EDGE('',*,*,#2185,.T.);
#3423=ORIENTED_EDGE('',*,*,#2434,.F.);
#3424=ORIENTED_EDGE('',*,*,#2363,.T.);
#3425=ORIENTED_EDGE('',*,*,#2435,.T.);
#3426=ORIENTED_EDGE('',*,*,#2186,.F.);
#3427=ORIENTED_EDGE('',*,*,#2435,.F.);
#3428=ORIENTED_EDGE('',*,*,#2362,.F.);
#3429=ORIENTED_EDGE('',*,*,#2436,.T.);
#3430=ORIENTED_EDGE('',*,*,#2072,.T.);
#3431=ORIENTED_EDGE('',*,*,#2437,.F.);
#3432=ORIENTED_EDGE('',*,*,#2350,.F.);
#3433=ORIENTED_EDGE('',*,*,#2438,.T.);
#3434=ORIENTED_EDGE('',*,*,#2187,.F.);
#3435=ORIENTED_EDGE('',*,*,#2438,.F.);
#3436=ORIENTED_EDGE('',*,*,#2349,.F.);
#3437=ORIENTED_EDGE('',*,*,#2439,.T.);
#3438=ORIENTED_EDGE('',*,*,#2188,.T.);
#3439=ORIENTED_EDGE('',*,*,#2439,.F.);
#3440=ORIENTED_EDGE('',*,*,#2355,.T.);
#3441=ORIENTED_EDGE('',*,*,#2440,.T.);
#3442=ORIENTED_EDGE('',*,*,#2189,.F.);
#3443=ORIENTED_EDGE('',*,*,#2440,.F.);
#3444=ORIENTED_EDGE('',*,*,#2354,.T.);
#3445=ORIENTED_EDGE('',*,*,#2441,.T.);
#3446=ORIENTED_EDGE('',*,*,#2190,.F.);
#3447=ORIENTED_EDGE('',*,*,#2441,.F.);
#3448=ORIENTED_EDGE('',*,*,#2353,.F.);
#3449=ORIENTED_EDGE('',*,*,#2442,.T.);
#3450=ORIENTED_EDGE('',*,*,#2191,.T.);
#3451=ORIENTED_EDGE('',*,*,#2142,.F.);
#3452=ORIENTED_EDGE('',*,*,#2378,.T.);
#3453=ORIENTED_EDGE('',*,*,#2443,.T.);
#3454=ORIENTED_EDGE('',*,*,#2192,.T.);
#3455=ORIENTED_EDGE('',*,*,#2442,.F.);
#3456=ORIENTED_EDGE('',*,*,#2352,.T.);
#3457=ORIENTED_EDGE('',*,*,#2444,.T.);
#3458=ORIENTED_EDGE('',*,*,#2070,.F.);
#3459=ORIENTED_EDGE('',*,*,#2443,.F.);
#3460=ORIENTED_EDGE('',*,*,#2377,.F.);
#3461=ORIENTED_EDGE('',*,*,#2445,.T.);
#3462=ORIENTED_EDGE('',*,*,#2193,.T.);
#3463=ORIENTED_EDGE('',*,*,#2445,.F.);
#3464=ORIENTED_EDGE('',*,*,#2376,.T.);
#3465=ORIENTED_EDGE('',*,*,#2446,.T.);
#3466=ORIENTED_EDGE('',*,*,#2194,.F.);
#3467=ORIENTED_EDGE('',*,*,#2446,.F.);
#3468=ORIENTED_EDGE('',*,*,#2375,.F.);
#3469=ORIENTED_EDGE('',*,*,#2447,.T.);
#3470=ORIENTED_EDGE('',*,*,#2195,.T.);
#3471=ORIENTED_EDGE('',*,*,#2447,.F.);
#3472=ORIENTED_EDGE('',*,*,#2374,.T.);
#3473=ORIENTED_EDGE('',*,*,#2448,.T.);
#3474=ORIENTED_EDGE('',*,*,#2196,.F.);
#3475=ORIENTED_EDGE('',*,*,#2448,.F.);
#3476=ORIENTED_EDGE('',*,*,#2373,.F.);
#3477=ORIENTED_EDGE('',*,*,#2449,.T.);
#3478=ORIENTED_EDGE('',*,*,#2197,.T.);
#3479=ORIENTED_EDGE('',*,*,#2449,.F.);
#3480=ORIENTED_EDGE('',*,*,#2372,.T.);
#3481=ORIENTED_EDGE('',*,*,#2450,.T.);
#3482=ORIENTED_EDGE('',*,*,#2066,.F.);
#3483=ORIENTED_EDGE('',*,*,#2451,.F.);
#3484=ORIENTED_EDGE('',*,*,#2385,.T.);
#3485=ORIENTED_EDGE('',*,*,#2452,.T.);
#3486=ORIENTED_EDGE('',*,*,#2198,.T.);
#3487=ORIENTED_EDGE('',*,*,#2452,.F.);
#3488=ORIENTED_EDGE('',*,*,#2390,.F.);
#3489=ORIENTED_EDGE('',*,*,#2453,.T.);
#3490=ORIENTED_EDGE('',*,*,#2199,.T.);
#3491=ORIENTED_EDGE('',*,*,#2453,.F.);
#3492=ORIENTED_EDGE('',*,*,#2389,.T.);
#3493=ORIENTED_EDGE('',*,*,#2454,.T.);
#3494=ORIENTED_EDGE('',*,*,#2200,.F.);
#3495=ORIENTED_EDGE('',*,*,#2454,.F.);
#3496=ORIENTED_EDGE('',*,*,#2388,.T.);
#3497=ORIENTED_EDGE('',*,*,#2455,.T.);
#3498=ORIENTED_EDGE('',*,*,#2201,.F.);
#3499=ORIENTED_EDGE('',*,*,#2455,.F.);
#3500=ORIENTED_EDGE('',*,*,#2387,.T.);
#3501=ORIENTED_EDGE('',*,*,#2456,.T.);
#3502=ORIENTED_EDGE('',*,*,#2202,.F.);
#3503=ORIENTED_EDGE('',*,*,#2457,.T.);
#3504=ORIENTED_EDGE('',*,*,#2203,.F.);
#3505=ORIENTED_EDGE('',*,*,#2456,.F.);
#3506=ORIENTED_EDGE('',*,*,#2458,.T.);
#3507=ORIENTED_EDGE('',*,*,#2459,.T.);
#3508=ORIENTED_EDGE('',*,*,#2460,.T.);
#3509=ORIENTED_EDGE('',*,*,#2379,.F.);
#3510=ORIENTED_EDGE('',*,*,#2391,.T.);
#3511=ORIENTED_EDGE('',*,*,#2204,.T.);
#3512=ORIENTED_EDGE('',*,*,#2457,.F.);
#3513=ORIENTED_EDGE('',*,*,#2461,.F.);
#3514=ORIENTED_EDGE('',*,*,#2060,.F.);
#3515=ORIENTED_EDGE('',*,*,#2407,.T.);
#3516=ORIENTED_EDGE('',*,*,#2405,.F.);
#3517=ORIENTED_EDGE('',*,*,#2403,.T.);
#3518=ORIENTED_EDGE('',*,*,#2401,.F.);
#3519=ORIENTED_EDGE('',*,*,#2399,.T.);
#3520=ORIENTED_EDGE('',*,*,#2397,.F.);
#3521=ORIENTED_EDGE('',*,*,#2462,.F.);
#3522=ORIENTED_EDGE('',*,*,#2463,.F.);
#3523=ORIENTED_EDGE('',*,*,#2052,.F.);
#3524=ORIENTED_EDGE('',*,*,#2395,.F.);
#3525=ORIENTED_EDGE('',*,*,#2380,.F.);
#3526=ORIENTED_EDGE('',*,*,#2464,.F.);
#3527=ORIENTED_EDGE('',*,*,#2459,.F.);
#3528=ORIENTED_EDGE('',*,*,#2465,.T.);
#3529=ORIENTED_EDGE('',*,*,#2064,.T.);
#3530=ORIENTED_EDGE('',*,*,#2465,.F.);
#3531=ORIENTED_EDGE('',*,*,#2458,.F.);
#3532=ORIENTED_EDGE('',*,*,#2386,.F.);
#3533=ORIENTED_EDGE('',*,*,#2451,.T.);
#3534=ORIENTED_EDGE('',*,*,#2065,.T.);
#3535=ORIENTED_EDGE('',*,*,#2450,.F.);
#3536=ORIENTED_EDGE('',*,*,#2371,.F.);
#3537=ORIENTED_EDGE('',*,*,#2143,.T.);
#3538=ORIENTED_EDGE('',*,*,#2067,.T.);
#3539=ORIENTED_EDGE('',*,*,#2444,.F.);
#3540=ORIENTED_EDGE('',*,*,#2351,.F.);
#3541=ORIENTED_EDGE('',*,*,#2437,.T.);
#3542=ORIENTED_EDGE('',*,*,#2071,.T.);
#3543=ORIENTED_EDGE('',*,*,#2436,.F.);
#3544=ORIENTED_EDGE('',*,*,#2361,.F.);
#3545=ORIENTED_EDGE('',*,*,#2466,.T.);
#3546=ORIENTED_EDGE('',*,*,#2073,.T.);
#3547=ORIENTED_EDGE('',*,*,#2466,.F.);
#3548=ORIENTED_EDGE('',*,*,#2360,.T.);
#3549=ORIENTED_EDGE('',*,*,#2467,.T.);
#3550=ORIENTED_EDGE('',*,*,#2074,.F.);
#3551=ORIENTED_EDGE('',*,*,#2467,.F.);
#3552=ORIENTED_EDGE('',*,*,#2359,.F.);
#3553=ORIENTED_EDGE('',*,*,#2468,.T.);
#3554=ORIENTED_EDGE('',*,*,#2075,.T.);
#3555=ORIENTED_EDGE('',*,*,#2468,.F.);
#3556=ORIENTED_EDGE('',*,*,#2358,.T.);
#3557=ORIENTED_EDGE('',*,*,#2469,.T.);
#3558=ORIENTED_EDGE('',*,*,#2076,.F.);
#3559=ORIENTED_EDGE('',*,*,#2469,.F.);
#3560=ORIENTED_EDGE('',*,*,#2357,.T.);
#3561=ORIENTED_EDGE('',*,*,#2426,.T.);
#3562=ORIENTED_EDGE('',*,*,#2077,.F.);
#3563=ORIENTED_EDGE('',*,*,#2423,.F.);
#3564=ORIENTED_EDGE('',*,*,#2334,.T.);
#3565=ORIENTED_EDGE('',*,*,#2470,.T.);
#3566=ORIENTED_EDGE('',*,*,#2122,.F.);
#3567=ORIENTED_EDGE('',*,*,#2470,.F.);
#3568=ORIENTED_EDGE('',*,*,#2333,.T.);
#3569=ORIENTED_EDGE('',*,*,#2471,.T.);
#3570=ORIENTED_EDGE('',*,*,#2123,.F.);
#3571=ORIENTED_EDGE('',*,*,#2471,.F.);
#3572=ORIENTED_EDGE('',*,*,#2332,.T.);
#3573=ORIENTED_EDGE('',*,*,#2472,.T.);
#3574=ORIENTED_EDGE('',*,*,#2124,.F.);
#3575=ORIENTED_EDGE('',*,*,#2472,.F.);
#3576=ORIENTED_EDGE('',*,*,#2331,.T.);
#3577=ORIENTED_EDGE('',*,*,#2473,.T.);
#3578=ORIENTED_EDGE('',*,*,#2125,.F.);
#3579=ORIENTED_EDGE('',*,*,#2473,.F.);
#3580=ORIENTED_EDGE('',*,*,#2330,.T.);
#3581=ORIENTED_EDGE('',*,*,#2413,.T.);
#3582=ORIENTED_EDGE('',*,*,#2126,.F.);
#3583=ORIENTED_EDGE('',*,*,#2412,.F.);
#3584=ORIENTED_EDGE('',*,*,#2343,.T.);
#3585=ORIENTED_EDGE('',*,*,#2055,.T.);
#3586=ORIENTED_EDGE('',*,*,#2128,.F.);
#3587=ORIENTED_EDGE('',*,*,#2053,.F.);
#3588=ORIENTED_EDGE('',*,*,#2463,.T.);
#3589=ORIENTED_EDGE('',*,*,#2474,.T.);
#3590=ORIENTED_EDGE('',*,*,#2061,.F.);
#3591=ORIENTED_EDGE('',*,*,#2474,.F.);
#3592=ORIENTED_EDGE('',*,*,#2462,.T.);
#3593=ORIENTED_EDGE('',*,*,#2396,.T.);
#3594=ORIENTED_EDGE('',*,*,#2062,.F.);
#3595=ORIENTED_EDGE('',*,*,#2460,.F.);
#3596=ORIENTED_EDGE('',*,*,#2464,.T.);
#3597=ORIENTED_EDGE('',*,*,#2461,.T.);
#3598=ORIENTED_EDGE('',*,*,#2475,.F.);
#3599=ORIENTED_EDGE('',*,*,#2476,.T.);
#3600=ORIENTED_EDGE('',*,*,#2139,.T.);
#3601=ORIENTED_EDGE('',*,*,#2476,.F.);
#3602=ORIENTED_EDGE('',*,*,#2475,.T.);
#3603=ORIENTED_EDGE('',*,*,#2477,.F.);
#3604=ORIENTED_EDGE('',*,*,#2478,.T.);
#3605=ORIENTED_EDGE('',*,*,#2138,.T.);
#3606=ORIENTED_EDGE('',*,*,#2478,.F.);
#3607=ORIENTED_EDGE('',*,*,#2477,.T.);
#3608=ORIENTED_EDGE('',*,*,#2479,.F.);
#3609=ORIENTED_EDGE('',*,*,#2480,.T.);
#3610=ORIENTED_EDGE('',*,*,#2137,.T.);
#3611=ORIENTED_EDGE('',*,*,#2480,.F.);
#3612=ORIENTED_EDGE('',*,*,#2479,.T.);
#3613=ORIENTED_EDGE('',*,*,#2481,.F.);
#3614=ORIENTED_EDGE('',*,*,#2482,.T.);
#3615=ORIENTED_EDGE('',*,*,#2136,.T.);
#3616=ORIENTED_EDGE('',*,*,#2482,.F.);
#3617=ORIENTED_EDGE('',*,*,#2481,.T.);
#3618=ORIENTED_EDGE('',*,*,#2483,.F.);
#3619=ORIENTED_EDGE('',*,*,#2484,.T.);
#3620=ORIENTED_EDGE('',*,*,#2135,.T.);
#3621=ORIENTED_EDGE('',*,*,#2484,.F.);
#3622=ORIENTED_EDGE('',*,*,#2483,.T.);
#3623=ORIENTED_EDGE('',*,*,#2485,.F.);
#3624=ORIENTED_EDGE('',*,*,#2486,.T.);
#3625=ORIENTED_EDGE('',*,*,#2134,.T.);
#3626=ORIENTED_EDGE('',*,*,#2486,.F.);
#3627=ORIENTED_EDGE('',*,*,#2485,.T.);
#3628=ORIENTED_EDGE('',*,*,#2487,.F.);
#3629=ORIENTED_EDGE('',*,*,#2488,.T.);
#3630=ORIENTED_EDGE('',*,*,#2133,.T.);
#3631=ORIENTED_EDGE('',*,*,#2488,.F.);
#3632=ORIENTED_EDGE('',*,*,#2487,.T.);
#3633=ORIENTED_EDGE('',*,*,#2489,.F.);
#3634=ORIENTED_EDGE('',*,*,#2490,.T.);
#3635=ORIENTED_EDGE('',*,*,#2132,.T.);
#3636=ORIENTED_EDGE('',*,*,#2490,.F.);
#3637=ORIENTED_EDGE('',*,*,#2489,.T.);
#3638=ORIENTED_EDGE('',*,*,#2491,.F.);
#3639=ORIENTED_EDGE('',*,*,#2492,.T.);
#3640=ORIENTED_EDGE('',*,*,#2131,.T.);
#3641=ORIENTED_EDGE('',*,*,#2492,.F.);
#3642=ORIENTED_EDGE('',*,*,#2491,.T.);
#3643=ORIENTED_EDGE('',*,*,#2493,.F.);
#3644=ORIENTED_EDGE('',*,*,#2494,.T.);
#3645=ORIENTED_EDGE('',*,*,#2130,.T.);
#3646=ORIENTED_EDGE('',*,*,#2494,.F.);
#3647=ORIENTED_EDGE('',*,*,#2493,.T.);
#3648=ORIENTED_EDGE('',*,*,#2495,.F.);
#3649=ORIENTED_EDGE('',*,*,#2496,.T.);
#3650=ORIENTED_EDGE('',*,*,#2129,.T.);
#3651=ORIENTED_EDGE('',*,*,#2496,.F.);
#3652=ORIENTED_EDGE('',*,*,#2495,.T.);
#3653=PLANE('',#3995);
#3654=PLANE('',#3999);
#3655=PLANE('',#4005);
#3656=PLANE('',#4006);
#3657=PLANE('',#4023);
#3658=PLANE('',#4026);
#3659=PLANE('',#4031);
#3660=PLANE('',#4032);
#3661=PLANE('',#4035);
#3662=PLANE('',#4040);
#3663=PLANE('',#4041);
#3664=PLANE('',#4044);
#3665=PLANE('',#4049);
#3666=PLANE('',#4052);
#3667=PLANE('',#4053);
#3668=PLANE('',#4054);
#3669=PLANE('',#4057);
#3670=PLANE('',#4058);
#3671=PLANE('',#4061);
#3672=PLANE('',#4064);
#3673=PLANE('',#4065);
#3674=PLANE('',#4069);
#3675=PLANE('',#4073);
#3676=PLANE('',#4078);
#3677=PLANE('',#4081);
#3678=PLANE('',#4082);
#3679=PLANE('',#4086);
#3680=PLANE('',#4087);
#3681=PLANE('',#4132);
#3682=PLANE('',#4135);
#3683=PLANE('',#4138);
#3684=PLANE('',#4141);
#3685=PLANE('',#4146);
#3686=PLANE('',#4151);
#3687=PLANE('',#4152);
#3688=PLANE('',#4224);
#3689=PLANE('',#4225);
#3690=PLANE('',#4226);
#3691=PLANE('',#4228);
#3692=PLANE('',#4229);
#3693=PLANE('',#4231);
#3694=PLANE('',#4233);
#3695=PLANE('',#4235);
#3696=PLANE('',#4237);
#3697=PLANE('',#4238);
#3698=PLANE('',#4240);
#3699=PLANE('',#4242);
#3700=PLANE('',#4244);
#3701=PLANE('',#4246);
#3702=PLANE('',#4247);
#3703=PLANE('',#4249);
#3704=PLANE('',#4250);
#3705=PLANE('',#4252);
#3706=PLANE('',#4256);
#3707=PLANE('',#4265);
#3708=PLANE('',#4269);
#3709=PLANE('',#4273);
#3710=PLANE('',#4282);
#3711=PLANE('',#4286);
#3712=PLANE('',#4289);
#3713=PLANE('',#4292);
#3714=PLANE('',#4293);
#3715=PLANE('',#4295);
#3716=PLANE('',#4298);
#3717=PLANE('',#4299);
#3718=PLANE('',#4302);
#3719=PLANE('',#4304);
#3720=PLANE('',#4305);
#3721=PLANE('',#4307);
#3722=PLANE('',#4309);
#3723=PLANE('',#4311);
#3724=PLANE('',#4312);
#3725=PLANE('',#4316);
#3726=PLANE('',#4319);
#3727=PLANE('',#4323);
#3728=PLANE('',#4324);
#3729=PLANE('',#4326);
#3730=PLANE('',#4328);
#3731=PLANE('',#4330);
#3732=PLANE('',#4331);
#3733=PLANE('',#4333);
#3734=PLANE('',#4334);
#3735=PLANE('',#4336);
#3736=PLANE('',#4337);
#3737=PLANE('',#4339);
#3738=PLANE('',#4341);
#3739=PLANE('',#4342);
#3740=PLANE('',#4344);
#3741=PLANE('',#4347);
#3742=PLANE('',#4349);
#3743=PLANE('',#4350);
#3744=PLANE('',#4354);
#3745=PLANE('',#4356);
#3746=PLANE('',#4359);
#3747=PLANE('',#4361);
#3748=PLANE('',#4364);
#3749=PLANE('',#4366);
#3750=PLANE('',#4369);
#3751=PLANE('',#4372);
#3752=PLANE('',#4375);
#3753=PLANE('',#4378);
#3754=PLANE('',#4381);
#3755=PLANE('',#4384);
#3756=PLANE('',#4387);
#3757=PLANE('',#4390);
#3758=PLANE('',#4393);
#3759=PLANE('',#4396);
#3760=PLANE('',#4399);
#3761=ADVANCED_FACE('',(#355),#3653,.T.);
#3762=ADVANCED_FACE('',(#356),#347,.F.);
#3763=ADVANCED_FACE('',(#357),#3654,.T.);
#3764=ADVANCED_FACE('',(#358),#348,.F.);
#3765=ADVANCED_FACE('',(#359),#90,.F.);
#3766=ADVANCED_FACE('',(#360),#3655,.F.);
#3767=ADVANCED_FACE('',(#361,#42,#43,#44,#45),#3656,.F.);
#3768=ADVANCED_FACE('',(#362),#3657,.T.);
#3769=ADVANCED_FACE('',(#363),#349,.F.);
#3770=ADVANCED_FACE('',(#364),#3658,.T.);
#3771=ADVANCED_FACE('',(#365),#350,.F.);
#3772=ADVANCED_FACE('',(#366),#91,.F.);
#3773=ADVANCED_FACE('',(#367),#3659,.F.);
#3774=ADVANCED_FACE('',(#368),#3660,.T.);
#3775=ADVANCED_FACE('',(#369),#351,.F.);
#3776=ADVANCED_FACE('',(#370),#3661,.T.);
#3777=ADVANCED_FACE('',(#371),#352,.F.);
#3778=ADVANCED_FACE('',(#372),#92,.F.);
#3779=ADVANCED_FACE('',(#373),#3662,.F.);
#3780=ADVANCED_FACE('',(#374),#3663,.T.);
#3781=ADVANCED_FACE('',(#375),#353,.F.);
#3782=ADVANCED_FACE('',(#376),#3664,.T.);
#3783=ADVANCED_FACE('',(#377),#354,.F.);
#3784=ADVANCED_FACE('',(#378),#93,.F.);
#3785=ADVANCED_FACE('',(#379),#3665,.F.);
#3786=ADVANCED_FACE('',(#380),#94,.F.);
#3787=ADVANCED_FACE('',(#381),#3666,.F.);
#3788=ADVANCED_FACE('',(#382),#3667,.T.);
#3789=ADVANCED_FACE('',(#383),#3668,.F.);
#3790=ADVANCED_FACE('',(#384),#95,.F.);
#3791=ADVANCED_FACE('',(#385),#3669,.T.);
#3792=ADVANCED_FACE('',(#386),#3670,.F.);
#3793=ADVANCED_FACE('',(#387),#96,.F.);
#3794=ADVANCED_FACE('',(#388),#3671,.T.);
#3795=ADVANCED_FACE('',(#389),#97,.F.);
#3796=ADVANCED_FACE('',(#390),#3672,.F.);
#3797=ADVANCED_FACE('',(#391),#3673,.T.);
#3798=ADVANCED_FACE('',(#392),#98,.F.);
#3799=ADVANCED_FACE('',(#393),#3674,.F.);
#3800=ADVANCED_FACE('',(#394),#3675,.F.);
#3801=ADVANCED_FACE('',(#395),#99,.F.);
#3802=ADVANCED_FACE('',(#396),#100,.F.);
#3803=ADVANCED_FACE('',(#397),#3676,.F.);
#3804=ADVANCED_FACE('',(#398),#101,.F.);
#3805=ADVANCED_FACE('',(#399),#3677,.F.);
#3806=ADVANCED_FACE('',(#400),#3678,.F.);
#3807=ADVANCED_FACE('',(#401),#102,.T.);
#3808=ADVANCED_FACE('',(#402),#3679,.F.);
#3809=ADVANCED_FACE('',(#403,#46,#47,#48,#49,#50,#51,#52,#53,#54,#55,#56),
#3680,.T.);
#3810=ADVANCED_FACE('',(#404),#103,.T.);
#3811=ADVANCED_FACE('',(#405),#3681,.T.);
#3812=ADVANCED_FACE('',(#406),#104,.T.);
#3813=ADVANCED_FACE('',(#407),#3682,.T.);
#3814=ADVANCED_FACE('',(#408),#105,.T.);
#3815=ADVANCED_FACE('',(#409),#3683,.F.);
#3816=ADVANCED_FACE('',(#410),#106,.T.);
#3817=ADVANCED_FACE('',(#411),#3684,.T.);
#3818=ADVANCED_FACE('',(#412),#107,.T.);
#3819=ADVANCED_FACE('',(#413),#3685,.T.);
#3820=ADVANCED_FACE('',(#414),#108,.T.);
#3821=ADVANCED_FACE('',(#415),#109,.T.);
#3822=ADVANCED_FACE('',(#416),#3686,.T.);
#3823=ADVANCED_FACE('',(#417,#57),#3687,.F.);
#3824=ADVANCED_FACE('',(#418),#110,.T.);
#3825=ADVANCED_FACE('',(#419),#111,.T.);
#3826=ADVANCED_FACE('',(#420),#15,.F.);
#3827=ADVANCED_FACE('',(#421),#112,.T.);
#3828=ADVANCED_FACE('',(#422),#113,.T.);
#3829=ADVANCED_FACE('',(#423),#16,.F.);
#3830=ADVANCED_FACE('',(#424),#114,.T.);
#3831=ADVANCED_FACE('',(#425),#17,.F.);
#3832=ADVANCED_FACE('',(#426),#115,.T.);
#3833=ADVANCED_FACE('',(#427),#18,.F.);
#3834=ADVANCED_FACE('',(#428),#116,.T.);
#3835=ADVANCED_FACE('',(#429),#19,.F.);
#3836=ADVANCED_FACE('',(#430),#117,.T.);
#3837=ADVANCED_FACE('',(#431),#118,.T.);
#3838=ADVANCED_FACE('',(#432),#119,.T.);
#3839=ADVANCED_FACE('',(#433),#20,.F.);
#3840=ADVANCED_FACE('',(#434),#120,.T.);
#3841=ADVANCED_FACE('',(#435),#21,.F.);
#3842=ADVANCED_FACE('',(#436),#121,.T.);
#3843=ADVANCED_FACE('',(#437),#22,.F.);
#3844=ADVANCED_FACE('',(#438),#122,.T.);
#3845=ADVANCED_FACE('',(#439),#123,.T.);
#3846=ADVANCED_FACE('',(#440),#23,.F.);
#3847=ADVANCED_FACE('',(#441),#124,.T.);
#3848=ADVANCED_FACE('',(#442),#125,.T.);
#3849=ADVANCED_FACE('',(#443),#126,.T.);
#3850=ADVANCED_FACE('',(#444),#24,.F.);
#3851=ADVANCED_FACE('',(#445),#3688,.F.);
#3852=ADVANCED_FACE('',(#446),#3689,.F.);
#3853=ADVANCED_FACE('',(#447),#3690,.T.);
#3854=ADVANCED_FACE('',(#448),#127,.T.);
#3855=ADVANCED_FACE('',(#449),#3691,.T.);
#3856=ADVANCED_FACE('',(#450),#3692,.T.);
#3857=ADVANCED_FACE('',(#451),#128,.T.);
#3858=ADVANCED_FACE('',(#452),#3693,.F.);
#3859=ADVANCED_FACE('',(#453),#129,.T.);
#3860=ADVANCED_FACE('',(#454),#3694,.T.);
#3861=ADVANCED_FACE('',(#455),#130,.T.);
#3862=ADVANCED_FACE('',(#456),#3695,.T.);
#3863=ADVANCED_FACE('',(#457),#131,.T.);
#3864=ADVANCED_FACE('',(#458),#3696,.T.);
#3865=ADVANCED_FACE('',(#459),#3697,.T.);
#3866=ADVANCED_FACE('',(#460),#132,.T.);
#3867=ADVANCED_FACE('',(#461),#3698,.T.);
#3868=ADVANCED_FACE('',(#462),#133,.T.);
#3869=ADVANCED_FACE('',(#463),#3699,.T.);
#3870=ADVANCED_FACE('',(#464),#134,.T.);
#3871=ADVANCED_FACE('',(#465),#3700,.F.);
#3872=ADVANCED_FACE('',(#466),#135,.T.);
#3873=ADVANCED_FACE('',(#467),#3701,.T.);
#3874=ADVANCED_FACE('',(#468),#3702,.T.);
#3875=ADVANCED_FACE('',(#469),#136,.T.);
#3876=ADVANCED_FACE('',(#470),#3703,.T.);
#3877=ADVANCED_FACE('',(#471),#3704,.F.);
#3878=ADVANCED_FACE('',(#472),#3705,.F.);
#3879=ADVANCED_FACE('',(#473),#137,.T.);
#3880=ADVANCED_FACE('',(#474),#138,.T.);
#3881=ADVANCED_FACE('',(#475),#3706,.F.);
#3882=ADVANCED_FACE('',(#476),#3707,.F.);
#3883=ADVANCED_FACE('',(#477),#3708,.F.);
#3884=ADVANCED_FACE('',(#478),#3709,.F.);
#3885=ADVANCED_FACE('',(#479),#3710,.F.);
#3886=ADVANCED_FACE('',(#480),#3711,.F.);
#3887=ADVANCED_FACE('',(#481),#3712,.F.);
#3888=ADVANCED_FACE('',(#482),#3713,.T.);
#3889=ADVANCED_FACE('',(#483),#3714,.T.);
#3890=ADVANCED_FACE('',(#484),#139,.F.);
#3891=ADVANCED_FACE('',(#485),#3715,.F.);
#3892=ADVANCED_FACE('',(#486),#140,.F.);
#3893=ADVANCED_FACE('',(#487),#3716,.T.);
#3894=ADVANCED_FACE('',(#488),#3717,.F.);
#3895=ADVANCED_FACE('',(#489),#141,.T.);
#3896=ADVANCED_FACE('',(#490),#3718,.F.);
#3897=ADVANCED_FACE('',(#491),#142,.F.);
#3898=ADVANCED_FACE('',(#492),#3719,.T.);
#3899=ADVANCED_FACE('',(#493),#3720,.F.);
#3900=ADVANCED_FACE('',(#494),#143,.F.);
#3901=ADVANCED_FACE('',(#495),#3721,.T.);
#3902=ADVANCED_FACE('',(#496),#144,.F.);
#3903=ADVANCED_FACE('',(#497),#3722,.F.);
#3904=ADVANCED_FACE('',(#498),#145,.T.);
#3905=ADVANCED_FACE('',(#499),#3723,.F.);
#3906=ADVANCED_FACE('',(#500),#3724,.F.);
#3907=ADVANCED_FACE('',(#501),#146,.F.);
#3908=ADVANCED_FACE('',(#502),#147,.T.);
#3909=ADVANCED_FACE('',(#503),#148,.F.);
#3910=ADVANCED_FACE('',(#504),#3725,.F.);
#3911=ADVANCED_FACE('',(#505),#149,.F.);
#3912=ADVANCED_FACE('',(#506),#150,.F.);
#3913=ADVANCED_FACE('',(#507),#3726,.F.);
#3914=ADVANCED_FACE('',(#508),#151,.F.);
#3915=ADVANCED_FACE('',(#509),#152,.T.);
#3916=ADVANCED_FACE('',(#510),#153,.F.);
#3917=ADVANCED_FACE('',(#511),#3727,.F.);
#3918=ADVANCED_FACE('',(#512),#3728,.T.);
#3919=ADVANCED_FACE('',(#513),#154,.T.);
#3920=ADVANCED_FACE('',(#514),#3729,.F.);
#3921=ADVANCED_FACE('',(#515),#155,.F.);
#3922=ADVANCED_FACE('',(#516),#3730,.T.);
#3923=ADVANCED_FACE('',(#517),#156,.F.);
#3924=ADVANCED_FACE('',(#518),#3731,.T.);
#3925=ADVANCED_FACE('',(#519),#3732,.T.);
#3926=ADVANCED_FACE('',(#520),#157,.F.);
#3927=ADVANCED_FACE('',(#521),#3733,.F.);
#3928=ADVANCED_FACE('',(#522),#3734,.F.);
#3929=ADVANCED_FACE('',(#523),#158,.T.);
#3930=ADVANCED_FACE('',(#524),#3735,.F.);
#3931=ADVANCED_FACE('',(#525),#3736,.T.);
#3932=ADVANCED_FACE('',(#526),#159,.F.);
#3933=ADVANCED_FACE('',(#527),#3737,.F.);
#3934=ADVANCED_FACE('',(#528),#160,.F.);
#3935=ADVANCED_FACE('',(#529),#3738,.T.);
#3936=ADVANCED_FACE('',(#530),#3739,.T.);
#3937=ADVANCED_FACE('',(#531),#161,.T.);
#3938=ADVANCED_FACE('',(#532),#3740,.T.);
#3939=ADVANCED_FACE('',(#533),#162,.T.);
#3940=ADVANCED_FACE('',(#534),#3741,.F.);
#3941=ADVANCED_FACE('',(#535),#3742,.F.);
#3942=ADVANCED_FACE('',(#536),#3743,.F.);
#3943=ADVANCED_FACE('',(#537),#163,.F.);
#3944=ADVANCED_FACE('',(#538),#164,.F.);
#3945=ADVANCED_FACE('',(#539),#165,.F.);
#3946=ADVANCED_FACE('',(#540),#3744,.T.);
#3947=ADVANCED_FACE('',(#541),#166,.F.);
#3948=ADVANCED_FACE('',(#542),#3745,.T.);
#3949=ADVANCED_FACE('',(#543),#167,.F.);
#3950=ADVANCED_FACE('',(#544),#168,.F.);
#3951=ADVANCED_FACE('',(#545),#3746,.T.);
#3952=ADVANCED_FACE('',(#546),#169,.F.);
#3953=ADVANCED_FACE('',(#547),#3747,.T.);
#3954=ADVANCED_FACE('',(#548),#170,.F.);
#3955=ADVANCED_FACE('',(#549),#171,.F.);
#3956=ADVANCED_FACE('',(#550),#3748,.T.);
#3957=ADVANCED_FACE('',(#551),#172,.F.);
#3958=ADVANCED_FACE('',(#552),#3749,.F.);
#3959=ADVANCED_FACE('',(#553),#173,.T.);
#3960=ADVANCED_FACE('',(#554),#3750,.T.);
#3961=ADVANCED_FACE('',(#555),#174,.T.);
#3962=ADVANCED_FACE('',(#556),#3751,.T.);
#3963=ADVANCED_FACE('',(#557),#175,.T.);
#3964=ADVANCED_FACE('',(#558),#3752,.T.);
#3965=ADVANCED_FACE('',(#559),#176,.T.);
#3966=ADVANCED_FACE('',(#560),#3753,.T.);
#3967=ADVANCED_FACE('',(#561),#177,.T.);
#3968=ADVANCED_FACE('',(#562),#3754,.T.);
#3969=ADVANCED_FACE('',(#563),#178,.T.);
#3970=ADVANCED_FACE('',(#564),#3755,.T.);
#3971=ADVANCED_FACE('',(#565),#179,.T.);
#3972=ADVANCED_FACE('',(#566),#3756,.T.);
#3973=ADVANCED_FACE('',(#567),#180,.T.);
#3974=ADVANCED_FACE('',(#568),#3757,.T.);
#3975=ADVANCED_FACE('',(#569),#181,.T.);
#3976=ADVANCED_FACE('',(#570),#3758,.T.);
#3977=ADVANCED_FACE('',(#571),#182,.T.);
#3978=ADVANCED_FACE('',(#572),#3759,.T.);
#3979=ADVANCED_FACE('',(#573),#183,.T.);
#3980=ADVANCED_FACE('',(#574),#3760,.T.);
#3981=CLOSED_SHELL('',(#3761,#3762,#3763,#3764,#3765,#3766,#3767,#3768,
#3769,#3770,#3771,#3772,#3773,#3774,#3775,#3776,#3777,#3778,#3779,#3780,
#3781,#3782,#3783,#3784,#3785,#3786,#3787,#3788,#3789,#3790,#3791,#3792,
#3793,#3794,#3795,#3796,#3797,#3798,#3799,#3800,#3801,#3802,#3803,#3804,
#3805,#3806,#3807,#3808,#3809,#3810,#3811,#3812,#3813,#3814,#3815,#3816,
#3817,#3818,#3819,#3820,#3821,#3822,#3823,#3824,#3825,#3826,#3827,#3828,
#3829,#3830,#3831,#3832,#3833,#3834,#3835,#3836,#3837,#3838,#3839,#3840,
#3841,#3842,#3843,#3844,#3845,#3846,#3847,#3848,#3849,#3850,#3851,#3852,
#3853,#3854,#3855,#3856,#3857,#3858,#3859,#3860,#3861,#3862,#3863,#3864,
#3865,#3866,#3867,#3868,#3869,#3870,#3871,#3872,#3873,#3874,#3875,#3876,
#3877,#3878,#3879,#3880,#3881,#3882,#3883,#3884,#3885,#3886,#3887,#3888,
#3889,#3890,#3891,#3892,#3893,#3894,#3895,#3896,#3897,#3898,#3899,#3900,
#3901,#3902,#3903,#3904,#3905,#3906,#3907,#3908,#3909,#3910,#3911,#3912,
#3913,#3914,#3915,#3916,#3917,#3918,#3919,#3920,#3921,#3922,#3923,#3924,
#3925,#3926,#3927,#3928,#3929,#3930,#3931,#3932,#3933,#3934,#3935,#3936,
#3937,#3938,#3939,#3940,#3941,#3942,#3943,#3944,#3945,#3946,#3947,#3948,
#3949,#3950,#3951,#3952,#3953,#3954,#3955,#3956,#3957,#3958,#3959,#3960,
#3961,#3962,#3963,#3964,#3965,#3966,#3967,#3968,#3969,#3970,#3971,#3972,
#3973,#3974,#3975,#3976,#3977,#3978,#3979,#3980));
#3982=DERIVED_UNIT_ELEMENT(#3984,1.);
#3983=DERIVED_UNIT_ELEMENT(#7592,-3.);
#3984=(
MASS_UNIT()
NAMED_UNIT(*)
SI_UNIT(.KILO.,.GRAM.)
);
#3985=DERIVED_UNIT((#3982,#3983));
#3986=MEASURE_REPRESENTATION_ITEM('density measure',
POSITIVE_RATIO_MEASURE(7850.),#3985);
#3987=PROPERTY_DEFINITION_REPRESENTATION(#3992,#3989);
#3988=PROPERTY_DEFINITION_REPRESENTATION(#3993,#3990);
#3989=REPRESENTATION('material name',(#3991),#7589);
#3990=REPRESENTATION('density',(#3986),#7589);
#3991=DESCRIPTIVE_REPRESENTATION_ITEM('Steel','Steel');
#3992=PROPERTY_DEFINITION('material property','material name',#7599);
#3993=PROPERTY_DEFINITION('material property','density of part',#7599);
#3994=AXIS2_PLACEMENT_3D('',#5578,#4400,#4401);
#3995=AXIS2_PLACEMENT_3D('',#5579,#4402,#4403);
#3996=AXIS2_PLACEMENT_3D('',#5588,#4408,#4409);
#3997=AXIS2_PLACEMENT_3D('',#5592,#4411,#4412);
#3998=AXIS2_PLACEMENT_3D('',#5593,#4413,#4414);
#3999=AXIS2_PLACEMENT_3D('',#5594,#4415,#4416);
#4000=AXIS2_PLACEMENT_3D('',#5600,#4420,#4421);
#4001=AXIS2_PLACEMENT_3D('',#5601,#4422,#4423);
#4002=AXIS2_PLACEMENT_3D('',#5602,#4424,#4425);
#4003=AXIS2_PLACEMENT_3D('',#5603,#4426,#4427);
#4004=AXIS2_PLACEMENT_3D('',#5607,#4429,#4430);
#4005=AXIS2_PLACEMENT_3D('',#5609,#4432,#4433);
#4006=AXIS2_PLACEMENT_3D('',#5613,#4436,#4437);
#4007=AXIS2_PLACEMENT_3D('',#5616,#4438,#4439);
#4008=AXIS2_PLACEMENT_3D('',#5626,#4444,#4445);
#4009=AXIS2_PLACEMENT_3D('',#5632,#4448,#4449);
#4010=AXIS2_PLACEMENT_3D('',#5636,#4451,#4452);
#4011=AXIS2_PLACEMENT_3D('',#5640,#4454,#4455);
#4012=AXIS2_PLACEMENT_3D('',#5644,#4457,#4458);
#4013=AXIS2_PLACEMENT_3D('',#5652,#4462,#4463);
#4014=AXIS2_PLACEMENT_3D('',#5656,#4465,#4466);
#4015=AXIS2_PLACEMENT_3D('',#5660,#4468,#4469);
#4016=AXIS2_PLACEMENT_3D('',#5664,#4471,#4472);
#4017=AXIS2_PLACEMENT_3D('',#5672,#4476,#4477);
#4018=AXIS2_PLACEMENT_3D('',#5675,#4479,#4480);
#4019=AXIS2_PLACEMENT_3D('',#5680,#4482,#4483);
#4020=AXIS2_PLACEMENT_3D('',#5683,#4485,#4486);
#4021=AXIS2_PLACEMENT_3D('',#5688,#4488,#4489);
#4022=AXIS2_PLACEMENT_3D('',#5691,#4491,#4492);
#4023=AXIS2_PLACEMENT_3D('',#5692,#4493,#4494);
#4024=AXIS2_PLACEMENT_3D('',#5698,#4498,#4499);
#4025=AXIS2_PLACEMENT_3D('',#5701,#4501,#4502);
#4026=AXIS2_PLACEMENT_3D('',#5702,#4503,#4504);
#4027=AXIS2_PLACEMENT_3D('',#5706,#4507,#4508);
#4028=AXIS2_PLACEMENT_3D('',#5707,#4509,#4510);
#4029=AXIS2_PLACEMENT_3D('',#5708,#4511,#4512);
#4030=AXIS2_PLACEMENT_3D('',#5712,#4514,#4515);
#4031=AXIS2_PLACEMENT_3D('',#5714,#4517,#4518);
#4032=AXIS2_PLACEMENT_3D('',#5718,#4521,#4522);
#4033=AXIS2_PLACEMENT_3D('',#5724,#4526,#4527);
#4034=AXIS2_PLACEMENT_3D('',#5727,#4529,#4530);
#4035=AXIS2_PLACEMENT_3D('',#5728,#4531,#4532);
#4036=AXIS2_PLACEMENT_3D('',#5732,#4535,#4536);
#4037=AXIS2_PLACEMENT_3D('',#5733,#4537,#4538);
#4038=AXIS2_PLACEMENT_3D('',#5734,#4539,#4540);
#4039=AXIS2_PLACEMENT_3D('',#5738,#4542,#4543);
#4040=AXIS2_PLACEMENT_3D('',#5740,#4545,#4546);
#4041=AXIS2_PLACEMENT_3D('',#5744,#4549,#4550);
#4042=AXIS2_PLACEMENT_3D('',#5750,#4554,#4555);
#4043=AXIS2_PLACEMENT_3D('',#5753,#4557,#4558);
#4044=AXIS2_PLACEMENT_3D('',#5754,#4559,#4560);
#4045=AXIS2_PLACEMENT_3D('',#5758,#4563,#4564);
#4046=AXIS2_PLACEMENT_3D('',#5759,#4565,#4566);
#4047=AXIS2_PLACEMENT_3D('',#5760,#4567,#4568);
#4048=AXIS2_PLACEMENT_3D('',#5764,#4570,#4571);
#4049=AXIS2_PLACEMENT_3D('',#5766,#4573,#4574);
#4050=AXIS2_PLACEMENT_3D('',#5770,#4577,#4578);
#4051=AXIS2_PLACEMENT_3D('',#5773,#4580,#4581);
#4052=AXIS2_PLACEMENT_3D('',#5774,#4582,#4583);
#4053=AXIS2_PLACEMENT_3D('',#5776,#4585,#4586);
#4054=AXIS2_PLACEMENT_3D('',#5777,#4587,#4588);
#4055=AXIS2_PLACEMENT_3D('',#5781,#4591,#4592);
#4056=AXIS2_PLACEMENT_3D('',#5782,#4593,#4594);
#4057=AXIS2_PLACEMENT_3D('',#5783,#4595,#4596);
#4058=AXIS2_PLACEMENT_3D('',#5784,#4597,#4598);
#4059=AXIS2_PLACEMENT_3D('',#5788,#4601,#4602);
#4060=AXIS2_PLACEMENT_3D('',#5789,#4603,#4604);
#4061=AXIS2_PLACEMENT_3D('',#5790,#4605,#4606);
#4062=AXIS2_PLACEMENT_3D('',#5791,#4607,#4608);
#4063=AXIS2_PLACEMENT_3D('',#5794,#4610,#4611);
#4064=AXIS2_PLACEMENT_3D('',#5795,#4612,#4613);
#4065=AXIS2_PLACEMENT_3D('',#5797,#4615,#4616);
#4066=AXIS2_PLACEMENT_3D('',#5798,#4617,#4618);
#4067=AXIS2_PLACEMENT_3D('',#5801,#4619,#4620);
#4068=AXIS2_PLACEMENT_3D('',#5805,#4622,#4623);
#4069=AXIS2_PLACEMENT_3D('',#5807,#4625,#4626);
#4070=AXIS2_PLACEMENT_3D('',#5811,#4628,#4629);
#4071=AXIS2_PLACEMENT_3D('',#5815,#4631,#4632);
#4072=AXIS2_PLACEMENT_3D('',#5819,#4634,#4635);
#4073=AXIS2_PLACEMENT_3D('',#5821,#4637,#4638);
#4074=AXIS2_PLACEMENT_3D('',#5825,#4641,#4642);
#4075=AXIS2_PLACEMENT_3D('',#5827,#4643,#4644);
#4076=AXIS2_PLACEMENT_3D('',#5829,#4646,#4647);
#4077=AXIS2_PLACEMENT_3D('',#5833,#4649,#4650);
#4078=AXIS2_PLACEMENT_3D('',#5835,#4652,#4653);
#4079=AXIS2_PLACEMENT_3D('',#5839,#4656,#4657);
#4080=AXIS2_PLACEMENT_3D('',#5841,#4658,#4659);
#4081=AXIS2_PLACEMENT_3D('',#5843,#4661,#4662);
#4082=AXIS2_PLACEMENT_3D('',#5845,#4664,#4665);
#4083=AXIS2_PLACEMENT_3D('',#5847,#4667,#4668);
#4084=AXIS2_PLACEMENT_3D('',#5850,#4669,#4670);
#4085=AXIS2_PLACEMENT_3D('',#5854,#4672,#4673);
#4086=AXIS2_PLACEMENT_3D('',#5856,#4675,#4676);
#4087=AXIS2_PLACEMENT_3D('',#5870,#4684,#4685);
#4088=AXIS2_PLACEMENT_3D('',#5874,#4687,#4688);
#4089=AXIS2_PLACEMENT_3D('',#5884,#4693,#4694);
#4090=AXIS2_PLACEMENT_3D('',#5888,#4696,#4697);
#4091=AXIS2_PLACEMENT_3D('',#5892,#4699,#4700);
#4092=AXIS2_PLACEMENT_3D('',#5896,#4702,#4703);
#4093=AXIS2_PLACEMENT_3D('',#5900,#4705,#4706);
#4094=AXIS2_PLACEMENT_3D('',#5904,#4708,#4709);
#4095=AXIS2_PLACEMENT_3D('',#5908,#4711,#4712);
#4096=AXIS2_PLACEMENT_3D('',#5910,#4713,#4714);
#4097=AXIS2_PLACEMENT_3D('',#5914,#4716,#4717);
#4098=AXIS2_PLACEMENT_3D('',#5918,#4719,#4720);
#4099=AXIS2_PLACEMENT_3D('',#5922,#4722,#4723);
#4100=AXIS2_PLACEMENT_3D('',#5926,#4725,#4726);
#4101=AXIS2_PLACEMENT_3D('',#5930,#4728,#4729);
#4102=AXIS2_PLACEMENT_3D('',#5934,#4731,#4732);
#4103=AXIS2_PLACEMENT_3D('',#5938,#4734,#4735);
#4104=AXIS2_PLACEMENT_3D('',#5944,#4738,#4739);
#4105=AXIS2_PLACEMENT_3D('',#5954,#4744,#4745);
#4106=AXIS2_PLACEMENT_3D('',#5960,#4748,#4749);
#4107=AXIS2_PLACEMENT_3D('',#5964,#4751,#4752);
#4108=AXIS2_PLACEMENT_3D('',#5968,#4754,#4755);
#4109=AXIS2_PLACEMENT_3D('',#5972,#4757,#4758);
#4110=AXIS2_PLACEMENT_3D('',#5976,#4760,#4761);
#4111=AXIS2_PLACEMENT_3D('',#5980,#4763,#4764);
#4112=AXIS2_PLACEMENT_3D('',#5984,#4766,#4767);
#4113=AXIS2_PLACEMENT_3D('',#5988,#4769,#4770);
#4114=AXIS2_PLACEMENT_3D('',#5990,#4771,#4772);
#4115=AXIS2_PLACEMENT_3D('',#5994,#4774,#4775);
#4116=AXIS2_PLACEMENT_3D('',#5998,#4777,#4778);
#4117=AXIS2_PLACEMENT_3D('',#6002,#4780,#4781);
#4118=AXIS2_PLACEMENT_3D('',#6005,#4783,#4784);
#4119=AXIS2_PLACEMENT_3D('',#6007,#4785,#4786);
#4120=AXIS2_PLACEMENT_3D('',#6009,#4787,#4788);
#4121=AXIS2_PLACEMENT_3D('',#6011,#4789,#4790);
#4122=AXIS2_PLACEMENT_3D('',#6013,#4791,#4792);
#4123=AXIS2_PLACEMENT_3D('',#6015,#4793,#4794);
#4124=AXIS2_PLACEMENT_3D('',#6017,#4795,#4796);
#4125=AXIS2_PLACEMENT_3D('',#6019,#4797,#4798);
#4126=AXIS2_PLACEMENT_3D('',#6021,#4799,#4800);
#4127=AXIS2_PLACEMENT_3D('',#6023,#4801,#4802);
#4128=AXIS2_PLACEMENT_3D('',#6025,#4803,#4804);
#4129=AXIS2_PLACEMENT_3D('',#6027,#4805,#4806);
#4130=AXIS2_PLACEMENT_3D('',#6028,#4807,#4808);
#4131=AXIS2_PLACEMENT_3D('',#6032,#4810,#4811);
#4132=AXIS2_PLACEMENT_3D('',#6034,#4813,#4814);
#4133=AXIS2_PLACEMENT_3D('',#6038,#4817,#4818);
#4134=AXIS2_PLACEMENT_3D('',#6041,#4819,#4820);
#4135=AXIS2_PLACEMENT_3D('',#6044,#4823,#4824);
#4136=AXIS2_PLACEMENT_3D('',#6048,#4827,#4828);
#4137=AXIS2_PLACEMENT_3D('',#6051,#4830,#4831);
#4138=AXIS2_PLACEMENT_3D('',#6052,#4832,#4833);
#4139=AXIS2_PLACEMENT_3D('',#6056,#4836,#4837);
#4140=AXIS2_PLACEMENT_3D('',#6059,#4839,#4840);
#4141=AXIS2_PLACEMENT_3D('',#6060,#4841,#4842);
#4142=AXIS2_PLACEMENT_3D('',#6070,#4847,#4848);
#4143=AXIS2_PLACEMENT_3D('',#6074,#4850,#4851);
#4144=AXIS2_PLACEMENT_3D('',#6081,#4856,#4857);
#4145=AXIS2_PLACEMENT_3D('',#6085,#4859,#4860);
#4146=AXIS2_PLACEMENT_3D('',#6087,#4862,#4863);
#4147=AXIS2_PLACEMENT_3D('',#6091,#4866,#4867);
#4148=AXIS2_PLACEMENT_3D('',#6092,#4868,#4869);
#4149=AXIS2_PLACEMENT_3D('',#6093,#4870,#4871);
#4150=AXIS2_PLACEMENT_3D('',#6097,#4873,#4874);
#4151=AXIS2_PLACEMENT_3D('',#6099,#4876,#4877);
#4152=AXIS2_PLACEMENT_3D('',#6101,#4879,#4880);
#4153=AXIS2_PLACEMENT_3D('',#6103,#4881,#4882);
#4154=AXIS2_PLACEMENT_3D('',#6107,#4884,#4885);
#4155=AXIS2_PLACEMENT_3D('',#6109,#4886,#4887);
#4156=AXIS2_PLACEMENT_3D('',#6111,#4888,#4889);
#4157=AXIS2_PLACEMENT_3D('',#6117,#4892,#4893);
#4158=AXIS2_PLACEMENT_3D('',#6121,#4895,#4896);
#4159=AXIS2_PLACEMENT_3D('',#6125,#4898,#4899);
#4160=AXIS2_PLACEMENT_3D('',#6131,#4902,#4903);
#4161=AXIS2_PLACEMENT_3D('',#6137,#4906,#4907);
#4162=AXIS2_PLACEMENT_3D('',#6143,#4910,#4911);
#4163=AXIS2_PLACEMENT_3D('',#6147,#4913,#4914);
#4164=AXIS2_PLACEMENT_3D('',#6153,#4917,#4918);
#4165=AXIS2_PLACEMENT_3D('',#6157,#4920,#4921);
#4166=AXIS2_PLACEMENT_3D('',#6163,#4924,#4925);
#4167=AXIS2_PLACEMENT_3D('',#6167,#4927,#4928);
#4168=AXIS2_PLACEMENT_3D('',#6173,#4931,#4932);
#4169=AXIS2_PLACEMENT_3D('',#6176,#4934,#4935);
#4170=AXIS2_PLACEMENT_3D('',#6182,#4938,#4939);
#4171=AXIS2_PLACEMENT_3D('',#6186,#4941,#4942);
#4172=AXIS2_PLACEMENT_3D('',#6190,#4944,#4945);
#4173=AXIS2_PLACEMENT_3D('',#6196,#4948,#4949);
#4174=AXIS2_PLACEMENT_3D('',#6198,#4950,#4951);
#4175=AXIS2_PLACEMENT_3D('',#6200,#4952,#4953);
#4176=AXIS2_PLACEMENT_3D('',#6203,#4955,#4956);
#4177=AXIS2_PLACEMENT_3D('',#6204,#4957,#4958);
#4178=AXIS2_PLACEMENT_3D('',#6261,#4960,#4961);
#4179=AXIS2_PLACEMENT_3D('',#6262,#4962,#4963);
#4180=AXIS2_PLACEMENT_3D('',#6263,#4964,#4965);
#4181=AXIS2_PLACEMENT_3D('',#6267,#4967,#4968);
#4182=AXIS2_PLACEMENT_3D('',#6268,#4969,#4970);
#4183=AXIS2_PLACEMENT_3D('',#6366,#4971,#4972);
#4184=AXIS2_PLACEMENT_3D('',#6430,#4974,#4975);
#4185=AXIS2_PLACEMENT_3D('',#6432,#4976,#4977);
#4186=AXIS2_PLACEMENT_3D('',#6434,#4979,#4980);
#4187=AXIS2_PLACEMENT_3D('',#6501,#4983,#4984);
#4188=AXIS2_PLACEMENT_3D('',#6538,#4985,#4986);
#4189=AXIS2_PLACEMENT_3D('',#6539,#4987,#4988);
#4190=AXIS2_PLACEMENT_3D('',#6540,#4989,#4990);
#4191=AXIS2_PLACEMENT_3D('',#6631,#4992,#4993);
#4192=AXIS2_PLACEMENT_3D('',#6633,#4994,#4995);
#4193=AXIS2_PLACEMENT_3D('',#6638,#4996,#4997);
#4194=AXIS2_PLACEMENT_3D('',#6679,#4999,#5000);
#4195=AXIS2_PLACEMENT_3D('',#6681,#5001,#5002);
#4196=AXIS2_PLACEMENT_3D('',#6686,#5003,#5004);
#4197=AXIS2_PLACEMENT_3D('',#6688,#5005,#5006);
#4198=AXIS2_PLACEMENT_3D('',#6711,#5008,#5009);
#4199=AXIS2_PLACEMENT_3D('',#6712,#5010,#5011);
#4200=AXIS2_PLACEMENT_3D('',#6713,#5012,#5013);
#4201=AXIS2_PLACEMENT_3D('',#6715,#5015,#5016);
#4202=AXIS2_PLACEMENT_3D('',#6716,#5017,#5018);
#4203=AXIS2_PLACEMENT_3D('',#6717,#5019,#5020);
#4204=AXIS2_PLACEMENT_3D('',#6718,#5021,#5022);
#4205=AXIS2_PLACEMENT_3D('',#6720,#5023,#5024);
#4206=AXIS2_PLACEMENT_3D('',#6743,#5026,#5027);
#4207=AXIS2_PLACEMENT_3D('',#6744,#5028,#5029);
#4208=AXIS2_PLACEMENT_3D('',#6745,#5030,#5031);
#4209=AXIS2_PLACEMENT_3D('',#6747,#5032,#5033);
#4210=AXIS2_PLACEMENT_3D('',#6775,#5035,#5036);
#4211=AXIS2_PLACEMENT_3D('',#6795,#5037,#5038);
#4212=AXIS2_PLACEMENT_3D('',#6797,#5039,#5040);
#4213=AXIS2_PLACEMENT_3D('',#6835,#5042,#5043);
#4214=AXIS2_PLACEMENT_3D('',#6899,#5044,#5045);
#4215=AXIS2_PLACEMENT_3D('',#6901,#5047,#5048);
#4216=AXIS2_PLACEMENT_3D('',#6903,#5049,#5050);
#4217=AXIS2_PLACEMENT_3D('',#6941,#5052,#5053);
#4218=AXIS2_PLACEMENT_3D('',#7003,#5054,#5055);
#4219=AXIS2_PLACEMENT_3D('',#7009,#5058,#5059);
#4220=AXIS2_PLACEMENT_3D('',#7010,#5060,#5061);
#4221=AXIS2_PLACEMENT_3D('',#7011,#5062,#5063);
#4222=AXIS2_PLACEMENT_3D('',#7075,#5065,#5066);
#4223=AXIS2_PLACEMENT_3D('',#7165,#5068,#5069);
#4224=AXIS2_PLACEMENT_3D('',#7171,#5071,#5072);
#4225=AXIS2_PLACEMENT_3D('',#7174,#5075,#5076);
#4226=AXIS2_PLACEMENT_3D('',#7176,#5078,#5079);
#4227=AXIS2_PLACEMENT_3D('',#7180,#5082,#5083);
#4228=AXIS2_PLACEMENT_3D('',#7182,#5085,#5086);
#4229=AXIS2_PLACEMENT_3D('',#7184,#5088,#5089);
#4230=AXIS2_PLACEMENT_3D('',#7186,#5091,#5092);
#4231=AXIS2_PLACEMENT_3D('',#7188,#5094,#5095);
#4232=AXIS2_PLACEMENT_3D('',#7190,#5097,#5098);
#4233=AXIS2_PLACEMENT_3D('',#7192,#5100,#5101);
#4234=AXIS2_PLACEMENT_3D('',#7194,#5103,#5104);
#4235=AXIS2_PLACEMENT_3D('',#7196,#5106,#5107);
#4236=AXIS2_PLACEMENT_3D('',#7198,#5109,#5110);
#4237=AXIS2_PLACEMENT_3D('',#7200,#5112,#5113);
#4238=AXIS2_PLACEMENT_3D('',#7204,#5116,#5117);
#4239=AXIS2_PLACEMENT_3D('',#7209,#5121,#5122);
#4240=AXIS2_PLACEMENT_3D('',#7211,#5124,#5125);
#4241=AXIS2_PLACEMENT_3D('',#7213,#5127,#5128);
#4242=AXIS2_PLACEMENT_3D('',#7215,#5130,#5131);
#4243=AXIS2_PLACEMENT_3D('',#7217,#5133,#5134);
#4244=AXIS2_PLACEMENT_3D('',#7219,#5136,#5137);
#4245=AXIS2_PLACEMENT_3D('',#7221,#5139,#5140);
#4246=AXIS2_PLACEMENT_3D('',#7223,#5142,#5143);
#4247=AXIS2_PLACEMENT_3D('',#7225,#5145,#5146);
#4248=AXIS2_PLACEMENT_3D('',#7227,#5148,#5149);
#4249=AXIS2_PLACEMENT_3D('',#7229,#5151,#5152);
#4250=AXIS2_PLACEMENT_3D('',#7230,#5153,#5154);
#4251=AXIS2_PLACEMENT_3D('',#7231,#5155,#5156);
#4252=AXIS2_PLACEMENT_3D('',#7232,#5157,#5158);
#4253=AXIS2_PLACEMENT_3D('',#7233,#5159,#5160);
#4254=AXIS2_PLACEMENT_3D('',#7234,#5161,#5162);
#4255=AXIS2_PLACEMENT_3D('',#7235,#5163,#5164);
#4256=AXIS2_PLACEMENT_3D('',#7236,#5165,#5166);
#4257=AXIS2_PLACEMENT_3D('',#7239,#5167,#5168);
#4258=AXIS2_PLACEMENT_3D('',#7243,#5170,#5171);
#4259=AXIS2_PLACEMENT_3D('',#7247,#5173,#5174);
#4260=AXIS2_PLACEMENT_3D('',#7251,#5176,#5177);
#4261=AXIS2_PLACEMENT_3D('',#7255,#5179,#5180);
#4262=AXIS2_PLACEMENT_3D('',#7257,#5181,#5182);
#4263=AXIS2_PLACEMENT_3D('',#7259,#5183,#5184);
#4264=AXIS2_PLACEMENT_3D('',#7265,#5187,#5188);
#4265=AXIS2_PLACEMENT_3D('',#7267,#5190,#5191);
#4266=AXIS2_PLACEMENT_3D('',#7269,#5192,#5193);
#4267=AXIS2_PLACEMENT_3D('',#7273,#5195,#5196);
#4268=AXIS2_PLACEMENT_3D('',#7278,#5199,#5200);
#4269=AXIS2_PLACEMENT_3D('',#7279,#5201,#5202);
#4270=AXIS2_PLACEMENT_3D('',#7282,#5203,#5204);
#4271=AXIS2_PLACEMENT_3D('',#7286,#5206,#5207);
#4272=AXIS2_PLACEMENT_3D('',#7290,#5209,#5210);
#4273=AXIS2_PLACEMENT_3D('',#7294,#5213,#5214);
#4274=AXIS2_PLACEMENT_3D('',#7299,#5216,#5217);
#4275=AXIS2_PLACEMENT_3D('',#7303,#5219,#5220);
#4276=AXIS2_PLACEMENT_3D('',#7307,#5222,#5223);
#4277=AXIS2_PLACEMENT_3D('',#7311,#5225,#5226);
#4278=AXIS2_PLACEMENT_3D('',#7315,#5228,#5229);
#4279=AXIS2_PLACEMENT_3D('',#7321,#5232,#5233);
#4280=AXIS2_PLACEMENT_3D('',#7323,#5234,#5235);
#4281=AXIS2_PLACEMENT_3D('',#7324,#5236,#5237);
#4282=AXIS2_PLACEMENT_3D('',#7325,#5238,#5239);
#4283=AXIS2_PLACEMENT_3D('',#7327,#5240,#5241);
#4284=AXIS2_PLACEMENT_3D('',#7331,#5243,#5244);
#4285=AXIS2_PLACEMENT_3D('',#7337,#5247,#5248);
#4286=AXIS2_PLACEMENT_3D('',#7341,#5251,#5252);
#4287=AXIS2_PLACEMENT_3D('',#7344,#5253,#5254);
#4288=AXIS2_PLACEMENT_3D('',#7350,#5257,#5258);
#4289=AXIS2_PLACEMENT_3D('',#7354,#5261,#5262);
#4290=AXIS2_PLACEMENT_3D('',#7361,#5265,#5266);
#4291=AXIS2_PLACEMENT_3D('',#7366,#5269,#5270);
#4292=AXIS2_PLACEMENT_3D('',#7367,#5271,#5272);
#4293=AXIS2_PLACEMENT_3D('',#7370,#5275,#5276);
#4294=AXIS2_PLACEMENT_3D('',#7372,#5278,#5279);
#4295=AXIS2_PLACEMENT_3D('',#7374,#5281,#5282);
#4296=AXIS2_PLACEMENT_3D('',#7381,#5287,#5288);
#4297=AXIS2_PLACEMENT_3D('',#7383,#5289,#5290);
#4298=AXIS2_PLACEMENT_3D('',#7385,#5292,#5293);
#4299=AXIS2_PLACEMENT_3D('',#7389,#5296,#5297);
#4300=AXIS2_PLACEMENT_3D('',#7393,#5300,#5301);
#4301=AXIS2_PLACEMENT_3D('',#7395,#5302,#5303);
#4302=AXIS2_PLACEMENT_3D('',#7397,#5305,#5306);
#4303=AXIS2_PLACEMENT_3D('',#7399,#5308,#5309);
#4304=AXIS2_PLACEMENT_3D('',#7401,#5311,#5312);
#4305=AXIS2_PLACEMENT_3D('',#7403,#5314,#5315);
#4306=AXIS2_PLACEMENT_3D('',#7405,#5317,#5318);
#4307=AXIS2_PLACEMENT_3D('',#7407,#5320,#5321);
#4308=AXIS2_PLACEMENT_3D('',#7411,#5325,#5326);
#4309=AXIS2_PLACEMENT_3D('',#7413,#5328,#5329);
#4310=AXIS2_PLACEMENT_3D('',#7415,#5331,#5332);
#4311=AXIS2_PLACEMENT_3D('',#7417,#5334,#5335);
#4312=AXIS2_PLACEMENT_3D('',#7419,#5337,#5338);
#4313=AXIS2_PLACEMENT_3D('',#7421,#5340,#5341);
#4314=AXIS2_PLACEMENT_3D('',#7423,#5343,#5344);
#4315=AXIS2_PLACEMENT_3D('',#7425,#5346,#5347);
#4316=AXIS2_PLACEMENT_3D('',#7427,#5349,#5350);
#4317=AXIS2_PLACEMENT_3D('',#7430,#5353,#5354);
#4318=AXIS2_PLACEMENT_3D('',#7431,#5355,#5356);
#4319=AXIS2_PLACEMENT_3D('',#7433,#5358,#5359);
#4320=AXIS2_PLACEMENT_3D('',#7436,#5362,#5363);
#4321=AXIS2_PLACEMENT_3D('',#7438,#5365,#5366);
#4322=AXIS2_PLACEMENT_3D('',#7440,#5368,#5369);
#4323=AXIS2_PLACEMENT_3D('',#7442,#5371,#5372);
#4324=AXIS2_PLACEMENT_3D('',#7444,#5374,#5375);
#4325=AXIS2_PLACEMENT_3D('',#7446,#5377,#5378);
#4326=AXIS2_PLACEMENT_3D('',#7448,#5380,#5381);
#4327=AXIS2_PLACEMENT_3D('',#7450,#5383,#5384);
#4328=AXIS2_PLACEMENT_3D('',#7452,#5386,#5387);
#4329=AXIS2_PLACEMENT_3D('',#7456,#5391,#5392);
#4330=AXIS2_PLACEMENT_3D('',#7458,#5394,#5395);
#4331=AXIS2_PLACEMENT_3D('',#7460,#5397,#5398);
#4332=AXIS2_PLACEMENT_3D('',#7462,#5400,#5401);
#4333=AXIS2_PLACEMENT_3D('',#7464,#5403,#5404);
#4334=AXIS2_PLACEMENT_3D('',#7467,#5407,#5408);
#4335=AXIS2_PLACEMENT_3D('',#7469,#5410,#5411);
#4336=AXIS2_PLACEMENT_3D('',#7471,#5413,#5414);
#4337=AXIS2_PLACEMENT_3D('',#7473,#5416,#5417);
#4338=AXIS2_PLACEMENT_3D('',#7475,#5419,#5420);
#4339=AXIS2_PLACEMENT_3D('',#7477,#5422,#5423);
#4340=AXIS2_PLACEMENT_3D('',#7481,#5427,#5428);
#4341=AXIS2_PLACEMENT_3D('',#7483,#5430,#5431);
#4342=AXIS2_PLACEMENT_3D('',#7485,#5433,#5434);
#4343=AXIS2_PLACEMENT_3D('',#7487,#5436,#5437);
#4344=AXIS2_PLACEMENT_3D('',#7489,#5439,#5440);
#4345=AXIS2_PLACEMENT_3D('',#7497,#5445,#5446);
#4346=AXIS2_PLACEMENT_3D('',#7498,#5447,#5448);
#4347=AXIS2_PLACEMENT_3D('',#7499,#5449,#5450);
#4348=AXIS2_PLACEMENT_3D('',#7501,#5451,#5452);
#4349=AXIS2_PLACEMENT_3D('',#7503,#5454,#5455);
#4350=AXIS2_PLACEMENT_3D('',#7506,#5458,#5459);
#4351=AXIS2_PLACEMENT_3D('',#7507,#5460,#5461);
#4352=AXIS2_PLACEMENT_3D('',#7508,#5462,#5463);
#4353=AXIS2_PLACEMENT_3D('',#7509,#5464,#5465);
#4354=AXIS2_PLACEMENT_3D('',#7511,#5467,#5468);
#4355=AXIS2_PLACEMENT_3D('',#7513,#5470,#5471);
#4356=AXIS2_PLACEMENT_3D('',#7515,#5473,#5474);
#4357=AXIS2_PLACEMENT_3D('',#7517,#5476,#5477);
#4358=AXIS2_PLACEMENT_3D('',#7518,#5478,#5479);
#4359=AXIS2_PLACEMENT_3D('',#7520,#5481,#5482);
#4360=AXIS2_PLACEMENT_3D('',#7522,#5484,#5485);
#4361=AXIS2_PLACEMENT_3D('',#7524,#5487,#5488);
#4362=AXIS2_PLACEMENT_3D('',#7526,#5490,#5491);
#4363=AXIS2_PLACEMENT_3D('',#7527,#5492,#5493);
#4364=AXIS2_PLACEMENT_3D('',#7528,#5494,#5495);
#4365=AXIS2_PLACEMENT_3D('',#7530,#5497,#5498);
#4366=AXIS2_PLACEMENT_3D('',#7531,#5499,#5500);
#4367=AXIS2_PLACEMENT_3D('',#7532,#5501,#5502);
#4368=AXIS2_PLACEMENT_3D('',#7534,#5503,#5504);
#4369=AXIS2_PLACEMENT_3D('',#7536,#5506,#5507);
#4370=AXIS2_PLACEMENT_3D('',#7537,#5508,#5509);
#4371=AXIS2_PLACEMENT_3D('',#7539,#5510,#5511);
#4372=AXIS2_PLACEMENT_3D('',#7541,#5513,#5514);
#4373=AXIS2_PLACEMENT_3D('',#7542,#5515,#5516);
#4374=AXIS2_PLACEMENT_3D('',#7544,#5517,#5518);
#4375=AXIS2_PLACEMENT_3D('',#7546,#5520,#5521);
#4376=AXIS2_PLACEMENT_3D('',#7547,#5522,#5523);
#4377=AXIS2_PLACEMENT_3D('',#7549,#5524,#5525);
#4378=AXIS2_PLACEMENT_3D('',#7551,#5527,#5528);
#4379=AXIS2_PLACEMENT_3D('',#7552,#5529,#5530);
#4380=AXIS2_PLACEMENT_3D('',#7554,#5531,#5532);
#4381=AXIS2_PLACEMENT_3D('',#7556,#5534,#5535);
#4382=AXIS2_PLACEMENT_3D('',#7557,#5536,#5537);
#4383=AXIS2_PLACEMENT_3D('',#7559,#5538,#5539);
#4384=AXIS2_PLACEMENT_3D('',#7561,#5541,#5542);
#4385=AXIS2_PLACEMENT_3D('',#7562,#5543,#5544);
#4386=AXIS2_PLACEMENT_3D('',#7564,#5545,#5546);
#4387=AXIS2_PLACEMENT_3D('',#7566,#5548,#5549);
#4388=AXIS2_PLACEMENT_3D('',#7567,#5550,#5551);
#4389=AXIS2_PLACEMENT_3D('',#7569,#5552,#5553);
#4390=AXIS2_PLACEMENT_3D('',#7571,#5555,#5556);
#4391=AXIS2_PLACEMENT_3D('',#7572,#5557,#5558);
#4392=AXIS2_PLACEMENT_3D('',#7574,#5559,#5560);
#4393=AXIS2_PLACEMENT_3D('',#7576,#5562,#5563);
#4394=AXIS2_PLACEMENT_3D('',#7577,#5564,#5565);
#4395=AXIS2_PLACEMENT_3D('',#7579,#5566,#5567);
#4396=AXIS2_PLACEMENT_3D('',#7581,#5569,#5570);
#4397=AXIS2_PLACEMENT_3D('',#7582,#5571,#5572);
#4398=AXIS2_PLACEMENT_3D('',#7584,#5573,#5574);
#4399=AXIS2_PLACEMENT_3D('',#7586,#5576,#5577);
#4400=DIRECTION('axis',(0.,0.,1.));
#4401=DIRECTION('refdir',(1.,0.,0.));
#4402=DIRECTION('center_axis',(-0.704292827596036,-0.0011525050198129,-0.709908645340342));
#4403=DIRECTION('ref_axis',(-0.709909116815217,0.,0.704293295341251));
#4404=DIRECTION('',(0.704292827595977,0.124409338452294,-0.698923407465171));
#4405=DIRECTION('',(0.089124777663891,-0.992230310078287,-0.0868089037386625));
#4406=DIRECTION('',(-0.704292827595981,-0.124409338452253,0.698923407465175));
#4407=DIRECTION('',(-0.089124777663891,0.992230310078287,0.0868089037386625));
#4408=DIRECTION('center_axis',(0.,0.0871557427476598,-0.996194698091745));
#4409=DIRECTION('ref_axis',(-0.996020468668371,-0.0887856309773743,-0.00776773619451639));
#4410=DIRECTION('',(-0.704292827595774,-0.00115250501974449,-0.709908645340601));
#4411=DIRECTION('center_axis',(0.,0.0871557427476582,-0.996194698091746));
#4412=DIRECTION('ref_axis',(-0.996020468668371,-0.0887856309773742,-0.00776773619451635));
#4413=DIRECTION('center_axis',(0.,-0.0871557427476582,0.996194698091746));
#4414=DIRECTION('ref_axis',(-0.996020468668371,-0.0887856309773743,-0.00776773619451643));
#4415=DIRECTION('center_axis',(0.704292827595983,0.124409338452247,-0.698923407465173));
#4416=DIRECTION('ref_axis',(-0.704395873508214,0.,-0.709807335397853));
#4417=DIRECTION('',(-0.704292827596034,-0.00115250501983695,-0.709908645340344));
#4418=DIRECTION('',(-0.089124777663891,0.992230310078287,0.0868089037386625));
#4419=DIRECTION('',(0.089124777663891,-0.992230310078287,-0.0868089037386625));
#4420=DIRECTION('center_axis',(0.,0.0871557427476573,-0.996194698091746));
#4421=DIRECTION('ref_axis',(0.996020468668371,0.0887856309773752,0.00776773619451647));
#4422=DIRECTION('center_axis',(0.,0.0871557427476582,-0.996194698091746));
#4423=DIRECTION('ref_axis',(0.996020468668371,0.0887856309773752,0.00776773619451643));
#4424=DIRECTION('center_axis',(0.,-0.0871557427476582,0.996194698091746));
#4425=DIRECTION('ref_axis',(0.996020468668371,0.0887856309773752,0.00776773619451651));
#4426=DIRECTION('center_axis',(0.,-0.087155742747659,0.996194698091745));
#4427=DIRECTION('ref_axis',(-0.996020468668371,-0.0887856309773743,-0.00776773619451643));
#4428=DIRECTION('',(0.,-0.087155742747659,0.996194698091746));
#4429=DIRECTION('center_axis',(0.,-0.0871557427476578,0.996194698091746));
#4430=DIRECTION('ref_axis',(-0.996020468668371,-0.0887856309773743,-0.00776773619451631));
#4431=DIRECTION('',(0.,-0.087155742747659,0.996194698091746));
#4432=DIRECTION('center_axis',(0.996020468668371,0.0887856309773738,0.00776773619451639));
#4433=DIRECTION('ref_axis',(-0.089124777663891,0.992230310078287,0.0868089037386621));
#4434=DIRECTION('',(0.,-0.087155742747659,0.996194698091746));
#4435=DIRECTION('',(-0.089124777663891,0.992230310078287,0.0868089037386621));
#4436=DIRECTION('center_axis',(0.,-0.0871557427476582,0.996194698091746));
#4437=DIRECTION('ref_axis',(1.,0.,0.));
#4438=DIRECTION('center_axis',(0.,-0.0871557427476582,0.996194698091746));
#4439=DIRECTION('ref_axis',(0.,-0.996194698091746,-0.0871557427476582));
#4440=DIRECTION('',(0.986931154198407,0.160529278068529,0.014044491994997));
#4441=DIRECTION('',(1.,0.,0.));
#4442=DIRECTION('',(0.999999999405939,-3.43379866129287E-5,-3.0041845569362E-6));
#4443=DIRECTION('',(0.987101546500052,-0.159486188034325,-0.0139532334419673));
#4444=DIRECTION('center_axis',(0.,-0.0871557427476582,0.996194698091746));
#4445=DIRECTION('ref_axis',(0.,-0.996194698091745,-0.0871557427476582));
#4446=DIRECTION('',(-0.109460110919528,-0.990208752585977,-0.0866320403754195));
#4447=DIRECTION('',(0.999757979626708,0.0219158797306762,0.00191739102763175));
#4448=DIRECTION('center_axis',(0.,-0.0871557427476582,0.996194698091746));
#4449=DIRECTION('ref_axis',(0.,-0.996194698091746,-0.0871557427476582));
#4450=DIRECTION('',(-0.0891247776639447,-0.992230310078282,-0.0868089037386621));
#4451=DIRECTION('center_axis',(0.,-0.0871557427476582,0.996194698091746));
#4452=DIRECTION('ref_axis',(0.,0.996194698091746,0.0871557427476582));
#4453=DIRECTION('',(-0.991519551166447,0.129463079213903,0.0113265517763752));
#4454=DIRECTION('center_axis',(0.,-0.0871557427476582,0.996194698091746));
#4455=DIRECTION('ref_axis',(0.,0.996194698091746,0.0871557427476582));
#4456=DIRECTION('',(-0.999528038943209,0.030602792510084,0.0026773974168684));
#4457=DIRECTION('center_axis',(0.,-0.0871557427476582,0.996194698091746));
#4458=DIRECTION('ref_axis',(0.,0.996194698091746,0.0871557427476582));
#4459=DIRECTION('',(-0.982987120009255,0.182975562927291,0.0160082874584123));
#4460=DIRECTION('',(-1.,0.,0.));
#4461=DIRECTION('',(-0.982987120009255,-0.182975562927291,-0.0160082874584123));
#4462=DIRECTION('center_axis',(0.,-0.0871557427476582,0.996194698091746));
#4463=DIRECTION('ref_axis',(0.,0.996194698091746,0.0871557427476582));
#4464=DIRECTION('',(-0.99952804269918,-0.0306026707666584,-0.00267738676569881));
#4465=DIRECTION('center_axis',(0.,-0.0871557427476582,0.996194698091746));
#4466=DIRECTION('ref_axis',(0.,0.996194698091746,0.0871557427476582));
#4467=DIRECTION('',(-0.991519430277267,-0.129463998032261,-0.0113266321625654));
#4468=DIRECTION('center_axis',(0.,-0.0871557427476582,0.996194698091746));
#4469=DIRECTION('ref_axis',(0.,0.996194698091746,0.0871557427476582));
#4470=DIRECTION('',(-0.0891247776638797,0.992230310078288,0.0868089037386626));
#4471=DIRECTION('center_axis',(0.,-0.0871557427476582,0.996194698091746));
#4472=DIRECTION('ref_axis',(0.,-0.996194698091746,-0.0871557427476582));
#4473=DIRECTION('',(0.999723284044392,-0.0234339920628511,-0.00205020864665595));
#4474=DIRECTION('',(-0.109560239797943,0.990197763086136,0.0866310789187656));
#4475=DIRECTION('',(1.,0.,0.));
#4476=DIRECTION('center_axis',(0.,0.0871557427476582,-0.996194698091746));
#4477=DIRECTION('ref_axis',(0.,-0.996194698091746,-0.0871557427476582));
#4478=DIRECTION('',(-1.,0.,0.));
#4479=DIRECTION('center_axis',(0.,0.0871557427476582,-0.996194698091746));
#4480=DIRECTION('ref_axis',(0.,0.996194698091746,0.0871557427476582));
#4481=DIRECTION('',(-0.0891247776639477,-0.992230310078282,-0.086808903738662));
#4482=DIRECTION('center_axis',(0.,0.0871557427476582,-0.996194698091746));
#4483=DIRECTION('ref_axis',(-0.996020468668366,0.0887856309774304,0.00776773619452126));
#4484=DIRECTION('',(0.0891247776639477,0.992230310078282,0.086808903738662));
#4485=DIRECTION('center_axis',(0.,0.0871557427476582,-0.996194698091746));
#4486=DIRECTION('ref_axis',(0.996020468668366,-0.0887856309774304,-0.00776773619452126));
#4487=DIRECTION('',(1.,0.,0.));
#4488=DIRECTION('center_axis',(0.,0.0871557427476582,-0.996194698091746));
#4489=DIRECTION('ref_axis',(0.,-0.996194698091746,-0.0871557427476582));
#4490=DIRECTION('',(-1.,0.,0.));
#4491=DIRECTION('center_axis',(0.,0.0871557427476582,-0.996194698091746));
#4492=DIRECTION('ref_axis',(0.,0.996194698091746,0.0871557427476582));
#4493=DIRECTION('center_axis',(0.,-0.642787609686546,-0.766044443118973));
#4494=DIRECTION('ref_axis',(-1.,0.,0.));
#4495=DIRECTION('',(-1.57009245868383E-14,0.766044443118972,-0.642787609686546));
#4496=DIRECTION('',(0.,-0.766044443118972,0.642787609686546));
#4497=DIRECTION('',(-1.,0.,0.));
#4498=DIRECTION('center_axis',(0.,0.0871557427476394,-0.996194698091747));
#4499=DIRECTION('ref_axis',(0.,-0.996194698091746,-0.0871557427476586));
#4500=DIRECTION('',(0.,-0.642787609686815,-0.766044443118747));
#4501=DIRECTION('center_axis',(0.,-0.0871557427476582,0.996194698091746));
#4502=DIRECTION('ref_axis',(0.,-0.996194698091745,-0.087155742747659));
#4503=DIRECTION('center_axis',(0.,0.766044443118998,-0.642787609686515));
#4504=DIRECTION('ref_axis',(-1.,0.,0.));
#4505=DIRECTION('',(1.57009245868375E-14,-0.642787609686515,-0.766044443118998));
#4506=DIRECTION('',(1.,0.,0.));
#4507=DIRECTION('center_axis',(0.,0.0871557427476394,-0.996194698091747));
#4508=DIRECTION('ref_axis',(0.,0.996194698091746,0.0871557427476586));
#4509=DIRECTION('center_axis',(0.,-0.0871557427476582,0.996194698091746));
#4510=DIRECTION('ref_axis',(0.,0.996194698091745,0.087155742747659));
#4511=DIRECTION('center_axis',(0.,-0.087155742747659,0.996194698091745));
#4512=DIRECTION('ref_axis',(0.,-0.996194698091745,-0.087155742747659));
#4513=DIRECTION('',(0.,-0.087155742747659,0.996194698091746));
#4514=DIRECTION('center_axis',(0.,-0.0871557427476578,0.996194698091746));
#4515=DIRECTION('ref_axis',(0.,-0.996194698091746,-0.0871557427476578));
#4516=DIRECTION('',(0.,-0.087155742747659,0.996194698091746));
#4517=DIRECTION('center_axis',(0.,0.996194698091745,0.087155742747659));
#4518=DIRECTION('ref_axis',(-1.,0.,0.));
#4519=DIRECTION('',(0.,-0.087155742747659,0.996194698091746));
#4520=DIRECTION('',(-1.,0.,0.));
#4521=DIRECTION('center_axis',(0.,-0.64278760968654,-0.766044443118978));
#4522=DIRECTION('ref_axis',(-1.,0.,0.));
#4523=DIRECTION('',(1.57009245868377E-14,0.766044443118978,-0.64278760968654));
#4524=DIRECTION('',(0.,-0.766044443118978,0.64278760968654));
#4525=DIRECTION('',(-1.,0.,0.));
#4526=DIRECTION('center_axis',(0.,0.0871557427476675,-0.996194698091745));
#4527=DIRECTION('ref_axis',(0.,-0.996194698091746,-0.0871557427476586));
#4528=DIRECTION('',(0.,-0.642787609686334,-0.76604444311915));
#4529=DIRECTION('center_axis',(0.,-0.0871557427476582,0.996194698091746));
#4530=DIRECTION('ref_axis',(0.,-0.996194698091745,-0.087155742747659));
#4531=DIRECTION('center_axis',(0.,0.766044443118998,-0.642787609686515));
#4532=DIRECTION('ref_axis',(-1.,0.,0.));
#4533=DIRECTION('',(-1.57009245868375E-14,-0.642787609686515,-0.766044443118998));
#4534=DIRECTION('',(1.,0.,0.));
#4535=DIRECTION('center_axis',(0.,0.0871557427476675,-0.996194698091745));
#4536=DIRECTION('ref_axis',(0.,0.996194698091746,0.0871557427476586));
#4537=DIRECTION('center_axis',(0.,-0.0871557427476582,0.996194698091746));
#4538=DIRECTION('ref_axis',(0.,0.996194698091745,0.087155742747659));
#4539=DIRECTION('center_axis',(0.,-0.087155742747659,0.996194698091745));
#4540=DIRECTION('ref_axis',(0.,-0.996194698091745,-0.087155742747659));
#4541=DIRECTION('',(0.,-0.087155742747659,0.996194698091746));
#4542=DIRECTION('center_axis',(0.,-0.0871557427476578,0.996194698091746));
#4543=DIRECTION('ref_axis',(0.,-0.996194698091746,-0.0871557427476578));
#4544=DIRECTION('',(0.,-0.087155742747659,0.996194698091746));
#4545=DIRECTION('center_axis',(0.,0.996194698091745,0.087155742747659));
#4546=DIRECTION('ref_axis',(-1.,0.,0.));
#4547=DIRECTION('',(0.,-0.087155742747659,0.996194698091746));
#4548=DIRECTION('',(-1.,0.,0.));
#4549=DIRECTION('center_axis',(-0.704292827596023,0.124409338452287,-0.698923407465126));
#4550=DIRECTION('ref_axis',(-0.70439587350817,0.,0.709807335397897));
#4551=DIRECTION('',(0.704292827595979,-0.00115250501983903,-0.709908645340399));
#4552=DIRECTION('',(-0.704292827595986,0.00115250501986259,0.709908645340391));
#4553=DIRECTION('',(0.0891247776639477,0.992230310078282,0.0868089037386621));
#4554=DIRECTION('center_axis',(0.,0.0871557427476598,-0.996194698091745));
#4555=DIRECTION('ref_axis',(-0.996020468668366,0.0887856309774304,0.0077677361945213));
#4556=DIRECTION('',(-0.704292827595766,0.124409338452289,-0.698923407465386));
#4557=DIRECTION('center_axis',(0.,-0.0871557427476582,0.996194698091746));
#4558=DIRECTION('ref_axis',(-0.996020468668366,0.0887856309774304,0.00776773619452134));
#4559=DIRECTION('center_axis',(0.704292827595978,-0.00115250501984327,-0.7099086453404));
#4560=DIRECTION('ref_axis',(-0.709909116815274,0.,-0.704293295341193));
#4561=DIRECTION('',(-0.704292827596033,0.12440933845228,-0.698923407465118));
#4562=DIRECTION('',(-0.0891247776639477,-0.992230310078282,-0.0868089037386621));
#4563=DIRECTION('center_axis',(0.,0.0871557427476587,-0.996194698091746));
#4564=DIRECTION('ref_axis',(0.996020468668366,-0.0887856309774304,-0.0077677361945213));
#4565=DIRECTION('center_axis',(0.,-0.0871557427476582,0.996194698091746));
#4566=DIRECTION('ref_axis',(0.996020468668366,-0.0887856309774304,-0.00776773619452134));
#4567=DIRECTION('center_axis',(0.,-0.087155742747659,0.996194698091745));
#4568=DIRECTION('ref_axis',(-0.996020468668366,0.0887856309774304,0.00776773619452134));
#4569=DIRECTION('',(0.,-0.087155742747659,0.996194698091746));
#4570=DIRECTION('center_axis',(0.,-0.0871557427476578,0.996194698091746));
#4571=DIRECTION('ref_axis',(-0.996020468668366,0.0887856309774304,0.00776773619452123));
#4572=DIRECTION('',(0.,-0.087155742747659,0.996194698091746));
#4573=DIRECTION('center_axis',(0.996020468668366,-0.0887856309774304,-0.00776773619452134));
#4574=DIRECTION('ref_axis',(0.0891247776639477,0.992230310078282,0.0868089037386617));
#4575=DIRECTION('',(0.,-0.087155742747659,0.996194698091746));
#4576=DIRECTION('',(0.0891247776639477,0.992230310078282,0.0868089037386616));
#4577=DIRECTION('center_axis',(0.,-0.087155742747659,0.996194698091745));
#4578=DIRECTION('ref_axis',(0.996020468668371,0.0887856309773752,0.00776773619451651));
#4579=DIRECTION('',(0.,-0.087155742747659,0.996194698091746));
#4580=DIRECTION('center_axis',(-4.64218548117772E-15,-0.0871557427476582,
0.996194698091746));
#4581=DIRECTION('ref_axis',(0.996020468668371,0.0887856309773748,0.00776773619452104));
#4582=DIRECTION('center_axis',(-0.996020468668371,-0.0887856309773738,-0.00776773619451639));
#4583=DIRECTION('ref_axis',(0.089124777663891,-0.992230310078287,-0.0868089037386621));
#4584=DIRECTION('',(0.089124777663891,-0.992230310078287,-0.0868089037386621));
#4585=DIRECTION('center_axis',(4.64218548117772E-15,0.0871557427476582,
-0.996194698091746));
#4586=DIRECTION('ref_axis',(-1.,4.04593123584437E-16,-4.62452056390772E-15));
#4587=DIRECTION('center_axis',(0.,-0.996194698091745,-0.087155742747659));
#4588=DIRECTION('ref_axis',(1.,0.,0.));
#4589=DIRECTION('',(1.,0.,0.));
#4590=DIRECTION('',(0.,-0.087155742747659,0.996194698091746));
#4591=DIRECTION('center_axis',(0.,-0.087155742747659,0.996194698091745));
#4592=DIRECTION('ref_axis',(0.,0.996194698091745,0.087155742747659));
#4593=DIRECTION('center_axis',(0.,-0.0871557427476578,0.996194698091746));
#4594=DIRECTION('ref_axis',(0.,0.996194698091746,0.0871557427476578));
#4595=DIRECTION('center_axis',(0.,0.0871557427476578,-0.996194698091746));
#4596=DIRECTION('ref_axis',(-1.,0.,0.));
#4597=DIRECTION('center_axis',(0.,-0.996194698091745,-0.087155742747659));
#4598=DIRECTION('ref_axis',(1.,0.,0.));
#4599=DIRECTION('',(1.,0.,0.));
#4600=DIRECTION('',(0.,-0.087155742747659,0.996194698091746));
#4601=DIRECTION('center_axis',(0.,-0.087155742747659,0.996194698091745));
#4602=DIRECTION('ref_axis',(0.,0.996194698091745,0.087155742747659));
#4603=DIRECTION('center_axis',(0.,-0.0871557427476578,0.996194698091746));
#4604=DIRECTION('ref_axis',(0.,0.996194698091746,0.0871557427476578));
#4605=DIRECTION('center_axis',(0.,0.0871557427476578,-0.996194698091746));
#4606=DIRECTION('ref_axis',(-1.,0.,0.));
#4607=DIRECTION('center_axis',(0.,-0.087155742747659,0.996194698091745));
#4608=DIRECTION('ref_axis',(0.996020468668366,-0.0887856309774304,-0.00776773619452134));
#4609=DIRECTION('',(0.,-0.087155742747659,0.996194698091746));
#4610=DIRECTION('center_axis',(0.,-0.0871557427476578,0.996194698091746));
#4611=DIRECTION('ref_axis',(0.996020468668366,-0.0887856309774304,-0.00776773619452123));
#4612=DIRECTION('center_axis',(-0.996020468668366,0.0887856309774304,0.00776773619452134));
#4613=DIRECTION('ref_axis',(-0.0891247776639477,-0.992230310078282,-0.0868089037386617));
#4614=DIRECTION('',(-0.0891247776639477,-0.992230310078282,-0.0868089037386616));
#4615=DIRECTION('center_axis',(0.,0.0871557427476578,-0.996194698091746));
#4616=DIRECTION('ref_axis',(-1.,0.,0.));
#4617=DIRECTION('center_axis',(0.,0.,-1.));
#4618=DIRECTION('ref_axis',(-0.707106781186538,0.707106781186557,0.));
#4619=DIRECTION('center_axis',(0.,0.,1.));
#4620=DIRECTION('ref_axis',(-0.707106781186538,0.707106781186557,0.));
#4621=DIRECTION('',(0.,0.,1.));
#4622=DIRECTION('center_axis',(0.,0.,1.));
#4623=DIRECTION('ref_axis',(-0.707106781186538,0.707106781186557,0.));
#4624=DIRECTION('',(0.,0.,-1.));
#4625=DIRECTION('center_axis',(0.,0.,-1.));
#4626=DIRECTION('ref_axis',(-1.,0.,0.));
#4627=DIRECTION('',(0.,1.,0.));
#4628=DIRECTION('center_axis',(0.,0.,1.));
#4629=DIRECTION('ref_axis',(-0.707106781186553,-0.707106781186542,0.));
#4630=DIRECTION('',(-1.,0.,0.));
#4631=DIRECTION('center_axis',(0.,0.,1.));
#4632=DIRECTION('ref_axis',(0.70710678118654,-0.707106781186555,0.));
#4633=DIRECTION('',(0.,-1.,0.));
#4634=DIRECTION('center_axis',(0.,0.,1.));
#4635=DIRECTION('ref_axis',(0.707106781186551,0.707106781186544,0.));
#4636=DIRECTION('',(1.,0.,0.));
#4637=DIRECTION('center_axis',(-1.,0.,0.));
#4638=DIRECTION('ref_axis',(0.,1.,0.));
#4639=DIRECTION('',(0.,1.,0.));
#4640=DIRECTION('',(0.,0.,1.));
#4641=DIRECTION('center_axis',(0.,0.,-1.));
#4642=DIRECTION('ref_axis',(-0.707106781186553,-0.707106781186542,0.));
#4643=DIRECTION('center_axis',(0.,0.,1.));
#4644=DIRECTION('ref_axis',(-0.707106781186553,-0.707106781186542,0.));
#4645=DIRECTION('',(0.,0.,-1.));
#4646=DIRECTION('center_axis',(0.,0.,-1.));
#4647=DIRECTION('ref_axis',(0.70710678118654,-0.707106781186555,0.));
#4648=DIRECTION('',(0.,0.,1.));
#4649=DIRECTION('center_axis',(0.,0.,1.));
#4650=DIRECTION('ref_axis',(0.70710678118654,-0.707106781186555,0.));
#4651=DIRECTION('',(0.,0.,-1.));
#4652=DIRECTION('center_axis',(1.,0.,0.));
#4653=DIRECTION('ref_axis',(0.,-1.,0.));
#4654=DIRECTION('',(0.,-1.,0.));
#4655=DIRECTION('',(0.,0.,1.));
#4656=DIRECTION('center_axis',(0.,0.,-1.));
#4657=DIRECTION('ref_axis',(0.707106781186551,0.707106781186544,0.));
#4658=DIRECTION('center_axis',(0.,0.,1.));
#4659=DIRECTION('ref_axis',(0.707106781186551,0.707106781186544,0.));
#4660=DIRECTION('',(0.,0.,-1.));
#4661=DIRECTION('center_axis',(0.,1.,0.));
#4662=DIRECTION('ref_axis',(1.,0.,0.));
#4663=DIRECTION('',(1.,0.,0.));
#4664=DIRECTION('center_axis',(0.,-1.,0.));
#4665=DIRECTION('ref_axis',(-1.,0.,0.));
#4666=DIRECTION('',(-1.,0.,0.));
#4667=DIRECTION('center_axis',(0.,0.,1.));
#4668=DIRECTION('ref_axis',(-0.729521684939744,0.683957682318633,0.));
#4669=DIRECTION('center_axis',(0.,0.,-1.));
#4670=DIRECTION('ref_axis',(-0.729521684939744,0.683957682318633,0.));
#4671=DIRECTION('',(0.,0.,-1.));
#4672=DIRECTION('center_axis',(0.,0.,-1.));
#4673=DIRECTION('ref_axis',(-0.729521684939744,0.683957682318633,0.));
#4674=DIRECTION('',(0.,0.,1.));
#4675=DIRECTION('center_axis',(-0.0234340413137059,-0.999725385147195,0.));
#4676=DIRECTION('ref_axis',(-0.999725385147195,0.0234340413137059,0.));
#4677=DIRECTION('',(-0.999725385147195,0.0234340413137059,0.));
#4678=DIRECTION('',(0.,0.,1.));
#4679=DIRECTION('',(-0.999725385147195,0.0234340413137059,0.));
#4680=DIRECTION('',(0.,0.,-1.));
#4681=DIRECTION('',(-0.999725385147195,0.0234340413137059,0.));
#4682=DIRECTION('',(0.,0.,-1.));
#4683=DIRECTION('',(-0.999725385147195,0.0234340413137059,0.));
#4684=DIRECTION('center_axis',(0.,0.,1.));
#4685=DIRECTION('ref_axis',(1.,0.,0.));
#4686=DIRECTION('',(0.0877714817689819,-0.996140636149373,0.));
#4687=DIRECTION('center_axis',(0.,0.,-1.));
#4688=DIRECTION('ref_axis',(-1.,0.,0.));
#4689=DIRECTION('',(-0.992318615078123,-0.123708391669422,0.));
#4690=DIRECTION('',(0.999995575933405,0.00297457788897298,0.));
#4691=DIRECTION('',(0.999999999410451,-3.43379866128665E-5,0.));
#4692=DIRECTION('',(-0.992191044353494,0.124727428838738,0.));
#4693=DIRECTION('center_axis',(0.,0.,1.));
#4694=DIRECTION('ref_axis',(1.,0.,0.));
#4695=DIRECTION('',(0.0876229523120962,0.996153712148939,0.));
#4696=DIRECTION('center_axis',(0.,0.,-1.));
#4697=DIRECTION('ref_axis',(0.730144154194114,0.683293139213444,0.));
#4698=DIRECTION('',(-0.999769614268531,-0.0214643515008758,0.));
#4699=DIRECTION('center_axis',(0.,0.,1.));
#4700=DIRECTION('ref_axis',(1.,0.,0.));
#4701=DIRECTION('',(-0.089462500236424,-0.995990191242588,0.));
#4702=DIRECTION('center_axis',(0.,0.,1.));
#4703=DIRECTION('ref_axis',(1.,0.,0.));
#4704=DIRECTION('',(0.9915831586926,-0.12947138447242,0.));
#4705=DIRECTION('center_axis',(0.,0.,1.));
#4706=DIRECTION('ref_axis',(1.,0.,0.));
#4707=DIRECTION('',(0.999531621499318,-0.0306029021980737,0.));
#4708=DIRECTION('center_axis',(0.,0.,-1.));
#4709=DIRECTION('ref_axis',(-1.,0.,0.));
#4710=DIRECTION('',(0.983113096950964,-0.182999012575161,0.));
#4711=DIRECTION('center_axis',(0.,0.,-1.));
#4712=DIRECTION('ref_axis',(-1.,0.,0.));
#4713=DIRECTION('center_axis',(0.,0.,-1.));
#4714=DIRECTION('ref_axis',(0.,1.,0.));
#4715=DIRECTION('',(1.,0.,0.));
#4716=DIRECTION('center_axis',(0.,0.,-1.));
#4717=DIRECTION('ref_axis',(0.707106781186547,-0.707106781186548,0.));
#4718=DIRECTION('',(0.,1.,0.));
#4719=DIRECTION('center_axis',(0.,0.,-1.));
#4720=DIRECTION('ref_axis',(0.707106781186547,0.707106781186548,0.));
#4721=DIRECTION('',(1.,0.,0.));
#4722=DIRECTION('center_axis',(0.,0.,-1.));
#4723=DIRECTION('ref_axis',(-1.,0.,0.));
#4724=DIRECTION('',(0.983113096950964,-0.182999012575161,0.));
#4725=DIRECTION('center_axis',(0.,0.,-1.));
#4726=DIRECTION('ref_axis',(-1.,0.,0.));
#4727=DIRECTION('',(0.999531621499318,-0.0306029021980737,0.));
#4728=DIRECTION('center_axis',(0.,0.,1.));
#4729=DIRECTION('ref_axis',(1.,0.,0.));
#4730=DIRECTION('',(0.9915831586926,-0.12947138447242,0.));
#4731=DIRECTION('center_axis',(0.,0.,1.));
#4732=DIRECTION('ref_axis',(1.,0.,0.));
#4733=DIRECTION('',(-0.089462500236424,-0.995990191242588,0.));
#4734=DIRECTION('center_axis',(0.,0.,1.));
#4735=DIRECTION('ref_axis',(1.,0.,0.));
#4736=DIRECTION('',(-0.999759817381071,-0.0219159200164298,0.));
#4737=DIRECTION('',(0.109873192656766,0.993945612966529,0.));
#4738=DIRECTION('center_axis',(0.,0.,1.));
#4739=DIRECTION('ref_axis',(1.,0.,0.));
#4740=DIRECTION('',(-0.987197651277678,0.159501715701858,0.));
#4741=DIRECTION('',(0.999999999410451,-3.43379866130836E-5,0.));
#4742=DIRECTION('',(1.,0.,0.));
#4743=DIRECTION('',(-0.987028503577552,-0.160545112430924,0.));
#4744=DIRECTION('center_axis',(0.,0.,-1.));
#4745=DIRECTION('ref_axis',(-1.,0.,0.));
#4746=DIRECTION('',(0.109973690173364,-0.993934498581095,0.));
#4747=DIRECTION('',(-0.999725385147195,0.023434041313706,0.));
#4748=DIRECTION('center_axis',(0.,0.,-1.));
#4749=DIRECTION('ref_axis',(-1.,0.,0.));
#4750=DIRECTION('',(-0.0894625002363588,0.995990191242594,0.));
#4751=DIRECTION('center_axis',(0.,0.,-1.));
#4752=DIRECTION('ref_axis',(-1.,0.,0.));
#4753=DIRECTION('',(0.99158303869862,0.129472303467622,0.));
#4754=DIRECTION('center_axis',(0.,0.,-1.));
#4755=DIRECTION('ref_axis',(-1.,0.,0.));
#4756=DIRECTION('',(0.999531625226798,0.030602780453339,0.));
#4757=DIRECTION('center_axis',(0.,0.,-1.));
#4758=DIRECTION('ref_axis',(-1.,0.,0.));
#4759=DIRECTION('',(0.983113096950964,0.182999012575161,0.));
#4760=DIRECTION('center_axis',(0.,0.,1.));
#4761=DIRECTION('ref_axis',(1.,0.,0.));
#4762=DIRECTION('',(1.,0.,0.));
#4763=DIRECTION('center_axis',(0.,0.,-1.));
#4764=DIRECTION('ref_axis',(-0.707106781186546,0.707106781186549,0.));
#4765=DIRECTION('',(0.,1.,0.));
#4766=DIRECTION('center_axis',(0.,0.,-1.));
#4767=DIRECTION('ref_axis',(-0.707106781186546,-0.707106781186549,0.));
#4768=DIRECTION('',(1.,0.,0.));
#4769=DIRECTION('center_axis',(0.,0.,-1.));
#4770=DIRECTION('ref_axis',(0.,1.,0.));
#4771=DIRECTION('center_axis',(0.,0.,1.));
#4772=DIRECTION('ref_axis',(1.,0.,0.));
#4773=DIRECTION('',(0.983113096950964,0.182999012575161,0.));
#4774=DIRECTION('center_axis',(0.,0.,-1.));
#4775=DIRECTION('ref_axis',(-1.,0.,0.));
#4776=DIRECTION('',(0.999531625226798,0.0306027804533389,0.));
#4777=DIRECTION('center_axis',(0.,0.,-1.));
#4778=DIRECTION('ref_axis',(-1.,0.,0.));
#4779=DIRECTION('',(0.99158303869862,0.129472303467621,0.));
#4780=DIRECTION('center_axis',(0.,0.,-1.));
#4781=DIRECTION('ref_axis',(-1.,0.,0.));
#4782=DIRECTION('',(-0.0894625002363588,0.995990191242594,0.));
#4783=DIRECTION('center_axis',(0.,0.,-1.));
#4784=DIRECTION('ref_axis',(-1.,0.,0.));
#4785=DIRECTION('center_axis',(0.,0.,1.));
#4786=DIRECTION('ref_axis',(1.,0.,0.));
#4787=DIRECTION('center_axis',(0.,0.,1.));
#4788=DIRECTION('ref_axis',(1.,0.,0.));
#4789=DIRECTION('center_axis',(0.,0.,1.));
#4790=DIRECTION('ref_axis',(1.,0.,0.));
#4791=DIRECTION('center_axis',(0.,0.,1.));
#4792=DIRECTION('ref_axis',(1.,0.,0.));
#4793=DIRECTION('center_axis',(0.,0.,1.));
#4794=DIRECTION('ref_axis',(1.,0.,0.));
#4795=DIRECTION('center_axis',(0.,0.,1.));
#4796=DIRECTION('ref_axis',(1.,0.,0.));
#4797=DIRECTION('center_axis',(0.,0.,1.));
#4798=DIRECTION('ref_axis',(1.,0.,0.));
#4799=DIRECTION('center_axis',(0.,0.,1.));
#4800=DIRECTION('ref_axis',(1.,0.,0.));
#4801=DIRECTION('center_axis',(0.,0.,1.));
#4802=DIRECTION('ref_axis',(1.,0.,0.));
#4803=DIRECTION('center_axis',(0.,0.,1.));
#4804=DIRECTION('ref_axis',(1.,0.,0.));
#4805=DIRECTION('center_axis',(0.,0.,1.));
#4806=DIRECTION('ref_axis',(1.,0.,0.));
#4807=DIRECTION('center_axis',(0.,0.,1.));
#4808=DIRECTION('ref_axis',(0.730144154194114,0.683293139213444,0.));
#4809=DIRECTION('',(0.,0.,-1.));
#4810=DIRECTION('center_axis',(0.,0.,-1.));
#4811=DIRECTION('ref_axis',(0.730144154194114,0.683293139213444,0.));
#4812=DIRECTION('',(0.,0.,1.));
#4813=DIRECTION('center_axis',(0.996153712148939,-0.0876229523120962,0.));
#4814=DIRECTION('ref_axis',(0.0876229523120962,0.996153712148939,0.));
#4815=DIRECTION('',(0.,0.,1.));
#4816=DIRECTION('',(0.0876229523120962,0.996153712148939,0.));
#4817=DIRECTION('center_axis',(0.,0.,1.));
#4818=DIRECTION('ref_axis',(0.,1.,0.));
#4819=DIRECTION('center_axis',(0.,0.,-1.));
#4820=DIRECTION('ref_axis',(0.,1.,0.));
#4821=DIRECTION('',(0.,0.,1.));
#4822=DIRECTION('',(0.,0.,-1.));
#4823=DIRECTION('center_axis',(0.,-1.,0.));
#4824=DIRECTION('ref_axis',(-1.,0.,0.));
#4825=DIRECTION('',(0.,0.,1.));
#4826=DIRECTION('',(1.,0.,0.));
#4827=DIRECTION('center_axis',(0.,0.,-1.));
#4828=DIRECTION('ref_axis',(-0.707106781186546,-0.707106781186549,0.));
#4829=DIRECTION('',(0.,0.,-1.));
#4830=DIRECTION('center_axis',(0.,0.,-1.));
#4831=DIRECTION('ref_axis',(-0.707106781186546,-0.707106781186549,0.));
#4832=DIRECTION('center_axis',(1.,0.,0.));
#4833=DIRECTION('ref_axis',(0.,-1.,0.));
#4834=DIRECTION('',(0.,0.,1.));
#4835=DIRECTION('',(0.,-1.,0.));
#4836=DIRECTION('center_axis',(0.,0.,-1.));
#4837=DIRECTION('ref_axis',(-0.707106781186546,0.707106781186549,0.));
#4838=DIRECTION('',(0.,0.,-1.));
#4839=DIRECTION('center_axis',(0.,0.,-1.));
#4840=DIRECTION('ref_axis',(-0.707106781186546,0.707106781186549,0.));
#4841=DIRECTION('center_axis',(0.,1.,0.));
#4842=DIRECTION('ref_axis',(1.,0.,0.));
#4843=DIRECTION('',(1.,0.,0.));
#4844=DIRECTION('',(0.,0.,-1.));
#4845=DIRECTION('',(1.,0.,0.));
#4846=DIRECTION('',(0.,0.,1.));
#4847=DIRECTION('center_axis',(0.,1.,0.));
#4848=DIRECTION('ref_axis',(-0.999867420088924,0.,-0.0162831890217787));
#4849=DIRECTION('',(1.,0.,0.));
#4850=DIRECTION('center_axis',(0.,1.,0.));
#4851=DIRECTION('ref_axis',(0.999867420088924,1.2506703099863E-17,-0.0162831890217787));
#4852=DIRECTION('',(0.,0.,1.));
#4853=DIRECTION('',(1.,0.,0.));
#4854=DIRECTION('',(0.,0.,-1.));
#4855=DIRECTION('',(0.,0.,1.));
#4856=DIRECTION('center_axis',(0.,0.,-1.));
#4857=DIRECTION('ref_axis',(0.707106781186547,-0.707106781186548,0.));
#4858=DIRECTION('',(0.,0.,-1.));
#4859=DIRECTION('center_axis',(0.,0.,-1.));
#4860=DIRECTION('ref_axis',(0.707106781186547,-0.707106781186548,0.));
#4861=DIRECTION('',(0.,0.,1.));
#4862=DIRECTION('center_axis',(1.,0.,0.));
#4863=DIRECTION('ref_axis',(0.,-1.,0.));
#4864=DIRECTION('',(0.,-1.,0.));
#4865=DIRECTION('',(0.,0.,-1.));
#4866=DIRECTION('center_axis',(0.,0.,-1.));
#4867=DIRECTION('ref_axis',(0.707106781186547,0.707106781186548,0.));
#4868=DIRECTION('center_axis',(0.,0.,-1.));
#4869=DIRECTION('ref_axis',(0.707106781186547,0.707106781186548,0.));
#4870=DIRECTION('center_axis',(0.,0.,-1.));
#4871=DIRECTION('ref_axis',(0.,1.,0.));
#4872=DIRECTION('',(0.,0.,-1.));
#4873=DIRECTION('center_axis',(0.,0.,-1.));
#4874=DIRECTION('ref_axis',(0.,1.,0.));
#4875=DIRECTION('',(0.,0.,1.));
#4876=DIRECTION('center_axis',(0.,-1.,0.));
#4877=DIRECTION('ref_axis',(-1.,0.,0.));
#4878=DIRECTION('',(1.,0.,0.));
#4879=DIRECTION('center_axis',(0.,0.,-1.));
#4880=DIRECTION('ref_axis',(1.,0.,0.));
#4881=DIRECTION('center_axis',(0.,0.,-1.));
#4882=DIRECTION('ref_axis',(-1.,0.,0.));
#4883=DIRECTION('',(0.983113096950964,-0.182999012575161,0.));
#4884=DIRECTION('center_axis',(0.,0.,-1.));
#4885=DIRECTION('ref_axis',(-1.,0.,0.));
#4886=DIRECTION('center_axis',(0.,0.,-1.));
#4887=DIRECTION('ref_axis',(-1.,0.,0.));
#4888=DIRECTION('center_axis',(0.,0.,-1.));
#4889=DIRECTION('ref_axis',(-1.,0.,0.));
#4890=DIRECTION('',(0.999531621499318,-0.0306029021980748,0.));
#4891=DIRECTION('',(-0.507472858175766,-0.861667742354859,0.));
#4892=DIRECTION('center_axis',(0.,0.,-1.));
#4893=DIRECTION('ref_axis',(-1.,0.,0.));
#4894=DIRECTION('',(0.9915831586926,-0.12947138447242,0.));
#4895=DIRECTION('center_axis',(0.,0.,1.));
#4896=DIRECTION('ref_axis',(1.,0.,0.));
#4897=DIRECTION('',(-0.089462500236424,-0.995990191242588,0.));
#4898=DIRECTION('center_axis',(0.,0.,-1.));
#4899=DIRECTION('ref_axis',(-1.,0.,0.));
#4900=DIRECTION('',(0.127643843901035,-0.991820068920854,0.));
#4901=DIRECTION('',(0.184011271507525,-0.982924133368483,0.));
#4902=DIRECTION('center_axis',(0.,0.,-1.));
#4903=DIRECTION('ref_axis',(-1.,0.,0.));
#4904=DIRECTION('',(-0.999769614268531,-0.0214643515008758,0.));
#4905=DIRECTION('',(-0.980734093731645,-0.195347478592302,0.));
#4906=DIRECTION('center_axis',(0.,0.,-1.));
#4907=DIRECTION('ref_axis',(-1.,0.,0.));
#4908=DIRECTION('',(0.109873192656767,0.993945612966529,0.));
#4909=DIRECTION('',(0.0437574446548181,-0.999042184313195,0.));
#4910=DIRECTION('center_axis',(0.,0.,-1.));
#4911=DIRECTION('ref_axis',(-1.,0.,0.));
#4912=DIRECTION('',(-0.992191044353494,0.124727428838738,0.));
#4913=DIRECTION('center_axis',(0.,0.,-1.));
#4914=DIRECTION('ref_axis',(-1.,0.,0.));
#4915=DIRECTION('',(0.999917147828847,0.0128723532357047,0.));
#4916=DIRECTION('',(0.999999999410451,-3.43379866137884E-5,0.));
#4917=DIRECTION('center_axis',(0.,0.,-1.));
#4918=DIRECTION('ref_axis',(-1.,0.,0.));
#4919=DIRECTION('',(1.,0.,0.));
#4920=DIRECTION('center_axis',(0.,0.,1.));
#4921=DIRECTION('ref_axis',(1.,0.,0.));
#4922=DIRECTION('',(1.,0.,0.));
#4923=DIRECTION('',(0.999938885400156,-0.0110555626131406,0.));
#4924=DIRECTION('center_axis',(0.,0.,-1.));
#4925=DIRECTION('ref_axis',(-1.,0.,0.));
#4926=DIRECTION('',(-0.992318615078123,-0.123708391669422,0.));
#4927=DIRECTION('center_axis',(0.,0.,-1.));
#4928=DIRECTION('ref_axis',(-1.,0.,0.));
#4929=DIRECTION('',(0.0429453590623055,0.999077422492876,0.));
#4930=DIRECTION('',(0.109973690173363,-0.993934498581095,0.));
#4931=DIRECTION('center_axis',(0.,0.,-1.));
#4932=DIRECTION('ref_axis',(-1.,0.,0.));
#4933=DIRECTION('',(-0.980498738792716,0.196525375526655,0.));
#4934=DIRECTION('center_axis',(0.,0.,-1.));
#4935=DIRECTION('ref_axis',(-1.,0.,0.));
#4936=DIRECTION('',(0.186090403267094,0.982532626334561,0.));
#4937=DIRECTION('',(-0.12764382034366,-0.991820071952607,0.));
#4938=DIRECTION('center_axis',(0.,0.,-1.));
#4939=DIRECTION('ref_axis',(-1.,0.,0.));
#4940=DIRECTION('',(-0.0894625002363588,0.995990191242594,0.));
#4941=DIRECTION('center_axis',(0.,0.,-1.));
#4942=DIRECTION('ref_axis',(-1.,0.,0.));
#4943=DIRECTION('',(0.99158303869862,0.129472303467622,0.));
#4944=DIRECTION('center_axis',(0.,0.,-1.));
#4945=DIRECTION('ref_axis',(-1.,0.,0.));
#4946=DIRECTION('',(0.507473446346104,-0.861667395956008,0.));
#4947=DIRECTION('',(0.999531625226799,0.0306027804533328,0.));
#4948=DIRECTION('center_axis',(0.,0.,-1.));
#4949=DIRECTION('ref_axis',(-1.,0.,0.));
#4950=DIRECTION('center_axis',(0.,0.,-1.));
#4951=DIRECTION('ref_axis',(-1.,0.,0.));
#4952=DIRECTION('center_axis',(0.,0.,-1.));
#4953=DIRECTION('ref_axis',(-1.,0.,0.));
#4954=DIRECTION('',(0.983113096950964,0.182999012575161,0.));
#4955=DIRECTION('center_axis',(0.,0.,1.));
#4956=DIRECTION('ref_axis',(1.,0.,0.));
#4957=DIRECTION('center_axis',(1.,0.,0.));
#4958=DIRECTION('ref_axis',(0.,-0.675590207615661,-0.737277336810123));
#4959=DIRECTION('',(-1.,0.,0.));
#4960=DIRECTION('center_axis',(-0.996727433704525,-0.0805281728184369,-0.00704530221607106));
#4961=DIRECTION('ref_axis',(-0.080835777356266,0.992934584899038,0.0868705198015019));
#4962=DIRECTION('center_axis',(-0.160545112430924,0.987028503577552,0.));
#4963=DIRECTION('ref_axis',(-0.987028503577552,-0.160545112430924,0.));
#4964=DIRECTION('center_axis',(0.999999999405939,-3.43379866129287E-5,-3.0041845569362E-6));
#4965=DIRECTION('ref_axis',(-2.54133246939743E-5,-0.675590207160324,-0.737277336789375));
#4966=DIRECTION('',(-0.999999999405939,3.43379866129287E-5,3.0041845569362E-6));
#4967=DIRECTION('center_axis',(0.159501715701858,0.987197651277678,0.));
#4968=DIRECTION('ref_axis',(0.987197651273107,-0.159501715701119,-3.04312706551336E-6));
#4969=DIRECTION('center_axis',(0.996768786519969,-0.0800185986843299,-0.00700072025610918));
#4970=DIRECTION('ref_axis',(-0.0803242567317503,-0.992975780354536,-0.0868741239368285));
#4971=DIRECTION('center_axis',(-2.01450901397208E-16,0.063499761255501,
-0.997981853703009));
#4972=DIRECTION('ref_axis',(0.,-0.997981853703009,-0.063499761255501));
#4973=DIRECTION('',(0.,0.,-1.));
#4974=DIRECTION('center_axis',(-0.109560239797943,0.990197763086136,0.0866310789187656));
#4975=DIRECTION('ref_axis',(0.699473647216316,0.138728300120173,-0.701064244984489));
#4976=DIRECTION('center_axis',(-0.675963007706927,-0.734131292718624,-0.0642281656525127));
#4977=DIRECTION('ref_axis',(0.736935554992297,-0.67339076438379,-0.058914058006637));
#4978=DIRECTION('',(0.109560239797943,-0.990197763086136,-0.0866310789187656));
#4979=DIRECTION('center_axis',(0.999723284044392,-0.0234339920628511,-0.00205020864665595));
#4980=DIRECTION('ref_axis',(-0.0173431570217531,-0.675378112957588,-0.737267671502261));
#4981=DIRECTION('',(0.,0.,-1.));
#4982=DIRECTION('',(-0.999723284044392,0.0234339920628511,0.00205020864665595));
#4983=DIRECTION('center_axis',(0.993934498581095,0.109973690173364,0.));
#4984=DIRECTION('ref_axis',(0.109960672288562,-0.993816843851286,-0.0153860790104616));
#4985=DIRECTION('center_axis',(0.0891247776638818,-0.992230310078288,-0.0868089037386628));
#4986=DIRECTION('ref_axis',(0.,0.0871557427476584,-0.996194698091745));
#4987=DIRECTION('center_axis',(0.,0.0663964243250941,-0.997793322706081));
#4988=DIRECTION('ref_axis',(0.,-0.997793322706081,-0.0663964243250941));
#4989=DIRECTION('center_axis',(-0.0891247776638797,0.992230310078288,0.0868089037386626));
#4990=DIRECTION('ref_axis',(0.701541708681256,0.12440389981422,-0.70168575636933));
#4991=DIRECTION('',(0.0891247776638797,-0.992230310078288,-0.0868089037386626));
#4992=DIRECTION('center_axis',(0.991519430277268,0.129463998032255,0.011326632162565));
#4993=DIRECTION('ref_axis',(0.,0.0871557427476598,-0.996194698091745));
#4994=DIRECTION('center_axis',(-2.56929323837699E-17,0.063415373894595,
-0.997987219534303));
#4995=DIRECTION('ref_axis',(0.,0.997987219534303,0.063415373894595));
#4996=DIRECTION('center_axis',(-0.991519430277267,-0.129463998032261,-0.0113266321625654));
#4997=DIRECTION('ref_axis',(-0.0878339815404322,0.731816146610822,-0.675818259035994));
#4998=DIRECTION('',(0.991519430277267,0.129463998032261,0.0113266321625654));
#4999=DIRECTION('center_axis',(0.99952804269918,0.0306026707666538,0.00267738676569837));
#5000=DIRECTION('ref_axis',(0.,0.0871557427476569,-0.996194698091746));
#5001=DIRECTION('center_axis',(0.,0.066987503994919,-0.997753814479569));
#5002=DIRECTION('ref_axis',(0.,0.997753814479569,0.066987503994919));
#5003=DIRECTION('center_axis',(-0.99952804269918,-0.0306026707666584,-0.00267738676569881));
#5004=DIRECTION('ref_axis',(-0.020754303362279,0.736973535110187,-0.675602891822659));
#5005=DIRECTION('center_axis',(0.99952804269918,0.0306026707666615,0.00267738676569904));
#5006=DIRECTION('ref_axis',(0.,0.0871557427476569,-0.996194698091746));
#5007=DIRECTION('',(0.99952804269918,0.0306026707666584,0.00267738676569881));
#5008=DIRECTION('center_axis',(0.982987120009255,0.18297556292729,0.016008287458412));
#5009=DIRECTION('ref_axis',(0.,0.0871557427476569,-0.996194698091746));
#5010=DIRECTION('center_axis',(7.1513703843651E-18,0.0846879248699663,-0.996407524751404));
#5011=DIRECTION('ref_axis',(0.,0.996407524751403,0.0846879248699663));
#5012=DIRECTION('center_axis',(-0.982987120009255,-0.182975562927291,-0.0160082874584123));
#5013=DIRECTION('ref_axis',(-0.124188688100404,0.72631694153171,-0.67604797920852));
#5014=DIRECTION('',(0.982987120009255,0.182975562927291,0.0160082874584123));
#5015=DIRECTION('center_axis',(0.995737696386267,0.0918793993595561,0.00803840585553223));
#5016=DIRECTION('ref_axis',(-0.09223036373869,0.991948613830087,0.086784258510387));
#5017=DIRECTION('center_axis',(-1.,0.,0.));
#5018=DIRECTION('ref_axis',(0.,0.737277336810125,-0.67559020761566));
#5019=DIRECTION('center_axis',(0.995737696386267,-0.0918793993595569,-0.00803840585553229));
#5020=DIRECTION('ref_axis',(0.0922303637386907,0.991948613830087,0.0867842585103874));
#5021=DIRECTION('center_axis',(-0.982987120009255,0.182975562927291,0.0160082874584123));
#5022=DIRECTION('ref_axis',(0.124188688100404,0.72631694153171,-0.67604797920852));
#5023=DIRECTION('center_axis',(0.982987120009255,-0.182975562927293,-0.0160082874584122));
#5024=DIRECTION('ref_axis',(0.,0.0871557427476569,-0.996194698091746));
#5025=DIRECTION('',(0.982987120009255,-0.182975562927291,-0.0160082874584123));
#5026=DIRECTION('center_axis',(0.999528038943209,-0.0306027925100807,-0.00267739741686808));
#5027=DIRECTION('ref_axis',(0.,0.0871557427476569,-0.996194698091746));
#5028=DIRECTION('center_axis',(-7.12590915351931E-18,0.0846969767960999,
-0.996406755357269));
#5029=DIRECTION('ref_axis',(0.,0.996406755357269,0.0846969767960999));
#5030=DIRECTION('center_axis',(-0.999528038943209,0.030602792510084,0.0026773974168684));
#5031=DIRECTION('ref_axis',(0.0207543859306595,0.736973532692388,-0.675602891923608));
#5032=DIRECTION('center_axis',(0.999528038943209,-0.0306027925100856,-0.00267739741686851));
#5033=DIRECTION('ref_axis',(0.,0.0871557427476569,-0.996194698091746));
#5034=DIRECTION('',(0.999528038943209,-0.030602792510084,-0.0026773974168684));
#5035=DIRECTION('center_axis',(-2.30655097081691E-17,0.0669874974217305,
-0.997753814920882));
#5036=DIRECTION('ref_axis',(0.,0.997753814920882,0.0669874974217305));
#5037=DIRECTION('center_axis',(-0.991519551166447,0.129463079213903,0.0113265517763752));
#5038=DIRECTION('ref_axis',(0.0878333576715408,0.731816224492391,-0.675818255783199));
#5039=DIRECTION('center_axis',(0.991519551166447,-0.1294630792139,-0.0113265517763752));
#5040=DIRECTION('ref_axis',(0.,0.0871557427476599,-0.996194698091745));
#5041=DIRECTION('',(0.991519551166447,-0.129463079213903,-0.0113265517763752));
#5042=DIRECTION('center_axis',(0.,0.0634153844158256,-0.997987218865749));
#5043=DIRECTION('ref_axis',(0.,0.997987218865749,0.0634153844158256));
#5044=DIRECTION('center_axis',(0.986931154198407,0.160529278068529,0.014044491994997));
#5045=DIRECTION('ref_axis',(0.11874490395438,-0.665578060508602,-0.736821208404367));
#5046=DIRECTION('',(-0.986931154198407,-0.160529278068529,-0.014044491994997));
#5047=DIRECTION('center_axis',(-0.0891247776639447,-0.992230310078282,-0.0868089037386621));
#5048=DIRECTION('ref_axis',(-0.701541708681251,0.124403899814266,-0.701685756369326));
#5049=DIRECTION('center_axis',(0.0891247776639455,0.992230310078282,0.0868089037386623));
#5050=DIRECTION('ref_axis',(0.,0.0871557427476584,-0.996194698091745));
#5051=DIRECTION('',(0.0891247776639447,0.992230310078282,0.0868089037386621));
#5052=DIRECTION('center_axis',(0.,0.0663851156953744,-0.997794075154845));
#5053=DIRECTION('ref_axis',(0.,-0.997794075154845,-0.0663851156953744));
#5054=DIRECTION('center_axis',(0.999757979626708,0.0219158797306762,0.00191739102763175));
#5055=DIRECTION('ref_axis',(0.016219646530074,-0.675404705865127,-0.737268883353747));
#5056=DIRECTION('',(-0.999757979626708,-0.0219158797306762,-0.00191739102763175));
#5057=DIRECTION('',(0.,0.,-1.));
#5058=DIRECTION('center_axis',(-0.675438296250751,0.734610416694413,0.0642700835688177));
#5059=DIRECTION('ref_axis',(-0.737416509143837,-0.67286804961312,-0.0588683263899482));
#5060=DIRECTION('center_axis',(-0.993945612966529,0.109873192656766,0.));
#5061=DIRECTION('ref_axis',(-0.10986153783535,-0.993840179982044,-0.0145649976899928));
#5062=DIRECTION('center_axis',(0.987101546500052,-0.159486188034325,-0.0139532334419673));
#5063=DIRECTION('ref_axis',(-0.117974121887526,-0.665708537074782,-0.736827150850605));
#5064=DIRECTION('',(-0.987101546500052,0.159486188034325,0.0139532334419673));
#5065=DIRECTION('center_axis',(-0.109460110919528,-0.990208752585977,-0.0866320403754195));
#5066=DIRECTION('ref_axis',(-0.699484503171663,0.138658177262307,-0.701067286143767));
#5067=DIRECTION('',(0.109460110919528,0.990208752585977,0.0866320403754195));
#5068=DIRECTION('center_axis',(0.,0.0634997889681368,-0.997981851939704));
#5069=DIRECTION('ref_axis',(0.,-0.997981851939704,-0.0634997889681368));
#5070=DIRECTION('',(0.,0.,-1.));
#5071=DIRECTION('center_axis',(3.43379866130836E-5,0.999999999410451,0.));
#5072=DIRECTION('ref_axis',(0.999999999410451,-3.43379866130836E-5,0.));
#5073=DIRECTION('',(0.,0.,-1.));
#5074=DIRECTION('',(0.,0.,-1.));
#5075=DIRECTION('center_axis',(0.,1.,0.));
#5076=DIRECTION('ref_axis',(1.,0.,0.));
#5077=DIRECTION('',(0.,0.,-1.));
#5078=DIRECTION('center_axis',(0.160545112430924,-0.987028503577552,0.));
#5079=DIRECTION('ref_axis',(-0.987028503577552,-0.160545112430924,0.));
#5080=DIRECTION('',(0.,0.,-1.));
#5081=DIRECTION('',(0.,0.,-1.));
#5082=DIRECTION('center_axis',(0.,0.,-1.));
#5083=DIRECTION('ref_axis',(0.777468375235748,-0.62892203452279,0.));
#5084=DIRECTION('',(0.,0.,-1.));
#5085=DIRECTION('center_axis',(0.993934498581095,0.109973690173364,0.));
#5086=DIRECTION('ref_axis',(0.109973690173364,-0.993934498581095,0.));
#5087=DIRECTION('',(0.,0.,-1.));
#5088=DIRECTION('center_axis',(-0.023434041313706,-0.999725385147195,0.));
#5089=DIRECTION('ref_axis',(-0.999725385147195,0.023434041313706,0.));
#5090=DIRECTION('',(0.,0.,-1.));
#5091=DIRECTION('center_axis',(0.,0.,-1.));
#5092=DIRECTION('ref_axis',(0.770808157895255,-0.637067330603385,0.));
#5093=DIRECTION('',(0.,0.,-1.));
#5094=DIRECTION('center_axis',(-0.995990191242594,-0.0894625002363588,0.));
#5095=DIRECTION('ref_axis',(-0.0894625002363588,0.995990191242594,0.));
#5096=DIRECTION('',(0.,0.,-1.));
#5097=DIRECTION('center_axis',(0.,0.,-1.));
#5098=DIRECTION('ref_axis',(0.661612219137999,0.749846165214767,0.));
#5099=DIRECTION('',(0.,0.,-1.));
#5100=DIRECTION('center_axis',(-0.129472303467622,0.99158303869862,0.));
#5101=DIRECTION('ref_axis',(0.99158303869862,0.129472303467622,0.));
#5102=DIRECTION('',(0.,0.,-1.));
#5103=DIRECTION('center_axis',(0.,0.,-1.));
#5104=DIRECTION('ref_axis',(-1.,0.,0.));
#5105=DIRECTION('',(0.,0.,-1.));
#5106=DIRECTION('center_axis',(-0.030602780453339,0.999531625226798,0.));
#5107=DIRECTION('ref_axis',(0.999531625226798,0.030602780453339,0.));
#5108=DIRECTION('',(0.,0.,-1.));
#5109=DIRECTION('center_axis',(0.,0.,-1.));
#5110=DIRECTION('ref_axis',(-1.,0.,0.));
#5111=DIRECTION('',(0.,0.,-1.));
#5112=DIRECTION('center_axis',(-0.182999012575161,0.983113096950964,0.));
#5113=DIRECTION('ref_axis',(0.983113096950964,0.182999012575161,0.));
#5114=DIRECTION('',(-0.983113096950964,-0.182999012575161,0.));
#5115=DIRECTION('',(0.,0.,-1.));
#5116=DIRECTION('center_axis',(0.182999012575161,0.983113096950964,0.));
#5117=DIRECTION('ref_axis',(0.983113096950964,-0.182999012575161,0.));
#5118=DIRECTION('',(0.,0.,-1.));
#5119=DIRECTION('',(0.,0.,-1.));
#5120=DIRECTION('',(0.983113096950964,-0.182999012575161,0.));
#5121=DIRECTION('center_axis',(0.,0.,-1.));
#5122=DIRECTION('ref_axis',(-1.,0.,0.));
#5123=DIRECTION('',(0.,0.,-1.));
#5124=DIRECTION('center_axis',(0.0306029021980737,0.999531621499318,0.));
#5125=DIRECTION('ref_axis',(0.999531621499318,-0.0306029021980737,0.));
#5126=DIRECTION('',(0.,0.,-1.));
#5127=DIRECTION('center_axis',(0.,0.,-1.));
#5128=DIRECTION('ref_axis',(-1.,0.,0.));
#5129=DIRECTION('',(0.,0.,1.));
#5130=DIRECTION('center_axis',(0.12947138447242,0.9915831586926,0.));
#5131=DIRECTION('ref_axis',(0.9915831586926,-0.12947138447242,0.));
#5132=DIRECTION('',(0.,0.,-1.));
#5133=DIRECTION('center_axis',(0.,0.,-1.));
#5134=DIRECTION('ref_axis',(-1.,0.,0.));
#5135=DIRECTION('',(0.,0.,-1.));
#5136=DIRECTION('center_axis',(0.995990191242588,-0.089462500236424,0.));
#5137=DIRECTION('ref_axis',(-0.089462500236424,-0.995990191242588,0.));
#5138=DIRECTION('',(0.,0.,-1.));
#5139=DIRECTION('center_axis',(0.,0.,-1.));
#5140=DIRECTION('ref_axis',(-1.,0.,0.));
#5141=DIRECTION('',(0.,0.,-1.));
#5142=DIRECTION('center_axis',(0.0219159200164298,-0.999759817381072,0.));
#5143=DIRECTION('ref_axis',(-0.999759817381071,-0.0219159200164298,0.));
#5144=DIRECTION('',(0.,0.,-1.));
#5145=DIRECTION('center_axis',(-0.993945612966529,0.109873192656766,0.));
#5146=DIRECTION('ref_axis',(0.109873192656766,0.993945612966529,0.));
#5147=DIRECTION('',(0.,0.,-1.));
#5148=DIRECTION('center_axis',(0.,0.,-1.));
#5149=DIRECTION('ref_axis',(-1.,0.,0.));
#5150=DIRECTION('',(0.,0.,-1.));
#5151=DIRECTION('center_axis',(-0.159501715701858,-0.987197651277678,0.));
#5152=DIRECTION('ref_axis',(-0.987197651277678,0.159501715701858,0.));
#5153=DIRECTION('center_axis',(0.,0.,-1.));
#5154=DIRECTION('ref_axis',(1.,0.,0.));
#5155=DIRECTION('center_axis',(0.,0.,-1.));
#5156=DIRECTION('ref_axis',(1.,0.,0.));
#5157=DIRECTION('center_axis',(0.,0.,-1.));
#5158=DIRECTION('ref_axis',(1.,0.,0.));
#5159=DIRECTION('center_axis',(0.,0.,-1.));
#5160=DIRECTION('ref_axis',(1.,0.,0.));
#5161=DIRECTION('center_axis',(0.,0.,-1.));
#5162=DIRECTION('ref_axis',(-1.,0.,0.));
#5163=DIRECTION('center_axis',(0.,0.,-1.));
#5164=DIRECTION('ref_axis',(-1.,0.,0.));
#5165=DIRECTION('center_axis',(0.,0.,-1.));
#5166=DIRECTION('ref_axis',(1.,0.,0.));
#5167=DIRECTION('center_axis',(0.,0.,-1.));
#5168=DIRECTION('ref_axis',(-1.,0.,0.));
#5169=DIRECTION('',(-0.0894625002363588,0.995990191242594,0.));
#5170=DIRECTION('center_axis',(0.,0.,-1.));
#5171=DIRECTION('ref_axis',(1.,0.,0.));
#5172=DIRECTION('',(0.99158303869862,0.129472303467621,0.));
#5173=DIRECTION('center_axis',(0.,0.,-1.));
#5174=DIRECTION('ref_axis',(1.,0.,0.));
#5175=DIRECTION('',(0.999531625226798,0.0306027804533389,0.));
#5176=DIRECTION('center_axis',(0.,0.,-1.));
#5177=DIRECTION('ref_axis',(1.,0.,0.));
#5178=DIRECTION('',(0.983113096950964,0.182999012575161,0.));
#5179=DIRECTION('center_axis',(0.,0.,-1.));
#5180=DIRECTION('ref_axis',(-1.,0.,0.));
#5181=DIRECTION('center_axis',(0.,0.,-1.));
#5182=DIRECTION('ref_axis',(-1.,0.,0.));
#5183=DIRECTION('center_axis',(0.,0.,-1.));
#5184=DIRECTION('ref_axis',(-1.,0.,0.));
#5185=DIRECTION('',(0.999531625226799,0.0306027804533328,0.));
#5186=DIRECTION('',(0.507473446346104,-0.861667395956008,0.));
#5187=DIRECTION('center_axis',(0.,0.,-1.));
#5188=DIRECTION('ref_axis',(-1.,0.,0.));
#5189=DIRECTION('',(0.99158303869862,0.129472303467622,0.));
#5190=DIRECTION('center_axis',(0.,0.,-1.));
#5191=DIRECTION('ref_axis',(1.,0.,0.));
#5192=DIRECTION('center_axis',(0.,0.,-1.));
#5193=DIRECTION('ref_axis',(1.,0.,0.));
#5194=DIRECTION('',(-0.0894625002363588,0.995990191242594,0.));
#5195=DIRECTION('center_axis',(0.,0.,-1.));
#5196=DIRECTION('ref_axis',(-1.,0.,0.));
#5197=DIRECTION('',(-0.12764382034366,-0.991820071952607,0.));
#5198=DIRECTION('',(0.186090403267094,0.982532626334561,0.));
#5199=DIRECTION('center_axis',(0.,0.,-1.));
#5200=DIRECTION('ref_axis',(-1.,0.,0.));
#5201=DIRECTION('center_axis',(0.,0.,-1.));
#5202=DIRECTION('ref_axis',(1.,0.,0.));
#5203=DIRECTION('center_axis',(0.,0.,-1.));
#5204=DIRECTION('ref_axis',(-1.,0.,0.));
#5205=DIRECTION('',(-0.089462500236424,-0.995990191242588,0.));
#5206=DIRECTION('center_axis',(0.,0.,1.));
#5207=DIRECTION('ref_axis',(1.,0.,0.));
#5208=DIRECTION('',(-0.999769614268531,-0.0214643515008758,0.));
#5209=DIRECTION('center_axis',(0.,0.,-1.));
#5210=DIRECTION('ref_axis',(-1.,0.,0.));
#5211=DIRECTION('',(0.184011271507525,-0.982924133368483,0.));
#5212=DIRECTION('',(0.127643843901035,-0.991820068920854,0.));
#5213=DIRECTION('center_axis',(0.,0.,-1.));
#5214=DIRECTION('ref_axis',(1.,0.,0.));
#5215=DIRECTION('',(0.983113096950964,-0.182999012575161,0.));
#5216=DIRECTION('center_axis',(0.,0.,-1.));
#5217=DIRECTION('ref_axis',(1.,0.,0.));
#5218=DIRECTION('',(0.999531621499318,-0.0306029021980737,0.));
#5219=DIRECTION('center_axis',(0.,0.,1.));
#5220=DIRECTION('ref_axis',(1.,0.,0.));
#5221=DIRECTION('',(0.9915831586926,-0.12947138447242,0.));
#5222=DIRECTION('center_axis',(0.,0.,1.));
#5223=DIRECTION('ref_axis',(1.,0.,0.));
#5224=DIRECTION('',(-0.089462500236424,-0.995990191242588,0.));
#5225=DIRECTION('center_axis',(0.,0.,1.));
#5226=DIRECTION('ref_axis',(-1.,0.,0.));
#5227=DIRECTION('',(0.9915831586926,-0.12947138447242,0.));
#5228=DIRECTION('center_axis',(0.,0.,-1.));
#5229=DIRECTION('ref_axis',(-1.,0.,0.));
#5230=DIRECTION('',(-0.507472858175766,-0.861667742354859,0.));
#5231=DIRECTION('',(0.999531621499318,-0.0306029021980748,0.));
#5232=DIRECTION('center_axis',(0.,0.,-1.));
#5233=DIRECTION('ref_axis',(-1.,0.,0.));
#5234=DIRECTION('center_axis',(0.,0.,-1.));
#5235=DIRECTION('ref_axis',(-1.,0.,0.));
#5236=DIRECTION('center_axis',(0.,0.,-1.));
#5237=DIRECTION('ref_axis',(-1.,0.,0.));
#5238=DIRECTION('center_axis',(0.,0.,-1.));
#5239=DIRECTION('ref_axis',(1.,0.,0.));
#5240=DIRECTION('center_axis',(0.,0.,1.));
#5241=DIRECTION('ref_axis',(1.,0.,0.));
#5242=DIRECTION('',(-0.992191044353494,0.124727428838738,0.));
#5243=DIRECTION('center_axis',(0.,0.,-1.));
#5244=DIRECTION('ref_axis',(-1.,0.,0.));
#5245=DIRECTION('',(0.0437574446548181,-0.999042184313195,0.));
#5246=DIRECTION('',(0.109873192656767,0.993945612966529,0.));
#5247=DIRECTION('center_axis',(0.,0.,-1.));
#5248=DIRECTION('ref_axis',(-1.,0.,0.));
#5249=DIRECTION('',(-0.980734093731645,-0.195347478592302,0.));
#5250=DIRECTION('',(-0.999769614268531,-0.0214643515008758,0.));
#5251=DIRECTION('center_axis',(0.,0.,-1.));
#5252=DIRECTION('ref_axis',(1.,0.,0.));
#5253=DIRECTION('center_axis',(0.,0.,1.));
#5254=DIRECTION('ref_axis',(-1.,0.,0.));
#5255=DIRECTION('',(0.999995575933405,0.00297457788897298,0.));
#5256=DIRECTION('',(-0.992318615078123,-0.123708391669422,0.));
#5257=DIRECTION('center_axis',(0.,0.,-1.));
#5258=DIRECTION('ref_axis',(-1.,0.,0.));
#5259=DIRECTION('',(0.999938885400156,-0.0110555626131406,0.));
#5260=DIRECTION('',(1.,1.53603195194358E-12,0.));
#5261=DIRECTION('center_axis',(0.,0.,-1.));
#5262=DIRECTION('ref_axis',(1.,0.,0.));
#5263=DIRECTION('',(-0.992191044353494,0.124727428838738,0.));
#5264=DIRECTION('',(0.999999999410451,-3.43379866128665E-5,0.));
#5265=DIRECTION('center_axis',(0.,0.,-1.));
#5266=DIRECTION('ref_axis',(-1.,0.,0.));
#5267=DIRECTION('',(0.999999999410451,-3.43379866137884E-5,0.));
#5268=DIRECTION('',(0.999917147828847,0.0128723532357047,0.));
#5269=DIRECTION('center_axis',(0.,0.,-1.));
#5270=DIRECTION('ref_axis',(-1.,0.,0.));
#5271=DIRECTION('center_axis',(-1.53603195194358E-12,1.,0.));
#5272=DIRECTION('ref_axis',(1.,1.53603195194358E-12,0.));
#5273=DIRECTION('',(0.,0.,-1.));
#5274=DIRECTION('',(0.,0.,-1.));
#5275=DIRECTION('center_axis',(0.0110555626131406,0.999938885400156,0.));
#5276=DIRECTION('ref_axis',(0.999938885400156,-0.0110555626131406,0.));
#5277=DIRECTION('',(0.,0.,-1.));
#5278=DIRECTION('center_axis',(0.,0.,-1.));
#5279=DIRECTION('ref_axis',(-1.,0.,0.));
#5280=DIRECTION('',(0.,0.,-1.));
#5281=DIRECTION('center_axis',(0.123708391669422,-0.992318615078124,0.));
#5282=DIRECTION('ref_axis',(-0.992318615078123,-0.123708391669422,0.));
#5283=DIRECTION('',(0.,0.,1.));
#5284=DIRECTION('',(0.,0.,1.));
#5285=DIRECTION('',(-0.992318615078123,-0.123708391669422,0.));
#5286=DIRECTION('',(0.,0.,-1.));
#5287=DIRECTION('center_axis',(0.,0.,-1.));
#5288=DIRECTION('ref_axis',(-1.,0.,0.));
#5289=DIRECTION('center_axis',(0.,0.,-1.));
#5290=DIRECTION('ref_axis',(-1.,0.,0.));
#5291=DIRECTION('',(0.,0.,-1.));
#5292=DIRECTION('center_axis',(-0.999077422492877,0.0429453590623055,0.));
#5293=DIRECTION('ref_axis',(0.0429453590623055,0.999077422492876,0.));
#5294=DIRECTION('',(0.0429453590623055,0.999077422492876,0.));
#5295=DIRECTION('',(0.,0.,-1.));
#5296=DIRECTION('center_axis',(0.993934498581095,0.109973690173363,0.));
#5297=DIRECTION('ref_axis',(0.109973690173363,-0.993934498581095,0.));
#5298=DIRECTION('',(0.109973690173363,-0.993934498581095,0.));
#5299=DIRECTION('',(0.,0.,-1.));
#5300=DIRECTION('center_axis',(0.,0.,-1.));
#5301=DIRECTION('ref_axis',(-1.,0.,0.));
#5302=DIRECTION('center_axis',(0.,0.,-1.));
#5303=DIRECTION('ref_axis',(-1.,0.,0.));
#5304=DIRECTION('',(0.,0.,-1.));
#5305=DIRECTION('center_axis',(-0.196525375526655,-0.980498738792716,0.));
#5306=DIRECTION('ref_axis',(-0.980498738792716,0.196525375526655,0.));
#5307=DIRECTION('',(-0.980498738792716,0.196525375526655,0.));
#5308=DIRECTION('center_axis',(0.,0.,-1.));
#5309=DIRECTION('ref_axis',(-1.,0.,0.));
#5310=DIRECTION('',(0.,0.,-1.));
#5311=DIRECTION('center_axis',(-0.982532626334561,0.186090403267094,0.));
#5312=DIRECTION('ref_axis',(0.186090403267094,0.982532626334561,0.));
#5313=DIRECTION('',(0.,0.,-1.));
#5314=DIRECTION('center_axis',(0.991820071952607,-0.12764382034366,0.));
#5315=DIRECTION('ref_axis',(-0.12764382034366,-0.991820071952607,0.));
#5316=DIRECTION('',(0.,0.,-1.));
#5317=DIRECTION('center_axis',(0.,0.,-1.));
#5318=DIRECTION('ref_axis',(0.999815582607609,-0.0192041863927425,0.));
#5319=DIRECTION('',(0.,0.,-1.));
#5320=DIRECTION('center_axis',(-0.995990191242594,-0.0894625002363588,0.));
#5321=DIRECTION('ref_axis',(-0.0894625002363588,0.995990191242594,0.));
#5322=DIRECTION('',(0.,0.,1.));
#5323=DIRECTION('',(0.,0.,1.));
#5324=DIRECTION('',(0.,0.,-1.));
#5325=DIRECTION('center_axis',(0.,0.,-1.));
#5326=DIRECTION('ref_axis',(-1.,0.,0.));
#5327=DIRECTION('',(0.,0.,-1.));
#5328=DIRECTION('center_axis',(-0.129472303467622,0.99158303869862,0.));
#5329=DIRECTION('ref_axis',(0.99158303869862,0.129472303467622,0.));
#5330=DIRECTION('',(0.,0.,-1.));
#5331=DIRECTION('center_axis',(0.,0.,-1.));
#5332=DIRECTION('ref_axis',(-1.,0.,0.));
#5333=DIRECTION('',(0.,0.,-1.));
#5334=DIRECTION('center_axis',(0.861667395956008,0.507473446346104,0.));
#5335=DIRECTION('ref_axis',(0.507473446346104,-0.861667395956008,0.));
#5336=DIRECTION('',(0.,0.,-1.));
#5337=DIRECTION('center_axis',(-0.0306027804533328,0.999531625226799,0.));
#5338=DIRECTION('ref_axis',(0.999531625226798,0.0306027804533328,0.));
#5339=DIRECTION('',(0.,0.,-1.));
#5340=DIRECTION('center_axis',(0.,0.,-1.));
#5341=DIRECTION('ref_axis',(-1.,0.,0.));
#5342=DIRECTION('',(0.,0.,-1.));
#5343=DIRECTION('center_axis',(0.,0.,-1.));
#5344=DIRECTION('ref_axis',(-1.,0.,0.));
#5345=DIRECTION('',(0.,0.,-1.));
#5346=DIRECTION('center_axis',(0.,0.,-1.));
#5347=DIRECTION('ref_axis',(-1.,0.,0.));
#5348=DIRECTION('',(0.,0.,-1.));
#5349=DIRECTION('center_axis',(-0.182999012575161,0.983113096950964,0.));
#5350=DIRECTION('ref_axis',(0.983113096950964,0.182999012575161,0.));
#5351=DIRECTION('',(0.,0.,1.));
#5352=DIRECTION('',(0.,0.,-1.));
#5353=DIRECTION('center_axis',(0.,0.,-1.));
#5354=DIRECTION('ref_axis',(-1.,0.,0.));
#5355=DIRECTION('center_axis',(0.,0.,-1.));
#5356=DIRECTION('ref_axis',(-1.,0.,0.));
#5357=DIRECTION('',(0.,0.,-1.));
#5358=DIRECTION('center_axis',(0.182999012575161,0.983113096950964,0.));
#5359=DIRECTION('ref_axis',(0.983113096950964,-0.182999012575161,0.));
#5360=DIRECTION('',(0.,0.,1.));
#5361=DIRECTION('',(0.,0.,-1.));
#5362=DIRECTION('center_axis',(0.,0.,-1.));
#5363=DIRECTION('ref_axis',(-1.,0.,0.));
#5364=DIRECTION('',(0.,0.,-1.));
#5365=DIRECTION('center_axis',(0.,0.,-1.));
#5366=DIRECTION('ref_axis',(-1.,0.,0.));
#5367=DIRECTION('',(0.,0.,-1.));
#5368=DIRECTION('center_axis',(0.,0.,-1.));
#5369=DIRECTION('ref_axis',(-1.,0.,0.));
#5370=DIRECTION('',(0.,0.,-1.));
#5371=DIRECTION('center_axis',(0.0306029021980748,0.999531621499318,0.));
#5372=DIRECTION('ref_axis',(0.999531621499318,-0.0306029021980748,0.));
#5373=DIRECTION('',(0.,0.,-1.));
#5374=DIRECTION('center_axis',(0.861667742354859,-0.507472858175766,0.));
#5375=DIRECTION('ref_axis',(-0.507472858175766,-0.861667742354859,0.));
#5376=DIRECTION('',(0.,0.,-1.));
#5377=DIRECTION('center_axis',(0.,0.,-1.));
#5378=DIRECTION('ref_axis',(-1.,0.,0.));
#5379=DIRECTION('',(0.,0.,-1.));
#5380=DIRECTION('center_axis',(0.12947138447242,0.9915831586926,0.));
#5381=DIRECTION('ref_axis',(0.9915831586926,-0.12947138447242,0.));
#5382=DIRECTION('',(0.,0.,-1.));
#5383=DIRECTION('center_axis',(0.,0.,-1.));
#5384=DIRECTION('ref_axis',(-1.,0.,0.));
#5385=DIRECTION('',(0.,0.,-1.));
#5386=DIRECTION('center_axis',(0.995990191242588,-0.089462500236424,0.));
#5387=DIRECTION('ref_axis',(-0.089462500236424,-0.995990191242588,0.));
#5388=DIRECTION('',(0.,0.,1.));
#5389=DIRECTION('',(0.,0.,1.));
#5390=DIRECTION('',(0.,0.,-1.));
#5391=DIRECTION('center_axis',(0.,0.,-1.));
#5392=DIRECTION('ref_axis',(-1.,0.,0.));
#5393=DIRECTION('',(0.,0.,-1.));
#5394=DIRECTION('center_axis',(0.991820068920854,0.127643843901035,0.));
#5395=DIRECTION('ref_axis',(0.127643843901035,-0.991820068920854,0.));
#5396=DIRECTION('',(0.,0.,-1.));
#5397=DIRECTION('center_axis',(0.982924133368483,0.184011271507525,0.));
#5398=DIRECTION('ref_axis',(0.184011271507525,-0.982924133368483,0.));
#5399=DIRECTION('',(0.,0.,-1.));
#5400=DIRECTION('center_axis',(0.,0.,-1.));
#5401=DIRECTION('ref_axis',(-1.,0.,0.));
#5402=DIRECTION('',(0.,0.,-1.));
#5403=DIRECTION('center_axis',(0.0214643515008758,-0.999769614268531,0.));
#5404=DIRECTION('ref_axis',(-0.999769614268531,-0.0214643515008758,0.));
#5405=DIRECTION('',(0.,0.,-1.));
#5406=DIRECTION('',(0.,0.,1.));
#5407=DIRECTION('center_axis',(0.195347478592302,-0.980734093731645,0.));
#5408=DIRECTION('ref_axis',(-0.980734093731645,-0.195347478592302,0.));
#5409=DIRECTION('',(0.,0.,-1.));
#5410=DIRECTION('center_axis',(0.,0.,-1.));
#5411=DIRECTION('ref_axis',(0.675866709002137,0.737023874554021,0.));
#5412=DIRECTION('',(0.,0.,-1.));
#5413=DIRECTION('center_axis',(-0.993945612966529,0.109873192656767,0.));
#5414=DIRECTION('ref_axis',(0.109873192656767,0.993945612966529,0.));
#5415=DIRECTION('',(0.,0.,-1.));
#5416=DIRECTION('center_axis',(0.999042184313195,0.0437574446548181,0.));
#5417=DIRECTION('ref_axis',(0.0437574446548181,-0.999042184313195,0.));
#5418=DIRECTION('',(0.,0.,-1.));
#5419=DIRECTION('center_axis',(0.,0.,-1.));
#5420=DIRECTION('ref_axis',(-1.,0.,0.));
#5421=DIRECTION('',(0.,0.,-1.));
#5422=DIRECTION('center_axis',(-0.124727428838738,-0.992191044353494,0.));
#5423=DIRECTION('ref_axis',(-0.992191044353494,0.124727428838738,0.));
#5424=DIRECTION('',(0.,0.,1.));
#5425=DIRECTION('',(0.,0.,1.));
#5426=DIRECTION('',(0.,0.,-1.));
#5427=DIRECTION('center_axis',(0.,0.,-1.));
#5428=DIRECTION('ref_axis',(-1.,0.,0.));
#5429=DIRECTION('',(0.,0.,-1.));
#5430=DIRECTION('center_axis',(-0.0128723532357047,0.999917147828846,0.));
#5431=DIRECTION('ref_axis',(0.999917147828847,0.0128723532357047,0.));
#5432=DIRECTION('',(0.,0.,-1.));
#5433=DIRECTION('center_axis',(3.43379866137884E-5,0.999999999410451,0.));
#5434=DIRECTION('ref_axis',(0.999999999410451,-3.43379866137884E-5,0.));
#5435=DIRECTION('',(0.,0.,-1.));
#5436=DIRECTION('center_axis',(0.,0.,-1.));
#5437=DIRECTION('ref_axis',(-1.,0.,0.));
#5438=DIRECTION('',(0.,0.,-1.));
#5439=DIRECTION('center_axis',(0.,1.,0.));
#5440=DIRECTION('ref_axis',(1.,0.,0.));
#5441=DIRECTION('',(0.,0.,-1.));
#5442=DIRECTION('',(1.,0.,0.));
#5443=DIRECTION('',(0.999995575933405,0.00297457788897298,0.));
#5444=DIRECTION('',(1.,0.,0.));
#5445=DIRECTION('center_axis',(0.,0.,-1.));
#5446=DIRECTION('ref_axis',(-1.,0.,0.));
#5447=DIRECTION('center_axis',(0.,0.,1.));
#5448=DIRECTION('ref_axis',(-1.,0.,0.));
#5449=DIRECTION('center_axis',(0.,0.,-1.));
#5450=DIRECTION('ref_axis',(1.,0.,0.));
#5451=DIRECTION('center_axis',(0.,0.,-1.));
#5452=DIRECTION('ref_axis',(1.,0.,0.));
#5453=DIRECTION('',(0.0877714817689819,-0.996140636149373,0.));
#5454=DIRECTION('center_axis',(0.00297457788897298,-0.999995575933405,0.));
#5455=DIRECTION('ref_axis',(0.999995575933405,0.00297457788897298,0.));
#5456=DIRECTION('',(0.999995575933405,0.00297457788897298,0.));
#5457=DIRECTION('',(0.,0.,1.));
#5458=DIRECTION('center_axis',(-3.43379866128665E-5,-0.999999999410451,
0.));
#5459=DIRECTION('ref_axis',(0.999999999410451,-3.43379866128665E-5,0.));
#5460=DIRECTION('center_axis',(0.,0.,1.));
#5461=DIRECTION('ref_axis',(-0.776899535781403,-0.629624579652543,0.));
#5462=DIRECTION('center_axis',(0.,0.,1.));
#5463=DIRECTION('ref_axis',(-0.729925235630877,-0.683526993167943,0.));
#5464=DIRECTION('center_axis',(0.,0.,1.));
#5465=DIRECTION('ref_axis',(1.,0.,0.));
#5466=DIRECTION('',(0.,0.,1.));
#5467=DIRECTION('center_axis',(-0.12947138447242,-0.9915831586926,0.));
#5468=DIRECTION('ref_axis',(0.9915831586926,-0.12947138447242,0.));
#5469=DIRECTION('',(0.,0.,1.));
#5470=DIRECTION('center_axis',(0.,0.,1.));
#5471=DIRECTION('ref_axis',(1.,0.,0.));
#5472=DIRECTION('',(0.,0.,1.));
#5473=DIRECTION('center_axis',(-0.0306029021980737,-0.999531621499318,0.));
#5474=DIRECTION('ref_axis',(0.999531621499318,-0.0306029021980737,0.));
#5475=DIRECTION('',(0.,0.,1.));
#5476=DIRECTION('center_axis',(0.,0.,1.));
#5477=DIRECTION('ref_axis',(1.,0.,0.));
#5478=DIRECTION('center_axis',(0.,0.,1.));
#5479=DIRECTION('ref_axis',(1.,0.,0.));
#5480=DIRECTION('',(0.,0.,1.));
#5481=DIRECTION('center_axis',(0.0306027804533389,-0.999531625226798,0.));
#5482=DIRECTION('ref_axis',(0.999531625226798,0.0306027804533389,0.));
#5483=DIRECTION('',(0.,0.,1.));
#5484=DIRECTION('center_axis',(0.,0.,1.));
#5485=DIRECTION('ref_axis',(1.,0.,0.));
#5486=DIRECTION('',(0.,0.,1.));
#5487=DIRECTION('center_axis',(0.129472303467621,-0.99158303869862,0.));
#5488=DIRECTION('ref_axis',(0.99158303869862,0.129472303467621,0.));
#5489=DIRECTION('',(0.,0.,1.));
#5490=DIRECTION('center_axis',(0.,0.,1.));
#5491=DIRECTION('ref_axis',(1.,0.,0.));
#5492=DIRECTION('center_axis',(0.,0.,1.));
#5493=DIRECTION('ref_axis',(1.,0.,0.));
#5494=DIRECTION('center_axis',(-0.996140636149373,-0.0877714817689819,0.));
#5495=DIRECTION('ref_axis',(0.0877714817689819,-0.996140636149373,0.));
#5496=DIRECTION('',(0.,0.,1.));
#5497=DIRECTION('center_axis',(0.,0.,1.));
#5498=DIRECTION('ref_axis',(1.,0.,0.));
#5499=DIRECTION('center_axis',(0.,0.,1.));
#5500=DIRECTION('ref_axis',(1.,0.,0.));
#5501=DIRECTION('center_axis',(0.,0.,1.));
#5502=DIRECTION('ref_axis',(1.,0.,0.));
#5503=DIRECTION('center_axis',(0.,0.,1.));
#5504=DIRECTION('ref_axis',(1.,0.,0.));
#5505=DIRECTION('',(0.,0.,-1.));
#5506=DIRECTION('center_axis',(0.,0.,1.));
#5507=DIRECTION('ref_axis',(1.,0.,0.));
#5508=DIRECTION('center_axis',(0.,0.,1.));
#5509=DIRECTION('ref_axis',(1.,0.,0.));
#5510=DIRECTION('center_axis',(0.,0.,1.));
#5511=DIRECTION('ref_axis',(1.,0.,0.));
#5512=DIRECTION('',(0.,0.,-1.));
#5513=DIRECTION('center_axis',(0.,0.,1.));
#5514=DIRECTION('ref_axis',(1.,0.,0.));
#5515=DIRECTION('center_axis',(0.,0.,1.));
#5516=DIRECTION('ref_axis',(1.,0.,0.));
#5517=DIRECTION('center_axis',(0.,0.,1.));
#5518=DIRECTION('ref_axis',(1.,0.,0.));
#5519=DIRECTION('',(0.,0.,-1.));
#5520=DIRECTION('center_axis',(0.,0.,1.));
#5521=DIRECTION('ref_axis',(1.,0.,0.));
#5522=DIRECTION('center_axis',(0.,0.,1.));
#5523=DIRECTION('ref_axis',(1.,0.,0.));
#5524=DIRECTION('center_axis',(0.,0.,1.));
#5525=DIRECTION('ref_axis',(1.,0.,0.));
#5526=DIRECTION('',(0.,0.,-1.));
#5527=DIRECTION('center_axis',(0.,0.,1.));
#5528=DIRECTION('ref_axis',(1.,0.,0.));
#5529=DIRECTION('center_axis',(0.,0.,1.));
#5530=DIRECTION('ref_axis',(1.,0.,0.));
#5531=DIRECTION('center_axis',(0.,0.,1.));
#5532=DIRECTION('ref_axis',(1.,0.,0.));
#5533=DIRECTION('',(0.,0.,-1.));
#5534=DIRECTION('center_axis',(0.,0.,1.));
#5535=DIRECTION('ref_axis',(1.,0.,0.));
#5536=DIRECTION('center_axis',(0.,0.,1.));
#5537=DIRECTION('ref_axis',(1.,0.,0.));
#5538=DIRECTION('center_axis',(0.,0.,1.));
#5539=DIRECTION('ref_axis',(1.,0.,0.));
#5540=DIRECTION('',(0.,0.,-1.));
#5541=DIRECTION('center_axis',(0.,0.,1.));
#5542=DIRECTION('ref_axis',(1.,0.,0.));
#5543=DIRECTION('center_axis',(0.,0.,1.));
#5544=DIRECTION('ref_axis',(1.,0.,0.));
#5545=DIRECTION('center_axis',(0.,0.,1.));
#5546=DIRECTION('ref_axis',(1.,0.,0.));
#5547=DIRECTION('',(0.,0.,-1.));
#5548=DIRECTION('center_axis',(0.,0.,1.));
#5549=DIRECTION('ref_axis',(1.,0.,0.));
#5550=DIRECTION('center_axis',(0.,0.,1.));
#5551=DIRECTION('ref_axis',(1.,0.,0.));
#5552=DIRECTION('center_axis',(0.,0.,1.));
#5553=DIRECTION('ref_axis',(1.,0.,0.));
#5554=DIRECTION('',(0.,0.,-1.));
#5555=DIRECTION('center_axis',(0.,0.,1.));
#5556=DIRECTION('ref_axis',(1.,0.,0.));
#5557=DIRECTION('center_axis',(0.,0.,1.));
#5558=DIRECTION('ref_axis',(1.,0.,0.));
#5559=DIRECTION('center_axis',(0.,0.,1.));
#5560=DIRECTION('ref_axis',(1.,0.,0.));
#5561=DIRECTION('',(0.,0.,-1.));
#5562=DIRECTION('center_axis',(0.,0.,1.));
#5563=DIRECTION('ref_axis',(1.,0.,0.));
#5564=DIRECTION('center_axis',(0.,0.,1.));
#5565=DIRECTION('ref_axis',(1.,0.,0.));
#5566=DIRECTION('center_axis',(0.,0.,1.));
#5567=DIRECTION('ref_axis',(1.,0.,0.));
#5568=DIRECTION('',(0.,0.,-1.));
#5569=DIRECTION('center_axis',(0.,0.,1.));
#5570=DIRECTION('ref_axis',(1.,0.,0.));
#5571=DIRECTION('center_axis',(0.,0.,1.));
#5572=DIRECTION('ref_axis',(1.,0.,0.));
#5573=DIRECTION('center_axis',(0.,0.,1.));
#5574=DIRECTION('ref_axis',(1.,0.,0.));
#5575=DIRECTION('',(0.,0.,-1.));
#5576=DIRECTION('center_axis',(0.,0.,1.));
#5577=DIRECTION('ref_axis',(1.,0.,0.));
#5578=CARTESIAN_POINT('',(0.,0.,0.));
#5579=CARTESIAN_POINT('Origin',(109.914343867398,4.17361358346625,-19.233224201013));
#5580=CARTESIAN_POINT('',(107.112363361789,34.804959161625,-16.503137722502));
#5581=CARTESIAN_POINT('',(107.211965408656,34.8225532989975,-16.6019804186918));
#5582=CARTESIAN_POINT('',(107.112363361789,34.804959161625,-16.503137722502));
#5583=CARTESIAN_POINT('',(110.420457404556,-0.897737863820798,-19.7271009532836));
#5584=CARTESIAN_POINT('',(109.964144890831,4.18241065215251,-19.2826455491079));
#5585=CARTESIAN_POINT('',(110.320855357689,-0.915332001193301,-19.6282582570939));
#5586=CARTESIAN_POINT('',(110.420457404556,-0.897737863820798,-19.7271009532836));
#5587=CARTESIAN_POINT('',(109.864542843965,4.16481651478,-19.1838028529182));
#5588=CARTESIAN_POINT('Origin',(104.124301955784,34.5429600558303,-16.5762506659901));
#5589=CARTESIAN_POINT('',(101.136240549779,34.2722453757608,-16.5497441396691));
#5590=CARTESIAN_POINT('',(101.036638502912,34.2720823869378,-16.6501403830978));
#5591=CARTESIAN_POINT('',(101.136240549779,34.2722453757608,-16.5497441396691));
#5592=CARTESIAN_POINT('Origin',(104.124301955784,34.5473178429677,-16.6260604008948));
#5593=CARTESIAN_POINT('Origin',(104.124301955784,34.5386022686929,-16.5264409310855));
#5594=CARTESIAN_POINT('Origin',(102.234373010571,21.4921668159134,-17.7180471245037));
#5595=CARTESIAN_POINT('',(104.344732545679,-1.44804578705755,-19.674864674261));
#5596=CARTESIAN_POINT('',(104.245130498812,-1.44820877588052,-19.7752609176896));
#5597=CARTESIAN_POINT('',(104.344732545679,-1.44804578705755,-19.674864674261));
#5598=CARTESIAN_POINT('',(102.184571987137,21.492085321502,-17.768245246218));
#5599=CARTESIAN_POINT('',(102.284174034004,21.4922483103249,-17.6678490027893));
#5600=CARTESIAN_POINT('Origin',(107.332793951684,-1.17733110698805,-19.701371200582));
#5601=CARTESIAN_POINT('Origin',(107.332793951684,-1.17297331985066,-19.7511809354866));
#5602=CARTESIAN_POINT('Origin',(107.332793951684,-1.18168889412543,-19.6515614656774));
#5603=CARTESIAN_POINT('Origin',(104.124301955784,34.5473178429677,-16.6260604008948));
#5604=CARTESIAN_POINT('',(107.112363361789,34.7352345674269,-15.7061819640286));
#5605=CARTESIAN_POINT('',(107.112363361789,34.8136747358998,-16.6027571923112));
#5606=CARTESIAN_POINT('',(101.136240549779,34.2025207815627,-15.7527883811957));
#5607=CARTESIAN_POINT('Origin',(104.124301955784,34.4688776744948,-15.7294851726122));
#5608=CARTESIAN_POINT('',(101.136240549779,34.2809609500355,-16.6493636094783));
#5609=CARTESIAN_POINT('Origin',(110.320855357689,-0.906616426918538,-19.727877726903));
#5610=CARTESIAN_POINT('',(110.320855357689,-0.985056595391431,-18.8313024986205));
#5611=CARTESIAN_POINT('',(110.320855357689,-0.906616426918537,-19.727877726903));
#5612=CARTESIAN_POINT('',(107.112363361789,34.7352345674269,-15.7061819640286));
#5613=CARTESIAN_POINT('Origin',(1.39864044967908E-5,-0.499008047227637,
-19.6922166145219));
#5614=CARTESIAN_POINT('',(77.1765913200971,-38.7980207998613,-23.0429460546122));
#5615=CARTESIAN_POINT('',(84.2108264229352,-30.1953008653375,-22.2903055848529));
#5616=CARTESIAN_POINT('Origin',(76.2379043865374,-30.8532577509952,-22.3478693534367));
#5617=CARTESIAN_POINT('',(29.9741699630641,-46.4757302239652,-23.7146585910674));
#5618=CARTESIAN_POINT('',(30.878804496496,-46.3285869020122,-23.701785218483));
#5619=CARTESIAN_POINT('',(0.000101527672174001,-46.4757302239652,-23.7146585910674));
#5620=CARTESIAN_POINT('',(1.39864044046423E-5,-46.4757302239652,-23.7146585910674));
#5621=CARTESIAN_POINT('',(-29.6676876224079,-46.4747114918179,-23.7145694635534));
#5622=CARTESIAN_POINT('',(-7.47788121646107,-46.4754734450937,-23.7146361258271));
#5623=CARTESIAN_POINT('',(-77.1780811078041,-38.7984480153162,-23.0429834311214));
#5624=CARTESIAN_POINT('',(-30.7704329118268,-46.2965407218441,-23.698981541009));
#5625=CARTESIAN_POINT('',(-84.2107270874344,-30.1952501425123,-22.2903011471807));
#5626=CARTESIAN_POINT('Origin',(-76.237845664519,-30.8538551351617,-22.3479216177791));
#5627=CARTESIAN_POINT('',(-83.149684973915,-20.5967472829482,-21.4505409601477));
#5628=CARTESIAN_POINT('',(-81.8478856899935,-8.82028338006689,-20.4202338722233));
#5629=CARTESIAN_POINT('',(-107.787010374857,-21.1368266535317,-21.4977917824779));
#5630=CARTESIAN_POINT('',(-48.4246893137809,-19.8355342253441,-21.3839434470794));
#5631=CARTESIAN_POINT('',(-116.143925478106,-10.827776521166,-20.5958667641755));
#5632=CARTESIAN_POINT('Origin',(-106.657961198823,-11.6798311789727,-20.6704118874381));
#5633=CARTESIAN_POINT('',(-112.083504935826,34.3770749165125,-16.6409547270051));
#5634=CARTESIAN_POINT('',(-114.169629584436,11.1521518232186,-18.6728722089297));
#5635=CARTESIAN_POINT('',(-103.093571538338,42.4413251249313,-15.9354242539319));
#5636=CARTESIAN_POINT('Origin',(-104.124296885967,34.5473035995473,-16.6260616470326));
#5637=CARTESIAN_POINT('',(-91.8065896130882,40.9675796669063,-16.0643602744319));
#5638=CARTESIAN_POINT('',(-47.2432115894281,35.1489227051458,-16.5734267955321));
#5639=CARTESIAN_POINT('',(-83.8326427440237,44.606296281948,-15.7460138208323));
#5640=CARTESIAN_POINT('Origin',(-84.135530771304,34.7135691451321,-16.611515296659));
#5641=CARTESIAN_POINT('',(-58.7193427440237,43.8373962819476,-15.8132838542174));
#5642=CARTESIAN_POINT('',(-34.992842074386,43.1109562535612,-15.8768391214327));
#5643=CARTESIAN_POINT('',(-43.0885433285098,42.1533988145654,-15.9606145420197));
#5644=CARTESIAN_POINT('Origin',(-61.8581881161728,-58.6814819654068,-24.7825234982554));
#5645=CARTESIAN_POINT('',(-9.92299453729433,35.9798845982163,-16.5007270500664));
#5646=CARTESIAN_POINT('',(-11.473336297641,36.2684689047191,-16.4754791947759));
#5647=CARTESIAN_POINT('',(9.92299616369819,35.9798845982163,-16.5007270500664));
#5648=CARTESIAN_POINT('',(1.39864044046423E-5,35.9798845982163,-16.5007270500664));
#5649=CARTESIAN_POINT('',(43.1178532818347,42.1588543363185,-15.9601372457127));
#5650=CARTESIAN_POINT('',(11.4806758568856,36.2698348050091,-16.475359693985));
#5651=CARTESIAN_POINT('',(58.6896733389812,43.8364966530274,-15.8133625615493));
#5652=CARTESIAN_POINT('Origin',(61.8166600356525,-58.2954681124601,-24.7487516621586));
#5653=CARTESIAN_POINT('',(83.8327437268768,44.6063050748761,-15.7460130515508));
#5654=CARTESIAN_POINT('',(34.9854663129037,43.1107420844564,-15.8768578588014));
#5655=CARTESIAN_POINT('',(91.8066895933645,40.9675907774089,-16.0643593023888));
#5656=CARTESIAN_POINT('Origin',(84.1356306775552,34.7135737090704,-16.6115148973661));
#5657=CARTESIAN_POINT('',(103.093569919341,42.4413336085556,-15.9354235117109));
#5658=CARTESIAN_POINT('',(47.2432428087312,35.1488828321475,-16.5734302839674));
#5659=CARTESIAN_POINT('',(112.083505152451,34.3770888429116,-16.640953508603));
#5660=CARTESIAN_POINT('Origin',(104.124301955784,34.5473178429677,-16.6260604008948));
#5661=CARTESIAN_POINT('',(116.143926156667,-10.8277677375503,-20.5958659957087));
#5662=CARTESIAN_POINT('',(114.169630652579,11.1521562696092,-18.672871819921));
#5663=CARTESIAN_POINT('',(107.772689187614,-21.1451787605072,-21.4985224971548));
#5664=CARTESIAN_POINT('Origin',(106.651182301404,-11.6804313549858,-20.6704643960353));
#5665=CARTESIAN_POINT('',(83.1456054181077,-20.5679081349287,-21.4480178616302));
#5666=CARTESIAN_POINT('',(48.4086659968422,-19.7536576561437,-21.376780175466));
#5667=CARTESIAN_POINT('',(81.8447408544363,-8.81078544698055,-20.4194029107513));
#5668=CARTESIAN_POINT('',(-17.9375304402232,-37.4103584713303,-22.9215413320637));
#5669=CARTESIAN_POINT('',(18.0624695597768,-37.4103584713303,-22.9215413320637));
#5670=CARTESIAN_POINT('',(9.03124177309066,-37.4103584713303,-22.9215413320637));
#5671=CARTESIAN_POINT('',(-17.9375304402232,-43.5867655994992,-23.4619069370992));
#5672=CARTESIAN_POINT('Origin',(-17.9375304402232,-40.4985620354148,-23.1917241345815));
#5673=CARTESIAN_POINT('',(18.0624695597768,-43.5867655994992,-23.4619069370992));
#5674=CARTESIAN_POINT('',(-8.96875822690934,-43.5867655994992,-23.4619069370992));
#5675=CARTESIAN_POINT('Origin',(18.0624695597768,-40.4985620354148,-23.1917241345815));
#5676=CARTESIAN_POINT('',(-101.036633433095,34.2720681435172,-16.6501416292356));
#5677=CARTESIAN_POINT('',(-104.245125428997,-1.44822301930091,-19.7752621638274));
#5678=CARTESIAN_POINT('',(-103.7888121897,3.63193357449843,-19.3308060529335));
#5679=CARTESIAN_POINT('',(-107.211960338839,34.8225390555773,-16.6019816648296));
#5680=CARTESIAN_POINT('Origin',(-104.124296885967,34.5473035995473,-16.6260616470326));
#5681=CARTESIAN_POINT('',(-110.420452334741,-0.897752107240843,-19.7271021994214));
#5682=CARTESIAN_POINT('',(-108.359893097493,22.0425500679676,-17.7200858212316));
#5683=CARTESIAN_POINT('Origin',(-107.332788881869,-1.17298756327088,-19.7511821816244));
#5684=CARTESIAN_POINT('',(-17.9634596975405,33.0909199737502,-16.7534787040346));
#5685=CARTESIAN_POINT('',(18.0365403024595,33.0909199737502,-16.7534787040346));
#5686=CARTESIAN_POINT('',(9.01827714443199,33.0909199737502,-16.7534787040346));
#5687=CARTESIAN_POINT('',(-17.9634596975405,26.9145128455814,-17.2938443090701));
#5688=CARTESIAN_POINT('Origin',(-17.9634596975405,30.0027164096658,-17.0236615065523));
#5689=CARTESIAN_POINT('',(18.0365403024595,26.9145128455814,-17.2938443090701));
#5690=CARTESIAN_POINT('',(-8.98172285556801,26.9145128455814,-17.2938443090701));
#5691=CARTESIAN_POINT('Origin',(18.0365403024595,30.0027164096658,-17.0236615065523));
#5692=CARTESIAN_POINT('Origin',(9.03124177309066,-37.4645259933723,-22.8760893842965));
#5693=CARTESIAN_POINT('',(-17.9375304402232,-37.5186935154143,-22.8306374365293));
#5694=CARTESIAN_POINT('',(-17.9375304402232,-37.5186935154143,-22.8306374365293));
#5695=CARTESIAN_POINT('',(18.0624695597768,-37.5186935154143,-22.8306374365293));
#5696=CARTESIAN_POINT('',(18.0624695597768,-37.4103584713303,-22.9215413320637));
#5697=CARTESIAN_POINT('',(9.03124177309066,-37.5186935154143,-22.8306374365293));
#5698=CARTESIAN_POINT('Origin',(-17.9375304402232,-40.5029198225521,-23.1419143996769));
#5699=CARTESIAN_POINT('',(-17.9375304402232,-43.4958617039647,-23.3535718930153));
#5700=CARTESIAN_POINT('',(-17.9375304402232,-43.4958617039647,-23.3535718930153));
#5701=CARTESIAN_POINT('Origin',(-17.9375304402232,-40.5072776096895,-23.0921046647724));
#5702=CARTESIAN_POINT('Origin',(-8.96875822690934,-43.541313651732,-23.4077394150572));
#5703=CARTESIAN_POINT('',(18.0624695597768,-43.4958617039648,-23.3535718930153));
#5704=CARTESIAN_POINT('',(18.0624695597768,-43.4958617039648,-23.3535718930153));
#5705=CARTESIAN_POINT('',(-8.96875822690934,-43.4958617039648,-23.3535718930153));
#5706=CARTESIAN_POINT('Origin',(18.0624695597768,-40.5029198225521,-23.1419143996769));
#5707=CARTESIAN_POINT('Origin',(18.0624695597768,-40.5072776096895,-23.0921046647724));
#5708=CARTESIAN_POINT('Origin',(-17.9375304402232,-40.4985620354148,-23.1917241345815));
#5709=CARTESIAN_POINT('',(-17.9375304402232,-37.5884181096124,-22.0336816780559));
#5710=CARTESIAN_POINT('',(-17.9375304402232,-37.5099779411395,-22.9302569063385));
#5711=CARTESIAN_POINT('',(-17.9375304402232,-43.5655862981629,-22.5566161345419));
#5712=CARTESIAN_POINT('Origin',(-17.9375304402232,-40.5770022038877,-22.2951489062989));
#5713=CARTESIAN_POINT('',(-17.9375304402232,-43.48714612969,-23.4531913628244));
#5714=CARTESIAN_POINT('Origin',(18.0624695597768,-37.5099779411395,-22.9302569063385));
#5715=CARTESIAN_POINT('',(18.0624695597768,-37.5884181096124,-22.0336816780559));
#5716=CARTESIAN_POINT('',(18.0624695597768,-37.5099779411395,-22.9302569063385));
#5717=CARTESIAN_POINT('',(-17.9375304402232,-37.5884181096124,-22.0336816780559));
#5718=CARTESIAN_POINT('Origin',(9.01827714443199,33.0367524517082,-16.7080267562674));
#5719=CARTESIAN_POINT('',(-17.9634596975405,32.9825849296663,-16.6625748085002));
#5720=CARTESIAN_POINT('',(-17.9634596975405,32.9825849296663,-16.6625748085002));
#5721=CARTESIAN_POINT('',(18.0365403024595,32.9825849296663,-16.6625748085002));
#5722=CARTESIAN_POINT('',(18.0365403024595,33.0909199737502,-16.7534787040346));
#5723=CARTESIAN_POINT('',(9.01827714443199,32.9825849296663,-16.6625748085002));
#5724=CARTESIAN_POINT('Origin',(-17.9634596975405,29.9983586225284,-16.9738517716477));
#5725=CARTESIAN_POINT('',(-17.9634596975405,27.0054167411158,-17.1855092649861));
#5726=CARTESIAN_POINT('',(-17.9634596975405,27.0054167411158,-17.1855092649861));
#5727=CARTESIAN_POINT('Origin',(-17.9634596975405,29.994000835391,-16.9240420367431));
#5728=CARTESIAN_POINT('Origin',(-8.98172285556801,26.9599647933486,-17.2396767870281));
#5729=CARTESIAN_POINT('',(18.0365403024595,27.0054167411158,-17.1855092649861));
#5730=CARTESIAN_POINT('',(18.0365403024595,27.0054167411158,-17.1855092649861));
#5731=CARTESIAN_POINT('',(-8.98172285556801,27.0054167411158,-17.1855092649861));
#5732=CARTESIAN_POINT('Origin',(18.0365403024595,29.9983586225284,-16.9738517716477));
#5733=CARTESIAN_POINT('Origin',(18.0365403024595,29.994000835391,-16.9240420367431));
#5734=CARTESIAN_POINT('Origin',(-17.9634596975405,30.0027164096658,-17.0236615065524));
#5735=CARTESIAN_POINT('',(-17.9634596975405,32.9128603354681,-15.8656190500268));
#5736=CARTESIAN_POINT('',(-17.9634596975405,32.991300503941,-16.7621942783094));
#5737=CARTESIAN_POINT('',(-17.9634596975405,26.9356921469177,-16.3885535065128));
#5738=CARTESIAN_POINT('Origin',(-17.9634596975405,29.9242762411929,-16.1270862782698));
#5739=CARTESIAN_POINT('',(-17.9634596975405,27.0141323153906,-17.2851287347953));
#5740=CARTESIAN_POINT('Origin',(18.0365403024595,32.991300503941,-16.7621942783094));
#5741=CARTESIAN_POINT('',(18.0365403024595,32.9128603354681,-15.8656190500268));
#5742=CARTESIAN_POINT('',(18.0365403024595,32.991300503941,-16.7621942783094));
#5743=CARTESIAN_POINT('',(-17.9634596975405,32.9128603354681,-15.8656190500268));
#5744=CARTESIAN_POINT('Origin',(-103.838613213134,3.63201506890992,-19.2806079312192));
#5745=CARTESIAN_POINT('',(-101.136235479962,34.2722311323402,-16.549745385807));
#5746=CARTESIAN_POINT('',(-101.136235479962,34.2722311323402,-16.549745385807));
#5747=CARTESIAN_POINT('',(-104.344727475864,-1.44806003047794,-19.6748659203988));
#5748=CARTESIAN_POINT('',(-104.245125428997,-1.44822301930091,-19.7752621638274));
#5749=CARTESIAN_POINT('',(-103.888414236567,3.63209656332141,-19.2304098095049));
#5750=CARTESIAN_POINT('Origin',(-104.124296885967,34.5429458124099,-16.576251912128));
#5751=CARTESIAN_POINT('',(-107.112358291972,34.8049449182048,-16.5031389686398));
#5752=CARTESIAN_POINT('',(-107.112358291972,34.8049449182048,-16.5031389686398));
#5753=CARTESIAN_POINT('Origin',(-104.124296885967,34.5385880252725,-16.5264421772233));
#5754=CARTESIAN_POINT('Origin',(-108.31009207406,22.0337529992813,-17.6706644731367));
#5755=CARTESIAN_POINT('',(-110.320850287874,-0.915346244613353,-19.6282595032317));
#5756=CARTESIAN_POINT('',(-110.320850287874,-0.915346244613353,-19.6282595032317));
#5757=CARTESIAN_POINT('',(-108.260291050626,22.0249559305951,-17.6212431250418));
#5758=CARTESIAN_POINT('Origin',(-107.332788881869,-1.17734535040826,-19.7013724467198));
#5759=CARTESIAN_POINT('Origin',(-107.332788881869,-1.18170313754564,-19.6515627118152));
#5760=CARTESIAN_POINT('Origin',(-104.124296885967,34.5473035995473,-16.6260616470326));
#5761=CARTESIAN_POINT('',(-101.136235479962,34.2025065381421,-15.7527896273336));
#5762=CARTESIAN_POINT('',(-101.136235479962,34.280946706615,-16.6493648556161));
#5763=CARTESIAN_POINT('',(-107.112358291972,34.7352203240067,-15.7061832101664));
#5764=CARTESIAN_POINT('Origin',(-104.124296885967,34.4688634310744,-15.72948641875));
#5765=CARTESIAN_POINT('',(-107.112358291972,34.8136604924796,-16.602758438449));
#5766=CARTESIAN_POINT('Origin',(-104.344727475864,-1.43934445620317,-19.774485390208));
#5767=CARTESIAN_POINT('',(-104.344727475864,-1.51778462467606,-18.8779101619254));
#5768=CARTESIAN_POINT('',(-104.344727475864,-1.43934445620317,-19.774485390208));
#5769=CARTESIAN_POINT('',(-101.136235479962,34.2025065381421,-15.7527896273336));
#5770=CARTESIAN_POINT('Origin',(107.332793951684,-1.17297331985066,-19.7511809354866));
#5771=CARTESIAN_POINT('',(104.344732545679,-1.51777038125568,-18.8779089157876));
#5772=CARTESIAN_POINT('',(104.344732545679,-1.43933021278278,-19.7744841440701));
#5773=CARTESIAN_POINT('Origin',(107.332793951684,-1.25141348832355,-18.854605707204));
#5774=CARTESIAN_POINT('Origin',(101.136240549779,34.2809609500355,-16.6493636094783));
#5775=CARTESIAN_POINT('',(104.344732545679,-1.51777038125567,-18.8779089157876));
#5776=CARTESIAN_POINT('Origin',(105.728547953734,16.6087320930856,-17.2920454399081));
#5777=CARTESIAN_POINT('Origin',(-17.9375304402232,-43.48714612969,-23.4531913628244));
#5778=CARTESIAN_POINT('',(18.0624695597768,-43.5655862981629,-22.5566161345419));
#5779=CARTESIAN_POINT('',(18.0624695597768,-43.5655862981629,-22.5566161345419));
#5780=CARTESIAN_POINT('',(18.0624695597768,-43.48714612969,-23.4531913628244));
#5781=CARTESIAN_POINT('Origin',(18.0624695597768,-40.4985620354148,-23.1917241345815));
#5782=CARTESIAN_POINT('Origin',(18.0624695597768,-40.5770022038877,-22.2951489062989));
#5783=CARTESIAN_POINT('Origin',(0.0624695597768277,-40.5770022038877,-22.2951489062989));
#5784=CARTESIAN_POINT('Origin',(-17.9634596975405,27.0141323153906,-17.2851287347953));
#5785=CARTESIAN_POINT('',(18.0365403024595,26.9356921469177,-16.3885535065128));
#5786=CARTESIAN_POINT('',(18.0365403024595,26.9356921469177,-16.3885535065128));
#5787=CARTESIAN_POINT('',(18.0365403024595,27.0141323153906,-17.2851287347953));
#5788=CARTESIAN_POINT('Origin',(18.0365403024595,30.0027164096658,-17.0236615065524));
#5789=CARTESIAN_POINT('Origin',(18.0365403024595,29.9242762411929,-16.1270862782698));
#5790=CARTESIAN_POINT('Origin',(0.0365403024594846,29.9242762411929,-16.1270862782698));
#5791=CARTESIAN_POINT('Origin',(-107.332788881869,-1.17298756327088,-19.7511821816244));
#5792=CARTESIAN_POINT('',(-110.320850287874,-0.985070838811475,-18.8313037447583));
#5793=CARTESIAN_POINT('',(-110.320850287874,-0.906630670338588,-19.7278789730408));
#5794=CARTESIAN_POINT('Origin',(-107.332788881869,-1.25142773174377,-18.8546069533418));
#5795=CARTESIAN_POINT('Origin',(-107.112358291972,34.8136604924796,-16.602758438449));
#5796=CARTESIAN_POINT('',(-110.320850287874,-0.985070838811481,-18.8313037447583));
#5797=CARTESIAN_POINT('Origin',(-105.728542883918,16.6087178496653,-17.2920466860459));
#5798=CARTESIAN_POINT('Origin',(-79.5,14.5806139413197,-6.));
#5799=CARTESIAN_POINT('',(-79.5,15.0806139413197,-10.2));
#5800=CARTESIAN_POINT('',(-80.,14.5806139413197,-10.2));
#5801=CARTESIAN_POINT('Origin',(-79.5,14.5806139413197,-10.2));
#5802=CARTESIAN_POINT('',(-79.5,15.0806139413197,-6.));
#5803=CARTESIAN_POINT('',(-79.5,15.0806139413197,-6.));
#5804=CARTESIAN_POINT('',(-80.,14.5806139413197,-6.));
#5805=CARTESIAN_POINT('Origin',(-79.5,14.5806139413197,-6.));
#5806=CARTESIAN_POINT('',(-80.,14.5806139413197,-6.));
#5807=CARTESIAN_POINT('Origin',(0.,5.58061394131968,-10.2));
#5808=CARTESIAN_POINT('',(-80.,-3.41938605868032,-10.2));
#5809=CARTESIAN_POINT('',(-80.,-3.91938605868032,-10.2));
#5810=CARTESIAN_POINT('',(-79.5,-3.91938605868032,-10.2));
#5811=CARTESIAN_POINT('Origin',(-79.5,-3.41938605868032,-10.2));
#5812=CARTESIAN_POINT('',(79.5,-3.91938605868032,-10.2));
#5813=CARTESIAN_POINT('',(80.,-3.91938605868032,-10.2));
#5814=CARTESIAN_POINT('',(80.,-3.41938605868032,-10.2));
#5815=CARTESIAN_POINT('Origin',(79.5,-3.41938605868032,-10.2));
#5816=CARTESIAN_POINT('',(80.,14.5806139413197,-10.2));
#5817=CARTESIAN_POINT('',(80.,15.0806139413197,-10.2));
#5818=CARTESIAN_POINT('',(79.5,15.0806139413197,-10.2));
#5819=CARTESIAN_POINT('Origin',(79.5,14.5806139413197,-10.2));
#5820=CARTESIAN_POINT('',(-80.,15.0806139413197,-10.2));
#5821=CARTESIAN_POINT('Origin',(-80.,-3.91938605868032,-6.));
#5822=CARTESIAN_POINT('',(-80.,-3.41938605868032,-6.));
#5823=CARTESIAN_POINT('',(-80.,-2.55662401147296,-6.));
#5824=CARTESIAN_POINT('',(-80.,-3.41938605868032,-6.));
#5825=CARTESIAN_POINT('Origin',(-79.5,-3.41938605868032,-6.));
#5826=CARTESIAN_POINT('',(-79.5,-3.91938605868032,-6.));
#5827=CARTESIAN_POINT('Origin',(-79.5,-3.41938605868032,-6.));
#5828=CARTESIAN_POINT('',(-79.5,-3.91938605868032,-6.));
#5829=CARTESIAN_POINT('Origin',(79.5,-3.41938605868032,-6.));
#5830=CARTESIAN_POINT('',(79.5,-3.91938605868032,-6.));
#5831=CARTESIAN_POINT('',(79.5,-3.91938605868032,-6.));
#5832=CARTESIAN_POINT('',(80.,-3.41938605868032,-6.));
#5833=CARTESIAN_POINT('Origin',(79.5,-3.41938605868032,-6.));
#5834=CARTESIAN_POINT('',(80.,-3.41938605868032,-6.));
#5835=CARTESIAN_POINT('Origin',(80.,15.0806139413197,-6.));
#5836=CARTESIAN_POINT('',(80.,14.5806139413197,-6.));
#5837=CARTESIAN_POINT('',(80.,6.94337598852704,-6.));
#5838=CARTESIAN_POINT('',(80.,14.5806139413197,-6.));
#5839=CARTESIAN_POINT('Origin',(79.5,14.5806139413197,-6.));
#5840=CARTESIAN_POINT('',(79.5,15.0806139413197,-6.));
#5841=CARTESIAN_POINT('Origin',(79.5,14.5806139413197,-6.));
#5842=CARTESIAN_POINT('',(79.5,15.0806139413197,-6.));
#5843=CARTESIAN_POINT('Origin',(-80.,15.0806139413197,-6.));
#5844=CARTESIAN_POINT('',(-39.9999930067978,15.0806139413197,-6.));
#5845=CARTESIAN_POINT('Origin',(80.,-3.91938605868032,-6.));
#5846=CARTESIAN_POINT('',(40.0000069932022,-3.91938605868032,-6.));
#5847=CARTESIAN_POINT('Origin',(83.2218330552671,-19.2311621754553,-3.));
#5848=CARTESIAN_POINT('',(81.2295517829683,-19.4067051389932,1.5));
#5849=CARTESIAN_POINT('',(83.2687011378945,-17.2317114051609,1.5));
#5850=CARTESIAN_POINT('Origin',(83.2218330552671,-19.2311621754553,1.5));
#5851=CARTESIAN_POINT('',(83.2687011378945,-17.2317114051609,-3.));
#5852=CARTESIAN_POINT('',(83.2687011378945,-17.2317114051609,-3.));
#5853=CARTESIAN_POINT('',(81.2295517829683,-19.4067051389932,-3.));
#5854=CARTESIAN_POINT('Origin',(83.2218330552671,-19.2311621754553,-3.));
#5855=CARTESIAN_POINT('',(81.2295517829683,-19.4067051389932,-3.));
#5856=CARTESIAN_POINT('Origin',(94.5253260532334,-17.4955720785398,-3.));
#5857=CARTESIAN_POINT('',(108.017352311046,-17.8118316288409,1.5));
#5858=CARTESIAN_POINT('',(94.5253260532334,-17.4955720785398,1.5));
#5859=CARTESIAN_POINT('',(108.017352311046,-17.8118316288409,-3.));
#5860=CARTESIAN_POINT('',(108.017352311046,-17.8118316288409,-3.));
#5861=CARTESIAN_POINT('',(103.776852125074,-17.7124322757533,-3.));
#5862=CARTESIAN_POINT('',(94.5253260532334,-17.4955720785398,-3.));
#5863=CARTESIAN_POINT('',(103.776852125074,-17.7124322757533,-6.));
#5864=CARTESIAN_POINT('',(103.776852125074,-17.7124322757533,-3.));
#5865=CARTESIAN_POINT('',(94.5253260532334,-17.4955720785398,-6.));
#5866=CARTESIAN_POINT('',(94.5253260532334,-17.4955720785398,-6.));
#5867=CARTESIAN_POINT('',(94.5253260532334,-17.4955720785398,-3.));
#5868=CARTESIAN_POINT('',(94.5253260532334,-17.4955720785398,-3.));
#5869=CARTESIAN_POINT('',(94.5253260532334,-17.4955720785398,-3.));
#5870=CARTESIAN_POINT('Origin',(1.39864043124938E-5,-1.1938619642656,1.5));
#5871=CARTESIAN_POINT('',(82.2157924538605,-30.59979872131,1.5));
#5872=CARTESIAN_POINT('',(81.6245425987078,-23.8895553146288,1.5));
#5873=CARTESIAN_POINT('',(76.9801577756182,-37.0686610473318,1.5));
#5874=CARTESIAN_POINT('Origin',(76.2379043865373,-31.1147249792382,1.5));
#5875=CARTESIAN_POINT('',(29.9060892854857,-42.9371968318712,1.5));
#5876=CARTESIAN_POINT('',(53.4431235305519,-40.0029289396015,1.5));
#5877=CARTESIAN_POINT('',(-0.0016311688163656,-43.0261600694234,1.5));
#5878=CARTESIAN_POINT('',(14.9522290583347,-42.9816784506473,1.5));
#5879=CARTESIAN_POINT('',(-29.6018252617866,-43.0251436583543,1.5));
#5880=CARTESIAN_POINT('',(-14.8017282153015,-43.0256518638889,1.5));
#5881=CARTESIAN_POINT('',(-76.9751789280674,-37.0698826913361,1.5));
#5882=CARTESIAN_POINT('',(-53.288502094927,-40.0475131748452,1.5));
#5883=CARTESIAN_POINT('',(-82.215987570831,-30.6032009046608,1.5));
#5884=CARTESIAN_POINT('Origin',(-76.237845664519,-31.1153223634047,1.5));
#5885=CARTESIAN_POINT('',(-81.234616159932,-19.4463436182056,1.5));
#5886=CARTESIAN_POINT('',(-81.6275470823164,-23.9134334231368,1.5));
#5887=CARTESIAN_POINT('',(-83.2698522872316,-17.2715584850444,1.5));
#5888=CARTESIAN_POINT('Origin',(-83.2269235842299,-19.2710977135814,1.5));
#5889=CARTESIAN_POINT('',(-108.032326032599,-17.8031914061855,1.5));
#5890=CARTESIAN_POINT('',(-94.5357163132004,-17.5134286738992,1.5));
#5891=CARTESIAN_POINT('',(-114.151945095621,-11.2681687498818,1.5));
#5892=CARTESIAN_POINT('Origin',(-108.176032407187,-11.804941195035,1.5));
#5893=CARTESIAN_POINT('',(-110.105238574647,33.7840038484243,1.5));
#5894=CARTESIAN_POINT('',(-112.128591835134,11.2579175492713,1.5));
#5895=CARTESIAN_POINT('',(-103.352514307283,39.1966915793031,1.5));
#5896=CARTESIAN_POINT('Origin',(-104.129337415882,33.2472324388969,1.5));
#5897=CARTESIAN_POINT('',(-89.9884397142908,37.4517393535829,1.5));
#5898=CARTESIAN_POINT('',(-96.6704770107867,38.324215466443,1.5));
#5899=CARTESIAN_POINT('',(-83.8938485484199,42.3457658107064,1.5));
#5900=CARTESIAN_POINT('Origin',(-84.077937758297,36.3331665723047,1.5));
#5901=CARTESIAN_POINT('',(-58.7805485484199,41.5768658107065,1.5));
#5902=CARTESIAN_POINT('',(-71.3371985484199,41.9613158107065,1.5));
#5903=CARTESIAN_POINT('',(-43.4545413536601,39.9257053924204,1.5));
#5904=CARTESIAN_POINT('Origin',(-61.8581881161728,-58.9429491936496,1.5));
#5905=CARTESIAN_POINT('',(-15.4660496805817,34.7158609141743,1.5));
#5906=CARTESIAN_POINT('',(-29.4602955171209,37.3207831532973,1.5));
#5907=CARTESIAN_POINT('',(-14.2508520162714,33.4166983405741,1.5));
#5908=CARTESIAN_POINT('Origin',(-15.7405479782883,33.2411924568499,1.5));
#5909=CARTESIAN_POINT('',(-12.7611548540452,32.0922043656988,1.5));
#5910=CARTESIAN_POINT('Origin',(-12.7611548540452,33.5922043656988,1.5));
#5911=CARTESIAN_POINT('',(-9.2405491867984,32.0922043656988,1.5));
#5912=CARTESIAN_POINT('',(1.39864043124938E-5,32.0922043656988,1.5));
#5913=CARTESIAN_POINT('',(-7.7405491867984,33.5922043656988,1.5));
#5914=CARTESIAN_POINT('Origin',(-9.2405491867984,33.5922043656988,1.5));
#5915=CARTESIAN_POINT('',(-7.7405491867984,37.2184173699733,1.5));
#5916=CARTESIAN_POINT('',(-7.7405491867984,-1.1938619642656,1.5));
#5917=CARTESIAN_POINT('',(-9.2405491867984,38.7184173699733,1.5));
#5918=CARTESIAN_POINT('Origin',(-9.2405491867984,37.2184173699733,1.5));
#5919=CARTESIAN_POINT('',(-12.2405491867984,38.7184173699733,1.5));
#5920=CARTESIAN_POINT('',(1.39864043124938E-5,38.7184173699733,1.5));
#5921=CARTESIAN_POINT('',(-14.5510546177059,39.6314263989291,1.5));
#5922=CARTESIAN_POINT('Origin',(-15.7405479782882,33.2411924568501,1.5));
#5923=CARTESIAN_POINT('',(-42.5395462907843,44.8412708771752,1.5));
#5924=CARTESIAN_POINT('',(-28.5453004542451,42.2363486380522,1.5));
#5925=CARTESIAN_POINT('',(-58.6275340374295,46.574523918203,1.5));
#5926=CARTESIAN_POINT('Origin',(-61.8581881161728,-58.9429491936498,1.5));
#5927=CARTESIAN_POINT('',(-83.7408340374295,47.343423918203,1.5));
#5928=CARTESIAN_POINT('',(-71.1841840374295,46.958973918203,1.5));
#5929=CARTESIAN_POINT('',(-92.9373186305561,43.8792170076268,1.5));
#5930=CARTESIAN_POINT('Origin',(-84.135530771304,34.4521019168891,1.5));
#5931=CARTESIAN_POINT('',(-102.705157384921,45.1546073727661,1.5));
#5932=CARTESIAN_POINT('',(-97.8212380077383,44.5169121901964,1.5));
#5933=CARTESIAN_POINT('',(-115.08518953086,34.2313163496064,1.5));
#5934=CARTESIAN_POINT('Origin',(-104.124296885967,34.2858363713043,1.5));
#5935=CARTESIAN_POINT('',(-119.131896051834,-10.8208562486997,1.5));
#5936=CARTESIAN_POINT('',(-117.108542791347,11.7052300504534,1.5));
#5937=CARTESIAN_POINT('',(-107.918162772887,-24.4018896187301,1.5));
#5938=CARTESIAN_POINT('Origin',(-106.657961198823,-11.9412984072157,1.5));
#5939=CARTESIAN_POINT('',(-86.5078032856166,-23.9325491652648,1.5));
#5940=CARTESIAN_POINT('',(-97.2129830292521,-24.1672193919975,1.5));
#5941=CARTESIAN_POINT('',(-87.1967631834414,-30.1650855228093,1.5));
#5942=CARTESIAN_POINT('',(-86.852283234529,-27.048817344037,1.5));
#5943=CARTESIAN_POINT('',(-77.5988096137473,-42.0308433102907,1.5));
#5944=CARTESIAN_POINT('Origin',(-76.237845664519,-31.1153223634047,1.5));
#5945=CARTESIAN_POINT('',(-29.9085327350198,-49.7361704516933,1.5));
#5946=CARTESIAN_POINT('',(-53.7536711698902,-45.8835068168197,1.5));
#5947=CARTESIAN_POINT('',(5.00206922551824E-5,-49.7371974522082,1.5));
#5948=CARTESIAN_POINT('',(-14.9542413571637,-49.7366839519507,1.5));
#5949=CARTESIAN_POINT('',(30.2165597108667,-49.7371974521618,1.5));
#5950=CARTESIAN_POINT('',(1.39864043124938E-5,-49.7371974522082,1.5));
#5951=CARTESIAN_POINT('',(77.5986999435555,-42.0302549737825,1.5));
#5952=CARTESIAN_POINT('',(53.9076332483472,-45.8837260975879,1.5));
#5953=CARTESIAN_POINT('',(87.1968606984541,-30.1650845139381,1.5));
#5954=CARTESIAN_POINT('Origin',(76.2379043865374,-31.1147249792382,1.5));
#5955=CARTESIAN_POINT('',(86.504650474268,-23.9089370571737,1.5));
#5956=CARTESIAN_POINT('',(86.850755586361,-27.0370107855558,1.5));
#5957=CARTESIAN_POINT('',(107.900182104589,-24.4104585545794,1.5));
#5958=CARTESIAN_POINT('',(97.2024162894286,-24.1596978058766,1.5));
#5959=CARTESIAN_POINT('',(119.131896730395,-10.8208474650842,1.5));
#5960=CARTESIAN_POINT('Origin',(106.651182301404,-11.9418985832288,1.5));
#5961=CARTESIAN_POINT('',(115.08518975341,34.2313302100542,1.5));
#5962=CARTESIAN_POINT('',(117.108543241902,11.7052413724851,1.5));
#5963=CARTESIAN_POINT('',(102.705153008938,45.1546154964084,1.5));
#5964=CARTESIAN_POINT('Origin',(104.124301955784,34.2858506147247,1.5));
#5965=CARTESIAN_POINT('',(92.9374164405755,43.8792292666978,1.5));
#5966=CARTESIAN_POINT('',(97.8212847247569,44.5169223815531,1.5));
#5967=CARTESIAN_POINT('',(83.7409353855168,47.3434327223134,1.5));
#5968=CARTESIAN_POINT('Origin',(84.1356306775552,34.4521064808274,1.5));
#5969=CARTESIAN_POINT('',(58.5978649976212,46.5736243004648,1.5));
#5970=CARTESIAN_POINT('',(71.169400191569,46.9585285113891,1.5));
#5971=CARTESIAN_POINT('',(42.5688562441091,44.8467263989291,1.5));
#5972=CARTESIAN_POINT('Origin',(61.8166600356525,-58.5569353407031,1.5));
#5973=CARTESIAN_POINT('',(14.5510562441091,39.6314263989291,1.5));
#5974=CARTESIAN_POINT('',(28.5599562441092,42.239076398929,1.5));
#5975=CARTESIAN_POINT('',(12.2405508132016,38.7184173699733,1.5));
#5976=CARTESIAN_POINT('Origin',(15.7405496046915,33.2411924568499,1.5));
#5977=CARTESIAN_POINT('',(9.24055081320162,38.7184173699733,1.5));
#5978=CARTESIAN_POINT('',(1.39864043124938E-5,38.7184173699733,1.5));
#5979=CARTESIAN_POINT('',(7.74055081320162,37.2184173699733,1.5));
#5980=CARTESIAN_POINT('Origin',(9.24055081320162,37.2184173699733,1.5));
#5981=CARTESIAN_POINT('',(7.74055081320162,33.5922043656988,1.5));
#5982=CARTESIAN_POINT('',(7.74055081320162,-1.1938619642656,1.5));
#5983=CARTESIAN_POINT('',(9.24055081320162,32.0922043656988,1.5));
#5984=CARTESIAN_POINT('Origin',(9.24055081320162,33.5922043656988,1.5));
#5985=CARTESIAN_POINT('',(12.7611564804484,32.0922043656988,1.5));
#5986=CARTESIAN_POINT('',(1.39864043124938E-5,32.0922043656988,1.5));
#5987=CARTESIAN_POINT('',(14.2508536426746,33.4166983405741,1.5));
#5988=CARTESIAN_POINT('Origin',(12.7611564804484,33.5922043656988,1.5));
#5989=CARTESIAN_POINT('',(15.466051306985,34.7158609141743,1.5));
#5990=CARTESIAN_POINT('Origin',(15.7405496046915,33.2411924568499,1.5));
#5991=CARTESIAN_POINT('',(43.4838513069849,39.9311609141743,1.5));
#5992=CARTESIAN_POINT('',(29.474951306985,37.3235109141743,1.5));
#5993=CARTESIAN_POINT('',(58.7508788998879,41.5759661743308,1.5));
#5994=CARTESIAN_POINT('Origin',(61.8166600356524,-58.5569353407018,1.5));
#5995=CARTESIAN_POINT('',(83.8939492877835,42.3457745961794,1.5));
#5996=CARTESIAN_POINT('',(71.3224140938357,41.9608703852551,1.5));
#5997=CARTESIAN_POINT('',(89.9885402534228,37.4517485791956,1.5));
#5998=CARTESIAN_POINT('Origin',(84.0780377873863,36.3331746144856,1.5));
#5999=CARTESIAN_POINT('',(103.352514526276,39.1967003029153,1.5));
#6000=CARTESIAN_POINT('',(96.6705273898495,38.3242244410555,1.5));
#6001=CARTESIAN_POINT('',(110.105238797194,33.7840177088715,1.5));
#6002=CARTESIAN_POINT('Origin',(104.1293425149,33.247246737362,1.5));
#6003=CARTESIAN_POINT('',(114.151945774179,-11.2681599662663,1.5));
#6004=CARTESIAN_POINT('',(112.128592285686,11.2579288713026,1.5));
#6005=CARTESIAN_POINT('Origin',(108.176855039705,-11.8139827880081,1.5));
#6006=CARTESIAN_POINT('',(112.360149410533,-17.92496457646,1.5));
#6007=CARTESIAN_POINT('Origin',(114.310149410533,-17.92496457646,1.5));
#6008=CARTESIAN_POINT('',(-1.94994997930774,-46.7371974522082,1.5));
#6009=CARTESIAN_POINT('Origin',(5.0020692254904E-5,-46.7371974522082,1.5));
#6010=CARTESIAN_POINT('',(80.8400756136743,-36.0328828092943,1.5));
#6011=CARTESIAN_POINT('Origin',(82.7900756136743,-36.0328828092943,1.5));
#6012=CARTESIAN_POINT('',(-84.740267701985,-36.0331905706513,1.5));
#6013=CARTESIAN_POINT('Origin',(-82.790267701985,-36.0331905706513,1.5));
#6014=CARTESIAN_POINT('',(8.7905508132016,35.5922043656988,1.5));
#6015=CARTESIAN_POINT('Origin',(10.7405508132016,35.5922043656988,1.5));
#6016=CARTESIAN_POINT('',(-12.6905491867984,35.5922043656988,1.5));
#6017=CARTESIAN_POINT('Origin',(-10.7405491867984,35.5922043656988,1.5));
#6018=CARTESIAN_POINT('',(-116.265483795165,-17.9154252339532,1.5));
#6019=CARTESIAN_POINT('Origin',(-114.315483795165,-17.9154252339532,1.5));
#6020=CARTESIAN_POINT('',(107.426248965787,40.5049319715899,1.5));
#6021=CARTESIAN_POINT('Origin',(109.376248965787,40.5049319715899,1.5));
#6022=CARTESIAN_POINT('',(-111.326250757765,40.5049181355258,1.5));
#6023=CARTESIAN_POINT('Origin',(-109.376250757765,40.5049181355258,1.5));
#6024=CARTESIAN_POINT('',(69.3724140938357,44.4608703852551,1.5));
#6025=CARTESIAN_POINT('Origin',(71.3224140938357,44.4608703852551,1.5));
#6026=CARTESIAN_POINT('',(-73.2871985484199,44.4613158107064,1.5));
#6027=CARTESIAN_POINT('Origin',(-71.3371985484199,44.4613158107064,1.5));
#6028=CARTESIAN_POINT('Origin',(-83.2269235842299,-19.2710977135814,-3.));
#6029=CARTESIAN_POINT('',(-81.234616159932,-19.4463436182056,-3.));
#6030=CARTESIAN_POINT('',(-81.234616159932,-19.4463436182056,-3.));
#6031=CARTESIAN_POINT('',(-83.2698522872316,-17.2715584850444,-3.));
#6032=CARTESIAN_POINT('Origin',(-83.2269235842299,-19.2710977135814,-3.));
#6033=CARTESIAN_POINT('',(-83.2698522872316,-17.2715584850444,-3.));
#6034=CARTESIAN_POINT('Origin',(-81.6275470823164,-23.9134334231368,-3.));
#6035=CARTESIAN_POINT('',(-82.215987570831,-30.6032009046608,-3.));
#6036=CARTESIAN_POINT('',(-82.215987570831,-30.6032009046608,-3.));
#6037=CARTESIAN_POINT('',(-81.6275470823164,-23.9134334231368,-3.));
#6038=CARTESIAN_POINT('Origin',(12.7611564804484,33.5922043656988,-3.));
#6039=CARTESIAN_POINT('',(14.2508536426746,33.4166983405741,-6.));
#6040=CARTESIAN_POINT('',(12.7611564804484,32.0922043656988,-6.));
#6041=CARTESIAN_POINT('Origin',(12.7611564804484,33.5922043656988,-6.));
#6042=CARTESIAN_POINT('',(14.2508536426746,33.4166983405741,-3.));
#6043=CARTESIAN_POINT('',(12.7611564804484,32.0922043656988,-3.));
#6044=CARTESIAN_POINT('Origin',(-10.7405491867984,32.0922043656988,-3.));
#6045=CARTESIAN_POINT('',(9.24055081320162,32.0922043656988,-6.));
#6046=CARTESIAN_POINT('',(9.24055081320162,32.0922043656988,-3.));
#6047=CARTESIAN_POINT('',(1.39864043124938E-5,32.0922043656988,-6.));
#6048=CARTESIAN_POINT('Origin',(9.24055081320162,33.5922043656988,-3.));
#6049=CARTESIAN_POINT('',(7.74055081320162,33.5922043656988,-6.));
#6050=CARTESIAN_POINT('',(7.74055081320162,33.5922043656988,-3.));
#6051=CARTESIAN_POINT('Origin',(9.24055081320162,33.5922043656988,-6.));
#6052=CARTESIAN_POINT('Origin',(7.74055081320162,35.405310867836,-3.));
#6053=CARTESIAN_POINT('',(7.74055081320162,37.2184173699733,-6.));
#6054=CARTESIAN_POINT('',(7.74055081320162,37.2184173699733,-4.));
#6055=CARTESIAN_POINT('',(7.74055081320162,-1.1938619642656,-6.));
#6056=CARTESIAN_POINT('Origin',(9.24055081320162,37.2184173699733,-4.));
#6057=CARTESIAN_POINT('',(9.24055081320162,38.7184173699733,-6.));
#6058=CARTESIAN_POINT('',(9.24055081320162,38.7184173699733,-4.));
#6059=CARTESIAN_POINT('Origin',(9.24055081320162,37.2184173699733,-6.));
#6060=CARTESIAN_POINT('Origin',(1.39864043124938E-5,38.7184173699733,-5.));
#6061=CARTESIAN_POINT('',(-9.2405491867984,38.7184173699733,-6.));
#6062=CARTESIAN_POINT('',(1.39864043124938E-5,38.7184173699733,-6.));
#6063=CARTESIAN_POINT('',(12.2405508132016,38.7184173699733,-5.));
#6064=CARTESIAN_POINT('',(12.2405508132016,38.7184173699733,-5.));
#6065=CARTESIAN_POINT('',(9.6461601937429,38.7184173699733,-5.));
#6066=CARTESIAN_POINT('',(1.39864043124938E-5,38.7184173699733,-5.));
#6067=CARTESIAN_POINT('',(9.64616019374293,38.7184173699733,-13.5077107180546));
#6068=CARTESIAN_POINT('',(9.64616019374293,38.7184173699733,-5.));
#6069=CARTESIAN_POINT('',(9.64617808291344,38.7184173699733,-13.5121429557912));
#6070=CARTESIAN_POINT('Origin',(26.039691272321,38.7184173699733,-13.2496769652134));
#6071=CARTESIAN_POINT('',(-9.64617645650958,38.7184173699733,-13.5121429557912));
#6072=CARTESIAN_POINT('',(1.39864044046423E-5,38.7184173699733,-13.5121429557912));
#6073=CARTESIAN_POINT('',(-9.64615856733901,38.7184173699733,-13.5077107180546));
#6074=CARTESIAN_POINT('Origin',(-26.0396896459171,38.7184173699733,-13.2496769652134));
#6075=CARTESIAN_POINT('',(-9.64615856733903,38.7184173699733,-5.));
#6076=CARTESIAN_POINT('',(-9.64615856733901,38.7184173699733,-5.));
#6077=CARTESIAN_POINT('',(-12.2405491867984,38.7184173699733,-5.));
#6078=CARTESIAN_POINT('',(1.39864043124938E-5,38.7184173699733,-5.));
#6079=CARTESIAN_POINT('',(-12.2405491867984,38.7184173699733,-5.));
#6080=CARTESIAN_POINT('',(-9.2405491867984,38.7184173699733,-4.));
#6081=CARTESIAN_POINT('Origin',(-9.2405491867984,33.5922043656988,-3.));
#6082=CARTESIAN_POINT('',(-9.2405491867984,32.0922043656988,-6.));
#6083=CARTESIAN_POINT('',(-9.2405491867984,32.0922043656988,-3.));
#6084=CARTESIAN_POINT('',(-7.7405491867984,33.5922043656988,-6.));
#6085=CARTESIAN_POINT('Origin',(-9.2405491867984,33.5922043656988,-6.));
#6086=CARTESIAN_POINT('',(-7.7405491867984,33.5922043656988,-3.));
#6087=CARTESIAN_POINT('Origin',(-7.7405491867984,35.405310867836,-3.));
#6088=CARTESIAN_POINT('',(-7.7405491867984,37.2184173699733,-6.));
#6089=CARTESIAN_POINT('',(-7.7405491867984,-1.1938619642656,-6.));
#6090=CARTESIAN_POINT('',(-7.7405491867984,37.2184173699733,-4.));
#6091=CARTESIAN_POINT('Origin',(-9.2405491867984,37.2184173699733,-4.));
#6092=CARTESIAN_POINT('Origin',(-9.2405491867984,37.2184173699733,-6.));
#6093=CARTESIAN_POINT('Origin',(-12.7611548540452,33.5922043656988,-3.));
#6094=CARTESIAN_POINT('',(-14.2508520162714,33.4166983405741,-6.));
#6095=CARTESIAN_POINT('',(-14.2508520162714,33.4166983405741,-3.));
#6096=CARTESIAN_POINT('',(-12.7611548540452,32.0922043656988,-6.));
#6097=CARTESIAN_POINT('Origin',(-12.7611548540452,33.5922043656988,-6.));
#6098=CARTESIAN_POINT('',(-12.7611548540452,32.0922043656988,-3.));
#6099=CARTESIAN_POINT('Origin',(-10.7405491867984,32.0922043656988,-3.));
#6100=CARTESIAN_POINT('',(1.39864043124938E-5,32.0922043656988,-6.));
#6101=CARTESIAN_POINT('Origin',(1.39864043124938E-5,-1.1938619642656,-6.));
#6102=CARTESIAN_POINT('',(-15.4660496805817,34.7158609141743,-6.));
#6103=CARTESIAN_POINT('Origin',(-15.7405479782883,33.2411924568499,-6.));
#6104=CARTESIAN_POINT('',(-39.7866650100013,39.24295815691,-6.));
#6105=CARTESIAN_POINT('',(-29.4602955171209,37.3207831532973,-6.));
#6106=CARTESIAN_POINT('',(-44.5472634554021,37.522910568258,-6.));
#6107=CARTESIAN_POINT('Origin',(-40.7016600728772,34.3273926721551,-6.));
#6108=CARTESIAN_POINT('',(-49.0623375492824,35.7634502639407,-6.));
#6109=CARTESIAN_POINT('Origin',(-48.392866837927,40.7184284643609,-6.));
#6110=CARTESIAN_POINT('',(-58.9335630594102,36.5792077032098,-6.));
#6111=CARTESIAN_POINT('Origin',(-61.8581881161728,-58.9429491936502,-6.));
#6112=CARTESIAN_POINT('',(-84.0468630594102,37.3481077032098,-6.));
#6113=CARTESIAN_POINT('',(-71.4902130594102,36.9636577032098,-6.));
#6114=CARTESIAN_POINT('',(-84.9475791213283,35.8187294062785,-6.));
#6115=CARTESIAN_POINT('',(-84.4972210903693,36.5834185547442,-6.));
#6116=CARTESIAN_POINT('',(-89.9032747554649,33.3981779036943,-6.));
#6117=CARTESIAN_POINT('Origin',(-89.2559178331028,38.3560936971575,-6.));
#6118=CARTESIAN_POINT('',(-103.088070432722,35.11972161423,-6.));
#6119=CARTESIAN_POINT('',(-96.4956725940936,34.2589497589621,-6.));
#6120=CARTESIAN_POINT('',(-110.427049709248,30.2012654647653,-6.));
#6121=CARTESIAN_POINT('Origin',(-103.955159108502,28.4789451098309,-6.));
#6122=CARTESIAN_POINT('',(-111.151492724974,22.1360075536801,-6.));
#6123=CARTESIAN_POINT('',(-112.128591835134,11.2579175492713,-6.));
#6124=CARTESIAN_POINT('',(-110.734480492801,0.425373139933939,-6.));
#6125=CARTESIAN_POINT('Origin',(-11.5524736007138,13.1897575300375,-6.));
#6126=CARTESIAN_POINT('',(-109.171994139408,-11.7154812510639,-6.));
#6127=CARTESIAN_POINT('',(-109.953237316105,-5.645054055565,-6.));
#6128=CARTESIAN_POINT('',(-108.81295530449,-13.6333416775836,-6.));
#6129=CARTESIAN_POINT('',(-108.992474721949,-12.6744114643237,-6.));
#6130=CARTESIAN_POINT('',(-103.791012880143,-17.7121333913886,-6.));
#6131=CARTESIAN_POINT('Origin',(-103.898334637647,-12.713285320046,-6.));
#6132=CARTESIAN_POINT('',(-94.5357163132004,-17.5134286738992,-6.));
#6133=CARTESIAN_POINT('',(-94.5357163132004,-17.5134286738992,-6.));
#6134=CARTESIAN_POINT('',(-82.0107838653413,-15.018650538963,-6.));
#6135=CARTESIAN_POINT('',(-88.2732500892709,-16.2660396064311,-6.));
#6136=CARTESIAN_POINT('',(-76.0643184075471,-20.4716869709051,-6.));
#6137=CARTESIAN_POINT('Origin',(-81.0340464723798,-19.9223210076212,-6.));
#6138=CARTESIAN_POINT('',(-77.237377583352,-31.0835295263841,-6.));
#6139=CARTESIAN_POINT('',(-76.6508479954496,-25.7776082486446,-6.));
#6140=CARTESIAN_POINT('',(-77.1598299021722,-32.8540489295503,-6.));
#6141=CARTESIAN_POINT('',(-77.1986037427621,-31.9687892279672,-6.));
#6142=CARTESIAN_POINT('',(-72.7882561247999,-37.5962169280436,-6.));
#6143=CARTESIAN_POINT('Origin',(-72.1646189806062,-32.6352617062761,-6.));
#6144=CARTESIAN_POINT('',(-60.1418081560646,-39.1859903371667,-6.));
#6145=CARTESIAN_POINT('',(-53.288502094927,-40.0475131748452,-6.));
#6146=CARTESIAN_POINT('',(-46.3818299486205,-39.9586006847052,-6.));
#6147=CARTESIAN_POINT('Origin',(-47.6690652721911,60.0331140981798,-6.));
#6148=CARTESIAN_POINT('',(-29.1057156929791,-39.7361980129187,-6.));
#6149=CARTESIAN_POINT('',(-37.7437728207998,-39.8473993488103,-6.));
#6150=CARTESIAN_POINT('',(-14.55274699076,-39.7366977325634,-6.));
#6151=CARTESIAN_POINT('',(-21.8292313418696,-39.736447872741,-6.));
#6152=CARTESIAN_POINT('',(-4.97525203322105,-43.0259892852967,-6.));
#6153=CARTESIAN_POINT('Origin',(-14.5532823094905,-55.3263924983299,-6.));
#6154=CARTESIAN_POINT('',(5.05135589053105,-43.0259892852968,-6.));
#6155=CARTESIAN_POINT('',(1.39864043124938E-5,-43.0259892852967,-6.));
#6156=CARTESIAN_POINT('',(14.7044077986296,-39.7371974521856,-6.));
#6157=CARTESIAN_POINT('Origin',(14.7044077986539,-55.5481043352876,-6.));
#6158=CARTESIAN_POINT('',(29.4085938858,-39.737197452163,-6.));
#6159=CARTESIAN_POINT('',(1.39864043124938E-5,-39.7371974521856,-6.));
#6160=CARTESIAN_POINT('',(46.679152597825,-39.9281448650425,-6.));
#6161=CARTESIAN_POINT('',(38.0438732418125,-39.8326711586027,-6.));
#6162=CARTESIAN_POINT('',(60.1555480260814,-39.1661178328392,-6.));
#6163=CARTESIAN_POINT('Origin',(47.7847088591391,60.0657436749738,-6.));
#6164=CARTESIAN_POINT('',(72.7848751904677,-37.5916701427188,-6.));
#6165=CARTESIAN_POINT('',(53.4431235305519,-40.0029289396015,-6.));
#6166=CARTESIAN_POINT('',(77.161720344585,-32.8448038626397,-6.));
#6167=CARTESIAN_POINT('Origin',(72.1663332321205,-32.6300770673281,-6.));
#6168=CARTESIAN_POINT('',(77.2374365723292,-31.0833475538019,-6.));
#6169=CARTESIAN_POINT('',(77.1995784584571,-31.9640757082208,-6.));
#6170=CARTESIAN_POINT('',(76.059789382998,-20.4398548530643,-6.));
#6171=CARTESIAN_POINT('',(76.6486129776636,-25.7616012034331,-6.));
#6172=CARTESIAN_POINT('',(82.0120887535367,-14.9874927082339,-6.));
#6173=CARTESIAN_POINT('Origin',(81.0294618759034,-19.8899864021975,-6.));
#6174=CARTESIAN_POINT('',(88.2687074033851,-16.2415323933869,-6.));
#6175=CARTESIAN_POINT('',(108.806685463315,-13.6442573663528,-6.));
#6176=CARTESIAN_POINT('Origin',(103.894022331642,-12.7138053500174,-6.));
#6177=CARTESIAN_POINT('',(109.171994817969,-11.7154724674478,-6.));
#6178=CARTESIAN_POINT('',(108.989340140642,-12.6798649169003,-6.));
#6179=CARTESIAN_POINT('',(110.734481354037,0.425385620775752,-6.));
#6180=CARTESIAN_POINT('',(109.953238086005,-5.64504342333624,-6.));
#6181=CARTESIAN_POINT('',(111.151493283039,22.1360176787775,-6.));
#6182=CARTESIAN_POINT('Origin',(11.5524741587777,13.1897676551414,-6.));
#6183=CARTESIAN_POINT('',(110.42705011291,30.2012773088477,-6.));
#6184=CARTESIAN_POINT('',(112.128592285686,11.2579288713026,-6.));
#6185=CARTESIAN_POINT('',(103.088074349366,35.1197299611867,-6.));
#6186=CARTESIAN_POINT('Origin',(103.955167892706,28.4789641177332,-6.));
#6187=CARTESIAN_POINT('',(89.9033809426042,33.3981871762999,-6.));
#6188=CARTESIAN_POINT('',(96.4957276459849,34.2589585687433,-6.));
#6189=CARTESIAN_POINT('',(84.9476824454859,35.8187351380626,-6.));
#6190=CARTESIAN_POINT('Origin',(89.2560194252661,38.3561023697932,-6.));
#6191=CARTESIAN_POINT('',(84.0469631900502,37.3481164700454,-6.));
#6192=CARTESIAN_POINT('',(84.497322817768,36.583425804054,-6.));
#6193=CARTESIAN_POINT('',(58.9038928021546,36.578308048197,-6.));
#6194=CARTESIAN_POINT('',(71.4754279961024,36.9632122591212,-6.));
#6195=CARTESIAN_POINT('',(49.0907824551314,35.7683040569648,-6.));
#6196=CARTESIAN_POINT('Origin',(61.8166600356525,-58.5569353407016,-6.));
#6197=CARTESIAN_POINT('',(44.5764853611979,37.5281049814221,-6.));
#6198=CARTESIAN_POINT('Origin',(48.4222648454955,40.7234109383154,-6.));
#6199=CARTESIAN_POINT('',(39.8157108140246,39.2483645092839,-6.));
#6200=CARTESIAN_POINT('Origin',(40.7307058769004,34.3327990245291,-6.));
#6201=CARTESIAN_POINT('',(15.466051306985,34.7158609141743,-6.));
#6202=CARTESIAN_POINT('',(29.474951306985,37.3235109141743,-6.));
#6203=CARTESIAN_POINT('Origin',(15.7405496046915,33.2411924568499,-6.));
#6204=CARTESIAN_POINT('Origin',(1.39864044046423E-5,-46.7371974522082,-20.7260744967922));
#6205=CARTESIAN_POINT('',(30.2165597108667,-49.7371974521618,-20.7260744967922));
#6206=CARTESIAN_POINT('',(5.00206922551824E-5,-49.7371974522082,-20.7260744967922));
#6207=CARTESIAN_POINT('',(1.39864044046423E-5,-49.7371974522082,-20.7260744967922));
#6208=CARTESIAN_POINT('Ctrl Pts',(5.00206922551824E-5,-49.7371974522082,
-20.7260744967922));
#6209=CARTESIAN_POINT('Ctrl Pts',(5.10937543368245E-5,-49.7371974522082,
-20.8297034211293));
#6210=CARTESIAN_POINT('Ctrl Pts',(5.21668164184665E-5,-49.7318231751734,
-20.9333321463847));
#6211=CARTESIAN_POINT('Ctrl Pts',(5.32398785001086E-5,-49.7211034317515,
-21.0364051353791));
#6212=CARTESIAN_POINT('Ctrl Pts',(5.42864585395195E-5,-49.7106482403093,
-21.1369343915419));
#6213=CARTESIAN_POINT('Ctrl Pts',(5.53330385789304E-5,-49.6951084267195,
-21.2369346628241));
#6214=CARTESIAN_POINT('Ctrl Pts',(5.63796186183414E-5,-49.6745632425798,
-21.3358959571841));
#6215=CARTESIAN_POINT('Ctrl Pts',(5.74261675797692E-5,-49.6540186685252,
-21.4348543129084));
#6216=CARTESIAN_POINT('Ctrl Pts',(5.8472716541197E-5,-49.6284690928599,
-21.5327734094319));
#6217=CARTESIAN_POINT('Ctrl Pts',(5.95192655026249E-5,-49.5980448083063,
-21.6291538981221));
#6218=CARTESIAN_POINT('Ctrl Pts',(6.05657854773193E-5,-49.5676213664278,
-21.7255317173189));
#6219=CARTESIAN_POINT('Ctrl Pts',(6.16123054520138E-5,-49.5323235916772,
-21.8203706789594));
#6220=CARTESIAN_POINT('Ctrl Pts',(6.26588254267083E-5,-49.492331478778,
-21.9131871686297));
#6221=CARTESIAN_POINT('Ctrl Pts',(6.37053185053092E-5,-49.4523403936963,
-22.0060012728692));
#6222=CARTESIAN_POINT('Ctrl Pts',(6.47518115839102E-5,-49.4076553509622,
-22.0967926865797));
#6223=CARTESIAN_POINT('Ctrl Pts',(6.57983046625111E-5,-49.3585042023076,
-22.1850984588583));
#6224=CARTESIAN_POINT('Ctrl Pts',(6.6844772935092E-5,-49.3093542187295,
-22.2734021379413));
#6225=CARTESIAN_POINT('Ctrl Pts',(6.78912412076728E-5,-49.2557385119554,
-22.3592199866347));
#6226=CARTESIAN_POINT('Ctrl Pts',(6.89377094802537E-5,-49.1979304587719,
-22.4421144352574));
#6227=CARTESIAN_POINT('Ctrl Pts',(6.99841550363654E-5,-49.1401236604711,
-22.5250070844284));
#6228=CARTESIAN_POINT('Ctrl Pts',(7.10306005924772E-5,-49.0781248988132,
-22.6049761724921));
#6229=CARTESIAN_POINT('Ctrl Pts',(7.2077046148589E-5,-49.0122502805611,
-22.6816139692149));
#6230=CARTESIAN_POINT('Ctrl Pts',(7.31234710773032E-5,-48.946376960821,
-22.7582502552635));
#6231=CARTESIAN_POINT('Ctrl Pts',(7.41698960060174E-5,-48.8766281663161,
-22.831555115113));
#6232=CARTESIAN_POINT('Ctrl Pts',(7.52163209347316E-5,-48.8033595041135,
-22.9011548114625));
#6233=CARTESIAN_POINT('Ctrl Pts',(7.63126272363678E-5,-48.7265982440545,
-22.9740722120388));
#6234=CARTESIAN_POINT('Ctrl Pts',(7.74089335380041E-5,-48.6459735258903,
-23.0429221695776));
#6235=CARTESIAN_POINT('Ctrl Pts',(7.85052398396403E-5,-48.5619364619752,
-23.1073194540014));
#6236=CARTESIAN_POINT('Ctrl Pts',(7.95517974646548E-5,-48.481712869451,
-23.1687944897131));
#6237=CARTESIAN_POINT('Ctrl Pts',(8.05983550896693E-5,-48.3983801549376,
-23.2262118996094));
#6238=CARTESIAN_POINT('Ctrl Pts',(8.16449127146837E-5,-48.3123632893184,
-23.2792788727874));
#6239=CARTESIAN_POINT('Ctrl Pts',(8.2691413261752E-5,-48.2263511149516,
-23.3323429517589));
#6240=CARTESIAN_POINT('Ctrl Pts',(8.37379138088203E-5,-48.137655381482,
-23.3810568844834));
#6241=CARTESIAN_POINT('Ctrl Pts',(8.47844143558886E-5,-48.0467283602578,
-23.4251722721354));
#6242=CARTESIAN_POINT('Ctrl Pts',(8.58308661863022E-5,-47.9558055718649,
-23.4692856061296));
#6243=CARTESIAN_POINT('Ctrl Pts',(8.68773180167159E-5,-47.8626520196195,
-23.5088006702376));
#6244=CARTESIAN_POINT('Ctrl Pts',(8.79237698471295E-5,-47.7677426617248,
-23.5435159906199));
#6245=CARTESIAN_POINT('Ctrl Pts',(8.89701813180239E-5,-47.6728369642911,
-23.5782299721029));
#6246=CARTESIAN_POINT('Ctrl Pts',(9.00165927889183E-5,-47.5761759265325,
-23.6081444597765));
#6247=CARTESIAN_POINT('Ctrl Pts',(9.10630042598126E-5,-47.4782523521681,
-23.6331069416138));
#6248=CARTESIAN_POINT('Ctrl Pts',(9.2109522904297E-5,-47.3803187484593,
-23.6580719801115));
#6249=CARTESIAN_POINT('Ctrl Pts',(9.31560415487814E-5,-47.2811226896588,
-23.6780839107248));
#6250=CARTESIAN_POINT('Ctrl Pts',(9.42025601932657E-5,-47.1811700071384,
-23.6930406864325));
#6251=CARTESIAN_POINT('Ctrl Pts',(9.52489841875569E-5,-47.0812263646297,
-23.7079961094058));
#6252=CARTESIAN_POINT('Ctrl Pts',(9.62954081818481E-5,-46.9805265826993,
-23.7178972406406));
#6253=CARTESIAN_POINT('Ctrl Pts',(9.73418321761392E-5,-46.8795840679298,
-23.7226936003259));
#6254=CARTESIAN_POINT('Ctrl Pts',(9.83882840080027E-5,-46.7786388678295,
-23.7274900876068));
#6255=CARTESIAN_POINT('Ctrl Pts',(9.94347358398661E-5,-46.6774512727465,
-23.7271815148362));
#6256=CARTESIAN_POINT('Ctrl Pts',(0.00010048118767173,-46.5765372037306,
-23.7217694553217));
#6257=CARTESIAN_POINT('Ctrl Pts',(0.000100830015839153,-46.5428981305404,
-23.7199653791617));
#6258=CARTESIAN_POINT('Ctrl Pts',(0.000101178844006577,-46.5092894482768,
-23.7175946427514));
#6259=CARTESIAN_POINT('Ctrl Pts',(0.000101527672174001,-46.4757302239652,
-23.7146585910674));
#6260=CARTESIAN_POINT('',(30.2165715864293,-49.7371955205423,-20.7294789044511));
#6261=CARTESIAN_POINT('Origin',(29.9741699630641,-46.7371974522082,-20.7260744967922));
#6262=CARTESIAN_POINT('Origin',(48.6605064984773,-46.7371974522082,-20.7260744967922));
#6263=CARTESIAN_POINT('Origin',(-7.47788121646107,-46.7369406733366,-20.7260520315519));
#6264=CARTESIAN_POINT('',(-29.9085327350198,-49.7361704516933,-20.7259846460444));
#6265=CARTESIAN_POINT('',(-7.47798423042091,-49.736940671568,-20.7260520315519));
#6266=CARTESIAN_POINT('',(-29.908544383325,-49.7361685696744,-20.7293446623735));
#6267=CARTESIAN_POINT('Origin',(-48.4802609075892,-46.7355327341709,-20.7259288528359));
#6268=CARTESIAN_POINT('Origin',(-29.6676876224079,-46.7361787200609,-20.7259853692781));
#6269=CARTESIAN_POINT('Ctrl Pts',(77.176591320097,-38.7980207998613,-23.0429460546122));
#6270=CARTESIAN_POINT('Ctrl Pts',(78.3415419568885,-38.6603799496216,-23.0309040405781));
#6271=CARTESIAN_POINT('Ctrl Pts',(80.0406676169901,-38.0619120220569,-22.9785448814324));
#6272=CARTESIAN_POINT('Ctrl Pts',(82.3588939143634,-36.2358488451674,-22.8187850545724));
#6273=CARTESIAN_POINT('Ctrl Pts',(83.9892808031456,-33.7136930124468,-22.5981250115636));
#6274=CARTESIAN_POINT('Ctrl Pts',(84.3093317224951,-31.3312837043001,-22.3896912052221));
#6275=CARTESIAN_POINT('Ctrl Pts',(84.2080611064617,-30.1626095614598,-22.2874454663677));
#6276=CARTESIAN_POINT('Ctrl Pts',(77.2881406456139,-39.7349689910461,-23.124918399652));
#6277=CARTESIAN_POINT('Ctrl Pts',(78.5920993131721,-39.580023151799,-23.1113247186664));
#6278=CARTESIAN_POINT('Ctrl Pts',(80.4913549715242,-38.907504181686,-23.0529084036964));
#6279=CARTESIAN_POINT('Ctrl Pts',(83.0747828478907,-36.857755712615,-22.8733504419712));
#6280=CARTESIAN_POINT('Ctrl Pts',(84.8785770125361,-34.0353828194086,-22.6263121863945));
#6281=CARTESIAN_POINT('Ctrl Pts',(85.2179786888717,-31.3841157491182,-22.3945848960733));
#6282=CARTESIAN_POINT('Ctrl Pts',(85.0980495032251,-30.0860740809559,-22.2807494794661));
#6283=CARTESIAN_POINT('Ctrl Pts',(77.4807624025224,-41.4264763142047,-22.4252291490193));
#6284=CARTESIAN_POINT('Ctrl Pts',(79.0227140760522,-41.2418815499085,-22.4107241783636));
#6285=CARTESIAN_POINT('Ctrl Pts',(81.2687517441586,-40.4385105902986,-22.3475323060648));
#6286=CARTESIAN_POINT('Ctrl Pts',(84.308409334677,-38.0031509692433,-22.1559624964718));
#6287=CARTESIAN_POINT('Ctrl Pts',(86.4141022122077,-34.6608120775065,-21.892748316138));
#6288=CARTESIAN_POINT('Ctrl Pts',(86.7903169474133,-31.5403314110642,-21.6464686522327));
#6289=CARTESIAN_POINT('Ctrl Pts',(86.639167350459,-30.0185367226488,-21.5262848895039));
#6290=CARTESIAN_POINT('Ctrl Pts',(77.5358390943663,-42.0379094563867,-20.7646638762828));
#6291=CARTESIAN_POINT('Ctrl Pts',(79.1468731121424,-41.8464763114369,-20.7518952737659));
#6292=CARTESIAN_POINT('Ctrl Pts',(81.4944188572208,-41.0147195704293,-20.6961966925975));
#6293=CARTESIAN_POINT('Ctrl Pts',(84.6874972524933,-38.4813354169372,-20.5269892556273));
#6294=CARTESIAN_POINT('Ctrl Pts',(86.9185032841131,-34.9918751188896,-20.2936422714027));
#6295=CARTESIAN_POINT('Ctrl Pts',(87.339570974531,-31.7124130170905,-20.0738448509337));
#6296=CARTESIAN_POINT('Ctrl Pts',(87.1918383461575,-30.1071260113119,-19.9663045423663));
#6297=CARTESIAN_POINT('Ctrl Pts',(77.5285978392434,-42.0387650226917,-20.0543619603369));
#6298=CARTESIAN_POINT('Ctrl Pts',(79.1304036233407,-41.8495090121117,-20.0423199463029));
#6299=CARTESIAN_POINT('Ctrl Pts',(81.4666994493641,-41.0266163008717,-19.9899607871571));
#6300=CARTESIAN_POINT('Ctrl Pts',(84.6542579387148,-38.5157815354392,-19.8302009602972));
#6301=CARTESIAN_POINT('Ctrl Pts',(86.8960380333295,-35.0478201698196,-19.6095409172883));
#6302=CARTESIAN_POINT('Ctrl Pts',(87.3361076788826,-31.7720101145649,-19.4011071109469));
#6303=CARTESIAN_POINT('Ctrl Pts',(87.1968606984541,-30.1650845139381,-19.2988613720924));
#6304=CARTESIAN_POINT('',(87.1968311960482,-30.1648178732628,-19.3050435095148));
#6305=CARTESIAN_POINT('Ctrl Pts',(84.2108253350298,-30.1953009316774,-22.2903055906569));
#6306=CARTESIAN_POINT('Ctrl Pts',(84.2158898380906,-30.1948156676671,-22.2902631782188));
#6307=CARTESIAN_POINT('Ctrl Pts',(84.2209540257122,-30.1943315995145,-22.2902069961486));
#6308=CARTESIAN_POINT('Ctrl Pts',(84.2260178564747,-30.1938487288608,-22.2901370741636));
#6309=CARTESIAN_POINT('Ctrl Pts',(84.3184829957704,-30.18503154986,-22.2888603043852));
#6310=CARTESIAN_POINT('Ctrl Pts',(84.4107767664979,-30.1766183542546,-22.2830062842622));
#6311=CARTESIAN_POINT('Ctrl Pts',(84.5026467653743,-30.1686197624842,-22.272750724975));
#6312=CARTESIAN_POINT('Ctrl Pts',(84.6000124420195,-30.1601426936973,-22.2618816765196));
#6313=CARTESIAN_POINT('Ctrl Pts',(84.6967878444741,-30.1521412378052,-22.2460818742918));
#6314=CARTESIAN_POINT('Ctrl Pts',(84.7926712342033,-30.1446293004925,-22.2255488244196));
#6315=CARTESIAN_POINT('Ctrl Pts',(84.8917075987892,-30.1368703449054,-22.2043405774129));
#6316=CARTESIAN_POINT('Ctrl Pts',(84.9896069841114,-30.1296481620678,-22.1781226668282));
#6317=CARTESIAN_POINT('Ctrl Pts',(85.0860393152882,-30.1229774503069,-22.1471172899864));
#6318=CARTESIAN_POINT('Ctrl Pts',(85.1761988349302,-30.1167406606255,-22.1181287770234));
#6319=CARTESIAN_POINT('Ctrl Pts',(85.2650764412235,-30.110985962967,-22.0849546017325));
#6320=CARTESIAN_POINT('Ctrl Pts',(85.3523903204212,-30.105729951722,-22.0477372450664));
#6321=CARTESIAN_POINT('Ctrl Pts',(85.4461942951716,-30.1000832578557,-22.0077534988733));
#6322=CARTESIAN_POINT('Ctrl Pts',(85.5378442838227,-30.0950327851971,-21.9632526386361));
#6323=CARTESIAN_POINT('Ctrl Pts',(85.6270167276276,-30.0905920045605,-21.9144667452294));
#6324=CARTESIAN_POINT('Ctrl Pts',(85.7163802527382,-30.0861417080901,-21.8655763119916));
#6325=CARTESIAN_POINT('Ctrl Pts',(85.8032564083366,-30.0823036918335,-21.8123820447207));
#6326=CARTESIAN_POINT('Ctrl Pts',(85.887301285348,-30.0790970907518,-21.7550686968582));
#6327=CARTESIAN_POINT('Ctrl Pts',(85.9698866997983,-30.0759461731859,-21.6987506111512));
#6328=CARTESIAN_POINT('Ctrl Pts',(86.0497389890729,-30.0734049209082,-21.6384547533652));
#6329=CARTESIAN_POINT('Ctrl Pts',(86.1265033905869,-30.0714971253856,-21.5743164015802));
#6330=CARTESIAN_POINT('Ctrl Pts',(86.1918007892142,-30.0698743147822,-21.5197589838032));
#6331=CARTESIAN_POINT('Ctrl Pts',(86.2548637130432,-30.0687099282323,-21.4624205253711));
#6332=CARTESIAN_POINT('Ctrl Pts',(86.3154516178914,-30.0680220229089,-21.4023647543291));
#6333=CARTESIAN_POINT('Ctrl Pts',(86.3876317198292,-30.0672025016448,-21.3308185985967));
#6334=CARTESIAN_POINT('Ctrl Pts',(86.4559439573959,-30.067062904658,-21.2557690929026));
#6335=CARTESIAN_POINT('Ctrl Pts',(86.5200562124864,-30.0676211289963,-21.1773974573887));
#6336=CARTESIAN_POINT('Ctrl Pts',(86.5258464132065,-30.0676715441776,-21.1703194424327));
#6337=CARTESIAN_POINT('Ctrl Pts',(86.531602335439,-30.0677276549624,-21.1632143026197));
#6338=CARTESIAN_POINT('Ctrl Pts',(86.5373237212757,-30.0677894768225,-21.1560821552077));
#6339=CARTESIAN_POINT('Ctrl Pts',(86.599845907387,-30.0684650540259,-21.0781434423513));
#6340=CARTESIAN_POINT('Ctrl Pts',(86.6582472100697,-30.0698221642753,-20.9969824186288));
#6341=CARTESIAN_POINT('Ctrl Pts',(86.7124437865935,-30.071836802662,-20.9130036715511));
#6342=CARTESIAN_POINT('Ctrl Pts',(86.7672876707817,-30.0738755032856,-20.8280219074914));
#6343=CARTESIAN_POINT('Ctrl Pts',(86.8178261720026,-30.0765875700303,-20.7401538978445));
#6344=CARTESIAN_POINT('Ctrl Pts',(86.8639276105072,-30.0799535641246,-20.649790771033));
#6345=CARTESIAN_POINT('Ctrl Pts',(86.8988319962504,-30.0825020302916,-20.5813749137951));
#6346=CARTESIAN_POINT('Ctrl Pts',(86.9311920305024,-30.0854254655376,-20.5115281033606));
#6347=CARTESIAN_POINT('Ctrl Pts',(86.9609317440117,-30.0887172621769,-20.4404139544624));
#6348=CARTESIAN_POINT('Ctrl Pts',(87.0001319300817,-30.0930562091788,-20.3466777499038));
#6349=CARTESIAN_POINT('Ctrl Pts',(87.0345886964474,-30.098013545981,-20.2512009895429));
#6350=CARTESIAN_POINT('Ctrl Pts',(87.0642233856134,-30.1035626991373,-20.1543977013393));
#6351=CARTESIAN_POINT('Ctrl Pts',(87.0939303086032,-30.1091253782175,-20.0573584575085));
#6352=CARTESIAN_POINT('Ctrl Pts',(87.1187919166017,-30.1152828143648,-19.9589853264203));
#6353=CARTESIAN_POINT('Ctrl Pts',(87.1386817769923,-30.1220133080596,-19.8596729892996));
#6354=CARTESIAN_POINT('Ctrl Pts',(87.1582101388585,-30.128621474926,-19.7621656554634));
#6355=CARTESIAN_POINT('Ctrl Pts',(87.1729459659949,-30.1357821201921,-19.6637520881613));
#6356=CARTESIAN_POINT('Ctrl Pts',(87.1827212260541,-30.1434787150401,-19.5647972710239));
#6357=CARTESIAN_POINT('Ctrl Pts',(87.1912418480802,-30.1501874650059,-19.4785431366703));
#6358=CARTESIAN_POINT('Ctrl Pts',(87.1959929391455,-30.1573034968172,-19.3918773172256));
#6359=CARTESIAN_POINT('Ctrl Pts',(87.1968309631596,-30.1648178911217,-19.305043541265));
#6360=CARTESIAN_POINT('',(87.1968606984541,-30.1650845139381,-19.2988613720924));
#6361=CARTESIAN_POINT('Ctrl Pts',(87.1968309631596,-30.1648178911216,-19.305043541265));
#6362=CARTESIAN_POINT('Ctrl Pts',(87.1968507352865,-30.1649951840155,-19.3029948140943));
#6363=CARTESIAN_POINT('Ctrl Pts',(87.1968606984542,-30.1650845139392,-19.3009336163009));
#6364=CARTESIAN_POINT('Ctrl Pts',(87.1968606984541,-30.1650845139381,-19.2988613720924));
#6365=CARTESIAN_POINT('',(77.5987462583068,-42.0302483226182,-20.0538200582779));
#6366=CARTESIAN_POINT('Origin',(76.2379043865374,-31.1147249792382,-19.3592852591615));
#6367=CARTESIAN_POINT('',(77.5987462583068,-42.0302483226182,-20.0552083942399));
#6368=CARTESIAN_POINT('',(77.5987462583068,-42.0302483226182,-5.));
#6369=CARTESIAN_POINT('Ctrl Pts',(77.5987445878519,-42.0302436071359,-20.0552081180328));
#6370=CARTESIAN_POINT('Ctrl Pts',(77.5999737913793,-42.0300417370338,-20.155105452878));
#6371=CARTESIAN_POINT('Ctrl Pts',(77.6004663011809,-42.0246946638405,-20.2547870782558));
#6372=CARTESIAN_POINT('Ctrl Pts',(77.6002446768371,-42.0144241608157,-20.3538863158102));
#6373=CARTESIAN_POINT('Ctrl Pts',(77.6000197331748,-42.0039998341158,-20.4544697853329));
#6374=CARTESIAN_POINT('Ctrl Pts',(77.5990590904135,-41.9885033065866,-20.5544541368674));
#6375=CARTESIAN_POINT('Ctrl Pts',(77.5973812018885,-41.9681120043956,-20.6534583581574));
#6376=CARTESIAN_POINT('Ctrl Pts',(77.5956983735977,-41.9476606694568,-20.7527540515363));
#6377=CARTESIAN_POINT('Ctrl Pts',(77.5932940460219,-41.9222854130902,-20.8510647173044));
#6378=CARTESIAN_POINT('Ctrl Pts',(77.5901820065775,-41.8921145825768,-20.9479952876894));
#6379=CARTESIAN_POINT('Ctrl Pts',(77.5875023126617,-41.8661352875176,-21.0314596088709));
#6380=CARTESIAN_POINT('Ctrl Pts',(77.5842978007521,-41.8365994121178,-21.113900821589));
#6381=CARTESIAN_POINT('Ctrl Pts',(77.5805746266842,-41.8035613264118,-21.1950527858205));
#6382=CARTESIAN_POINT('Ctrl Pts',(77.5762450437692,-41.7651421902641,-21.2894223080199));
#6383=CARTESIAN_POINT('Ctrl Pts',(77.5712357975106,-41.7221774166883,-21.3815836338494));
#6384=CARTESIAN_POINT('Ctrl Pts',(77.5655683343577,-41.6748450684332,-21.4711582378745));
#6385=CARTESIAN_POINT('Ctrl Pts',(77.5599129094334,-41.6276132585687,-21.5605425769571));
#6386=CARTESIAN_POINT('Ctrl Pts',(77.5536020253107,-41.5760320617735,-21.6473520397395));
#6387=CARTESIAN_POINT('Ctrl Pts',(77.546652264463,-41.5202302585367,-21.7311924644935));
#6388=CARTESIAN_POINT('Ctrl Pts',(77.5398374135826,-41.4655116896178,-21.8134053643281));
#6389=CARTESIAN_POINT('Ctrl Pts',(77.5324082052758,-41.4067343652087,-21.8927641024781));
#6390=CARTESIAN_POINT('Ctrl Pts',(77.5243763309146,-41.3439792279605,-21.9688680222523));
#6391=CARTESIAN_POINT('Ctrl Pts',(77.5228823504215,-41.3323063672213,-21.9830238427347));
#6392=CARTESIAN_POINT('Ctrl Pts',(77.5213675085115,-41.3204957757155,-21.9970669521089));
#6393=CARTESIAN_POINT('Ctrl Pts',(77.5198318668241,-41.3085478333182,-22.0109946273915));
#6394=CARTESIAN_POINT('Ctrl Pts',(77.5141173937239,-41.2640868135394,-22.062822684945));
#6395=CARTESIAN_POINT('Ctrl Pts',(77.5081149419399,-41.2177242938365,-22.1130529536485));
#6396=CARTESIAN_POINT('Ctrl Pts',(77.5018393093304,-41.1695648794335,-22.1616364612656));
#6397=CARTESIAN_POINT('Ctrl Pts',(77.4927231993652,-41.0996075468608,-22.2322098401584));
#6398=CARTESIAN_POINT('Ctrl Pts',(77.4830746921668,-41.0261993785734,-22.2989684413484));
#6399=CARTESIAN_POINT('Ctrl Pts',(77.4729485454129,-40.9497346926571,-22.3618377791102));
#6400=CARTESIAN_POINT('Ctrl Pts',(77.4626621939746,-40.8720602671258,-22.4257017659383));
#6401=CARTESIAN_POINT('Ctrl Pts',(77.4518828909855,-40.791231148945,-22.4855528795078));
#6402=CARTESIAN_POINT('Ctrl Pts',(77.4406634510113,-40.7076206098656,-22.5412757878422));
#6403=CARTESIAN_POINT('Ctrl Pts',(77.4293713070327,-40.6234682593403,-22.5973597907212));
#6404=CARTESIAN_POINT('Ctrl Pts',(77.4176332147319,-40.5364975348363,-22.6492623203088));
#6405=CARTESIAN_POINT('Ctrl Pts',(77.40549969728,-40.4470600944597,-22.6968220984714));
#6406=CARTESIAN_POINT('Ctrl Pts',(77.3952805186627,-40.3717334480939,-22.736878238001));
#6407=CARTESIAN_POINT('Ctrl Pts',(77.3847807613624,-40.2946562924576,-22.7738532303148));
#6408=CARTESIAN_POINT('Ctrl Pts',(77.3740294950046,-40.2160292208143,-22.8076236599566));
#6409=CARTESIAN_POINT('Ctrl Pts',(77.3612845842612,-40.1228220602104,-22.84765625679));
#6410=CARTESIAN_POINT('Ctrl Pts',(77.3482368557559,-40.0278118777368,-22.8830259783183));
#6411=CARTESIAN_POINT('Ctrl Pts',(77.3349389961237,-39.9313622181662,-22.9135933306822));
#6412=CARTESIAN_POINT('Ctrl Pts',(77.3217493183529,-39.8356972039442,-22.943912008961));
#6413=CARTESIAN_POINT('Ctrl Pts',(77.3083134712754,-39.738615205577,-22.9695064232998));
#6414=CARTESIAN_POINT('Ctrl Pts',(77.2946803680761,-39.6404546528075,-22.9901924477625));
#6415=CARTESIAN_POINT('Ctrl Pts',(77.2894557738194,-39.6028367273265,-22.998119922749));
#6416=CARTESIAN_POINT('Ctrl Pts',(77.2842021906157,-39.5650602947668,-23.0053260044459));
#6417=CARTESIAN_POINT('Ctrl Pts',(77.278922315519,-39.5271441516736,-23.0117982992119));
#6418=CARTESIAN_POINT('Ctrl Pts',(77.2651158889793,-39.4279966463464,-23.0287228022717));
#6419=CARTESIAN_POINT('Ctrl Pts',(77.2511719126267,-39.3281985790822,-23.0405814971004));
#6420=CARTESIAN_POINT('Ctrl Pts',(77.2371407530825,-39.2280939179199,-23.0472101083997));
#6421=CARTESIAN_POINT('Ctrl Pts',(77.2234267080015,-39.1302516952813,-23.0536889082378));
#6422=CARTESIAN_POINT('Ctrl Pts',(77.2096292912775,-39.0321158171163,-23.0551714942663));
#6423=CARTESIAN_POINT('Ctrl Pts',(77.1957937300607,-38.9340029899384,-23.0514553338871));
#6424=CARTESIAN_POINT('Ctrl Pts',(77.1900022237304,-38.8929333830909,-23.0498997651593));
#6425=CARTESIAN_POINT('Ctrl Pts',(77.1842040187719,-38.851867825441,-23.0474326472127));
#6426=CARTESIAN_POINT('Ctrl Pts',(77.1784023879968,-38.8108297854697,-23.0440363893274));
#6427=CARTESIAN_POINT('Ctrl Pts',(77.1777986938111,-38.806559533348,-23.0436829884961));
#6428=CARTESIAN_POINT('Ctrl Pts',(77.1771950032841,-38.8022898627325,-23.0433195492173));
#6429=CARTESIAN_POINT('Ctrl Pts',(77.176591320097,-38.7980207998613,-23.0429460546122));
#6430=CARTESIAN_POINT('Origin',(81.8447408544363,-9.07225267522352,-17.4308188164761));
#6431=CARTESIAN_POINT('',(86.5030911845692,-23.8948443062398,-18.7564919017931));
#6432=CARTESIAN_POINT('Origin',(83.1456054181077,-20.8293753631717,-18.459433767355));
#6433=CARTESIAN_POINT('',(84.8265443501796,-8.74233160470343,-17.4308188164761));
#6434=CARTESIAN_POINT('Origin',(48.4086659968422,-20.0151248843867,-18.3881960811907));
#6435=CARTESIAN_POINT('',(107.90018416135,-24.4104583485496,-18.5115789638596));
#6436=CARTESIAN_POINT('Ctrl Pts',(107.772692623314,-21.145186029092,-21.4985231330736));
#6437=CARTESIAN_POINT('Ctrl Pts',(107.772830923974,-21.1480834311507,-21.4987766162052));
#6438=CARTESIAN_POINT('Ctrl Pts',(107.772969161045,-21.1509811126414,-21.4990255683956));
#6439=CARTESIAN_POINT('Ctrl Pts',(107.773107334398,-21.1538790654093,-21.4992699947058));
#6440=CARTESIAN_POINT('Ctrl Pts',(107.777820077199,-21.2527208884949,-21.5076067565674));
#6441=CARTESIAN_POINT('Ctrl Pts',(107.782452633971,-21.3517292989455,-21.5106703604568));
#6442=CARTESIAN_POINT('Ctrl Pts',(107.786998576494,-21.4505848741746,-21.5086818502028));
#6443=CARTESIAN_POINT('Ctrl Pts',(107.791654506662,-21.5518322288441,-21.5066452285708));
#6444=CARTESIAN_POINT('Ctrl Pts',(107.796219679721,-21.6529200352789,-21.4993089371679));
#6445=CARTESIAN_POINT('Ctrl Pts',(107.800689813371,-21.7535047568138,-21.4868560519223));
#6446=CARTESIAN_POINT('Ctrl Pts',(107.802617639178,-21.7968837331677,-21.4814855204304));
#6447=CARTESIAN_POINT('Ctrl Pts',(107.804527812031,-21.84016906528,-21.4751626792096));
#6448=CARTESIAN_POINT('Ctrl Pts',(107.806420062137,-21.8833326097028,-21.4678992992559));
#6449=CARTESIAN_POINT('Ctrl Pts',(107.810799125667,-21.9832221025012,-21.4510903149782));
#6450=CARTESIAN_POINT('Ctrl Pts',(107.815068068466,-22.0821553158087,-21.4292990692856));
#6451=CARTESIAN_POINT('Ctrl Pts',(107.819221913475,-22.1797936114147,-21.4027260446536));
#6452=CARTESIAN_POINT('Ctrl Pts',(107.823413897988,-22.2783283959746,-21.3759090335519));
#6453=CARTESIAN_POINT('Ctrl Pts',(107.827488771743,-22.3755452136386,-21.3442217442961));
#6454=CARTESIAN_POINT('Ctrl Pts',(107.831440490527,-22.4710835093502,-21.3078191443307));
#6455=CARTESIAN_POINT('Ctrl Pts',(107.833015994091,-22.509173498452,-21.2933058580549));
#6456=CARTESIAN_POINT('Ctrl Pts',(107.834571902477,-22.5469964744681,-21.2780425208048));
#6457=CARTESIAN_POINT('Ctrl Pts',(107.836107732168,-22.5845285781215,-21.262036874609));
#6458=CARTESIAN_POINT('Ctrl Pts',(107.839964160294,-22.6787707073569,-21.2218471162304));
#6459=CARTESIAN_POINT('Ctrl Pts',(107.84367701645,-22.7708007356651,-21.1771424446545));
#6460=CARTESIAN_POINT('Ctrl Pts',(107.84724155919,-22.8602771054414,-21.1281219410291));
#6461=CARTESIAN_POINT('Ctrl Pts',(107.850798229734,-22.9495558691107,-21.0792096978407));
#6462=CARTESIAN_POINT('Ctrl Pts',(107.854207341714,-23.036293052445,-21.0260002677029));
#6463=CARTESIAN_POINT('Ctrl Pts',(107.857460510736,-23.1201303522613,-20.9686434927834));
#6464=CARTESIAN_POINT('Ctrl Pts',(107.860638784136,-23.2020375197591,-20.9126072060618));
#6465=CARTESIAN_POINT('Ctrl Pts',(107.863668285432,-23.2811774374251,-20.8526118569694));
#6466=CARTESIAN_POINT('Ctrl Pts',(107.866536434338,-23.3571872372659,-20.7887580923632));
#6467=CARTESIAN_POINT('Ctrl Pts',(107.86900515617,-23.4226116829546,-20.7337967957508));
#6468=CARTESIAN_POINT('Ctrl Pts',(107.871354294954,-23.4857169461557,-20.6759761937574));
#6469=CARTESIAN_POINT('Ctrl Pts',(107.873572269885,-23.5462484030377,-20.6153402271564));
#6470=CARTESIAN_POINT('Ctrl Pts',(107.875304301813,-23.5935178354121,-20.5679891824211));
#6471=CARTESIAN_POINT('Ctrl Pts',(107.876950068772,-23.6390630520396,-20.519075257786));
#6472=CARTESIAN_POINT('Ctrl Pts',(107.878506676643,-23.6827861360742,-20.4686431284158));
#6473=CARTESIAN_POINT('Ctrl Pts',(107.880827442251,-23.7479734138744,-20.3934532533212));
#6474=CARTESIAN_POINT('Ctrl Pts',(107.882950469526,-23.8091124818409,-20.3148904146995));
#6475=CARTESIAN_POINT('Ctrl Pts',(107.884890814447,-23.8661247438986,-20.2333664768128));
#6476=CARTESIAN_POINT('Ctrl Pts',(107.886856257541,-23.9238744540679,-20.1507880346514));
#6477=CARTESIAN_POINT('Ctrl Pts',(107.888634293823,-23.9773902978135,-20.0651706087467));
#6478=CARTESIAN_POINT('Ctrl Pts',(107.890231952758,-24.0265489141306,-19.9769096374238));
#6479=CARTESIAN_POINT('Ctrl Pts',(107.891831334718,-24.0757605464739,-19.8885534794111));
#6480=CARTESIAN_POINT('Ctrl Pts',(107.893249973555,-24.1206058832984,-19.7975472072921));
#6481=CARTESIAN_POINT('Ctrl Pts',(107.894485947302,-24.160914323412,-19.7042675988688));
#6482=CARTESIAN_POINT('Ctrl Pts',(107.894726174448,-24.1687487790582,-19.6861375260396));
#6483=CARTESIAN_POINT('Ctrl Pts',(107.894959473259,-24.1764116943417,-19.6679215362383));
#6484=CARTESIAN_POINT('Ctrl Pts',(107.895185789023,-24.1839015944481,-19.6496223517931));
#6485=CARTESIAN_POINT('Ctrl Pts',(107.89635065024,-24.2224525731215,-19.5554353186862));
#6486=CARTESIAN_POINT('Ctrl Pts',(107.897325033906,-24.2562327022824,-19.4595129326129));
#6487=CARTESIAN_POINT('Ctrl Pts',(107.898113945864,-24.2851518604108,-19.362268653241));
#6488=CARTESIAN_POINT('Ctrl Pts',(107.898903536608,-24.3140959007918,-19.2649407041884));
#6489=CARTESIAN_POINT('Ctrl Pts',(107.899507362495,-24.3381709025664,-19.1662877001598));
#6490=CARTESIAN_POINT('Ctrl Pts',(107.899921032349,-24.3572400444606,-19.066702306678));
#6491=CARTESIAN_POINT('Ctrl Pts',(107.900326336014,-24.3759235260506,-18.9691309594159));
#6492=CARTESIAN_POINT('Ctrl Pts',(107.900549097624,-24.3898017082387,-18.8706637081622));
#6493=CARTESIAN_POINT('Ctrl Pts',(107.900576014421,-24.3986984145544,-18.7716617773136));
#6494=CARTESIAN_POINT('Ctrl Pts',(107.900599496172,-24.4064597481937,-18.6852941948635));
#6495=CARTESIAN_POINT('Ctrl Pts',(107.900473809377,-24.4104293331795,-18.5985192486448));
#6496=CARTESIAN_POINT('Ctrl Pts',(107.900184161745,-24.4104583493253,-18.5115789639112));
#6497=CARTESIAN_POINT('',(107.900182104589,-24.4104585545794,-18.510344036228));
#6498=CARTESIAN_POINT('',(107.900182104589,-24.4104585545794,-5.));
#6499=CARTESIAN_POINT('',(86.504650474268,-23.9089370571737,-18.4664665906904));
#6500=CARTESIAN_POINT('',(48.3383638729011,-23.0143010398283,-18.3881960811907));
#6501=CARTESIAN_POINT('Origin',(86.1717615059882,-20.9003099096369,-18.465639736023));
#6502=CARTESIAN_POINT('Ctrl Pts',(107.599578911422,-21.1640891417392,-21.5001769411356));
#6503=CARTESIAN_POINT('Ctrl Pts',(108.304398362516,-21.0936049052639,-21.4940103694867));
#6504=CARTESIAN_POINT('Ctrl Pts',(110.395818420269,-20.6474834232523,-21.4549797972553));
#6505=CARTESIAN_POINT('Ctrl Pts',(113.499528175571,-18.7641757922523,-21.290211729611));
#6506=CARTESIAN_POINT('Ctrl Pts',(115.884041488104,-15.1171688757075,-20.9711399686127));
#6507=CARTESIAN_POINT('Ctrl Pts',(116.270664998646,-12.2387571814736,-20.7193115764067));
#6508=CARTESIAN_POINT('Ctrl Pts',(116.143926156667,-10.8277677375503,-20.5958659957087));
#6509=CARTESIAN_POINT('Ctrl Pts',(107.694189944879,-22.1029821819865,-21.5823194384206));
#6510=CARTESIAN_POINT('Ctrl Pts',(108.469628327483,-22.0250578971207,-21.5754857474924));
#6511=CARTESIAN_POINT('Ctrl Pts',(110.769431946148,-21.5326605850642,-21.532634582177));
#6512=CARTESIAN_POINT('Ctrl Pts',(114.175524319681,-19.4536411789315,-21.3508549999097));
#6513=CARTESIAN_POINT('Ctrl Pts',(116.773421888467,-15.4414846905396,-20.9995281147967));
#6514=CARTESIAN_POINT('Ctrl Pts',(117.179575140002,-12.2905153580008,-20.7241148244783));
#6515=CARTESIAN_POINT('Ctrl Pts',(117.033514198571,-10.7484695322474,-20.5889283017068));
#6516=CARTESIAN_POINT('Ctrl Pts',(107.857559178911,-23.7978300190204,-20.8827018673336));
#6517=CARTESIAN_POINT('Ctrl Pts',(108.753899611188,-23.7071588150675,-20.8754763298063));
#6518=CARTESIAN_POINT('Ctrl Pts',(111.41291308938,-23.1332151281954,-20.8296985148131));
#6519=CARTESIAN_POINT('Ctrl Pts',(115.340353592974,-20.7150528332463,-20.6368679044994));
#6520=CARTESIAN_POINT('Ctrl Pts',(118.30877207347,-16.0716849721725,-20.2661127465936));
#6521=CARTESIAN_POINT('Ctrl Pts',(118.752340837862,-12.444853029703,-19.9759079382801));
#6522=CARTESIAN_POINT('Ctrl Pts',(118.573928735366,-10.6761275468409,-19.8342915113648));
#6523=CARTESIAN_POINT('Ctrl Pts',(107.904253404067,-24.4100515870326,-19.2219781760035));
#6524=CARTESIAN_POINT('Ctrl Pts',(108.835639582846,-24.3164436543419,-19.2154992026379));
#6525=CARTESIAN_POINT('Ctrl Pts',(111.598488626667,-23.724465684953,-19.1743966437652));
#6526=CARTESIAN_POINT('Ctrl Pts',(115.690666673165,-21.2261046370203,-19.001217244142));
#6527=CARTESIAN_POINT('Ctrl Pts',(118.81292308109,-16.4043956515122,-18.6667782339786));
#6528=CARTESIAN_POINT('Ctrl Pts',(119.301916362233,-12.6163343139967,-18.403418807341));
#6529=CARTESIAN_POINT('Ctrl Pts',(119.126694528063,-10.7629311036797,-18.2746099273186));
#6530=CARTESIAN_POINT('Ctrl Pts',(107.898099676984,-24.4106669797466,-18.5115928468604));
#6531=CARTESIAN_POINT('Ctrl Pts',(108.824770661393,-24.3179968687011,-18.5054262752115));
#6532=CARTESIAN_POINT('Ctrl Pts',(111.574493701419,-23.7314525668091,-18.4663957029801));
#6533=CARTESIAN_POINT('Ctrl Pts',(115.655138425117,-21.255348177727,-18.3016276353357));
#6534=CARTESIAN_POINT('Ctrl Pts',(118.790209818553,-16.4603961027572,-17.9825558743374));
#6535=CARTESIAN_POINT('Ctrl Pts',(119.298528351128,-12.6759650770657,-17.7307274821315));
#6536=CARTESIAN_POINT('Ctrl Pts',(119.131896730395,-10.8208474650842,-17.6072819014335));
#6537=CARTESIAN_POINT('',(119.131896730395,-10.8208474650842,-17.6072819014335));
#6538=CARTESIAN_POINT('Origin',(116.143926156667,-11.0892349657933,-17.6072819014335));
#6539=CARTESIAN_POINT('Origin',(106.651182301404,-11.9418985832288,-17.6818803017601));
#6540=CARTESIAN_POINT('Origin',(114.169630652579,10.8906890413662,-15.6842877256457));
#6541=CARTESIAN_POINT('',(115.085093416031,34.232402738582,-13.6656332536157));
#6542=CARTESIAN_POINT('',(117.157601226307,11.1590765420753,-15.6842877256457));
#6543=CARTESIAN_POINT('Ctrl Pts',(112.083505152451,34.3770888429116,-16.640953508603));
#6544=CARTESIAN_POINT('Ctrl Pts',(112.086650261023,34.3771953168207,-16.640944193343));
#6545=CARTESIAN_POINT('Ctrl Pts',(112.08979524712,34.3773013850025,-16.6409296167206));
#6546=CARTESIAN_POINT('Ctrl Pts',(112.092940100938,34.3774070474962,-16.6409097857285));
#6547=CARTESIAN_POINT('Ctrl Pts',(112.19337128369,34.3807813885094,-16.6402764812539));
#6548=CARTESIAN_POINT('Ctrl Pts',(112.293540715643,34.3837376669247,-16.6342899265572));
#6549=CARTESIAN_POINT('Ctrl Pts',(112.393131384016,34.3862787809488,-16.6231897353154));
#6550=CARTESIAN_POINT('Ctrl Pts',(112.492557866345,34.3888157056702,-16.6121078439459));
#6551=CARTESIAN_POINT('Ctrl Pts',(112.591408227631,34.3909387630811,-16.5959287731146));
#6552=CARTESIAN_POINT('Ctrl Pts',(112.689360959278,34.3926441787657,-16.5748399261843));
#6553=CARTESIAN_POINT('Ctrl Pts',(112.788766439602,34.3943748876742,-16.5534383080429));
#6554=CARTESIAN_POINT('Ctrl Pts',(112.886996274856,34.3956714579176,-16.5270344970298));
#6555=CARTESIAN_POINT('Ctrl Pts',(112.983719541833,34.3965329940984,-16.4958488869657));
#6556=CARTESIAN_POINT('Ctrl Pts',(113.077664319267,34.3973697816397,-16.4655591202094));
#6557=CARTESIAN_POINT('Ctrl Pts',(113.170188486658,34.3977960884384,-16.4307577487203));
#6558=CARTESIAN_POINT('Ctrl Pts',(113.260974360152,34.3978068229339,-16.3916021407612));
#6559=CARTESIAN_POINT('Ctrl Pts',(113.354820583117,34.3978179192843,-16.3511266155122));
#6560=CARTESIAN_POINT('Ctrl Pts',(113.446458040059,34.3973862661478,-16.3061501131648));
#6561=CARTESIAN_POINT('Ctrl Pts',(113.535562207939,34.3965108920268,-16.2569013693006));
#6562=CARTESIAN_POINT('Ctrl Pts',(113.624790448144,34.3956342989988,-16.2075840494507));
#6563=CARTESIAN_POINT('Ctrl Pts',(113.71147914065,34.394312685763,-16.1539821635656));
#6564=CARTESIAN_POINT('Ctrl Pts',(113.795283195969,34.3925420889247,-16.0962768543322));
#6565=CARTESIAN_POINT('Ctrl Pts',(113.877548095791,34.3908040110839,-16.0396313678436));
#6566=CARTESIAN_POINT('Ctrl Pts',(113.957034008477,34.3886332305039,-15.97903129491));
#6567=CARTESIAN_POINT('Ctrl Pts',(114.033385301816,34.3860240377309,-15.9146083059433));
#6568=CARTESIAN_POINT('Ctrl Pts',(114.098652369299,34.3837936320189,-15.8595378626742));
#6569=CARTESIAN_POINT('Ctrl Pts',(114.161628672811,34.3812428179253,-15.8016731421511));
#6570=CARTESIAN_POINT('Ctrl Pts',(114.222069098436,34.3783673273344,-15.7410766811371));
#6571=CARTESIAN_POINT('Ctrl Pts',(114.295976417943,34.3748511409468,-15.6669785595767));
#6572=CARTESIAN_POINT('Ctrl Pts',(114.365716597017,34.370868485064,-15.5891736358756));
#6573=CARTESIAN_POINT('Ctrl Pts',(114.43092378757,34.3664169648932,-15.5078560937395));
#6574=CARTESIAN_POINT('Ctrl Pts',(114.493306411127,34.3621582703425,-15.4300609675179));
#6575=CARTESIAN_POINT('Ctrl Pts',(114.551540830382,34.3574703381777,-15.3490503243575));
#6576=CARTESIAN_POINT('Ctrl Pts',(114.605546659839,34.3523723598168,-15.2652286111273));
#6577=CARTESIAN_POINT('Ctrl Pts',(114.660207807152,34.3472125215367,-15.1803897879685));
#6578=CARTESIAN_POINT('Ctrl Pts',(114.710537496487,34.3416325548938,-15.0926704538897));
#6579=CARTESIAN_POINT('Ctrl Pts',(114.756407469629,34.3356536963373,-15.0024613694327));
#6580=CARTESIAN_POINT('Ctrl Pts',(114.793940321563,34.3307615283771,-14.9286482847891));
#6581=CARTESIAN_POINT('Ctrl Pts',(114.828486531834,34.3256022992515,-14.8531675102114));
#6582=CARTESIAN_POINT('Ctrl Pts',(114.859951215403,34.3201888128664,-14.7762249611829));
#6583=CARTESIAN_POINT('Ctrl Pts',(114.898331257716,34.3135855417396,-14.682371855017));
#6584=CARTESIAN_POINT('Ctrl Pts',(114.931938396746,34.3066368657116,-14.586807544489));
#6585=CARTESIAN_POINT('Ctrl Pts',(114.960695233424,34.2993680491261,-14.4899448134844));
#6586=CARTESIAN_POINT('Ctrl Pts',(114.989522079887,34.2920815362864,-14.3928462658938));
#6587=CARTESIAN_POINT('Ctrl Pts',(115.013475269216,34.2844732418545,-14.2944420876778));
#6588=CARTESIAN_POINT('Ctrl Pts',(115.032429411193,34.2765707925339,-14.1951258054276));
#6589=CARTESIAN_POINT('Ctrl Pts',(115.051051574532,34.2688067532969,-14.0975490313193));
#6590=CARTESIAN_POINT('Ctrl Pts',(115.064848402138,34.2607587029603,-13.9990909703586));
#6591=CARTESIAN_POINT('Ctrl Pts',(115.073652390917,34.2524560418499,-13.9001162779964));
#6592=CARTESIAN_POINT('Ctrl Pts',(115.080581735978,34.2459212761666,-13.8222163836664));
#6593=CARTESIAN_POINT('Ctrl Pts',(115.084417235032,34.2392288325953,-13.7439961475425));
#6594=CARTESIAN_POINT('Ctrl Pts',(115.085054532231,34.2323949217233,-13.6656346377524));
#6595=CARTESIAN_POINT('Ctrl Pts',(112.083505152451,34.3770888429116,-16.640953508603));
#6596=CARTESIAN_POINT('Ctrl Pts',(112.111422992915,35.6824114670625,-16.5267525767459));
#6597=CARTESIAN_POINT('Ctrl Pts',(111.659363018258,37.6475899962488,-16.3548217336376));
#6598=CARTESIAN_POINT('Ctrl Pts',(109.820166509607,40.3754197762547,-16.1161675518586));
#6599=CARTESIAN_POINT('Ctrl Pts',(107.061944663342,42.2981713381471,-15.9479485874163));
#6600=CARTESIAN_POINT('Ctrl Pts',(104.388201695866,42.6103753848944,-15.920634272619));
#6601=CARTESIAN_POINT('Ctrl Pts',(103.093569919341,42.4413336085555,-15.9354235117109));
#6602=CARTESIAN_POINT('Ctrl Pts',(112.981964079391,34.3580188454194,-16.6426219171971));
#6603=CARTESIAN_POINT('Ctrl Pts',(113.004693592836,35.810311702767,-16.5152529766552));
#6604=CARTESIAN_POINT('Ctrl Pts',(112.490581401619,37.9890585620923,-16.3249038580619));
#6605=CARTESIAN_POINT('Ctrl Pts',(110.43638938889,41.0042916938783,-16.0606841083882));
#6606=CARTESIAN_POINT('Ctrl Pts',(107.374976610959,43.1224029882666,-15.8754658610307));
#6607=CARTESIAN_POINT('Ctrl Pts',(104.416988773043,43.4651990195517,-15.8458125933308));
#6608=CARTESIAN_POINT('Ctrl Pts',(102.983345315628,43.2790928221695,-15.8621290777553));
#6609=CARTESIAN_POINT('Ctrl Pts',(114.53730803267,34.2591783778789,-15.8930934088294));
#6610=CARTESIAN_POINT('Ctrl Pts',(114.552120432671,35.965451351677,-15.7584613117648));
#6611=CARTESIAN_POINT('Ctrl Pts',(113.929302355231,38.5173760853757,-15.5567725157605));
#6612=CARTESIAN_POINT('Ctrl Pts',(111.504880357041,42.0322478985215,-15.2786677683245));
#6613=CARTESIAN_POINT('Ctrl Pts',(107.918295779278,44.4924075039471,-15.0836988658403));
#6614=CARTESIAN_POINT('Ctrl Pts',(104.465588499766,44.8901853105846,-15.052106988401));
#6615=CARTESIAN_POINT('Ctrl Pts',(102.792104119694,44.6743709791513,-15.069212618645));
#6616=CARTESIAN_POINT('Ctrl Pts',(115.084075036644,34.1101891672512,-14.3238029443405));
#6617=CARTESIAN_POINT('Ctrl Pts',(115.112809226204,35.9076348348841,-14.2035719486413));
#6618=CARTESIAN_POINT('Ctrl Pts',(114.476824672274,38.6052669701943,-14.0226873873165));
#6619=CARTESIAN_POINT('Ctrl Pts',(111.935692145836,42.3383264804472,-13.7723454557975));
#6620=CARTESIAN_POINT('Ctrl Pts',(108.147300840767,44.9612289074991,-13.59611121418));
#6621=CARTESIAN_POINT('Ctrl Pts',(104.486237636537,45.3859748880451,-13.5674393430473));
#6622=CARTESIAN_POINT('Ctrl Pts',(102.71229739488,45.1555483482914,-13.5829127100069));
#6623=CARTESIAN_POINT('Ctrl Pts',(115.0828192376,34.0514732037092,-13.6523694143278));
#6624=CARTESIAN_POINT('Ctrl Pts',(115.121257524653,35.8486883497043,-13.5381684824707));
#6625=CARTESIAN_POINT('Ctrl Pts',(114.498845089353,38.5544168430992,-13.3662376393623));
#6626=CARTESIAN_POINT('Ctrl Pts',(111.966573173849,42.310191013881,-13.1275834575834));
#6627=CARTESIAN_POINT('Ctrl Pts',(108.168954112931,44.9575045324577,-12.959364493141));
#6628=CARTESIAN_POINT('Ctrl Pts',(104.487648611334,45.3873582951014,-12.9320501783437));
#6629=CARTESIAN_POINT('Ctrl Pts',(102.705153008938,45.1546154964084,-12.9468394174357));
#6630=CARTESIAN_POINT('',(102.705153008938,45.1546154964084,-12.9468394174357));
#6631=CARTESIAN_POINT('Origin',(103.093569919341,42.1798663803126,-12.9468394174357));
#6632=CARTESIAN_POINT('',(115.08518975341,34.2313302100542,-13.6409407115532));
#6633=CARTESIAN_POINT('Origin',(104.124301955784,34.2858506147247,-13.6374763066195));
#6634=CARTESIAN_POINT('Ctrl Pts',(115.085154342213,34.2313210598217,-13.6409412929889));
#6635=CARTESIAN_POINT('Ctrl Pts',(115.085154557937,34.2313215305975,-13.6492199973132));
#6636=CARTESIAN_POINT('Ctrl Pts',(115.085121071395,34.2316814555629,-13.6574530639597));
#6637=CARTESIAN_POINT('Ctrl Pts',(115.085054532231,34.2323949217233,-13.6656346377524));
#6638=CARTESIAN_POINT('Origin',(47.2432428087312,34.8874156039045,-13.5848461896922));
#6639=CARTESIAN_POINT('',(92.9364150852073,43.8790985184084,-13.0584326931455));
#6640=CARTESIAN_POINT('',(46.8548258983284,37.8621647200003,-13.5848461896922));
#6641=CARTESIAN_POINT('Ctrl Pts',(91.8066895933645,40.9675907774089,-16.0643593023888));
#6642=CARTESIAN_POINT('Ctrl Pts',(91.8077844785197,40.9703281366141,-16.0641198144904));
#6643=CARTESIAN_POINT('Ctrl Pts',(91.8088790641876,40.9730653241243,-16.0638769949407));
#6644=CARTESIAN_POINT('Ctrl Pts',(91.9783632300397,41.3969769640384,-16.0257526685131));
#6645=CARTESIAN_POINT('Ctrl Pts',(92.1388340325958,41.8125628177654,-15.909111152276));
#6646=CARTESIAN_POINT('Ctrl Pts',(92.4185902968652,42.551615340446,-15.5319675852685));
#6647=CARTESIAN_POINT('Ctrl Pts',(92.5385464949941,42.8753959482034,-15.2847542495283));
#6648=CARTESIAN_POINT('Ctrl Pts',(92.7288385190377,43.3856784539709,-14.7011443847004));
#6649=CARTESIAN_POINT('Ctrl Pts',(92.8013191361416,43.5780892800196,-14.3812022192336));
#6650=CARTESIAN_POINT('Ctrl Pts',(92.8984667978075,43.8184050859939,-13.7191334549062));
#6651=CARTESIAN_POINT('Ctrl Pts',(92.9266744148802,43.8778266662534,-13.3910312527214));
#6652=CARTESIAN_POINT('Ctrl Pts',(92.9364150852073,43.8790985184084,-13.0584326931455));
#6653=CARTESIAN_POINT('Ctrl Pts',(91.8066895933645,40.9675907774089,-16.0643593023888));
#6654=CARTESIAN_POINT('Ctrl Pts',(90.9870394563733,41.9729581153144,-15.9764010576429));
#6655=CARTESIAN_POINT('Ctrl Pts',(88.6077098072812,43.9392693915673,-15.8043711120076));
#6656=CARTESIAN_POINT('Ctrl Pts',(85.5614627311256,44.6592334733553,-15.7413824167053));
#6657=CARTESIAN_POINT('Ctrl Pts',(83.8327437268768,44.6063050748761,-15.7460130515508));
#6658=CARTESIAN_POINT('Ctrl Pts',(92.4789991231991,41.5115438863335,-16.0167695718683));
#6659=CARTESIAN_POINT('Ctrl Pts',(91.5835564824587,42.6016996589477,-15.9212016457424));
#6660=CARTESIAN_POINT('Ctrl Pts',(88.9918430522933,44.7302103703156,-15.7349017928841));
#6661=CARTESIAN_POINT('Ctrl Pts',(85.6845926765612,45.5076589256587,-15.6671452797862));
#6662=CARTESIAN_POINT('Ctrl Pts',(83.8067010666782,45.4504352971414,-15.6721612265629));
#6663=CARTESIAN_POINT('Ctrl Pts',(93.6443302926411,42.3934307881074,-15.23749565501));
#6664=CARTESIAN_POINT('Ctrl Pts',(92.6188229656464,43.6307385224367,-15.1379559473824));
#6665=CARTESIAN_POINT('Ctrl Pts',(89.6590112416814,46.0422099465677,-14.9437829343021));
#6666=CARTESIAN_POINT('Ctrl Pts',(85.8966127801558,46.9211771526911,-14.8729086880024));
#6667=CARTESIAN_POINT('Ctrl Pts',(83.7615250892161,46.8564793672779,-14.8781210844705));
#6668=CARTESIAN_POINT('Ctrl Pts',(94.1041019320417,42.6358457729422,-13.7238708705218));
#6669=CARTESIAN_POINT('Ctrl Pts',(93.0344580310005,43.9386650221852,-13.6324762341857));
#6670=CARTESIAN_POINT('Ctrl Pts',(89.9378474056626,46.4825564554618,-13.4538303189654));
#6671=CARTESIAN_POINT('Ctrl Pts',(85.9859651670541,47.4118693032426,-13.3884394799505));
#6672=CARTESIAN_POINT('Ctrl Pts',(83.742636913735,47.3434848182084,-13.3932427533529));
#6673=CARTESIAN_POINT('Ctrl Pts',(94.1318712955076,42.6017843975297,-13.0757752081136));
#6674=CARTESIAN_POINT('Ctrl Pts',(93.063776253894,43.9118895511247,-12.9878169633676));
#6675=CARTESIAN_POINT('Ctrl Pts',(89.9632458130789,46.4742112413817,-12.8157870177323));
#6676=CARTESIAN_POINT('Ctrl Pts',(85.9936479923362,47.4124042961897,-12.75279832243));
#6677=CARTESIAN_POINT('Ctrl Pts',(83.7409353855168,47.3434327223135,-12.7574289572755));
#6678=CARTESIAN_POINT('',(83.7409353855168,47.3434327223134,-12.7574289572755));
#6679=CARTESIAN_POINT('Origin',(83.8327437268768,44.3448378466331,-12.7574289572755));
#6680=CARTESIAN_POINT('',(92.9374164405755,43.8792292666978,-12.9900097196385));
#6681=CARTESIAN_POINT('Origin',(84.1356306775552,34.4521064808274,-13.6229308030909));
#6682=CARTESIAN_POINT('Ctrl Pts',(92.9369139500214,43.8790124205455,-12.9900242783225));
#6683=CARTESIAN_POINT('Ctrl Pts',(92.9369104369099,43.8790168860015,-13.0128579749339));
#6684=CARTESIAN_POINT('Ctrl Pts',(92.9365662410669,43.8789714303513,-13.0356690426524));
#6685=CARTESIAN_POINT('Ctrl Pts',(92.9358854313688,43.8788760265914,-13.058452530533));
#6686=CARTESIAN_POINT('Origin',(34.9854663129037,42.8492748562134,-12.8882737645262));
#6687=CARTESIAN_POINT('',(58.5978649976212,46.5736243004648,-12.8247784672741));
#6688=CARTESIAN_POINT('Origin',(58.6896733389812,43.5750294247844,-12.8247784672741));
#6689=CARTESIAN_POINT('',(34.8936579715436,45.8478697318938,-12.8882737645262));
#6690=CARTESIAN_POINT('Ctrl Pts',(58.6896733389813,43.8364966530268,-15.8133625615494));
#6691=CARTESIAN_POINT('Ctrl Pts',(53.4663533231524,43.6765736334368,-15.8273540128003));
#6692=CARTESIAN_POINT('Ctrl Pts',(48.255373884009,43.1151646532071,-15.8764709341721));
#6693=CARTESIAN_POINT('Ctrl Pts',(43.1178532818347,42.1588543363185,-15.9601372457127));
#6694=CARTESIAN_POINT('Ctrl Pts',(58.6636306787826,44.6806268752921,-15.7395107365615));
#6695=CARTESIAN_POINT('Ctrl Pts',(53.396652462234,44.5194467749242,-15.7536149566789));
#6696=CARTESIAN_POINT('Ctrl Pts',(48.1425644108826,43.9536591623763,-15.8030954522358));
#6697=CARTESIAN_POINT('Ctrl Pts',(42.9619915953196,42.989819005063,-15.887437257407));
#6698=CARTESIAN_POINT('Ctrl Pts',(58.6184528733097,46.0867384079042,-14.9455592569828));
#6699=CARTESIAN_POINT('Ctrl Pts',(53.2762013310497,45.9233708533413,-14.9597209718393));
#6700=CARTESIAN_POINT('Ctrl Pts',(47.9464063554677,45.3498646475831,-15.0094393710819));
#6701=CARTESIAN_POINT('Ctrl Pts',(42.6916179260073,44.3729232555737,-15.0941259346093));
#6702=CARTESIAN_POINT('Ctrl Pts',(58.5995665258394,46.5736763963591,-13.4605922633515));
#6703=CARTESIAN_POINT('Ctrl Pts',(53.2256363239602,46.4092298590207,-13.4746342405602));
#6704=CARTESIAN_POINT('Ctrl Pts',(47.8646619405956,45.8319664323121,-13.5239341770165));
#6705=CARTESIAN_POINT('Ctrl Pts',(42.5788723780786,44.8485908259531,-13.6079032479093));
#6706=CARTESIAN_POINT('Ctrl Pts',(58.5978649976212,46.5736243004642,-12.8247784672741));
#6707=CARTESIAN_POINT('Ctrl Pts',(53.2211882861735,46.4090059404081,-12.8387699185251));
#6708=CARTESIAN_POINT('Ctrl Pts',(47.8572144707898,45.8311139903741,-12.8878868398968));
#6709=CARTESIAN_POINT('Ctrl Pts',(42.5688562441092,44.8467263989285,-12.9715531514375));
#6710=CARTESIAN_POINT('',(42.5688562441091,44.8467263989291,-12.9715531514374));
#6711=CARTESIAN_POINT('Origin',(43.1178532818347,41.8973871080756,-12.9715531514375));
#6712=CARTESIAN_POINT('Origin',(61.8166600356525,-58.5569353407031,-21.7601675678833));
#6713=CARTESIAN_POINT('Origin',(11.4806758568856,36.0083675767661,-13.4867755997098));
#6714=CARTESIAN_POINT('',(10.9316788191601,38.957706867619,-13.4867755997098));
#6715=CARTESIAN_POINT('Origin',(9.92299616369819,35.7184173699733,-13.5121429557912));
#6716=CARTESIAN_POINT('Origin',(1.39864044046423E-5,35.7184173699733,-13.5121429557912));
#6717=CARTESIAN_POINT('Origin',(-9.92299453729433,35.7184173699733,-13.5121429557912));
#6718=CARTESIAN_POINT('Origin',(-11.473336297641,36.0070016764762,-13.4868951005007));
#6719=CARTESIAN_POINT('',(-42.5395462907844,44.8412708771747,-12.9720304477445));
#6720=CARTESIAN_POINT('Origin',(-43.0885433285098,41.8919315863224,-12.9720304477445));
#6721=CARTESIAN_POINT('',(-10.9243392599155,38.9563409673291,-13.4868951005007));
#6722=CARTESIAN_POINT('Ctrl Pts',(-43.0885433285099,42.1533988145648,-15.9606145420198));
#6723=CARTESIAN_POINT('Ctrl Pts',(-48.2455226753514,43.1133312285153,-15.876631338048));
#6724=CARTESIAN_POINT('Ctrl Pts',(-53.476239031365,43.676866903305,-15.8273283550115));
#6725=CARTESIAN_POINT('Ctrl Pts',(-58.7193427440237,43.8373962819476,-15.8132838542174));
#6726=CARTESIAN_POINT('Ctrl Pts',(-42.9326816419948,42.9843634833092,-15.8879145537141));
#6727=CARTESIAN_POINT('Ctrl Pts',(-48.1327131680472,43.9518257317068,-15.8032558566481));
#6728=CARTESIAN_POINT('Ctrl Pts',(-53.4065381016342,44.5197400378025,-15.7535892995105));
#6729=CARTESIAN_POINT('Ctrl Pts',(-58.6932999802166,44.6815265012264,-15.7394320294909));
#6730=CARTESIAN_POINT('Ctrl Pts',(-42.6623079858138,44.3674676539586,-15.0946031244247));
#6731=CARTESIAN_POINT('Ctrl Pts',(-47.9365550668464,45.3480311266516,-15.0095996692761));
#6732=CARTESIAN_POINT('Ctrl Pts',(-53.286086852897,45.923664023354,-14.9596952089656));
#6733=CARTESIAN_POINT('Ctrl Pts',(-58.6481219971941,46.0876379479394,-14.9454804440237));
#6734=CARTESIAN_POINT('Ctrl Pts',(-42.5495624247537,44.8431353041993,-13.6083805442164));
#6735=CARTESIAN_POINT('Ctrl Pts',(-47.8548106142322,45.8301329861341,-13.5240945811328));
#6736=CARTESIAN_POINT('Ctrl Pts',(-53.2355217937973,46.409523103716,-13.4746085830539));
#6737=CARTESIAN_POINT('Ctrl Pts',(-58.6292355724108,46.574576014512,-13.4605135561412));
#6738=CARTESIAN_POINT('Ctrl Pts',(-42.5395462907844,44.8412708771747,-12.9720304477445));
#6739=CARTESIAN_POINT('Ctrl Pts',(-47.8473631423872,45.8292805433928,-12.8880472437728));
#6740=CARTESIAN_POINT('Ctrl Pts',(-53.2310737514685,46.4092991841423,-12.8387442607363));
#6741=CARTESIAN_POINT('Ctrl Pts',(-58.6275340374295,46.5745239182025,-12.8246997599422));
#6742=CARTESIAN_POINT('',(-58.6275340374295,46.574523918203,-12.8246997599421));
#6743=CARTESIAN_POINT('Origin',(-58.7193427440237,43.5759290537046,-12.8246997599422));
#6744=CARTESIAN_POINT('Origin',(-61.8581881161728,-58.9429491936498,-21.7939394039801));
#6745=CARTESIAN_POINT('Origin',(-34.992842074386,42.8494890253182,-12.8882550271574));
#6746=CARTESIAN_POINT('',(-83.7408340374295,47.343423918203,-12.757429726557));
#6747=CARTESIAN_POINT('Origin',(-83.8326427440237,44.3448290537051,-12.757429726557));
#6748=CARTESIAN_POINT('',(-34.9010333677918,45.8480838898162,-12.8882550271574));
#6749=CARTESIAN_POINT('Ctrl Pts',(-83.8326427440237,44.606296281948,-15.7460138208323));
#6750=CARTESIAN_POINT('Ctrl Pts',(-85.1291823329322,44.6459927491551,-15.7425408299696));
#6751=CARTESIAN_POINT('Ctrl Pts',(-88.1736547028959,44.1372854373122,-15.7870469528086));
#6752=CARTESIAN_POINT('Ctrl Pts',(-90.7137231575886,42.3080703579847,-15.9470825354005));
#6753=CARTESIAN_POINT('Ctrl Pts',(-91.8065896130884,40.967579666905,-16.064360274432));
#6754=CARTESIAN_POINT('Ctrl Pts',(-83.8065999802165,45.4504265012269,-15.6721619961057));
#6755=CARTESIAN_POINT('Ctrl Pts',(-85.2150190997952,45.4933444059906,-15.6684000199465));
#6756=CARTESIAN_POINT('Ctrl Pts',(-88.5209323262284,44.9438072724416,-15.7163662869549));
#6757=CARTESIAN_POINT('Ctrl Pts',(-91.2849762923212,42.9650745147469,-15.8893465801045));
#6758=CARTESIAN_POINT('Ctrl Pts',(-92.4788994352983,41.5115324482359,-16.0167705725721));
#6759=CARTESIAN_POINT('Ctrl Pts',(-83.7614238230209,46.8564705663353,-14.8781218544093));
#6760=CARTESIAN_POINT('Ctrl Pts',(-85.3627401351864,46.9049941149213,-14.8742125402942));
#6761=CARTESIAN_POINT('Ctrl Pts',(-89.1223617350067,46.2836426539505,-14.9243017643325));
#6762=CARTESIAN_POINT('Ctrl Pts',(-92.2768883599716,44.0431636842829,-15.1047769649865));
#6763=CARTESIAN_POINT('Ctrl Pts',(-93.6442311106528,42.3934187785802,-15.2374966723086));
#6764=CARTESIAN_POINT('Ctrl Pts',(-83.7425355724108,47.3434760145124,-13.3932435227561));
#6765=CARTESIAN_POINT('Ctrl Pts',(-85.4250323616899,47.3947646007102,-13.3896410523717));
#6766=CARTESIAN_POINT('Ctrl Pts',(-89.374863388728,46.737929215725,-13.4358363025384));
#6767=CARTESIAN_POINT('Ctrl Pts',(-92.6778114134324,44.3729271919958,-13.6020122562695));
#6768=CARTESIAN_POINT('Ctrl Pts',(-94.1040029198609,42.6358335103164,-13.7238718560301));
#6769=CARTESIAN_POINT('Ctrl Pts',(-83.7408340374295,47.343423918203,-12.757429726557));
#6770=CARTESIAN_POINT('Ctrl Pts',(-85.4303690965608,47.3951528230848,-12.7539567356944));
#6771=CARTESIAN_POINT('Ctrl Pts',(-89.3976546693374,46.7322507061362,-12.7984628585334));
#6772=CARTESIAN_POINT('Ctrl Pts',(-92.7076459287711,44.3485803318151,-12.9584984411252));
#6773=CARTESIAN_POINT('Ctrl Pts',(-94.1317722781022,42.6017721059861,-13.0757761801567));
#6774=CARTESIAN_POINT('',(-92.9373186305561,43.8792170076268,-12.9900106979553));
#6775=CARTESIAN_POINT('Origin',(-84.135530771304,34.4521019168891,-13.6229312023837));
#6776=CARTESIAN_POINT('',(-92.9363172710567,43.8790862597418,-13.0584337971342));
#6777=CARTESIAN_POINT('Ctrl Pts',(-91.8065896130884,40.967579666905,-16.064360274432));
#6778=CARTESIAN_POINT('Ctrl Pts',(-91.807684500103,40.9703170250363,-16.0641207866275));
#6779=CARTESIAN_POINT('Ctrl Pts',(-91.8087790876007,40.9730542113959,-16.0638779671785));
#6780=CARTESIAN_POINT('Ctrl Pts',(-91.9477856381553,41.3207349004254,-16.0326094409578));
#6781=CARTESIAN_POINT('Ctrl Pts',(-92.080528436556,41.662170223153,-15.9487293233758));
#6782=CARTESIAN_POINT('Ctrl Pts',(-92.3233730102991,42.2986583183644,-15.6787780994161));
#6783=CARTESIAN_POINT('Ctrl Pts',(-92.4332706255789,42.5926570990989,-15.4970737913856));
#6784=CARTESIAN_POINT('Ctrl Pts',(-92.6357700473809,43.1363145296392,-15.020359817207));
#6785=CARTESIAN_POINT('Ctrl Pts',(-92.7245020693489,43.3755979435997,-14.7205342579649));
#6786=CARTESIAN_POINT('Ctrl Pts',(-92.8555853380616,43.7160395560512,-14.0633210819757));
#6787=CARTESIAN_POINT('Ctrl Pts',(-92.8995071044602,43.8223459981966,-13.7189602012774));
#6788=CARTESIAN_POINT('Ctrl Pts',(-92.9286722112523,43.8729353730567,-13.2605227008156));
#6789=CARTESIAN_POINT('Ctrl Pts',(-92.9333556756976,43.8786995631264,-13.1595582640224));
#6790=CARTESIAN_POINT('Ctrl Pts',(-92.9363172710567,43.8790862597418,-13.0584337971342));
#6791=CARTESIAN_POINT('Ctrl Pts',(-92.935252887845,43.8777619265564,-13.0585277949604));
#6792=CARTESIAN_POINT('Ctrl Pts',(-92.9359306345566,43.8778562862745,-13.035752411424));
#6793=CARTESIAN_POINT('Ctrl Pts',(-92.9362733671406,43.8778993912364,-13.0129414131117));
#6794=CARTESIAN_POINT('Ctrl Pts',(-92.9362743706795,43.8778929383263,-12.9900995937204));
#6795=CARTESIAN_POINT('Origin',(-47.2432115894281,34.8874554769029,-13.5848427012569));
#6796=CARTESIAN_POINT('',(-102.705157384921,45.1546073727661,-12.9468401596566));
#6797=CARTESIAN_POINT('Origin',(-103.093571538338,42.1798578966883,-12.9468401596566));
#6798=CARTESIAN_POINT('',(-46.8547974360108,37.8622049529807,-13.5848427012569));
#6799=CARTESIAN_POINT('Ctrl Pts',(-103.093571538338,42.4413251249312,-15.9354242539319));
#6800=CARTESIAN_POINT('Ctrl Pts',(-104.388203522972,42.6103657081272,-15.9206351192264));
#6801=CARTESIAN_POINT('Ctrl Pts',(-107.061946258102,42.2981595567218,-15.9479496181574));
#6802=CARTESIAN_POINT('Ctrl Pts',(-109.820167149634,40.3754065861064,-16.1161687058471));
#6803=CARTESIAN_POINT('Ctrl Pts',(-111.659362905822,37.6475761783533,-16.3548229425468));
#6804=CARTESIAN_POINT('Ctrl Pts',(-112.111422708415,35.6823975940055,-16.5267537904811));
#6805=CARTESIAN_POINT('Ctrl Pts',(-112.083504935826,34.3770749165125,-16.6409547270051));
#6806=CARTESIAN_POINT('Ctrl Pts',(-102.98334771768,43.2790844347623,-15.8621298115583));
#6807=CARTESIAN_POINT('Ctrl Pts',(-104.41699131832,43.46518930796,-15.8458134432487));
#6808=CARTESIAN_POINT('Ctrl Pts',(-107.374978732228,43.1223909801923,-15.8754669119154));
#6809=CARTESIAN_POINT('Ctrl Pts',(-110.436390283756,41.0042782447183,-16.0606852854762));
#6810=CARTESIAN_POINT('Ctrl Pts',(-112.490581339495,37.9890445856615,-16.3249050810373));
#6811=CARTESIAN_POINT('Ctrl Pts',(-113.00469330188,35.8102977925655,-16.5152541938185));
#6812=CARTESIAN_POINT('Ctrl Pts',(-112.981963861143,34.3580049661973,-16.6426231314716));
#6813=CARTESIAN_POINT('Ctrl Pts',(-102.792107880307,44.6743627599208,-15.0692133477651));
#6814=CARTESIAN_POINT('Ctrl Pts',(-104.46559229195,44.8901755390571,-15.0521078397021));
#6815=CARTESIAN_POINT('Ctrl Pts',(-107.918298813297,44.49239510058,-15.0836999273907));
#6816=CARTESIAN_POINT('Ctrl Pts',(-111.504881692808,42.0322339988803,-15.2786689577518));
#6817=CARTESIAN_POINT('Ctrl Pts',(-113.92930238054,38.5173618336717,-15.5567737466085));
#6818=CARTESIAN_POINT('Ctrl Pts',(-114.55212013023,35.9654373779429,-15.7584625306717));
#6819=CARTESIAN_POINT('Ctrl Pts',(-114.537307811827,34.2591645807323,-15.8930946206555));
#6820=CARTESIAN_POINT('Ctrl Pts',(-102.712301720973,45.1555402114006,-13.5829134483084));
#6821=CARTESIAN_POINT('Ctrl Pts',(-104.486241952931,45.3859650871244,-13.5674401909908));
#6822=CARTESIAN_POINT('Ctrl Pts',(-108.147304245416,44.961216308192,-13.5961122540483));
#6823=CARTESIAN_POINT('Ctrl Pts',(-111.935693633545,42.3383123758059,-13.7723466202655));
#6824=CARTESIAN_POINT('Ctrl Pts',(-114.476824709975,38.605252608267,-14.0226886027275));
#6825=CARTESIAN_POINT('Ctrl Pts',(-115.112808915524,35.9076208398613,-14.2035731638718));
#6826=CARTESIAN_POINT('Ctrl Pts',(-115.084074820303,34.1101753993199,-14.3238041607707));
#6827=CARTESIAN_POINT('Ctrl Pts',(-102.705157384921,45.1546073727661,-12.9468401596566));
#6828=CARTESIAN_POINT('Ctrl Pts',(-104.487652976921,45.3873484899271,-12.9320510249512));
#6829=CARTESIAN_POINT('Ctrl Pts',(-108.168957545385,44.9574919011197,-12.9593655238822));
#6830=CARTESIAN_POINT('Ctrl Pts',(-111.966574659186,42.3101768839513,-13.1275846115718));
#6831=CARTESIAN_POINT('Ctrl Pts',(-114.498845116847,38.5544024745004,-13.3662388482715));
#6832=CARTESIAN_POINT('Ctrl Pts',(-115.121257211563,35.8486743558765,-13.5381696962059));
#6833=CARTESIAN_POINT('Ctrl Pts',(-115.082819024365,34.0514594358176,-13.6523706327298));
#6834=CARTESIAN_POINT('',(-115.08518953086,34.2313163496064,-13.6409419339327));
#6835=CARTESIAN_POINT('Origin',(-104.124296885967,34.2858363713043,-13.6374775527573));
#6836=CARTESIAN_POINT('',(-115.08509319352,34.2323888777069,-13.6656344662851));
#6837=CARTESIAN_POINT('Ctrl Pts',(-112.083504935826,34.3770749165125,-16.6409547270051));
#6838=CARTESIAN_POINT('Ctrl Pts',(-112.086650044324,34.3771813905017,-16.6409454117381));
#6839=CARTESIAN_POINT('Ctrl Pts',(-112.089795030251,34.3772874587469,-16.6409308351105));
#6840=CARTESIAN_POINT('Ctrl Pts',(-112.092939883995,34.3773931213239,-16.6409110041117));
#6841=CARTESIAN_POINT('Ctrl Pts',(-112.192185931958,34.3807276462467,-16.6402851726982));
#6842=CARTESIAN_POINT('Ctrl Pts',(-112.291083707361,34.3836498961174,-16.6344324333182));
#6843=CARTESIAN_POINT('Ctrl Pts',(-112.389329726775,34.3861659422868,-16.6236122852613));
#6844=CARTESIAN_POINT('Ctrl Pts',(-112.489336610192,34.3887270835669,-16.6125982076251));
#6845=CARTESIAN_POINT('Ctrl Pts',(-112.588668904239,34.3908672760888,-16.5964368304007));
#6846=CARTESIAN_POINT('Ctrl Pts',(-112.687005529594,34.3925862499507,-16.5753474732707));
#6847=CARTESIAN_POINT('Ctrl Pts',(-112.786538542079,34.3943261372636,-16.5540015379294));
#6848=CARTESIAN_POINT('Ctrl Pts',(-112.885052326768,34.3956344370065,-16.5276066888867));
#6849=CARTESIAN_POINT('Ctrl Pts',(-112.982201104222,34.3965049483403,-16.4963392243862));
#6850=CARTESIAN_POINT('Ctrl Pts',(-113.031489935453,34.3969466058407,-16.4804755478566));
#6851=CARTESIAN_POINT('Ctrl Pts',(-113.080427122782,34.3972754847088,-16.4633568384742));
#6852=CARTESIAN_POINT('Ctrl Pts',(-113.128965223629,34.3974902733515,-16.4450015545422));
#6853=CARTESIAN_POINT('Ctrl Pts',(-113.22439723726,34.3979125748492,-16.4089127567557));
#6854=CARTESIAN_POINT('Ctrl Pts',(-113.317840334729,34.3978942277924,-16.3682159057203));
#6855=CARTESIAN_POINT('Ctrl Pts',(-113.408971846834,34.3974348416591,-16.3231453042706));
#6856=CARTESIAN_POINT('Ctrl Pts',(-113.500447145124,34.396973722529,-16.2779046776585));
#6857=CARTESIAN_POINT('Ctrl Pts',(-113.589594192909,34.3960681674147,-16.2282568399821));
#6858=CARTESIAN_POINT('Ctrl Pts',(-113.676069684971,34.3947143951053,-16.1743889703268));
#6859=CARTESIAN_POINT('Ctrl Pts',(-113.761237261195,34.3933810981954,-16.1213358360165));
#6860=CARTESIAN_POINT('Ctrl Pts',(-113.843814179559,34.3916129781128,-16.064188862955));
#6861=CARTESIAN_POINT('Ctrl Pts',(-113.923444984242,34.3894040828208,-16.0030855298812));
#6862=CARTESIAN_POINT('Ctrl Pts',(-113.99103408084,34.3875292149495,-15.9512221951073));
#6863=CARTESIAN_POINT('Ctrl Pts',(-114.056500507815,34.3853367446627,-15.896507777486));
#6864=CARTESIAN_POINT('Ctrl Pts',(-114.119605330222,34.3828221476944,-15.839006192318));
#6865=CARTESIAN_POINT('Ctrl Pts',(-114.194680099845,34.3798305730272,-15.7705975019066));
#6866=CARTESIAN_POINT('Ctrl Pts',(-114.266042577985,34.3763990156573,-15.6985821241079));
#6867=CARTESIAN_POINT('Ctrl Pts',(-114.33336175148,34.3725251306389,-15.6231433430897));
#6868=CARTESIAN_POINT('Ctrl Pts',(-114.366901066555,34.3705951091687,-15.585558730651));
#6869=CARTESIAN_POINT('Ctrl Pts',(-114.399436333634,34.3685552775127,-15.5471236971494));
#6870=CARTESIAN_POINT('Ctrl Pts',(-114.430923559594,34.3664052780716,-15.5078571457155));
#6871=CARTESIAN_POINT('Ctrl Pts',(-114.493453158147,34.3621356545072,-15.4298788029813));
#6872=CARTESIAN_POINT('Ctrl Pts',(-114.551852359134,34.357431477226,-15.348623092498));
#6873=CARTESIAN_POINT('Ctrl Pts',(-114.606025025956,34.3523117041653,-15.2644868912815));
#6874=CARTESIAN_POINT('Ctrl Pts',(-114.660663542074,34.3471479044244,-15.1796271740868));
#6875=CARTESIAN_POINT('Ctrl Pts',(-114.711002882632,34.3415612597392,-15.0918363853124));
#6876=CARTESIAN_POINT('Ctrl Pts',(-114.756898208156,34.3355728114693,-15.0014968414621));
#6877=CARTESIAN_POINT('Ctrl Pts',(-114.772872396891,34.3334884902057,-14.970053531993));
#6878=CARTESIAN_POINT('Ctrl Pts',(-114.788307788584,34.3313555120142,-14.9383012959952));
#6879=CARTESIAN_POINT('Ctrl Pts',(-114.803196851957,34.3291748337247,-14.9062558419325));
#6880=CARTESIAN_POINT('Ctrl Pts',(-114.84583471229,34.3229300180498,-14.8144871684845));
#6881=CARTESIAN_POINT('Ctrl Pts',(-114.883785984621,34.3163250436278,-14.72076705767));
#6882=CARTESIAN_POINT('Ctrl Pts',(-114.916978381016,34.3093842305524,-14.6255109350912));
#6883=CARTESIAN_POINT('Ctrl Pts',(-114.950323903906,34.3024113974212,-14.5298153674026));
#6884=CARTESIAN_POINT('Ctrl Pts',(-114.978866848334,34.2950995409238,-14.432568712272));
#6885=CARTESIAN_POINT('Ctrl Pts',(-115.002487258334,34.2874752464502,-14.3341674095844));
#6886=CARTESIAN_POINT('Ctrl Pts',(-115.025754084908,34.2799650831097,-14.2372391156066));
#6887=CARTESIAN_POINT('Ctrl Pts',(-115.044244803936,34.2721516949661,-14.1391896183977));
#6888=CARTESIAN_POINT('Ctrl Pts',(-115.05779640234,34.2640634573403,-14.0403868459116));
#6889=CARTESIAN_POINT('Ctrl Pts',(-115.069521847214,34.2570651548838,-13.9548982985422));
#6890=CARTESIAN_POINT('Ctrl Pts',(-115.077548991136,34.2498611010331,-13.8688453293948));
#6891=CARTESIAN_POINT('Ctrl Pts',(-115.081740781444,34.2424721479039,-13.7824668482954));
#6892=CARTESIAN_POINT('Ctrl Pts',(-115.0836298152,34.2391423100876,-13.7435403146113));
#6893=CARTESIAN_POINT('Ctrl Pts',(-115.084737509365,34.235777971737,-13.7045892529019));
#6894=CARTESIAN_POINT('Ctrl Pts',(-115.085054309811,34.2323810608726,-13.6656358504195));
#6895=CARTESIAN_POINT('Ctrl Pts',(-115.085054309811,34.2323810608726,-13.6656358504195));
#6896=CARTESIAN_POINT('Ctrl Pts',(-115.085120779564,34.23166836393,-13.6574628228038));
#6897=CARTESIAN_POINT('Ctrl Pts',(-115.085154335703,34.2313076706673,-13.6492298889043));
#6898=CARTESIAN_POINT('Ctrl Pts',(-115.085154119753,34.2313071994002,-13.6409425153669));
#6899=CARTESIAN_POINT('Origin',(30.878804496496,-46.5900541302552,-20.7132011242077));
#6900=CARTESIAN_POINT('',(31.3604398337887,-49.5511396409878,-20.7132011242077));
#6901=CARTESIAN_POINT('Origin',(-114.169629584436,10.8906845949756,-15.6842881146545));
#6902=CARTESIAN_POINT('',(-119.131896051834,-10.8208562486997,-17.6072826699003));
#6903=CARTESIAN_POINT('Origin',(-116.143925478106,-11.089243749409,-17.6072826699003));
#6904=CARTESIAN_POINT('',(-117.157600158164,11.1590720956849,-15.6842881146545));
#6905=CARTESIAN_POINT('Ctrl Pts',(-116.143925478106,-10.827776521166,-20.5958667641755));
#6906=CARTESIAN_POINT('Ctrl Pts',(-116.270496383351,-12.2368963175856,-20.7191487719122));
#6907=CARTESIAN_POINT('Ctrl Pts',(-115.979259265325,-14.3912944388763,-20.9076341842467));
#6908=CARTESIAN_POINT('Ctrl Pts',(-114.376021704054,-17.5696262680322,-21.1857021882214));
#6909=CARTESIAN_POINT('Ctrl Pts',(-111.772949309554,-20.0915451928249,-21.4063415044723));
#6910=CARTESIAN_POINT('Ctrl Pts',(-109.022357838296,-21.0136826227065,-21.4870180757998));
#6911=CARTESIAN_POINT('Ctrl Pts',(-107.614721751754,-21.1558073657349,-21.4994523796214));
#6912=CARTESIAN_POINT('Ctrl Pts',(-117.03351352001,-10.748478315863,-20.5889290701735));
#6913=CARTESIAN_POINT('Ctrl Pts',(-117.17939471286,-12.2885743776672,-20.7239448425954));
#6914=CARTESIAN_POINT('Ctrl Pts',(-116.873309513597,-14.6468388482808,-20.9299057877059));
#6915=CARTESIAN_POINT('Ctrl Pts',(-115.131286480274,-18.1392449755361,-21.2359001306209));
#6916=CARTESIAN_POINT('Ctrl Pts',(-112.282562006835,-20.9188920097675,-21.4790594404789));
#6917=CARTESIAN_POINT('Ctrl Pts',(-109.25900641485,-21.9374675546042,-21.5678060974797));
#6918=CARTESIAN_POINT('Ctrl Pts',(-107.710234827392,-22.0946049895171,-21.5815865290474));
#6919=CARTESIAN_POINT('Ctrl Pts',(-118.573928063838,-10.6761363290068,-19.8342922891804));
#6920=CARTESIAN_POINT('Ctrl Pts',(-118.752140641074,-12.4427734757406,-19.9757340350632));
#6921=CARTESIAN_POINT('Ctrl Pts',(-118.417451278699,-15.1579825927063,-20.1930004775444));
#6922=CARTESIAN_POINT('Ctrl Pts',(-116.434018488324,-19.1926884892985,-20.5152984430306));
#6923=CARTESIAN_POINT('Ctrl Pts',(-113.160884680718,-22.4186959513523,-20.7726935543934));
#6924=CARTESIAN_POINT('Ctrl Pts',(-109.665562465502,-23.6064292528619,-20.8673925203655));
#6925=CARTESIAN_POINT('Ctrl Pts',(-107.875161704751,-23.7892877227743,-20.8819636236154));
#6926=CARTESIAN_POINT('Ctrl Pts',(-119.126693849502,-10.7629398872952,-18.2746106957854));
#6927=CARTESIAN_POINT('Ctrl Pts',(-119.301718108663,-12.6142029969042,-18.4032527241929));
#6928=CARTESIAN_POINT('Ctrl Pts',(-118.933134254692,-15.449790742718,-18.6004260525234));
#6929=CARTESIAN_POINT('Ctrl Pts',(-116.839122422656,-19.6473347416887,-18.8916006469936));
#6930=CARTESIAN_POINT('Ctrl Pts',(-113.415776950679,-22.9881633195292,-19.1232284220839));
#6931=CARTESIAN_POINT('Ctrl Pts',(-109.782748522515,-24.2126872496623,-19.2081848486816));
#6932=CARTESIAN_POINT('Ctrl Pts',(-107.9223022179,-24.4014718456185,-19.221249522042));
#6933=CARTESIAN_POINT('Ctrl Pts',(-119.131896051834,-10.8208562486997,-17.6072826699003));
#6934=CARTESIAN_POINT('Ctrl Pts',(-119.298335348865,-12.6738327119374,-17.7305646776369));
#6935=CARTESIAN_POINT('Ctrl Pts',(-118.915361859816,-15.5068416735167,-17.9190500899714));
#6936=CARTESIAN_POINT('Ctrl Pts',(-116.807122749443,-19.686311784397,-18.1971180939462));
#6937=CARTESIAN_POINT('Ctrl Pts',(-113.384112235099,-23.002606411517,-18.417757410197));
#6938=CARTESIAN_POINT('Ctrl Pts',(-109.767115817071,-24.2152066161148,-18.4984339815246));
#6939=CARTESIAN_POINT('Ctrl Pts',(-107.916090415403,-24.4020990324618,-18.5108682853461));
#6940=CARTESIAN_POINT('',(-107.918162772887,-24.4018896187301,-18.5108543526568));
#6941=CARTESIAN_POINT('Origin',(-106.657961198823,-11.9412984072157,-17.6818277931628));
#6942=CARTESIAN_POINT('Ctrl Pts',(-107.787007355071,-21.1368022430577,-21.4977896468382));
#6943=CARTESIAN_POINT('Ctrl Pts',(-107.787149301056,-21.1397021277559,-21.4980433448406));
#6944=CARTESIAN_POINT('Ctrl Pts',(-107.78729118336,-21.1426022924679,-21.4982925036093));
#6945=CARTESIAN_POINT('Ctrl Pts',(-107.787433001846,-21.1455027289891,-21.4985371282167));
#6946=CARTESIAN_POINT('Ctrl Pts',(-107.792265774678,-21.2443414010452,-21.5068732428581));
#6947=CARTESIAN_POINT('Ctrl Pts',(-107.797018190684,-21.3433467174916,-21.5099359322857));
#6948=CARTESIAN_POINT('Ctrl Pts',(-107.801683456975,-21.4421992000789,-21.507946254801));
#6949=CARTESIAN_POINT('Ctrl Pts',(-107.806461645362,-21.5434443926915,-21.5059084174608));
#6950=CARTESIAN_POINT('Ctrl Pts',(-107.811148513617,-21.6445300354584,-21.4985705400679));
#6951=CARTESIAN_POINT('Ctrl Pts',(-107.815739357831,-21.7451125362811,-21.486115718915));
#6952=CARTESIAN_POINT('Ctrl Pts',(-107.817718280854,-21.7884694914081,-21.480746960757));
#6953=CARTESIAN_POINT('Ctrl Pts',(-107.819679384698,-21.8317328827398,-21.4744267523017));
#6954=CARTESIAN_POINT('Ctrl Pts',(-107.821622364182,-21.874874604193,-21.4671668492816));
#6955=CARTESIAN_POINT('Ctrl Pts',(-107.826120941922,-21.9747605728622,-21.4503580057497));
#6956=CARTESIAN_POINT('Ctrl Pts',(-107.830507867178,-22.0736902695155,-21.4285666884809));
#6957=CARTESIAN_POINT('Ctrl Pts',(-107.834777745887,-22.1713250389779,-21.4019934112969));
#6958=CARTESIAN_POINT('Ctrl Pts',(-107.839086867604,-22.2698571365358,-21.3751759081232));
#6959=CARTESIAN_POINT('Ctrl Pts',(-107.843276892278,-22.3670712343656,-21.3434878564287));
#6960=CARTESIAN_POINT('Ctrl Pts',(-107.84734132124,-22.4626067644038,-21.3070842577243));
#6961=CARTESIAN_POINT('Ctrl Pts',(-107.848961011211,-22.5006780264121,-21.2925772890209));
#6962=CARTESIAN_POINT('Ctrl Pts',(-107.850560736197,-22.5384825151856,-21.2773209256512));
#6963=CARTESIAN_POINT('Ctrl Pts',(-107.85213998318,-22.5759964044098,-21.2613229011399));
#6964=CARTESIAN_POINT('Ctrl Pts',(-107.85610722987,-22.6702355287791,-21.2211340576807));
#6965=CARTESIAN_POINT('Ctrl Pts',(-107.859927830754,-22.7622626199018,-21.1764301401129));
#6966=CARTESIAN_POINT('Ctrl Pts',(-107.863596618495,-22.8517361326459,-21.1274102698571));
#6967=CARTESIAN_POINT('Ctrl Pts',(-107.867257323616,-22.9410125284214,-21.078498394112));
#6968=CARTESIAN_POINT('Ctrl Pts',(-107.870766984842,-23.0277473962741,-21.0252891648754));
#6969=CARTESIAN_POINT('Ctrl Pts',(-107.874116775798,-23.111582452291,-20.9679324630997));
#6970=CARTESIAN_POINT('Ctrl Pts',(-107.877389460895,-23.1934877836956,-20.9118960042432));
#6971=CARTESIAN_POINT('Ctrl Pts',(-107.880509624492,-23.2726259097509,-20.8519003266496));
#6972=CARTESIAN_POINT('Ctrl Pts',(-107.883464248173,-23.3486339859303,-20.7880461104757));
#6973=CARTESIAN_POINT('Ctrl Pts',(-107.886007234948,-23.4140526494759,-20.7330880363628));
#6974=CARTESIAN_POINT('Ctrl Pts',(-107.888427552166,-23.4771524855102,-20.675270941151));
#6975=CARTESIAN_POINT('Ctrl Pts',(-107.890713321861,-23.537678941436,-20.6146387761288));
#6976=CARTESIAN_POINT('Ctrl Pts',(-107.892498807908,-23.5849580451898,-20.5672770997005));
#6977=CARTESIAN_POINT('Ctrl Pts',(-107.89419574489,-23.6305122312918,-20.5183518008931));
#6978=CARTESIAN_POINT('Ctrl Pts',(-107.895801120117,-23.6742435249804,-20.4679075925865));
#6979=CARTESIAN_POINT('Ctrl Pts',(-107.89819401469,-23.7394272736581,-20.3927178984531));
#6980=CARTESIAN_POINT('Ctrl Pts',(-107.900383929752,-23.8005630825325,-20.3141553066362));
#6981=CARTESIAN_POINT('Ctrl Pts',(-107.902385799962,-23.8575723695698,-20.2326316889105));
#6982=CARTESIAN_POINT('Ctrl Pts',(-107.904413569193,-23.9153192092438,-20.150053366551));
#6983=CARTESIAN_POINT('Ctrl Pts',(-107.906248428885,-23.9688324529805,-20.0644361206939));
#6984=CARTESIAN_POINT('Ctrl Pts',(-107.90789725646,-24.0179887612255,-19.9761753976137));
#6985=CARTESIAN_POINT('Ctrl Pts',(-107.909547869944,-24.0671983125657,-19.8878190759371));
#6986=CARTESIAN_POINT('Ctrl Pts',(-107.911012071871,-24.1120418202437,-19.7968126837904));
#6987=CARTESIAN_POINT('Ctrl Pts',(-107.912287757128,-24.1523487097532,-19.7035330089815));
#6988=CARTESIAN_POINT('Ctrl Pts',(-107.912535577863,-24.1601789193903,-19.6854120520553));
#6989=CARTESIAN_POINT('Ctrl Pts',(-107.912776256308,-24.1678377718944,-19.6672052666698));
#6990=CARTESIAN_POINT('Ctrl Pts',(-107.913009736342,-24.1753237949226,-19.648915371103));
#6991=CARTESIAN_POINT('Ctrl Pts',(-107.91421207301,-24.2138740719357,-19.5547291071827));
#6992=CARTESIAN_POINT('Ctrl Pts',(-107.915217855619,-24.2476538640667,-19.4588074776092));
#6993=CARTESIAN_POINT('Ctrl Pts',(-107.916031997757,-24.276573060709,-19.3615639391247));
#6994=CARTESIAN_POINT('Ctrl Pts',(-107.916846841327,-24.3055171729726,-19.2642366195027));
#6995=CARTESIAN_POINT('Ctrl Pts',(-107.917469740408,-24.3295926116036,-19.1655842262239));
#6996=CARTESIAN_POINT('Ctrl Pts',(-107.917896182943,-24.3486625722101,-19.0659994216966));
#6997=CARTESIAN_POINT('Ctrl Pts',(-107.918314002259,-24.3673469136402,-18.9684283502382));
#6998=CARTESIAN_POINT('Ctrl Pts',(-107.918543230179,-24.3812262925838,-18.8699613483337));
#6999=CARTESIAN_POINT('Ctrl Pts',(-107.918570421154,-24.3901245528029,-18.7709596392153));
#7000=CARTESIAN_POINT('Ctrl Pts',(-107.918594144186,-24.3978879266824,-18.6845846329032));
#7001=CARTESIAN_POINT('Ctrl Pts',(-107.918463958703,-24.4018591554163,-18.5978021698262));
#7002=CARTESIAN_POINT('Ctrl Pts',(-107.918164954164,-24.4018893951776,-18.5108543377835));
#7003=CARTESIAN_POINT('Origin',(-48.4246893137809,-20.0970014535871,-18.3953593528042));
#7004=CARTESIAN_POINT('',(-86.5078032856166,-23.9325491652648,-18.46852334518));
#7005=CARTESIAN_POINT('',(-107.918162772887,-24.4018896187301,-18.5095853141923));
#7006=CARTESIAN_POINT('',(-48.3589415537316,-23.0962809057303,-18.3953593528042));
#7007=CARTESIAN_POINT('',(-107.918162772887,-24.4018896187301,-5.));
#7008=CARTESIAN_POINT('',(-86.5062459426634,-23.9184609772473,-18.7585317155962));
#7009=CARTESIAN_POINT('Origin',(-83.149684973915,-20.8582145111912,-18.4619568658724));
#7010=CARTESIAN_POINT('Origin',(-86.1752904846382,-20.9245393696437,-18.467759539097));
#7011=CARTESIAN_POINT('Origin',(-30.7704329118268,-46.5580079500871,-20.7103974467337));
#7012=CARTESIAN_POINT('',(-77.5988108032448,-42.0308429883068,-20.0552160252275));
#7013=CARTESIAN_POINT('',(-31.2489380589324,-49.5196009039201,-20.7103974467337));
#7014=CARTESIAN_POINT('Ctrl Pts',(-77.1780811078041,-38.7984480153163,-23.0429834311214));
#7015=CARTESIAN_POINT('Ctrl Pts',(-77.1786898721305,-38.8027665377388,-23.0433612528765));
#7016=CARTESIAN_POINT('Ctrl Pts',(-77.1792986428514,-38.8070856822761,-23.0437287859614));
#7017=CARTESIAN_POINT('Ctrl Pts',(-77.1799074159838,-38.8114054214986,-23.0440860478231));
#7018=CARTESIAN_POINT('Ctrl Pts',(-77.1936876937855,-38.9091876713241,-23.0521730796586));
#7019=CARTESIAN_POINT('Ctrl Pts',(-77.2074480110862,-39.0071255854536,-23.0549893118212));
#7020=CARTESIAN_POINT('Ctrl Pts',(-77.221144118995,-39.1049035543805,-23.0527573319011));
#7021=CARTESIAN_POINT('Ctrl Pts',(-77.2351725935388,-39.2050543240136,-23.0504711880054));
#7022=CARTESIAN_POINT('Ctrl Pts',(-77.2491337897651,-39.3050380644167,-23.0428887174672));
#7023=CARTESIAN_POINT('Ctrl Pts',(-77.2629787721937,-39.4045157732532,-23.0301946768784));
#7024=CARTESIAN_POINT('Ctrl Pts',(-77.2687063001652,-39.445668686436,-23.024943281803));
#7025=CARTESIAN_POINT('Ctrl Pts',(-77.2744139158164,-39.486734931883,-23.0188164752915));
#7026=CARTESIAN_POINT('Ctrl Pts',(-77.2800980329541,-39.5276900240468,-23.0118247949016));
#7027=CARTESIAN_POINT('Ctrl Pts',(-77.2938080180998,-39.62647294699,-22.9949609914352));
#7028=CARTESIAN_POINT('Ctrl Pts',(-77.3073397852589,-39.7243078689347,-22.9731208183312));
#7029=CARTESIAN_POINT('Ctrl Pts',(-77.3206455089143,-39.8208610011762,-22.9465071911161));
#7030=CARTESIAN_POINT('Ctrl Pts',(-77.3340841868562,-39.9183789176829,-22.9196276335455));
#7031=CARTESIAN_POINT('Ctrl Pts',(-77.3472923730345,-40.0145901403405,-22.8878784698236));
#7032=CARTESIAN_POINT('Ctrl Pts',(-77.3602187463487,-40.1091388030149,-22.8514174906952));
#7033=CARTESIAN_POINT('Ctrl Pts',(-77.3651476000114,-40.145190409371,-22.8375148417341));
#7034=CARTESIAN_POINT('Ctrl Pts',(-77.3700354521992,-40.1810001043499,-22.822926630971));
#7035=CARTESIAN_POINT('Ctrl Pts',(-77.374879336649,-40.2165473097037,-22.8076598021434));
#7036=CARTESIAN_POINT('Ctrl Pts',(-77.3876034699973,-40.3099243061554,-22.7675562101148));
#7037=CARTESIAN_POINT('Ctrl Pts',(-77.3999738508833,-40.401115723231,-22.7229347142301));
#7038=CARTESIAN_POINT('Ctrl Pts',(-77.4119419243866,-40.4897845628456,-22.6739979692304));
#7039=CARTESIAN_POINT('Ctrl Pts',(-77.4238940090223,-40.5783349444362,-22.625126601765));
#7040=CARTESIAN_POINT('Ctrl Pts',(-77.4354449509206,-40.664370299352,-22.5719511146623));
#7041=CARTESIAN_POINT('Ctrl Pts',(-77.4465442036813,-40.7475364384887,-22.5146249990097));
#7042=CARTESIAN_POINT('Ctrl Pts',(-77.4574000927226,-40.8288790655947,-22.4585558235331));
#7043=CARTESIAN_POINT('Ctrl Pts',(-77.4678239568884,-40.9074775755774,-22.3985155573782));
#7044=CARTESIAN_POINT('Ctrl Pts',(-77.4777652142163,-40.982972113861,-22.334608207373));
#7045=CARTESIAN_POINT('Ctrl Pts',(-77.4862922082609,-41.0477266471266,-22.2797924456515));
#7046=CARTESIAN_POINT('Ctrl Pts',(-77.4944641197187,-41.1101973582025,-22.2221308712413));
#7047=CARTESIAN_POINT('Ctrl Pts',(-77.5022464058437,-41.1701343460975,-22.1616688341839));
#7048=CARTESIAN_POINT('Ctrl Pts',(-77.5084990719964,-41.2182906294169,-22.1130907008997));
#7049=CARTESIAN_POINT('Ctrl Pts',(-77.5144794775362,-41.2646502970323,-22.0628661937049));
#7050=CARTESIAN_POINT('Ctrl Pts',(-77.5201728937797,-41.3091087731303,-22.0110442707578));
#7051=CARTESIAN_POINT('Ctrl Pts',(-77.5284421231188,-41.3736811351718,-21.9357770941939));
#7052=CARTESIAN_POINT('Ctrl Pts',(-77.5361061373309,-41.4342449262822,-21.8571418083007));
#7053=CARTESIAN_POINT('Ctrl Pts',(-77.5431539183748,-41.490724924047,-21.7755520614101));
#7054=CARTESIAN_POINT('Ctrl Pts',(-77.5502967999683,-41.5479670452095,-21.6928613680326));
#7055=CARTESIAN_POINT('Ctrl Pts',(-77.5568067469226,-41.6010148088947,-21.6071351569804));
#7056=CARTESIAN_POINT('Ctrl Pts',(-77.5626681548535,-41.649747833209,-21.5187709724932));
#7057=CARTESIAN_POINT('Ctrl Pts',(-77.5685405655476,-41.6985723368978,-21.4302409148547));
#7058=CARTESIAN_POINT('Ctrl Pts',(-77.5737620351866,-41.743066226959,-21.339062103896));
#7059=CARTESIAN_POINT('Ctrl Pts',(-77.5783121849546,-41.7830611048082,-21.2456139146793));
#7060=CARTESIAN_POINT('Ctrl Pts',(-77.5791289499593,-41.7902403007157,-21.2288396952374));
#7061=CARTESIAN_POINT('Ctrl Pts',(-77.5799240712144,-41.7972744020138,-21.2119923203463));
#7062=CARTESIAN_POINT('Ctrl Pts',(-77.5806974135416,-41.8041622602311,-21.1950739483288));
#7063=CARTESIAN_POINT('Ctrl Pts',(-77.5850065667336,-41.8425422055369,-21.1008028161117));
#7064=CARTESIAN_POINT('Ctrl Pts',(-77.5886188157997,-41.8761966762372,-21.0047925518307));
#7065=CARTESIAN_POINT('Ctrl Pts',(-77.5915241665573,-41.9050373203335,-20.9074584035788));
#7066=CARTESIAN_POINT('Ctrl Pts',(-77.5944329419675,-41.9339119600457,-20.8100095236894));
#7067=CARTESIAN_POINT('Ctrl Pts',(-77.5966331789574,-41.9579617220052,-20.7112327452468));
#7068=CARTESIAN_POINT('Ctrl Pts',(-77.5981102779859,-41.9770508619716,-20.611522559679));
#7069=CARTESIAN_POINT('Ctrl Pts',(-77.5995577201282,-41.995756734168,-20.5138143344167));
#7070=CARTESIAN_POINT('Ctrl Pts',(-77.6003107798156,-42.0096993104594,-20.4152089527039));
#7071=CARTESIAN_POINT('Ctrl Pts',(-77.6003510912307,-42.0187027471946,-20.31606927423));
#7072=CARTESIAN_POINT('Ctrl Pts',(-77.6003863136922,-42.0265695810104,-20.2294450885953));
#7073=CARTESIAN_POINT('Ctrl Pts',(-77.5998773261451,-42.030665016165,-20.1424125372501));
#7074=CARTESIAN_POINT('Ctrl Pts',(-77.5988087945333,-42.0308393105823,-20.0552157947051));
#7075=CARTESIAN_POINT('Origin',(-81.8478856899935,-9.08175060830987,-17.431649777948));
#7076=CARTESIAN_POINT('',(-87.19673390071,-30.1648206225033,-19.3050173728619));
#7077=CARTESIAN_POINT('',(-84.8297225288931,-8.75213103033957,-17.431649777948));
#7078=CARTESIAN_POINT('Ctrl Pts',(-84.2107244112973,-30.1952496998611,-22.2903011084537));
#7079=CARTESIAN_POINT('Ctrl Pts',(-84.2158031180226,-30.1947631281121,-22.2902585815076));
#7080=CARTESIAN_POINT('Ctrl Pts',(-84.2208815075655,-30.194277759139,-22.2902022076356));
#7081=CARTESIAN_POINT('Ctrl Pts',(-84.2259595380801,-30.1937935946716,-22.2901320168124));
#7082=CARTESIAN_POINT('Ctrl Pts',(-84.3184162947044,-30.1849783116199,-22.2888540379108));
#7083=CARTESIAN_POINT('Ctrl Pts',(-84.410701668441,-30.1765670176008,-22.2829996802139));
#7084=CARTESIAN_POINT('Ctrl Pts',(-84.5025633229418,-30.1685703186587,-22.2727446043862));
#7085=CARTESIAN_POINT('Ctrl Pts',(-84.599928708072,-30.1600945114626,-22.2618751135967));
#7086=CARTESIAN_POINT('Ctrl Pts',(-84.6967037997989,-30.1520943870096,-22.2460749233946));
#7087=CARTESIAN_POINT('Ctrl Pts',(-84.7925868607923,-30.1445838356561,-22.2255415358112));
#7088=CARTESIAN_POINT('Ctrl Pts',(-84.8916233539441,-30.136826274936,-22.2043328397421));
#7089=CARTESIAN_POINT('Ctrl Pts',(-84.9895228368123,-30.1296055474121,-22.1781144873877));
#7090=CARTESIAN_POINT('Ctrl Pts',(-85.0859552316281,-30.122936334461,-22.1471086754985));
#7091=CARTESIAN_POINT('Ctrl Pts',(-85.1761170525941,-30.1167007910502,-22.1181190349757));
#7092=CARTESIAN_POINT('Ctrl Pts',(-85.2649968668923,-30.1109474015662,-22.0849435299853));
#7093=CARTESIAN_POINT('Ctrl Pts',(-85.352312837386,-30.1056927476012,-22.0477246510933));
#7094=CARTESIAN_POINT('Ctrl Pts',(-85.4461167459016,-30.1000476510969,-22.0077402554449));
#7095=CARTESIAN_POINT('Ctrl Pts',(-85.537766620821,-30.094998800344,-21.9632387569988));
#7096=CARTESIAN_POINT('Ctrl Pts',(-85.6269389007284,-30.0905596473262,-21.91445223551));
#7097=CARTESIAN_POINT('Ctrl Pts',(-85.7163022357459,-30.0861109832487,-21.8655611869839));
#7098=CARTESIAN_POINT('Ctrl Pts',(-85.8031781523102,-30.0822746046855,-21.8123663170792));
#7099=CARTESIAN_POINT('Ctrl Pts',(-85.8872227392865,-30.0790696302592,-21.7550523781356));
#7100=CARTESIAN_POINT('Ctrl Pts',(-85.9698078222074,-30.0759203128756,-21.6987337433434));
#7101=CARTESIAN_POINT('Ctrl Pts',(-86.0496597337875,-30.0733806493758,-21.6384373521043));
#7102=CARTESIAN_POINT('Ctrl Pts',(-86.1264237103957,-30.0714744192549,-21.5742984814896));
#7103=CARTESIAN_POINT('Ctrl Pts',(-86.1917204803416,-30.0698529468512,-21.5197408456795));
#7104=CARTESIAN_POINT('Ctrl Pts',(-86.2547827596102,-30.0686898778742,-21.4624022025534));
#7105=CARTESIAN_POINT('Ctrl Pts',(-86.3153700065782,-30.0680032644595,-21.4023462789956));
#7106=CARTESIAN_POINT('Ctrl Pts',(-86.3875496806255,-30.0671852782503,-21.3307995888266));
#7107=CARTESIAN_POINT('Ctrl Pts',(-86.4558614394967,-30.0670471806585,-21.255749558652));
#7108=CARTESIAN_POINT('Ctrl Pts',(-86.5199731637617,-30.0676068548853,-21.1773774076455));
#7109=CARTESIAN_POINT('Ctrl Pts',(-86.52575632057,-30.0676573399386,-21.1703078982248));
#7110=CARTESIAN_POINT('Ctrl Pts',(-86.5315052812504,-30.0677135064416,-21.1632113295276));
#7111=CARTESIAN_POINT('Ctrl Pts',(-86.537219788829,-30.0677753698022,-21.1560878183887));
#7112=CARTESIAN_POINT('Ctrl Pts',(-86.5997423498784,-30.0684522182771,-21.0781493164381));
#7113=CARTESIAN_POINT('Ctrl Pts',(-86.6581440144492,-30.0698105481518,-20.9969884960548));
#7114=CARTESIAN_POINT('Ctrl Pts',(-86.7123409407676,-30.0718263321759,-20.9130099465316));
#7115=CARTESIAN_POINT('Ctrl Pts',(-86.7671852102913,-30.0738661932865,-20.8280283337887));
#7116=CARTESIAN_POINT('Ctrl Pts',(-86.8177240795526,-30.0765793455022,-20.7401604662369));
#7117=CARTESIAN_POINT('Ctrl Pts',(-86.8638258708344,-30.079946335135,-20.6497974742638));
#7118=CARTESIAN_POINT('Ctrl Pts',(-86.8987355017432,-30.0824959186129,-20.5813719617211));
#7119=CARTESIAN_POINT('Ctrl Pts',(-86.9311000470415,-30.0854205266989,-20.5115150836878));
#7120=CARTESIAN_POINT('Ctrl Pts',(-86.960843505029,-30.0887135457216,-20.4403905253274));
#7121=CARTESIAN_POINT('Ctrl Pts',(-87.0000430277086,-30.0930534840675,-20.3466539887187));
#7122=CARTESIAN_POINT('Ctrl Pts',(-87.034499102715,-30.0980117110823,-20.2511769312907));
#7123=CARTESIAN_POINT('Ctrl Pts',(-87.0641330694166,-30.1035616395987,-20.1543733795342));
#7124=CARTESIAN_POINT('Ctrl Pts',(-87.0938392428496,-30.1091250911848,-20.0573339542567));
#7125=CARTESIAN_POINT('Ctrl Pts',(-87.1187000783002,-30.1152831833914,-19.9589606776697));
#7126=CARTESIAN_POINT('Ctrl Pts',(-87.138589140786,-30.1220142117457,-19.859648229542));
#7127=CARTESIAN_POINT('Ctrl Pts',(-87.1581166968541,-30.1286228959748,-19.7621408985424));
#7128=CARTESIAN_POINT('Ctrl Pts',(-87.1728517047395,-30.1357839403115,-19.6637273694079));
#7129=CARTESIAN_POINT('Ctrl Pts',(-87.1826261309315,-30.1434808198724,-19.5647726241603));
#7130=CARTESIAN_POINT('Ctrl Pts',(-87.1911460835035,-30.1501898631985,-19.4785179714864));
#7131=CARTESIAN_POINT('Ctrl Pts',(-87.1958964432751,-30.1573061070811,-19.3918516538078));
#7132=CARTESIAN_POINT('Ctrl Pts',(-87.1967336707719,-30.1648206401175,-19.3050174041963));
#7133=CARTESIAN_POINT('Ctrl Pts',(-84.2079776637472,-30.1627729149503,-22.2874597579463));
#7134=CARTESIAN_POINT('Ctrl Pts',(-84.3599651899872,-31.9156188295782,-22.4408139043839));
#7135=CARTESIAN_POINT('Ctrl Pts',(-83.6100886583835,-34.9140957840551,-22.7031466457444));
#7136=CARTESIAN_POINT('Ctrl Pts',(-80.6069151068605,-37.8634720842193,-22.9611836364808));
#7137=CARTESIAN_POINT('Ctrl Pts',(-78.3429005591154,-38.6605926777718,-23.0309226518797));
#7138=CARTESIAN_POINT('Ctrl Pts',(-77.1780811078014,-38.7984480153167,-23.0429834311214));
#7139=CARTESIAN_POINT('Ctrl Pts',(-85.0979592165577,-30.0861896879071,-22.2807595937637));
#7140=CARTESIAN_POINT('Ctrl Pts',(-85.2779424818816,-32.0330671067902,-22.4514964835497));
#7141=CARTESIAN_POINT('Ctrl Pts',(-84.4656003830264,-35.3744978122214,-22.7432238513163));
#7142=CARTESIAN_POINT('Ctrl Pts',(-81.1248326999858,-38.6844088944481,-23.033487185766));
#7143=CARTESIAN_POINT('Ctrl Pts',(-78.5936251339772,-39.5801861230981,-23.1113389182869));
#7144=CARTESIAN_POINT('Ctrl Pts',(-77.2898141174405,-39.7353733390189,-23.1249537755157));
#7145=CARTESIAN_POINT('Ctrl Pts',(-86.6390654085448,-30.0185692185524,-21.5262925185164));
#7146=CARTESIAN_POINT('Ctrl Pts',(-86.8658930076962,-32.3010420934561,-21.706550922937));
#7147=CARTESIAN_POINT('Ctrl Pts',(-85.9397839783998,-36.2425421841205,-22.0174713666264));
#7148=CARTESIAN_POINT('Ctrl Pts',(-82.0175532585398,-40.1722325028885,-22.3265933924945));
#7149=CARTESIAN_POINT('Ctrl Pts',(-79.0245289778624,-41.2419588714909,-22.4107356801119));
#7150=CARTESIAN_POINT('Ctrl Pts',(-77.4827530697412,-41.4268410890185,-22.4252632416546));
#7151=CARTESIAN_POINT('Ctrl Pts',(-87.1917377216196,-30.1071277387648,-19.9663168438934));
#7152=CARTESIAN_POINT('Ctrl Pts',(-87.4134473221988,-32.5148287631453,-20.127612025255));
#7153=CARTESIAN_POINT('Ctrl Pts',(-86.4068741548208,-36.6481025738411,-20.4046104182328));
#7154=CARTESIAN_POINT('Ctrl Pts',(-82.2771472835605,-40.7387470618003,-20.6777432789033));
#7155=CARTESIAN_POINT('Ctrl Pts',(-79.1487719779551,-41.8465339353889,-20.7519117757169));
#7156=CARTESIAN_POINT('Ctrl Pts',(-77.5379207618307,-42.0382652509296,-20.7647002720481));
#7157=CARTESIAN_POINT('Ctrl Pts',(-87.1967631834412,-30.1650855228073,-19.298875663671));
#7158=CARTESIAN_POINT('Ctrl Pts',(-87.4057457654274,-32.5752455808399,-19.4522298101087));
#7159=CARTESIAN_POINT('Ctrl Pts',(-86.3746668497939,-36.6981461337646,-19.7145625514691));
#7160=CARTESIAN_POINT('Ctrl Pts',(-82.2453084841688,-40.7535333731346,-19.9725995422056));
#7161=CARTESIAN_POINT('Ctrl Pts',(-79.1322924522158,-41.8495727910792,-20.0423385576045));
#7162=CARTESIAN_POINT('Ctrl Pts',(-77.5306677498116,-42.0391236383981,-20.0543993368462));
#7163=CARTESIAN_POINT('',(-77.5988096047606,-42.030843181946,-20.0538724663061));
#7164=CARTESIAN_POINT('',(-87.1967631834414,-30.1650855228093,-19.2988756636711));
#7165=CARTESIAN_POINT('Origin',(-76.237845664519,-31.1153223634047,-19.3593375235038));
#7166=CARTESIAN_POINT('Ctrl Pts',(-87.1967631834413,-30.1650855228093,-19.2988756636711));
#7167=CARTESIAN_POINT('Ctrl Pts',(-87.1967631834413,-30.1650855228092,-19.3009369315563));
#7168=CARTESIAN_POINT('Ctrl Pts',(-87.1967532700262,-30.1649965524977,-19.3029846119686));
#7169=CARTESIAN_POINT('Ctrl Pts',(-87.1967336707719,-30.1648206401175,-19.3050174041963));
#7170=CARTESIAN_POINT('',(-77.5988096047606,-42.030843181946,-5.));
#7171=CARTESIAN_POINT('Origin',(-14.9542413571637,-49.7366839519507,-5.));
#7172=CARTESIAN_POINT('',(5.00206922551824E-5,-49.7371974522082,-7.));
#7173=CARTESIAN_POINT('',(-29.9085327350198,-49.7361704516933,-5.));
#7174=CARTESIAN_POINT('Origin',(1.39864043124938E-5,-49.7371974522082,-5.));
#7175=CARTESIAN_POINT('',(30.2165597108667,-49.7371974521618,-5.));
#7176=CARTESIAN_POINT('Origin',(53.9076332483472,-45.8837260975879,-5.));
#7177=CARTESIAN_POINT('',(77.5987000975735,-42.0302549463582,-5.00000001299871));
#7178=CARTESIAN_POINT('',(77.5987462583068,-42.0302483226182,-5.));
#7179=CARTESIAN_POINT('',(77.598699733962,-42.0302541227228,-5.));
#7180=CARTESIAN_POINT('Origin',(76.2379043865374,-31.1147249792382,-5.));
#7181=CARTESIAN_POINT('',(87.1968606984541,-30.1650845139381,-5.));
#7182=CARTESIAN_POINT('Origin',(86.850755586361,-27.0370107855558,-5.));
#7183=CARTESIAN_POINT('',(86.504650474268,-23.9089370571737,-5.));
#7184=CARTESIAN_POINT('Origin',(97.2024162894286,-24.1596978058766,-5.));
#7185=CARTESIAN_POINT('',(107.900182104589,-24.4104585545794,-5.));
#7186=CARTESIAN_POINT('Origin',(106.651182301404,-11.9418985832288,-5.));
#7187=CARTESIAN_POINT('',(119.131896730395,-10.8208474650842,-7.));
#7188=CARTESIAN_POINT('Origin',(117.108543241902,11.7052413724851,-5.));
#7189=CARTESIAN_POINT('',(115.08518975341,34.2313302100542,-5.));
#7190=CARTESIAN_POINT('Origin',(104.124301955784,34.2858506147247,-5.));
#7191=CARTESIAN_POINT('',(102.705153008938,45.1546154964084,-5.));
#7192=CARTESIAN_POINT('Origin',(97.8212847247569,44.5169223815531,-5.));
#7193=CARTESIAN_POINT('',(92.9374164405755,43.8792292666978,-5.));
#7194=CARTESIAN_POINT('Origin',(84.1356306775552,34.4521064808274,-5.));
#7195=CARTESIAN_POINT('',(83.7409353855168,47.3434327223134,-5.));
#7196=CARTESIAN_POINT('Origin',(71.169400191569,46.9585285113891,-5.));
#7197=CARTESIAN_POINT('',(58.5978649976212,46.5736243004648,-5.));
#7198=CARTESIAN_POINT('Origin',(61.8166600356525,-58.5569353407031,-5.));
#7199=CARTESIAN_POINT('',(42.5688562441091,44.8467263989291,-5.));
#7200=CARTESIAN_POINT('Origin',(28.5599562441092,42.239076398929,-5.));
#7201=CARTESIAN_POINT('',(14.5510562441091,39.6314263989291,-5.));
#7202=CARTESIAN_POINT('',(10.8512196041591,38.9427299977722,-5.));
#7203=CARTESIAN_POINT('',(14.5510562441091,39.6314263989291,-5.));
#7204=CARTESIAN_POINT('Origin',(-28.5453004542451,42.2363486380522,-5.));
#7205=CARTESIAN_POINT('',(-42.5395462907844,44.8412708771747,-5.));
#7206=CARTESIAN_POINT('',(-14.5510546177059,39.6314263989291,-5.));
#7207=CARTESIAN_POINT('',(-14.5510546177059,39.6314263989291,-5.));
#7208=CARTESIAN_POINT('',(-10.8438781639754,38.9413637473597,-5.));
#7209=CARTESIAN_POINT('Origin',(-61.8581881161728,-58.9429491936498,-5.));
#7210=CARTESIAN_POINT('',(-58.6275340374295,46.574523918203,-5.));
#7211=CARTESIAN_POINT('Origin',(-71.1841840374295,46.958973918203,-5.));
#7212=CARTESIAN_POINT('',(-83.7408340374295,47.343423918203,-5.));
#7213=CARTESIAN_POINT('Origin',(-84.135530771304,34.4521019168891,-5.));
#7214=CARTESIAN_POINT('',(-92.9373186305561,43.8792170076268,-5.));
#7215=CARTESIAN_POINT('Origin',(-97.8212380077383,44.5169121901964,-5.));
#7216=CARTESIAN_POINT('',(-102.705157384921,45.1546073727661,-7.));
#7217=CARTESIAN_POINT('Origin',(-104.124296885967,34.2858363713043,-5.));
#7218=CARTESIAN_POINT('',(-115.08518953086,34.2313163496064,-5.));
#7219=CARTESIAN_POINT('Origin',(-117.108542791347,11.7052300504534,-5.));
#7220=CARTESIAN_POINT('',(-119.131896051834,-10.8208562486997,-7.));
#7221=CARTESIAN_POINT('Origin',(-106.657961198823,-11.9412984072157,-5.));
#7222=CARTESIAN_POINT('',(-107.918162772887,-24.4018896187301,-5.));
#7223=CARTESIAN_POINT('Origin',(-97.2129830292521,-24.1672193919975,-5.));
#7224=CARTESIAN_POINT('',(-86.5078032856166,-23.9325491652648,-5.));
#7225=CARTESIAN_POINT('Origin',(-86.852283234529,-27.048817344037,-5.));
#7226=CARTESIAN_POINT('',(-87.1967631834414,-30.1650855228093,-5.));
#7227=CARTESIAN_POINT('Origin',(-76.237845664519,-31.1153223634047,-5.));
#7228=CARTESIAN_POINT('',(-77.5988096047606,-42.030843181946,-5.));
#7229=CARTESIAN_POINT('Origin',(-53.7536711698902,-45.8835068168197,-5.));
#7230=CARTESIAN_POINT('Origin',(1.39864043124938E-5,-1.1938619642656,-5.));
#7231=CARTESIAN_POINT('Origin',(-15.7405479782882,33.2411924568501,-5.));
#7232=CARTESIAN_POINT('Origin',(1.39864043124938E-5,-1.1938619642656,-5.));
#7233=CARTESIAN_POINT('Origin',(15.7405496046915,33.2411924568499,-5.));
#7234=CARTESIAN_POINT('Origin',(15.7405496046915,33.2411924568499,-5.));
#7235=CARTESIAN_POINT('Origin',(-15.7405479782882,33.2411924568501,-5.));
#7236=CARTESIAN_POINT('Origin',(1.39864043124938E-5,-1.1938619642656,-3.));
#7237=CARTESIAN_POINT('',(103.088074349366,35.1197299611867,-3.));
#7238=CARTESIAN_POINT('',(110.42705011291,30.2012773088477,-3.));
#7239=CARTESIAN_POINT('Origin',(103.955167892706,28.4789641177332,-3.));
#7240=CARTESIAN_POINT('',(110.105238797194,33.7840177088715,-3.));
#7241=CARTESIAN_POINT('',(112.128592285686,11.2579288713026,-3.));
#7242=CARTESIAN_POINT('',(103.352514526276,39.1967003029153,-3.));
#7243=CARTESIAN_POINT('Origin',(104.1293425149,33.247246737362,-3.));
#7244=CARTESIAN_POINT('',(89.9885402534228,37.4517485791956,-3.));
#7245=CARTESIAN_POINT('',(96.6705273898495,38.3242244410555,-3.));
#7246=CARTESIAN_POINT('',(83.8939492877835,42.3457745961794,-3.));
#7247=CARTESIAN_POINT('Origin',(84.0780377873863,36.3331746144856,-3.));
#7248=CARTESIAN_POINT('',(58.7508788998879,41.5759661743308,-3.));
#7249=CARTESIAN_POINT('',(71.3224140938357,41.9608703852551,-3.));
#7250=CARTESIAN_POINT('',(43.4838513069849,39.9311609141743,-3.));
#7251=CARTESIAN_POINT('Origin',(61.8166600356524,-58.5569353407018,-3.));
#7252=CARTESIAN_POINT('',(39.8157108140246,39.2483645092839,-3.));
#7253=CARTESIAN_POINT('',(29.474951306985,37.3235109141743,-3.));
#7254=CARTESIAN_POINT('',(44.5764853611979,37.5281049814221,-3.));
#7255=CARTESIAN_POINT('Origin',(40.7307058769004,34.3327990245291,-3.));
#7256=CARTESIAN_POINT('',(49.0907824551314,35.7683040569648,-3.));
#7257=CARTESIAN_POINT('Origin',(48.4222648454955,40.7234109383154,-3.));
#7258=CARTESIAN_POINT('',(58.9038928021546,36.578308048197,-3.));
#7259=CARTESIAN_POINT('Origin',(61.8166600356525,-58.5569353407016,-3.));
#7260=CARTESIAN_POINT('',(84.0469631900502,37.3481164700454,-3.));
#7261=CARTESIAN_POINT('',(71.4754279961024,36.9632122591212,-3.));
#7262=CARTESIAN_POINT('',(84.9476824454859,35.8187351380626,-3.));
#7263=CARTESIAN_POINT('',(84.497322817768,36.583425804054,-3.));
#7264=CARTESIAN_POINT('',(89.9033809426042,33.3981871762999,-3.));
#7265=CARTESIAN_POINT('Origin',(89.2560194252661,38.3561023697932,-3.));
#7266=CARTESIAN_POINT('',(96.4957276459849,34.2589585687433,-3.));
#7267=CARTESIAN_POINT('Origin',(1.39864043124938E-5,-1.1938619642656,-3.));
#7268=CARTESIAN_POINT('',(114.151945774179,-11.2681599662663,-3.));
#7269=CARTESIAN_POINT('Origin',(108.176855039705,-11.8139827880081,-3.));
#7270=CARTESIAN_POINT('',(111.151493283039,22.1360176787775,-3.));
#7271=CARTESIAN_POINT('',(112.128592285686,11.2579288713026,-3.));
#7272=CARTESIAN_POINT('',(110.734481354037,0.425385620775752,-3.));
#7273=CARTESIAN_POINT('Origin',(11.5524741587777,13.1897676551414,-3.));
#7274=CARTESIAN_POINT('',(109.171994817969,-11.7154724674478,-3.));
#7275=CARTESIAN_POINT('',(109.953238086005,-5.64504342333624,-3.));
#7276=CARTESIAN_POINT('',(108.806685463315,-13.6442573663528,-3.));
#7277=CARTESIAN_POINT('',(108.989340140642,-12.6798649169003,-3.));
#7278=CARTESIAN_POINT('Origin',(103.894022331642,-12.7138053500174,-3.));
#7279=CARTESIAN_POINT('Origin',(1.39864043124938E-5,-1.1938619642656,-3.));
#7280=CARTESIAN_POINT('',(-110.734480492801,0.425373139933939,-3.));
#7281=CARTESIAN_POINT('',(-111.151492724974,22.1360075536801,-3.));
#7282=CARTESIAN_POINT('Origin',(-11.5524736007138,13.1897575300375,-3.));
#7283=CARTESIAN_POINT('',(-114.151945095621,-11.2681687498818,-3.));
#7284=CARTESIAN_POINT('',(-112.128591835134,11.2579175492713,-3.));
#7285=CARTESIAN_POINT('',(-108.032326032599,-17.8031914061855,-3.));
#7286=CARTESIAN_POINT('Origin',(-108.176032407187,-11.804941195035,-3.));
#7287=CARTESIAN_POINT('',(-103.791012880143,-17.7121333913886,-3.));
#7288=CARTESIAN_POINT('',(-94.5357163132004,-17.5134286738992,-3.));
#7289=CARTESIAN_POINT('',(-108.81295530449,-13.6333416775836,-3.));
#7290=CARTESIAN_POINT('Origin',(-103.898334637647,-12.713285320046,-3.));
#7291=CARTESIAN_POINT('',(-109.171994139408,-11.7154812510639,-3.));
#7292=CARTESIAN_POINT('',(-108.992474721949,-12.6744114643237,-3.));
#7293=CARTESIAN_POINT('',(-109.953237316105,-5.645054055565,-3.));
#7294=CARTESIAN_POINT('Origin',(1.39864043124938E-5,-1.1938619642656,-3.));
#7295=CARTESIAN_POINT('',(-43.4545413536601,39.9257053924204,-3.));
#7296=CARTESIAN_POINT('',(-39.7866650100013,39.24295815691,-3.));
#7297=CARTESIAN_POINT('',(-29.4602955171209,37.3207831532973,-3.));
#7298=CARTESIAN_POINT('',(-58.7805485484199,41.5768658107065,-3.));
#7299=CARTESIAN_POINT('Origin',(-61.8581881161728,-58.9429491936496,-3.));
#7300=CARTESIAN_POINT('',(-83.8938485484199,42.3457658107064,-3.));
#7301=CARTESIAN_POINT('',(-71.3371985484199,41.9613158107065,-3.));
#7302=CARTESIAN_POINT('',(-89.9884397142908,37.4517393535829,-3.));
#7303=CARTESIAN_POINT('Origin',(-84.077937758297,36.3331665723047,-3.));
#7304=CARTESIAN_POINT('',(-103.352514307283,39.1966915793031,-3.));
#7305=CARTESIAN_POINT('',(-96.6704770107867,38.324215466443,-3.));
#7306=CARTESIAN_POINT('',(-110.105238574647,33.7840038484243,-3.));
#7307=CARTESIAN_POINT('Origin',(-104.129337415882,33.2472324388969,-3.));
#7308=CARTESIAN_POINT('',(-110.427049709248,30.2012654647653,-3.));
#7309=CARTESIAN_POINT('',(-112.128591835134,11.2579175492713,-3.));
#7310=CARTESIAN_POINT('',(-103.088070432722,35.11972161423,-3.));
#7311=CARTESIAN_POINT('Origin',(-103.955159108502,28.4789451098309,-3.));
#7312=CARTESIAN_POINT('',(-89.9032747554649,33.3981779036943,-3.));
#7313=CARTESIAN_POINT('',(-96.4956725940936,34.2589497589621,-3.));
#7314=CARTESIAN_POINT('',(-84.9475791213283,35.8187294062785,-3.));
#7315=CARTESIAN_POINT('Origin',(-89.2559178331028,38.3560936971575,-3.));
#7316=CARTESIAN_POINT('',(-84.0468630594102,37.3481077032098,-3.));
#7317=CARTESIAN_POINT('',(-84.4972210903693,36.5834185547442,-3.));
#7318=CARTESIAN_POINT('',(-58.9335630594102,36.5792077032098,-3.));
#7319=CARTESIAN_POINT('',(-71.4902130594102,36.9636577032098,-3.));
#7320=CARTESIAN_POINT('',(-49.0623375492824,35.7634502639407,-3.));
#7321=CARTESIAN_POINT('Origin',(-61.8581881161728,-58.9429491936502,-3.));
#7322=CARTESIAN_POINT('',(-44.5472634554021,37.522910568258,-3.));
#7323=CARTESIAN_POINT('Origin',(-48.392866837927,40.7184284643609,-3.));
#7324=CARTESIAN_POINT('Origin',(-40.7016600728772,34.3273926721551,-3.));
#7325=CARTESIAN_POINT('Origin',(1.39864043124938E-5,-1.1938619642656,-3.));
#7326=CARTESIAN_POINT('',(-76.9751789280674,-37.0698826913361,-3.));
#7327=CARTESIAN_POINT('Origin',(-76.237845664519,-31.1153223634047,-3.));
#7328=CARTESIAN_POINT('',(-72.7882561247999,-37.5962169280436,-3.));
#7329=CARTESIAN_POINT('',(-53.288502094927,-40.0475131748452,-3.));
#7330=CARTESIAN_POINT('',(-77.1598299021722,-32.8540489295503,-3.));
#7331=CARTESIAN_POINT('Origin',(-72.1646189806062,-32.6352617062761,-3.));
#7332=CARTESIAN_POINT('',(-77.237377583352,-31.0835295263841,-3.));
#7333=CARTESIAN_POINT('',(-77.1986037427621,-31.9687892279672,-3.));
#7334=CARTESIAN_POINT('',(-76.0643184075471,-20.4716869709051,-3.));
#7335=CARTESIAN_POINT('',(-76.6508479954496,-25.7776082486446,-3.));
#7336=CARTESIAN_POINT('',(-82.0107838653413,-15.018650538963,-3.));
#7337=CARTESIAN_POINT('Origin',(-81.0340464723798,-19.9223210076212,-3.));
#7338=CARTESIAN_POINT('',(-94.5357163132005,-17.5134286738992,-3.));
#7339=CARTESIAN_POINT('',(-88.2732500892709,-16.2660396064311,-3.));
#7340=CARTESIAN_POINT('',(-94.5357163132004,-17.5134286738992,-3.));
#7341=CARTESIAN_POINT('Origin',(1.39864043124938E-5,-1.1938619642656,-3.));
#7342=CARTESIAN_POINT('',(14.7044077986296,-39.7371974521856,-3.));
#7343=CARTESIAN_POINT('',(5.07073805071804,-43.011071845347,-3.));
#7344=CARTESIAN_POINT('Origin',(14.7044077986539,-55.5481043352876,-3.));
#7345=CARTESIAN_POINT('',(29.9060892854857,-42.9371968318712,-3.));
#7346=CARTESIAN_POINT('',(14.9522290583347,-42.9816784506473,-3.));
#7347=CARTESIAN_POINT('',(60.1555480260814,-39.1661178328392,-3.));
#7348=CARTESIAN_POINT('',(53.4431235305519,-40.0029289396015,-3.));
#7349=CARTESIAN_POINT('',(46.679152597825,-39.9281448650425,-3.));
#7350=CARTESIAN_POINT('Origin',(47.7847088591391,60.0657436749738,-3.));
#7351=CARTESIAN_POINT('',(29.4085938858,-39.737197452163,-3.));
#7352=CARTESIAN_POINT('',(38.0438732418125,-39.8326711586027,-3.));
#7353=CARTESIAN_POINT('',(22.0565008422148,-39.7371974521743,-3.));
#7354=CARTESIAN_POINT('Origin',(1.39864043124938E-5,-1.1938619642656,-3.));
#7355=CARTESIAN_POINT('',(-29.6018252617866,-43.0251436583543,-3.));
#7356=CARTESIAN_POINT('',(-60.1418081560646,-39.1859903371667,-3.));
#7357=CARTESIAN_POINT('',(-53.288502094927,-40.0475131748452,-3.));
#7358=CARTESIAN_POINT('',(-4.97525203322106,-43.0259892852967,-3.));
#7359=CARTESIAN_POINT('',(-14.8017282153015,-43.0256518638889,-3.));
#7360=CARTESIAN_POINT('',(-14.55274699076,-39.7366977325634,-3.));
#7361=CARTESIAN_POINT('Origin',(-14.5532823094905,-55.3263924983299,-3.));
#7362=CARTESIAN_POINT('',(-29.1057156929791,-39.7361980129187,-3.));
#7363=CARTESIAN_POINT('',(-21.8292313418696,-39.736447872741,-3.));
#7364=CARTESIAN_POINT('',(-46.3818299486205,-39.9586006847052,-3.));
#7365=CARTESIAN_POINT('',(-37.7437728207998,-39.8473993488103,-3.));
#7366=CARTESIAN_POINT('Origin',(-47.6690652721911,60.0331140981798,-3.));
#7367=CARTESIAN_POINT('Origin',(22.0565008422148,-39.7371974521743,-3.));
#7368=CARTESIAN_POINT('',(14.7044077986296,-39.7371974521856,-3.));
#7369=CARTESIAN_POINT('',(29.4085938858,-39.737197452163,-3.));
#7370=CARTESIAN_POINT('Origin',(38.0438732418125,-39.8326711586027,-3.));
#7371=CARTESIAN_POINT('',(46.679152597825,-39.9281448650425,-3.));
#7372=CARTESIAN_POINT('Origin',(47.7847088591391,60.0657436749738,-3.));
#7373=CARTESIAN_POINT('',(60.1555480260814,-39.1661178328392,-3.));
#7374=CARTESIAN_POINT('Origin',(53.4431235305519,-40.0029289396015,-3.));
#7375=CARTESIAN_POINT('',(29.9060892854857,-42.9371968318712,-3.));
#7376=CARTESIAN_POINT('',(76.9801577756182,-37.0686610473318,-3.));
#7377=CARTESIAN_POINT('',(76.9801577756182,-37.0686610473318,-3.));
#7378=CARTESIAN_POINT('',(72.7848751904677,-37.5916701427188,-3.));
#7379=CARTESIAN_POINT('',(53.4431235305519,-40.0029289396015,-3.));
#7380=CARTESIAN_POINT('',(72.7848751904677,-37.5916701427188,-3.));
#7381=CARTESIAN_POINT('Origin',(72.1663332321205,-32.6300770673281,-3.));
#7382=CARTESIAN_POINT('',(77.161720344585,-32.8448038626397,-3.));
#7383=CARTESIAN_POINT('Origin',(72.1663332321205,-32.6300770673281,-3.));
#7384=CARTESIAN_POINT('',(77.161720344585,-32.8448038626397,-3.));
#7385=CARTESIAN_POINT('Origin',(77.1995784584571,-31.9640757082208,-3.));
#7386=CARTESIAN_POINT('',(77.2374365723292,-31.0833475538019,-3.));
#7387=CARTESIAN_POINT('',(77.1995784584571,-31.9640757082208,-3.));
#7388=CARTESIAN_POINT('',(77.2374365723292,-31.0833475538019,-3.));
#7389=CARTESIAN_POINT('Origin',(76.6486129776636,-25.7616012034331,-3.));
#7390=CARTESIAN_POINT('',(76.059789382998,-20.4398548530643,-3.));
#7391=CARTESIAN_POINT('',(76.6486129776636,-25.7616012034331,-3.));
#7392=CARTESIAN_POINT('',(76.059789382998,-20.4398548530643,-3.));
#7393=CARTESIAN_POINT('Origin',(81.0294618759034,-19.8899864021975,-3.));
#7394=CARTESIAN_POINT('',(82.0120887535367,-14.9874927082339,-3.));
#7395=CARTESIAN_POINT('Origin',(81.0294618759034,-19.8899864021975,-3.));
#7396=CARTESIAN_POINT('',(82.0120887535367,-14.9874927082339,-3.));
#7397=CARTESIAN_POINT('Origin',(88.2687074033851,-16.2415323933869,-3.));
#7398=CARTESIAN_POINT('',(88.2687074033851,-16.2415323933869,-3.));
#7399=CARTESIAN_POINT('Origin',(103.894022331642,-12.7138053500174,-3.));
#7400=CARTESIAN_POINT('',(108.806685463315,-13.6442573663528,-3.));
#7401=CARTESIAN_POINT('Origin',(108.989340140642,-12.6798649169003,-3.));
#7402=CARTESIAN_POINT('',(109.171994817969,-11.7154724674478,-3.));
#7403=CARTESIAN_POINT('Origin',(109.953238086005,-5.64504342333624,-3.));
#7404=CARTESIAN_POINT('',(110.734481354037,0.425385620775752,-3.));
#7405=CARTESIAN_POINT('Origin',(11.5524741587777,13.1897676551414,-3.));
#7406=CARTESIAN_POINT('',(111.151493283039,22.1360176787775,-3.));
#7407=CARTESIAN_POINT('Origin',(112.128592285686,11.2579288713026,-3.));
#7408=CARTESIAN_POINT('',(114.151945774179,-11.2681599662663,-3.));
#7409=CARTESIAN_POINT('',(110.105238797194,33.7840177088715,-3.));
#7410=CARTESIAN_POINT('',(110.42705011291,30.2012773088477,-3.));
#7411=CARTESIAN_POINT('Origin',(103.955167892706,28.4789641177332,-3.));
#7412=CARTESIAN_POINT('',(103.088074349366,35.1197299611867,-3.));
#7413=CARTESIAN_POINT('Origin',(96.4957276459849,34.2589585687433,-3.));
#7414=CARTESIAN_POINT('',(89.9033809426042,33.3981871762999,-3.));
#7415=CARTESIAN_POINT('Origin',(89.2560194252661,38.3561023697932,-3.));
#7416=CARTESIAN_POINT('',(84.9476824454859,35.8187351380626,-3.));
#7417=CARTESIAN_POINT('Origin',(84.497322817768,36.583425804054,-3.));
#7418=CARTESIAN_POINT('',(84.0469631900502,37.3481164700454,-3.));
#7419=CARTESIAN_POINT('Origin',(71.4754279961024,36.9632122591212,-3.));
#7420=CARTESIAN_POINT('',(58.9038928021546,36.578308048197,-3.));
#7421=CARTESIAN_POINT('Origin',(61.8166600356525,-58.5569353407016,-3.));
#7422=CARTESIAN_POINT('',(49.0907824551314,35.7683040569648,-3.));
#7423=CARTESIAN_POINT('Origin',(48.4222648454955,40.7234109383154,-3.));
#7424=CARTESIAN_POINT('',(44.5764853611979,37.5281049814221,-3.));
#7425=CARTESIAN_POINT('Origin',(40.7307058769004,34.3327990245291,-3.));
#7426=CARTESIAN_POINT('',(39.8157108140246,39.2483645092839,-3.));
#7427=CARTESIAN_POINT('Origin',(29.474951306985,37.3235109141743,-3.));
#7428=CARTESIAN_POINT('',(43.4838513069849,39.9311609141743,-3.));
#7429=CARTESIAN_POINT('',(15.466051306985,34.7158609141743,-3.));
#7430=CARTESIAN_POINT('Origin',(15.7405496046915,33.2411924568499,-3.));
#7431=CARTESIAN_POINT('Origin',(-15.7405479782883,33.2411924568499,-3.));
#7432=CARTESIAN_POINT('',(-15.4660496805817,34.7158609141743,-3.));
#7433=CARTESIAN_POINT('Origin',(-29.4602955171209,37.3207831532973,-3.));
#7434=CARTESIAN_POINT('',(-43.4545413536601,39.9257053924204,-3.));
#7435=CARTESIAN_POINT('',(-39.7866650100013,39.24295815691,-3.));
#7436=CARTESIAN_POINT('Origin',(-40.7016600728772,34.3273926721551,-3.));
#7437=CARTESIAN_POINT('',(-44.5472634554021,37.522910568258,-3.));
#7438=CARTESIAN_POINT('Origin',(-48.392866837927,40.7184284643609,-3.));
#7439=CARTESIAN_POINT('',(-49.0623375492824,35.7634502639407,-3.));
#7440=CARTESIAN_POINT('Origin',(-61.8581881161728,-58.9429491936502,-3.));
#7441=CARTESIAN_POINT('',(-58.9335630594102,36.5792077032098,-3.));
#7442=CARTESIAN_POINT('Origin',(-71.4902130594102,36.9636577032098,-3.));
#7443=CARTESIAN_POINT('',(-84.0468630594102,37.3481077032098,-3.));
#7444=CARTESIAN_POINT('Origin',(-84.4972210903693,36.5834185547442,-3.));
#7445=CARTESIAN_POINT('',(-84.9475791213283,35.8187294062785,-3.));
#7446=CARTESIAN_POINT('Origin',(-89.2559178331028,38.3560936971575,-3.));
#7447=CARTESIAN_POINT('',(-89.9032747554649,33.3981779036943,-3.));
#7448=CARTESIAN_POINT('Origin',(-96.4956725940936,34.2589497589621,-3.));
#7449=CARTESIAN_POINT('',(-103.088070432722,35.11972161423,-3.));
#7450=CARTESIAN_POINT('Origin',(-103.955159108502,28.4789451098309,-3.));
#7451=CARTESIAN_POINT('',(-110.427049709248,30.2012654647653,-3.));
#7452=CARTESIAN_POINT('Origin',(-112.128591835134,11.2579175492713,-3.));
#7453=CARTESIAN_POINT('',(-110.105238574647,33.7840038484243,-3.));
#7454=CARTESIAN_POINT('',(-114.151945095621,-11.2681687498818,-3.));
#7455=CARTESIAN_POINT('',(-111.151492724974,22.1360075536801,-3.));
#7456=CARTESIAN_POINT('Origin',(-11.5524736007138,13.1897575300375,-3.));
#7457=CARTESIAN_POINT('',(-110.734480492801,0.425373139933939,-3.));
#7458=CARTESIAN_POINT('Origin',(-109.953237316105,-5.645054055565,-3.));
#7459=CARTESIAN_POINT('',(-109.171994139408,-11.7154812510639,-3.));
#7460=CARTESIAN_POINT('Origin',(-108.992474721949,-12.6744114643237,-3.));
#7461=CARTESIAN_POINT('',(-108.81295530449,-13.6333416775836,-3.));
#7462=CARTESIAN_POINT('Origin',(-103.898334637647,-12.713285320046,-3.));
#7463=CARTESIAN_POINT('',(-103.791012880143,-17.7121333913886,-3.));
#7464=CARTESIAN_POINT('Origin',(-94.5357163132004,-17.5134286738992,-3.));
#7465=CARTESIAN_POINT('',(-94.5357163132004,-17.5134286738992,-3.));
#7466=CARTESIAN_POINT('',(-108.032326032599,-17.8031914061855,-3.));
#7467=CARTESIAN_POINT('Origin',(-88.2732500892709,-16.2660396064311,-3.));
#7468=CARTESIAN_POINT('',(-82.0107838653413,-15.018650538963,-3.));
#7469=CARTESIAN_POINT('Origin',(-81.0340464723798,-19.9223210076212,-3.));
#7470=CARTESIAN_POINT('',(-76.0643184075471,-20.4716869709051,-3.));
#7471=CARTESIAN_POINT('Origin',(-76.6508479954496,-25.7776082486446,-3.));
#7472=CARTESIAN_POINT('',(-77.237377583352,-31.0835295263841,-3.));
#7473=CARTESIAN_POINT('Origin',(-77.1986037427621,-31.9687892279672,-3.));
#7474=CARTESIAN_POINT('',(-77.1598299021722,-32.8540489295503,-3.));
#7475=CARTESIAN_POINT('Origin',(-72.1646189806062,-32.6352617062761,-3.));
#7476=CARTESIAN_POINT('',(-72.7882561247999,-37.5962169280436,-3.));
#7477=CARTESIAN_POINT('Origin',(-53.288502094927,-40.0475131748452,-3.));
#7478=CARTESIAN_POINT('',(-76.9751789280674,-37.0698826913361,-3.));
#7479=CARTESIAN_POINT('',(-29.6018252617866,-43.0251436583543,-3.));
#7480=CARTESIAN_POINT('',(-60.1418081560646,-39.1859903371667,-3.));
#7481=CARTESIAN_POINT('Origin',(-47.6690652721911,60.0331140981798,-3.));
#7482=CARTESIAN_POINT('',(-46.3818299486205,-39.9586006847052,-3.));
#7483=CARTESIAN_POINT('Origin',(-37.7437728207998,-39.8473993488103,-3.));
#7484=CARTESIAN_POINT('',(-29.1057156929791,-39.7361980129187,-3.));
#7485=CARTESIAN_POINT('Origin',(-21.8292313418696,-39.736447872741,-3.));
#7486=CARTESIAN_POINT('',(-14.55274699076,-39.7366977325634,-3.));
#7487=CARTESIAN_POINT('Origin',(-14.5532823094905,-55.3263924983299,-3.));
#7488=CARTESIAN_POINT('',(-4.97525203322105,-43.0259892852967,-3.));
#7489=CARTESIAN_POINT('Origin',(0.0380519286550711,-43.0259892852967,-3.));
#7490=CARTESIAN_POINT('',(5.05135589053118,-43.0259892852967,-3.));
#7491=CARTESIAN_POINT('',(5.05135589053118,-43.0259892852967,-3.));
#7492=CARTESIAN_POINT('',(-0.00163091481439195,-43.026074675849,-3.));
#7493=CARTESIAN_POINT('',(0.0380519286550711,-43.0259892852967,-3.));
#7494=CARTESIAN_POINT('',(0.0557831526677172,-43.0259892852967,-3.));
#7495=CARTESIAN_POINT('',(14.9522290583347,-42.9816784506473,-3.));
#7496=CARTESIAN_POINT('',(0.0380519286550711,-43.0259892852967,-3.));
#7497=CARTESIAN_POINT('Origin',(14.7044077986539,-55.5481043352876,-3.));
#7498=CARTESIAN_POINT('Origin',(14.7044077986539,-55.5481043352876,-3.));
#7499=CARTESIAN_POINT('Origin',(1.39864043124938E-5,-1.1938619642656,-3.));
#7500=CARTESIAN_POINT('',(82.2157924538604,-30.59979872131,-3.));
#7501=CARTESIAN_POINT('Origin',(76.2379043865373,-31.1147249792382,-3.));
#7502=CARTESIAN_POINT('',(81.6245425987078,-23.8895553146288,-3.));
#7503=CARTESIAN_POINT('Origin',(14.9522290583347,-42.9816784506473,-3.));
#7504=CARTESIAN_POINT('',(14.9522290583347,-42.9816784506473,-3.));
#7505=CARTESIAN_POINT('',(-0.0016311688163656,-43.0261600694234,-3.));
#7506=CARTESIAN_POINT('Origin',(-14.8017282153015,-43.0256518638889,-3.));
#7507=CARTESIAN_POINT('Origin',(-76.237845664519,-31.1153223634047,-3.));
#7508=CARTESIAN_POINT('Origin',(-108.176032407187,-11.804941195035,-3.));
#7509=CARTESIAN_POINT('Origin',(-104.129337415882,33.2472324388969,-3.));
#7510=CARTESIAN_POINT('',(-103.352514307283,39.1966915793031,-3.));
#7511=CARTESIAN_POINT('Origin',(-96.6704770107867,38.324215466443,-3.));
#7512=CARTESIAN_POINT('',(-89.9884397142908,37.4517393535829,-3.));
#7513=CARTESIAN_POINT('Origin',(-84.077937758297,36.3331665723047,-3.));
#7514=CARTESIAN_POINT('',(-83.8938485484199,42.3457658107064,-3.));
#7515=CARTESIAN_POINT('Origin',(-71.3371985484199,41.9613158107065,-3.));
#7516=CARTESIAN_POINT('',(-58.7805485484199,41.5768658107065,-3.));
#7517=CARTESIAN_POINT('Origin',(-61.8581881161728,-58.9429491936496,-3.));
#7518=CARTESIAN_POINT('Origin',(61.8166600356524,-58.5569353407018,-3.));
#7519=CARTESIAN_POINT('',(58.7508788998879,41.5759661743308,-3.));
#7520=CARTESIAN_POINT('Origin',(71.3224140938357,41.9608703852551,-3.));
#7521=CARTESIAN_POINT('',(83.8939492877835,42.3457745961794,-3.));
#7522=CARTESIAN_POINT('Origin',(84.0780377873863,36.3331746144856,-3.));
#7523=CARTESIAN_POINT('',(89.9885402534228,37.4517485791956,-3.));
#7524=CARTESIAN_POINT('Origin',(96.6705273898495,38.3242244410555,-3.));
#7525=CARTESIAN_POINT('',(103.352514526276,39.1967003029153,-3.));
#7526=CARTESIAN_POINT('Origin',(104.1293425149,33.247246737362,-3.));
#7527=CARTESIAN_POINT('Origin',(108.176855039705,-11.8139827880081,-3.));
#7528=CARTESIAN_POINT('Origin',(81.6245425987078,-23.8895553146288,-3.));
#7529=CARTESIAN_POINT('',(82.2157924538605,-30.59979872131,-3.));
#7530=CARTESIAN_POINT('Origin',(76.2379043865373,-31.1147249792382,-3.));
#7531=CARTESIAN_POINT('Origin',(1.39864043124938E-5,-1.1938619642656,-3.));
#7532=CARTESIAN_POINT('Origin',(-71.3371985484199,44.4613158107064,1.5));
#7533=CARTESIAN_POINT('',(-73.2871985484199,44.4613158107064,3.5));
#7534=CARTESIAN_POINT('Origin',(-71.3371985484199,44.4613158107064,3.5));
#7535=CARTESIAN_POINT('',(-73.2871985484199,44.4613158107064,1.5));
#7536=CARTESIAN_POINT('Origin',(1.39864043124938E-5,-1.1938619642656,3.5));
#7537=CARTESIAN_POINT('Origin',(71.3224140938357,44.4608703852551,1.5));
#7538=CARTESIAN_POINT('',(69.3724140938357,44.4608703852551,3.5));
#7539=CARTESIAN_POINT('Origin',(71.3224140938357,44.4608703852551,3.5));
#7540=CARTESIAN_POINT('',(69.3724140938357,44.4608703852551,1.5));
#7541=CARTESIAN_POINT('Origin',(1.39864043124938E-5,-1.1938619642656,3.5));
#7542=CARTESIAN_POINT('Origin',(-109.376250757765,40.5049181355258,1.5));
#7543=CARTESIAN_POINT('',(-111.326250757765,40.5049181355258,3.5));
#7544=CARTESIAN_POINT('Origin',(-109.376250757765,40.5049181355258,3.5));
#7545=CARTESIAN_POINT('',(-111.326250757765,40.5049181355258,1.5));
#7546=CARTESIAN_POINT('Origin',(1.39864043124938E-5,-1.1938619642656,3.5));
#7547=CARTESIAN_POINT('Origin',(109.376248965787,40.5049319715899,1.5));
#7548=CARTESIAN_POINT('',(107.426248965787,40.5049319715899,3.5));
#7549=CARTESIAN_POINT('Origin',(109.376248965787,40.5049319715899,3.5));
#7550=CARTESIAN_POINT('',(107.426248965787,40.5049319715899,1.5));
#7551=CARTESIAN_POINT('Origin',(1.39864043124938E-5,-1.1938619642656,3.5));
#7552=CARTESIAN_POINT('Origin',(-114.315483795165,-17.9154252339532,1.5));
#7553=CARTESIAN_POINT('',(-116.265483795165,-17.9154252339532,3.5));
#7554=CARTESIAN_POINT('Origin',(-114.315483795165,-17.9154252339532,3.5));
#7555=CARTESIAN_POINT('',(-116.265483795165,-17.9154252339532,1.5));
#7556=CARTESIAN_POINT('Origin',(1.39864043124938E-5,-1.1938619642656,3.5));
#7557=CARTESIAN_POINT('Origin',(-10.7405491867984,35.5922043656988,1.5));
#7558=CARTESIAN_POINT('',(-12.6905491867984,35.5922043656988,3.5));
#7559=CARTESIAN_POINT('Origin',(-10.7405491867984,35.5922043656988,3.5));
#7560=CARTESIAN_POINT('',(-12.6905491867984,35.5922043656988,1.5));
#7561=CARTESIAN_POINT('Origin',(1.39864043124938E-5,-1.1938619642656,3.5));
#7562=CARTESIAN_POINT('Origin',(10.7405508132016,35.5922043656988,1.5));
#7563=CARTESIAN_POINT('',(8.7905508132016,35.5922043656988,3.5));
#7564=CARTESIAN_POINT('Origin',(10.7405508132016,35.5922043656988,3.5));
#7565=CARTESIAN_POINT('',(8.7905508132016,35.5922043656988,1.5));
#7566=CARTESIAN_POINT('Origin',(1.39864043124938E-5,-1.1938619642656,3.5));
#7567=CARTESIAN_POINT('Origin',(-82.790267701985,-36.0331905706513,1.5));
#7568=CARTESIAN_POINT('',(-84.740267701985,-36.0331905706513,3.5));
#7569=CARTESIAN_POINT('Origin',(-82.790267701985,-36.0331905706513,3.5));
#7570=CARTESIAN_POINT('',(-84.740267701985,-36.0331905706513,1.5));
#7571=CARTESIAN_POINT('Origin',(1.39864043124938E-5,-1.1938619642656,3.5));
#7572=CARTESIAN_POINT('Origin',(82.7900756136743,-36.0328828092943,1.5));
#7573=CARTESIAN_POINT('',(80.8400756136743,-36.0328828092943,3.5));
#7574=CARTESIAN_POINT('Origin',(82.7900756136743,-36.0328828092943,3.5));
#7575=CARTESIAN_POINT('',(80.8400756136743,-36.0328828092943,1.5));
#7576=CARTESIAN_POINT('Origin',(1.39864043124938E-5,-1.1938619642656,3.5));
#7577=CARTESIAN_POINT('Origin',(5.0020692254904E-5,-46.7371974522082,1.5));
#7578=CARTESIAN_POINT('',(-1.94994997930774,-46.7371974522082,3.5));
#7579=CARTESIAN_POINT('Origin',(5.0020692254904E-5,-46.7371974522082,3.5));
#7580=CARTESIAN_POINT('',(-1.94994997930774,-46.7371974522082,1.5));
#7581=CARTESIAN_POINT('Origin',(1.39864043124938E-5,-1.1938619642656,3.5));
#7582=CARTESIAN_POINT('Origin',(114.310149410533,-17.92496457646,1.5));
#7583=CARTESIAN_POINT('',(112.360149410533,-17.92496457646,3.5));
#7584=CARTESIAN_POINT('Origin',(114.310149410533,-17.92496457646,3.5));
#7585=CARTESIAN_POINT('',(112.360149410533,-17.92496457646,1.5));
#7586=CARTESIAN_POINT('Origin',(1.39864043124938E-5,-1.1938619642656,3.5));
#7587=UNCERTAINTY_MEASURE_WITH_UNIT(LENGTH_MEASURE(0.01),#7591,
'DISTANCE_ACCURACY_VALUE',
'Maximum model space distance between geometric entities at asserted c
onnectivities');
#7588=UNCERTAINTY_MEASURE_WITH_UNIT(LENGTH_MEASURE(0.01),#7591,
'DISTANCE_ACCURACY_VALUE',
'Maximum model space distance between geometric entities at asserted c
onnectivities');
#7589=(
GEOMETRIC_REPRESENTATION_CONTEXT(3)
GLOBAL_UNCERTAINTY_ASSIGNED_CONTEXT((#7587))
GLOBAL_UNIT_ASSIGNED_CONTEXT((#7591,#7593,#7594))
REPRESENTATION_CONTEXT('','3D')
);
#7590=(
GEOMETRIC_REPRESENTATION_CONTEXT(3)
GLOBAL_UNCERTAINTY_ASSIGNED_CONTEXT((#7588))
GLOBAL_UNIT_ASSIGNED_CONTEXT((#7591,#7593,#7594))
REPRESENTATION_CONTEXT('','3D')
);
#7591=(
LENGTH_UNIT()
NAMED_UNIT(*)
SI_UNIT(.MILLI.,.METRE.)
);
#7592=(
LENGTH_UNIT()
NAMED_UNIT(*)
SI_UNIT($,.METRE.)
);
#7593=(
NAMED_UNIT(*)
PLANE_ANGLE_UNIT()
SI_UNIT($,.RADIAN.)
);
#7594=(
NAMED_UNIT(*)
SI_UNIT($,.STERADIAN.)
SOLID_ANGLE_UNIT()
);
#7595=SHAPE_DEFINITION_REPRESENTATION(#7596,#7597);
#7596=PRODUCT_DEFINITION_SHAPE('',$,#7599);
#7597=SHAPE_REPRESENTATION('',(#3994),#7589);
#7598=PRODUCT_DEFINITION_CONTEXT('part definition',#7603,'design');
#7599=PRODUCT_DEFINITION('Part 1','toki_case_bottom',#7600,#7598);
#7600=PRODUCT_DEFINITION_FORMATION('',$,#7605);
#7601=PRODUCT_RELATED_PRODUCT_CATEGORY('toki_case_bottom',
'toki_case_bottom',(#7605));
#7602=APPLICATION_PROTOCOL_DEFINITION('international standard',
'automotive_design',2009,#7603);
#7603=APPLICATION_CONTEXT(
'Core Data for Automotive Mechanical Design Process');
#7604=PRODUCT_CONTEXT('part definition',#7603,'mechanical');
#7605=PRODUCT('Part 1','toki_case_bottom','STEP AP242',(#7604));
#7606=PRESENTATION_STYLE_ASSIGNMENT((#7608));
#7607=PRESENTATION_STYLE_ASSIGNMENT((#7609));
#7608=SURFACE_STYLE_USAGE(.BOTH.,#7610);
#7609=SURFACE_STYLE_USAGE(.BOTH.,#7611);
#7610=SURFACE_SIDE_STYLE('',(#7612));
#7611=SURFACE_SIDE_STYLE('',(#7613));
#7612=SURFACE_STYLE_FILL_AREA(#7614);
#7613=SURFACE_STYLE_FILL_AREA(#7615);
#7614=FILL_AREA_STYLE('Steel - Satin',(#7616));
#7615=FILL_AREA_STYLE('Polymide (Kapton)',(#7617));
#7616=FILL_AREA_STYLE_COLOUR('Steel - Satin',#7618);
#7617=FILL_AREA_STYLE_COLOUR('Polymide (Kapton)',#7619);
#7618=COLOUR_RGB('Steel - Satin',0.627450980392157,0.627450980392157,0.627450980392157);
#7619=COLOUR_RGB('Polymide (Kapton)',0.784313725490196,0.556862745098039,
0.0274509803921569);
ENDSEC;
END-ISO-10303-21;
