ISO-10303-21;
HEADER;
/* Generated by software containing ST-Developer
 * from STEP Tools, Inc. (www.steptools.com) 
 */

FILE_DESCRIPTION(
/* description */ ('STEP AP242'),
/* implementation_level */ '2;1');

FILE_NAME(
/* name */ 'toki_case_bottom_angled.step',
/* time_stamp */ '2026-08-09T21:03:05-05:00',
/* author */ (''),
/* organization */ (''),
/* preprocessor_version */ 'ST-DEVELOPER v20.1',
/* originating_system */ 'Autodesk Translation Framework v15.8.0.0',
/* authorisation */ '');

FILE_SCHEMA (('AUTOMOTIVE_DESIGN { 1 0 10303 214 3 1 1 }'));
ENDSEC;

DATA;
#10=MECHANICAL_DESIGN_GEOMETRIC_PRESENTATION_REPRESENTATION('',(#13),#7776);
#11=SHAPE_REPRESENTATION_RELATIONSHIP('SRR','None',#7783,#12);
#12=ADVANCED_BREP_SHAPE_REPRESENTATION('',(#14),#7775);
#13=STYLED_ITEM('',(#7794),#14);
#14=MANIFOLD_SOLID_BREP('Body2',#4138);
#15=B_SPLINE_SURFACE_WITH_KNOTS('',3,3,((#6436,#6437,#6438,#6439,#6440,
#6441),(#6442,#6443,#6444,#6445,#6446,#6447),(#6448,#6449,#6450,#6451,#6452,
#6453),(#6454,#6455,#6456,#6457,#6458,#6459),(#6460,#6461,#6462,#6463,#6464,
#6465)),.UNSPECIFIED.,.F.,.F.,.F.,(4,1,4),(4,1,1,4),(0.,0.571428571428571,
1.),(0.119892119495068,0.778744264700807,1.2179790281713,1.65721379164179),
 .UNSPECIFIED.);
#16=B_SPLINE_SURFACE_WITH_KNOTS('',3,3,((#6548,#6549,#6550,#6551,#6552),
(#6553,#6554,#6555,#6556,#6557),(#6558,#6559,#6560,#6561,#6562),(#6563,
#6564,#6565,#6566,#6567),(#6568,#6569,#6570,#6571,#6572),(#6573,#6574,#6575,
#6576,#6577)),.UNSPECIFIED.,.F.,.F.,.F.,(4,1,1,4),(4,1,4),(0.,0.285714285714286,
0.571428571428571,1.),(-0.834823498189068,-0.463924473591426,0.0306075592054311),
 .UNSPECIFIED.);
#17=B_SPLINE_SURFACE_WITH_KNOTS('',3,3,((#6596,#6597,#6598,#6599,#6600,
#6601),(#6602,#6603,#6604,#6605,#6606,#6607),(#6608,#6609,#6610,#6611,#6612,
#6613),(#6614,#6615,#6616,#6617,#6618,#6619),(#6620,#6621,#6622,#6623,#6624,
#6625)),.UNSPECIFIED.,.F.,.F.,.F.,(4,1,4),(4,1,1,4),(0.,0.571428571428571,
1.),(0.0998388841858242,0.545707372987276,0.991575861788727,1.6603785949909),
 .UNSPECIFIED.);
#18=B_SPLINE_SURFACE_WITH_KNOTS('',3,3,((#6744,#6745,#6746,#6747,#6748,
#6749,#6750),(#6751,#6752,#6753,#6754,#6755,#6756,#6757),(#6758,#6759,#6760,
#6761,#6762,#6763,#6764),(#6765,#6766,#6767,#6768,#6769,#6770,#6771),(#6772,
#6773,#6774,#6775,#6776,#6777,#6778),(#6779,#6780,#6781,#6782,#6783,#6784,
#6785)),.UNSPECIFIED.,.F.,.F.,.F.,(4,1,1,4),(4,1,1,1,4),(0.,0.285714285714286,
0.571428571428571,1.),(-1.58580002857348,-1.09561808173783,-0.85052710832,
-0.360345161484344,0.129836785351313),.UNSPECIFIED.);
#19=B_SPLINE_SURFACE_WITH_KNOTS('',3,3,((#6800,#6801,#6802,#6803),(#6804,
#6805,#6806,#6807),(#6808,#6809,#6810,#6811),(#6812,#6813,#6814,#6815),
(#6816,#6817,#6818,#6819),(#6820,#6821,#6822,#6823)),.UNSPECIFIED.,.F.,
 .F.,.F.,(4,1,1,4),(4,4),(0.,0.285714285714286,0.571428571428571,1.),(0.0306075592054349,
0.184036116890265),.UNSPECIFIED.);
#20=B_SPLINE_SURFACE_WITH_KNOTS('',3,3,((#6845,#6846,#6847,#6848),(#6849,
#6850,#6851,#6852),(#6853,#6854,#6855,#6856),(#6857,#6858,#6859,#6860),
(#6861,#6862,#6863,#6864),(#6865,#6866,#6867,#6868)),.UNSPECIFIED.,.F.,
 .F.,.F.,(4,1,1,4),(4,4),(0.,0.285714285714286,0.571428571428571,1.),(-0.184036116890263,
-0.0306076810072161),.UNSPECIFIED.);
#21=B_SPLINE_SURFACE_WITH_KNOTS('',3,3,((#6876,#6877,#6878,#6879,#6880),
(#6881,#6882,#6883,#6884,#6885),(#6886,#6887,#6888,#6889,#6890),(#6891,
#6892,#6893,#6894,#6895),(#6896,#6897,#6898,#6899,#6900),(#6901,#6902,#6903,
#6904,#6905)),.UNSPECIFIED.,.F.,.F.,.F.,(4,1,1,4),(4,1,4),(0.,0.285714285714286,
0.571428571428571,1.),(-0.0306076810072163,0.340291615572127,0.834824011011251),
 .UNSPECIFIED.);
#22=B_SPLINE_SURFACE_WITH_KNOTS('',3,3,((#6933,#6934,#6935,#6936,#6937,
#6938,#6939),(#6940,#6941,#6942,#6943,#6944,#6945,#6946),(#6947,#6948,#6949,
#6950,#6951,#6952,#6953),(#6954,#6955,#6956,#6957,#6958,#6959,#6960),(#6961,
#6962,#6963,#6964,#6965,#6966,#6967),(#6968,#6969,#6970,#6971,#6972,#6973,
#6974)),.UNSPECIFIED.,.F.,.F.,.F.,(4,1,1,4),(4,1,1,1,4),(0.,0.285714285714286,
0.571428571428571,1.),(-0.129835858555337,0.360345810267644,0.605436644679134,
1.09561831350211,1.5857999823251),.UNSPECIFIED.);
#23=B_SPLINE_SURFACE_WITH_KNOTS('',3,3,((#7048,#7049,#7050,#7051,#7052,
#7053),(#7054,#7055,#7056,#7057,#7058,#7059),(#7060,#7061,#7062,#7063,#7064,
#7065),(#7066,#7067,#7068,#7069,#7070,#7071),(#7072,#7073,#7074,#7075,#7076,
#7077)),.UNSPECIFIED.,.F.,.F.,.F.,(4,1,4),(4,1,1,4),(0.,0.571428571428571,
1.),(-1.66037859499097,-0.99198445264634,-0.546388357749924,-0.100792262853507),
 .UNSPECIFIED.);
#24=B_SPLINE_SURFACE_WITH_KNOTS('',3,3,((#7197,#7198,#7199,#7200,#7201,
#7202),(#7203,#7204,#7205,#7206,#7207,#7208),(#7209,#7210,#7211,#7212,#7213,
#7214),(#7215,#7216,#7217,#7218,#7219,#7220),(#7221,#7222,#7223,#7224,#7225,
#7226)),.UNSPECIFIED.,.F.,.F.,.F.,(4,1,4),(4,1,1,4),(0.,0.571428571428571,
1.),(-1.65726824762038,-0.998535638959092,-0.559380566518234,-0.120225494077376),
 .UNSPECIFIED.);
#25=B_SPLINE_CURVE_WITH_KNOTS('',3,(#6336,#6337,#6338,#6339),
 .UNSPECIFIED.,.F.,.F.,(4,4),(-2.0370903538203,-2.03698252627185),
 .UNSPECIFIED.);
#26=B_SPLINE_CURVE_WITH_KNOTS('',3,(#6340,#6341,#6342,#6343,#6344,#6345,
#6346,#6347,#6348,#6349,#6350,#6351,#6352,#6353,#6354,#6355,#6356,#6357,
#6358,#6359,#6360,#6361,#6362,#6363,#6364,#6365,#6366,#6367,#6368,#6369,
#6370,#6371,#6372,#6373,#6374,#6375,#6376,#6377,#6378,#6379,#6380,#6381,
#6382,#6383,#6384,#6385,#6386,#6387,#6388),.UNSPECIFIED.,.F.,.F.,(4,3,3,
3,3,3,3,3,3,3,3,3,3,3,3,3,4),(-0.294203475069956,-0.293335382922561,-0.27131360487601,
-0.248744439125953,-0.226477149376507,-0.203922990335532,-0.181432697894756,
-0.159620608493223,-0.137061099270506,-0.126132149747649,-0.103631537603589,
-0.0814937536937379,-0.0590481790792022,-0.0365112491062134,-0.0143718506341904,
-0.00337553219558804,0.),.UNSPECIFIED.);
#27=B_SPLINE_CURVE_WITH_KNOTS('',3,(#6393,#6394,#6395,#6396,#6397,#6398,
#6399,#6400,#6401,#6402,#6403,#6404,#6405,#6406,#6407,#6408,#6409,#6410,
#6411,#6412,#6413,#6414,#6415,#6416,#6417,#6418,#6419,#6420,#6421,#6422,
#6423,#6424,#6425,#6426,#6427,#6428,#6429,#6430,#6431,#6432),
 .UNSPECIFIED.,.F.,.F.,(4,3,3,3,3,3,3,3,3,3,3,3,3,4),(0.,0.111851054288097,
0.223698662176002,0.335543097321769,0.447384633301497,0.559223543616375,
0.672580172136299,0.78443525992732,0.896283136706737,1.00812489719166,1.12261281583769,
1.23446100876438,1.35026879027007,1.46607657177577),.UNSPECIFIED.);
#28=B_SPLINE_CURVE_WITH_KNOTS('',3,(#6467,#6468,#6469,#6470,#6471,#6472,
#6473,#6474,#6475,#6476,#6477,#6478,#6479,#6480,#6481,#6482),
 .UNSPECIFIED.,.F.,.F.,(4,3,3,3,3,4),(0.,0.286859000855704,0.428575090687818,
0.67030614416744,0.91207662875536,1.00000854493824),.UNSPECIFIED.);
#29=B_SPLINE_CURVE_WITH_KNOTS('',3,(#6484,#6485,#6486,#6487,#6488,#6489,
#6490,#6491,#6492,#6493,#6494,#6495,#6496,#6497,#6498,#6499,#6500,#6501,
#6502,#6503,#6504,#6505,#6506,#6507,#6508,#6509,#6510,#6511,#6512,#6513,
#6514,#6515,#6516,#6517,#6518,#6519,#6520,#6521,#6522,#6523,#6524,#6525,
#6526,#6527,#6528,#6529,#6530,#6531,#6532,#6533,#6534,#6535),
 .UNSPECIFIED.,.F.,.F.,(4,3,3,3,3,3,3,3,3,3,3,3,3,3,3,3,3,4),(-0.00103606365193028,
0.,0.0222417508729098,0.0406801959522937,0.0632135272195684,0.0813627222197264,
0.103992258283835,0.126641929952506,0.148826268991017,0.159492620747588,
0.179876443006593,0.202131645220282,0.224673224769411,0.237619335907333,
0.260115825244923,0.282649514152468,0.304711188818132,0.315745938190386),
 .UNSPECIFIED.);
#30=B_SPLINE_CURVE_WITH_KNOTS('',3,(#6544,#6545,#6546,#6547),
 .UNSPECIFIED.,.F.,.F.,(4,4),(0.,0.000490756462789167),.UNSPECIFIED.);
#31=B_SPLINE_CURVE_WITH_KNOTS('',3,(#6582,#6583,#6584,#6585,#6586,#6587,
#6588,#6589,#6590,#6591,#6592,#6593,#6594,#6595),.UNSPECIFIED.,.F.,.F.,
(4,2,2,2,2,2,4),(-0.349259732391619,-0.277973029203046,-0.204395650255567,
-0.123921711838863,-0.0625163521361857,0.,0.000714685232748948),
 .UNSPECIFIED.);
#32=B_SPLINE_CURVE_WITH_KNOTS('',3,(#6632,#6633,#6634,#6635,#6636,#6637,
#6638,#6639,#6640,#6641,#6642,#6643,#6644,#6645,#6646,#6647,#6648,#6649,
#6650,#6651,#6652,#6653,#6654,#6655,#6656,#6657,#6658,#6659,#6660,#6661,
#6662,#6663,#6664,#6665,#6666,#6667,#6668,#6669,#6670,#6671,#6672,#6673,
#6674,#6675,#6676,#6677,#6678,#6679,#6680,#6681,#6682,#6683),
 .UNSPECIFIED.,.F.,.F.,(4,3,3,3,3,3,3,3,3,3,3,3,3,3,3,3,3,4),(0.,0.0221595209901926,
0.0446301554974771,0.0670505647697985,0.0779973397601662,0.100497332154314,
0.122878061513144,0.126062923908511,0.148622891010844,0.156099074388726,
0.178472008268918,0.201676679053913,0.224881349838908,0.247523928719345,
0.270613234335023,0.292506715318577,0.2937025399507,0.294366306854268),
 .UNSPECIFIED.);
#33=B_SPLINE_CURVE_WITH_KNOTS('',3,(#6688,#6689,#6690,#6691,#6692,#6693,
#6694,#6695,#6696,#6697,#6698,#6699,#6700,#6701,#6702,#6703,#6704,#6705,
#6706,#6707,#6708,#6709,#6710,#6711,#6712,#6713,#6714,#6715,#6716,#6717,
#6718,#6719,#6720,#6721,#6722,#6723,#6724,#6725,#6726,#6727,#6728,#6729,
#6730,#6731,#6732,#6733,#6734,#6735,#6736,#6737,#6738,#6739),
 .UNSPECIFIED.,.F.,.F.,(4,3,3,3,3,3,3,3,3,3,3,3,3,3,3,3,3,4),(-0.000702061702938859,
0.,0.0223059106737763,0.0448280790642446,0.0671845960643248,0.0802207518940656,
0.0893772074480365,0.111784987298775,0.135091252944,0.158397518589226,0.179462498780755,
0.201859918757442,0.224414147666187,0.236493515712729,0.259034849415998,
0.281552888695309,0.303573433158547,0.314556003920111),.UNSPECIFIED.);
#34=B_SPLINE_CURVE_WITH_KNOTS('',3,(#6740,#6741,#6742,#6743),
 .UNSPECIFIED.,.F.,.F.,(4,4),(-0.00197165648365738,0.),.UNSPECIFIED.);
#35=B_SPLINE_CURVE_WITH_KNOTS('',3,(#6792,#6793,#6794,#6795),
 .UNSPECIFIED.,.F.,.F.,(4,4),(-0.00545887217902176,0.),.UNSPECIFIED.);
#36=B_SPLINE_CURVE_WITH_KNOTS('',3,(#6908,#6909,#6910,#6911,#6912,#6913,
#6914,#6915,#6916,#6917,#6918,#6919,#6920,#6921,#6922,#6923),
 .UNSPECIFIED.,.F.,.F.,(4,2,2,2,2,2,2,4),(-0.348552147215423,-0.34784020484171,
-0.297099706970834,-0.247017276603444,-0.164474772268236,-0.0897688016081392,
-0.0186498719887427,0.),.UNSPECIFIED.);
#37=B_SPLINE_CURVE_WITH_KNOTS('',3,(#6929,#6930,#6931,#6932),
 .UNSPECIFIED.,.F.,.F.,(4,4),(-1.29865035062733,-1.29319151652339),
 .UNSPECIFIED.);
#38=B_SPLINE_CURVE_WITH_KNOTS('',3,(#6977,#6978,#6979,#6980,#6981,#6982,
#6983,#6984,#6985,#6986,#6987,#6988,#6989,#6990,#6991,#6992,#6993,#6994,
#6995,#6996,#6997,#6998,#6999,#7000,#7001,#7002,#7003,#7004,#7005,#7006,
#7007,#7008,#7009,#7010,#7011,#7012,#7013,#7014,#7015,#7016,#7017,#7018,
#7019,#7020,#7021,#7022,#7023,#7024,#7025,#7026,#7027,#7028,#7029,#7030,
#7031,#7032,#7033,#7034),.UNSPECIFIED.,.F.,.F.,(4,3,3,3,3,3,3,3,3,3,3,3,
3,3,3,3,3,3,3,4),(-0.315157800412376,-0.314455776819368,-0.2921607569996,
-0.26965894035454,-0.247295501472948,-0.24380439013065,-0.225140408754783,
-0.202684656555281,-0.180269842745912,-0.165620746738237,-0.143134085455996,
-0.135046716308058,-0.112594169737373,-0.0900527978080613,-0.0875212253580441,
-0.0650050630024575,-0.0424561054253763,-0.0203407088471888,-0.00946243824245263,
0.),.UNSPECIFIED.);
#39=B_SPLINE_CURVE_WITH_KNOTS('',3,(#7044,#7045,#7046,#7047),
 .UNSPECIFIED.,.F.,.F.,(4,4),(-1.94627436217262,-1.94431733342489),
 .UNSPECIFIED.);
#40=B_SPLINE_CURVE_WITH_KNOTS('',3,(#7081,#7082,#7083,#7084,#7085,#7086,
#7087,#7088,#7089,#7090,#7091,#7092,#7093,#7094,#7095,#7096,#7097,#7098,
#7099,#7100,#7101,#7102,#7103,#7104,#7105,#7106,#7107,#7108,#7109,#7110,
#7111,#7112,#7113,#7114,#7115,#7116,#7117,#7118,#7119,#7120,#7121,#7122,
#7123,#7124,#7125,#7126,#7127,#7128,#7129),.UNSPECIFIED.,.F.,.F.,(4,3,3,
3,3,3,3,3,3,3,3,3,3,3,3,3,4),(-0.00066409272243503,0.,0.0220643326337053,
0.0454442130894789,0.0688240935452526,0.0914197861380834,0.114514679713381,
0.137609573288679,0.160171420659229,0.167652010158317,0.190021650540854,
0.212528800935178,0.21571808433642,0.238177428820952,0.260696009191433,
0.28278006257859,0.29372312787809),.UNSPECIFIED.);
#41=B_SPLINE_CURVE_WITH_KNOTS('',3,(#7141,#7142,#7143,#7144,#7145,#7146,
#7147,#7148,#7149,#7150,#7151,#7152,#7153,#7154,#7155,#7156,#7157,#7158,
#7159,#7160,#7161,#7162,#7163,#7164,#7165,#7166,#7167,#7168,#7169,#7170,
#7171,#7172,#7173,#7174,#7175,#7176,#7177,#7178,#7179,#7180,#7181,#7182,
#7183,#7184,#7185,#7186,#7187,#7188,#7189,#7190,#7191,#7192),
 .UNSPECIFIED.,.F.,.F.,(4,3,3,3,3,3,3,3,3,3,3,3,3,3,3,3,3,4),(-0.316782018057701,
-0.315743327751928,-0.293501676940337,-0.27506410359429,-0.252530870611638,
-0.234382561972633,-0.211753118255559,-0.189103532410792,-0.166919267841048,
-0.15625292606071,-0.135869516481486,-0.113614420253235,-0.091072923617179,
-0.0781264156756656,-0.0556299993010443,-0.0330963762287927,-0.0110347588297226,
0.),.UNSPECIFIED.);
#42=B_SPLINE_CURVE_WITH_KNOTS('',3,(#7193,#7194,#7195,#7196),
 .UNSPECIFIED.,.F.,.F.,(4,4),(2.06467699433305,2.06516473161608),
 .UNSPECIFIED.);
#43=FACE_BOUND('',#436,.T.);
#44=FACE_BOUND('',#437,.T.);
#45=FACE_BOUND('',#438,.T.);
#46=FACE_BOUND('',#439,.T.);
#47=FACE_BOUND('',#487,.T.);
#48=FACE_BOUND('',#488,.T.);
#49=FACE_BOUND('',#489,.T.);
#50=FACE_BOUND('',#490,.T.);
#51=FACE_BOUND('',#491,.T.);
#52=FACE_BOUND('',#492,.T.);
#53=FACE_BOUND('',#493,.T.);
#54=FACE_BOUND('',#494,.T.);
#55=FACE_BOUND('',#495,.T.);
#56=FACE_BOUND('',#496,.T.);
#57=FACE_BOUND('',#497,.T.);
#58=FACE_BOUND('',#559,.T.);
#59=FACE_BOUND('',#560,.T.);
#60=ELLIPSE('',#4175,10.5889686651872,10.5309611868972);
#61=ELLIPSE('',#4176,9.04959921771855,9.0000245663287);
#62=ELLIPSE('',#4177,9.04961214211686,9.0000374199258);
#63=ELLIPSE('',#4178,10.582124300815,10.5241543166692);
#64=ELLIPSE('',#4179,9.01038808540019,8.9610282366959);
#65=ELLIPSE('',#4180,10.957388569864,10.8973628487878);
#66=ELLIPSE('',#4181,104.137393926814,103.566918386808);
#67=ELLIPSE('',#4182,103.748166528606,103.179823217012);
#68=ELLIPSE('',#4183,10.957392787028,10.8973670428497);
#69=ELLIPSE('',#4184,9.0103832134076,8.9610233913926);
#70=ELLIPSE('',#4314,2.00649929661031,2.);
#71=ELLIPSE('',#4315,12.5434777811394,2.);
#72=ELLIPSE('',#4317,2.00658840550115,2.);
#73=ELLIPSE('',#4319,11.0406224582968,11.0000245663287);
#74=ELLIPSE('',#4321,3.03723077304705,2.);
#75=ELLIPSE('',#4322,2.02897315267938,2.);
#76=ELLIPSE('',#4324,12.948124376164,12.8973670428497);
#77=ELLIPSE('',#4326,12.5797496851052,12.5309611868972);
#78=ELLIPSE('',#4329,11.0014135100008,10.9610233913926);
#79=ELLIPSE('',#4334,105.737416986208,105.179823217012);
#80=ELLIPSE('',#4336,2.00858936869115,2.);
#81=ELLIPSE('',#4339,10.929020719052,2.);
#82=ELLIPSE('',#4340,2.00858936869116,2.);
#83=ELLIPSE('',#4341,10.929020719052,2.);
#84=ELLIPSE('',#4345,106.126643626451,105.566918386808);
#85=ELLIPSE('',#4348,12.9481201595497,12.8973628487878);
#86=ELLIPSE('',#4351,11.0014183811136,10.9610282366959);
#87=ELLIPSE('',#4353,12.459331089895,2.);
#88=ELLIPSE('',#4356,12.5729062664356,12.5241543166692);
#89=ELLIPSE('',#4358,3.03440980983815,2.);
#90=ELLIPSE('',#4360,2.02853438116389,2.);
#91=ELLIPSE('',#4361,11.0406353803779,11.0000374199258);
#92=CYLINDRICAL_SURFACE('',#4172,3.);
#93=CYLINDRICAL_SURFACE('',#4192,3.);
#94=CYLINDRICAL_SURFACE('',#4200,3.00000000000002);
#95=CYLINDRICAL_SURFACE('',#4202,3.00000000000002);
#96=CYLINDRICAL_SURFACE('',#4209,2.99999999999998);
#97=CYLINDRICAL_SURFACE('',#4212,3.);
#98=CYLINDRICAL_SURFACE('',#4219,3.);
#99=CYLINDRICAL_SURFACE('',#4221,3.);
#100=CYLINDRICAL_SURFACE('',#4223,0.5);
#101=CYLINDRICAL_SURFACE('',#4227,0.5);
#102=CYLINDRICAL_SURFACE('',#4231,0.5);
#103=CYLINDRICAL_SURFACE('',#4238,0.5);
#104=CYLINDRICAL_SURFACE('',#4240,0.5);
#105=CYLINDRICAL_SURFACE('',#4242,0.5);
#106=CYLINDRICAL_SURFACE('',#4246,0.5);
#107=CYLINDRICAL_SURFACE('',#4250,0.5);
#108=CYLINDRICAL_SURFACE('',#4257,3.);
#109=CYLINDRICAL_SURFACE('',#4260,6.01541745147837);
#110=CYLINDRICAL_SURFACE('',#4303,3.);
#111=CYLINDRICAL_SURFACE('',#4306,3.);
#112=CYLINDRICAL_SURFACE('',#4309,3.);
#113=CYLINDRICAL_SURFACE('',#4311,6.01541673027085);
#114=CYLINDRICAL_SURFACE('',#4313,2.);
#115=CYLINDRICAL_SURFACE('',#4316,2.);
#116=CYLINDRICAL_SURFACE('',#4318,2.);
#117=CYLINDRICAL_SURFACE('',#4320,2.);
#118=CYLINDRICAL_SURFACE('',#4327,2.);
#119=CYLINDRICAL_SURFACE('',#4330,2.);
#120=CYLINDRICAL_SURFACE('',#4331,2.);
#121=CYLINDRICAL_SURFACE('',#4335,2.);
#122=CYLINDRICAL_SURFACE('',#4337,2.);
#123=CYLINDRICAL_SURFACE('',#4338,2.);
#124=CYLINDRICAL_SURFACE('',#4342,2.);
#125=CYLINDRICAL_SURFACE('',#4346,2.);
#126=CYLINDRICAL_SURFACE('',#4349,2.);
#127=CYLINDRICAL_SURFACE('',#4352,2.);
#128=CYLINDRICAL_SURFACE('',#4354,2.);
#129=CYLINDRICAL_SURFACE('',#4357,2.);
#130=CYLINDRICAL_SURFACE('',#4359,2.);
#131=CYLINDRICAL_SURFACE('',#4362,12.5241543166692);
#132=CYLINDRICAL_SURFACE('',#4365,11.0000374199258);
#133=CYLINDRICAL_SURFACE('',#4370,11.0000245663287);
#134=CYLINDRICAL_SURFACE('',#4373,12.5309611868972);
#135=CYLINDRICAL_SURFACE('',#4374,105.566918386808);
#136=CYLINDRICAL_SURFACE('',#4376,12.8973628487878);
#137=CYLINDRICAL_SURFACE('',#4378,10.9610282366959);
#138=CYLINDRICAL_SURFACE('',#4380,12.8973670428497);
#139=CYLINDRICAL_SURFACE('',#4420,105.179823217012);
#140=CYLINDRICAL_SURFACE('',#4421,6.49999879148993);
#141=CYLINDRICAL_SURFACE('',#4422,10.9610233913926);
#142=CYLINDRICAL_SURFACE('',#4423,6.49999879148974);
#143=CYLINDRICAL_SURFACE('',#4460,100.);
#144=CYLINDRICAL_SURFACE('',#4462,5.);
#145=CYLINDRICAL_SURFACE('',#4466,5.);
#146=CYLINDRICAL_SURFACE('',#4469,5.);
#147=CYLINDRICAL_SURFACE('',#4472,99.9999999999984);
#148=CYLINDRICAL_SURFACE('',#4474,6.69713537271574);
#149=CYLINDRICAL_SURFACE('',#4476,5.00000000000014);
#150=CYLINDRICAL_SURFACE('',#4479,95.1798232170111);
#151=CYLINDRICAL_SURFACE('',#4480,5.00000000000015);
#152=CYLINDRICAL_SURFACE('',#4481,5.);
#153=CYLINDRICAL_SURFACE('',#4483,1.49999879148992);
#154=CYLINDRICAL_SURFACE('',#4485,0.5);
#155=CYLINDRICAL_SURFACE('',#4488,0.5);
#156=CYLINDRICAL_SURFACE('',#4490,1.49999879148991);
#157=CYLINDRICAL_SURFACE('',#4492,5.);
#158=CYLINDRICAL_SURFACE('',#4493,5.00000000000017);
#159=CYLINDRICAL_SURFACE('',#4494,95.5669183868088);
#160=CYLINDRICAL_SURFACE('',#4497,5.0000000000002);
#161=CYLINDRICAL_SURFACE('',#4499,6.69714531371739);
#162=CYLINDRICAL_SURFACE('',#4501,100.000000000002);
#163=CYLINDRICAL_SURFACE('',#4504,5.);
#164=CYLINDRICAL_SURFACE('',#4506,5.);
#165=CYLINDRICAL_SURFACE('',#4509,5.);
#166=CYLINDRICAL_SURFACE('',#4511,100.);
#167=CYLINDRICAL_SURFACE('',#4514,15.5896947749574);
#168=CYLINDRICAL_SURFACE('',#4516,15.8109068831019);
#169=CYLINDRICAL_SURFACE('',#4522,6.0000374199258);
#170=CYLINDRICAL_SURFACE('',#4524,5.99997142640403);
#171=CYLINDRICAL_SURFACE('',#4525,5.99995985031715);
#172=CYLINDRICAL_SURFACE('',#4528,100.566918386808);
#173=CYLINDRICAL_SURFACE('',#4529,100.179823217011);
#174=CYLINDRICAL_SURFACE('',#4532,5.99995495421292);
#175=CYLINDRICAL_SURFACE('',#4533,5.999969319749);
#176=CYLINDRICAL_SURFACE('',#4535,6.00002456632871);
#177=CYLINDRICAL_SURFACE('',#4537,1.95);
#178=CYLINDRICAL_SURFACE('',#4540,1.95);
#179=CYLINDRICAL_SURFACE('',#4543,1.95);
#180=CYLINDRICAL_SURFACE('',#4546,1.95);
#181=CYLINDRICAL_SURFACE('',#4549,1.95);
#182=CYLINDRICAL_SURFACE('',#4552,1.95);
#183=CYLINDRICAL_SURFACE('',#4555,1.95);
#184=CYLINDRICAL_SURFACE('',#4558,1.95);
#185=CYLINDRICAL_SURFACE('',#4561,1.95);
#186=CYLINDRICAL_SURFACE('',#4564,1.95);
#187=CYLINDRICAL_SURFACE('',#4567,1.95);
#188=CONICAL_SURFACE('',#4165,3.05,0.785398163396257);
#189=CONICAL_SURFACE('',#4169,3.05,0.785398163396377);
#190=CONICAL_SURFACE('',#4193,3.05000000000002,0.785398163396152);
#191=CONICAL_SURFACE('',#4196,3.05000000000002,0.785398163397367);
#192=CONICAL_SURFACE('',#4204,3.04999999999998,0.785398163397725);
#193=CONICAL_SURFACE('',#4207,3.05,0.78539816339747);
#194=CONICAL_SURFACE('',#4214,3.05,0.785398163395263);
#195=CONICAL_SURFACE('',#4217,3.05,0.785398163395081);
#196=FACE_OUTER_BOUND('',#425,.T.);
#197=FACE_OUTER_BOUND('',#426,.T.);
#198=FACE_OUTER_BOUND('',#427,.T.);
#199=FACE_OUTER_BOUND('',#428,.T.);
#200=FACE_OUTER_BOUND('',#429,.T.);
#201=FACE_OUTER_BOUND('',#430,.T.);
#202=FACE_OUTER_BOUND('',#431,.T.);
#203=FACE_OUTER_BOUND('',#432,.T.);
#204=FACE_OUTER_BOUND('',#433,.T.);
#205=FACE_OUTER_BOUND('',#434,.T.);
#206=FACE_OUTER_BOUND('',#435,.T.);
#207=FACE_OUTER_BOUND('',#440,.T.);
#208=FACE_OUTER_BOUND('',#441,.T.);
#209=FACE_OUTER_BOUND('',#442,.T.);
#210=FACE_OUTER_BOUND('',#443,.T.);
#211=FACE_OUTER_BOUND('',#444,.T.);
#212=FACE_OUTER_BOUND('',#445,.T.);
#213=FACE_OUTER_BOUND('',#446,.T.);
#214=FACE_OUTER_BOUND('',#447,.T.);
#215=FACE_OUTER_BOUND('',#448,.T.);
#216=FACE_OUTER_BOUND('',#449,.T.);
#217=FACE_OUTER_BOUND('',#450,.T.);
#218=FACE_OUTER_BOUND('',#451,.T.);
#219=FACE_OUTER_BOUND('',#452,.T.);
#220=FACE_OUTER_BOUND('',#453,.T.);
#221=FACE_OUTER_BOUND('',#454,.T.);
#222=FACE_OUTER_BOUND('',#455,.T.);
#223=FACE_OUTER_BOUND('',#456,.T.);
#224=FACE_OUTER_BOUND('',#457,.T.);
#225=FACE_OUTER_BOUND('',#458,.T.);
#226=FACE_OUTER_BOUND('',#459,.T.);
#227=FACE_OUTER_BOUND('',#460,.T.);
#228=FACE_OUTER_BOUND('',#461,.T.);
#229=FACE_OUTER_BOUND('',#462,.T.);
#230=FACE_OUTER_BOUND('',#463,.T.);
#231=FACE_OUTER_BOUND('',#464,.T.);
#232=FACE_OUTER_BOUND('',#465,.T.);
#233=FACE_OUTER_BOUND('',#466,.T.);
#234=FACE_OUTER_BOUND('',#467,.T.);
#235=FACE_OUTER_BOUND('',#468,.T.);
#236=FACE_OUTER_BOUND('',#469,.T.);
#237=FACE_OUTER_BOUND('',#470,.T.);
#238=FACE_OUTER_BOUND('',#471,.T.);
#239=FACE_OUTER_BOUND('',#472,.T.);
#240=FACE_OUTER_BOUND('',#473,.T.);
#241=FACE_OUTER_BOUND('',#474,.T.);
#242=FACE_OUTER_BOUND('',#475,.T.);
#243=FACE_OUTER_BOUND('',#476,.T.);
#244=FACE_OUTER_BOUND('',#477,.T.);
#245=FACE_OUTER_BOUND('',#478,.T.);
#246=FACE_OUTER_BOUND('',#479,.T.);
#247=FACE_OUTER_BOUND('',#480,.T.);
#248=FACE_OUTER_BOUND('',#481,.T.);
#249=FACE_OUTER_BOUND('',#482,.T.);
#250=FACE_OUTER_BOUND('',#483,.T.);
#251=FACE_OUTER_BOUND('',#484,.T.);
#252=FACE_OUTER_BOUND('',#485,.T.);
#253=FACE_OUTER_BOUND('',#486,.T.);
#254=FACE_OUTER_BOUND('',#498,.T.);
#255=FACE_OUTER_BOUND('',#499,.T.);
#256=FACE_OUTER_BOUND('',#500,.T.);
#257=FACE_OUTER_BOUND('',#501,.T.);
#258=FACE_OUTER_BOUND('',#502,.T.);
#259=FACE_OUTER_BOUND('',#503,.T.);
#260=FACE_OUTER_BOUND('',#504,.T.);
#261=FACE_OUTER_BOUND('',#505,.T.);
#262=FACE_OUTER_BOUND('',#506,.T.);
#263=FACE_OUTER_BOUND('',#507,.T.);
#264=FACE_OUTER_BOUND('',#508,.T.);
#265=FACE_OUTER_BOUND('',#509,.T.);
#266=FACE_OUTER_BOUND('',#510,.T.);
#267=FACE_OUTER_BOUND('',#511,.T.);
#268=FACE_OUTER_BOUND('',#512,.T.);
#269=FACE_OUTER_BOUND('',#513,.T.);
#270=FACE_OUTER_BOUND('',#514,.T.);
#271=FACE_OUTER_BOUND('',#515,.T.);
#272=FACE_OUTER_BOUND('',#516,.T.);
#273=FACE_OUTER_BOUND('',#517,.T.);
#274=FACE_OUTER_BOUND('',#518,.T.);
#275=FACE_OUTER_BOUND('',#519,.T.);
#276=FACE_OUTER_BOUND('',#520,.T.);
#277=FACE_OUTER_BOUND('',#521,.T.);
#278=FACE_OUTER_BOUND('',#522,.T.);
#279=FACE_OUTER_BOUND('',#523,.T.);
#280=FACE_OUTER_BOUND('',#524,.T.);
#281=FACE_OUTER_BOUND('',#525,.T.);
#282=FACE_OUTER_BOUND('',#526,.T.);
#283=FACE_OUTER_BOUND('',#527,.T.);
#284=FACE_OUTER_BOUND('',#528,.T.);
#285=FACE_OUTER_BOUND('',#529,.T.);
#286=FACE_OUTER_BOUND('',#530,.T.);
#287=FACE_OUTER_BOUND('',#531,.T.);
#288=FACE_OUTER_BOUND('',#532,.T.);
#289=FACE_OUTER_BOUND('',#533,.T.);
#290=FACE_OUTER_BOUND('',#534,.T.);
#291=FACE_OUTER_BOUND('',#535,.T.);
#292=FACE_OUTER_BOUND('',#536,.T.);
#293=FACE_OUTER_BOUND('',#537,.T.);
#294=FACE_OUTER_BOUND('',#538,.T.);
#295=FACE_OUTER_BOUND('',#539,.T.);
#296=FACE_OUTER_BOUND('',#540,.T.);
#297=FACE_OUTER_BOUND('',#541,.T.);
#298=FACE_OUTER_BOUND('',#542,.T.);
#299=FACE_OUTER_BOUND('',#543,.T.);
#300=FACE_OUTER_BOUND('',#544,.T.);
#301=FACE_OUTER_BOUND('',#545,.T.);
#302=FACE_OUTER_BOUND('',#546,.T.);
#303=FACE_OUTER_BOUND('',#547,.T.);
#304=FACE_OUTER_BOUND('',#548,.T.);
#305=FACE_OUTER_BOUND('',#549,.T.);
#306=FACE_OUTER_BOUND('',#550,.T.);
#307=FACE_OUTER_BOUND('',#551,.T.);
#308=FACE_OUTER_BOUND('',#552,.T.);
#309=FACE_OUTER_BOUND('',#553,.T.);
#310=FACE_OUTER_BOUND('',#554,.T.);
#311=FACE_OUTER_BOUND('',#555,.T.);
#312=FACE_OUTER_BOUND('',#556,.T.);
#313=FACE_OUTER_BOUND('',#557,.T.);
#314=FACE_OUTER_BOUND('',#558,.T.);
#315=FACE_OUTER_BOUND('',#561,.T.);
#316=FACE_OUTER_BOUND('',#562,.T.);
#317=FACE_OUTER_BOUND('',#563,.T.);
#318=FACE_OUTER_BOUND('',#564,.T.);
#319=FACE_OUTER_BOUND('',#565,.T.);
#320=FACE_OUTER_BOUND('',#566,.T.);
#321=FACE_OUTER_BOUND('',#567,.T.);
#322=FACE_OUTER_BOUND('',#568,.T.);
#323=FACE_OUTER_BOUND('',#569,.T.);
#324=FACE_OUTER_BOUND('',#570,.T.);
#325=FACE_OUTER_BOUND('',#571,.T.);
#326=FACE_OUTER_BOUND('',#572,.T.);
#327=FACE_OUTER_BOUND('',#573,.T.);
#328=FACE_OUTER_BOUND('',#574,.T.);
#329=FACE_OUTER_BOUND('',#575,.T.);
#330=FACE_OUTER_BOUND('',#576,.T.);
#331=FACE_OUTER_BOUND('',#577,.T.);
#332=FACE_OUTER_BOUND('',#578,.T.);
#333=FACE_OUTER_BOUND('',#579,.T.);
#334=FACE_OUTER_BOUND('',#580,.T.);
#335=FACE_OUTER_BOUND('',#581,.T.);
#336=FACE_OUTER_BOUND('',#582,.T.);
#337=FACE_OUTER_BOUND('',#583,.T.);
#338=FACE_OUTER_BOUND('',#584,.T.);
#339=FACE_OUTER_BOUND('',#585,.T.);
#340=FACE_OUTER_BOUND('',#586,.T.);
#341=FACE_OUTER_BOUND('',#587,.T.);
#342=FACE_OUTER_BOUND('',#588,.T.);
#343=FACE_OUTER_BOUND('',#589,.T.);
#344=FACE_OUTER_BOUND('',#590,.T.);
#345=FACE_OUTER_BOUND('',#591,.T.);
#346=FACE_OUTER_BOUND('',#592,.T.);
#347=FACE_OUTER_BOUND('',#593,.T.);
#348=FACE_OUTER_BOUND('',#594,.T.);
#349=FACE_OUTER_BOUND('',#595,.T.);
#350=FACE_OUTER_BOUND('',#596,.T.);
#351=FACE_OUTER_BOUND('',#597,.T.);
#352=FACE_OUTER_BOUND('',#598,.T.);
#353=FACE_OUTER_BOUND('',#599,.T.);
#354=FACE_OUTER_BOUND('',#600,.T.);
#355=FACE_OUTER_BOUND('',#601,.T.);
#356=FACE_OUTER_BOUND('',#602,.T.);
#357=FACE_OUTER_BOUND('',#603,.T.);
#358=FACE_OUTER_BOUND('',#604,.T.);
#359=FACE_OUTER_BOUND('',#605,.T.);
#360=FACE_OUTER_BOUND('',#606,.T.);
#361=FACE_OUTER_BOUND('',#607,.T.);
#362=FACE_OUTER_BOUND('',#608,.T.);
#363=FACE_OUTER_BOUND('',#609,.T.);
#364=FACE_OUTER_BOUND('',#610,.T.);
#365=FACE_OUTER_BOUND('',#611,.T.);
#366=FACE_OUTER_BOUND('',#612,.T.);
#367=FACE_OUTER_BOUND('',#613,.T.);
#368=FACE_OUTER_BOUND('',#614,.T.);
#369=FACE_OUTER_BOUND('',#615,.T.);
#370=FACE_OUTER_BOUND('',#616,.T.);
#371=FACE_OUTER_BOUND('',#617,.T.);
#372=FACE_OUTER_BOUND('',#618,.T.);
#373=FACE_OUTER_BOUND('',#619,.T.);
#374=FACE_OUTER_BOUND('',#620,.T.);
#375=FACE_OUTER_BOUND('',#621,.T.);
#376=FACE_OUTER_BOUND('',#622,.T.);
#377=FACE_OUTER_BOUND('',#623,.T.);
#378=FACE_OUTER_BOUND('',#624,.T.);
#379=FACE_OUTER_BOUND('',#625,.T.);
#380=FACE_OUTER_BOUND('',#626,.T.);
#381=FACE_OUTER_BOUND('',#627,.T.);
#382=FACE_OUTER_BOUND('',#628,.T.);
#383=FACE_OUTER_BOUND('',#629,.T.);
#384=FACE_OUTER_BOUND('',#630,.T.);
#385=FACE_OUTER_BOUND('',#631,.T.);
#386=FACE_OUTER_BOUND('',#632,.T.);
#387=FACE_OUTER_BOUND('',#633,.T.);
#388=FACE_OUTER_BOUND('',#634,.T.);
#389=FACE_OUTER_BOUND('',#635,.T.);
#390=FACE_OUTER_BOUND('',#636,.T.);
#391=FACE_OUTER_BOUND('',#637,.T.);
#392=FACE_OUTER_BOUND('',#638,.T.);
#393=FACE_OUTER_BOUND('',#639,.T.);
#394=FACE_OUTER_BOUND('',#640,.T.);
#395=FACE_OUTER_BOUND('',#641,.T.);
#396=FACE_OUTER_BOUND('',#642,.T.);
#397=FACE_OUTER_BOUND('',#643,.T.);
#398=FACE_OUTER_BOUND('',#644,.T.);
#399=FACE_OUTER_BOUND('',#645,.T.);
#400=FACE_OUTER_BOUND('',#646,.T.);
#401=FACE_OUTER_BOUND('',#647,.T.);
#402=FACE_OUTER_BOUND('',#648,.T.);
#403=FACE_OUTER_BOUND('',#649,.T.);
#404=FACE_OUTER_BOUND('',#650,.T.);
#405=FACE_OUTER_BOUND('',#651,.T.);
#406=FACE_OUTER_BOUND('',#652,.T.);
#407=FACE_OUTER_BOUND('',#653,.T.);
#408=FACE_OUTER_BOUND('',#654,.T.);
#409=FACE_OUTER_BOUND('',#655,.T.);
#410=FACE_OUTER_BOUND('',#656,.T.);
#411=FACE_OUTER_BOUND('',#657,.T.);
#412=FACE_OUTER_BOUND('',#658,.T.);
#413=FACE_OUTER_BOUND('',#659,.T.);
#414=FACE_OUTER_BOUND('',#660,.T.);
#415=FACE_OUTER_BOUND('',#661,.T.);
#416=FACE_OUTER_BOUND('',#662,.T.);
#417=FACE_OUTER_BOUND('',#663,.T.);
#418=FACE_OUTER_BOUND('',#664,.T.);
#419=FACE_OUTER_BOUND('',#665,.T.);
#420=FACE_OUTER_BOUND('',#666,.T.);
#421=FACE_OUTER_BOUND('',#667,.T.);
#422=FACE_OUTER_BOUND('',#668,.T.);
#423=FACE_OUTER_BOUND('',#669,.T.);
#424=FACE_OUTER_BOUND('',#670,.T.);
#425=EDGE_LOOP('',(#2594,#2595,#2596,#2597));
#426=EDGE_LOOP('',(#2598,#2599,#2600,#2601));
#427=EDGE_LOOP('',(#2602,#2603,#2604,#2605));
#428=EDGE_LOOP('',(#2606,#2607,#2608,#2609));
#429=EDGE_LOOP('',(#2610,#2611,#2612,#2613));
#430=EDGE_LOOP('',(#2614,#2615,#2616,#2617));
#431=EDGE_LOOP('',(#2618,#2619,#2620,#2621));
#432=EDGE_LOOP('',(#2622,#2623,#2624,#2625));
#433=EDGE_LOOP('',(#2626,#2627,#2628,#2629));
#434=EDGE_LOOP('',(#2630,#2631,#2632,#2633));
#435=EDGE_LOOP('',(#2634,#2635,#2636,#2637,#2638,#2639,#2640,#2641,#2642,
#2643,#2644,#2645,#2646,#2647,#2648,#2649,#2650,#2651,#2652,#2653,#2654,
#2655,#2656,#2657,#2658,#2659,#2660));
#436=EDGE_LOOP('',(#2661,#2662,#2663,#2664));
#437=EDGE_LOOP('',(#2665,#2666,#2667,#2668));
#438=EDGE_LOOP('',(#2669,#2670,#2671,#2672));
#439=EDGE_LOOP('',(#2673,#2674,#2675,#2676));
#440=EDGE_LOOP('',(#2677,#2678,#2679,#2680));
#441=EDGE_LOOP('',(#2681,#2682,#2683,#2684));
#442=EDGE_LOOP('',(#2685,#2686,#2687,#2688));
#443=EDGE_LOOP('',(#2689,#2690,#2691,#2692));
#444=EDGE_LOOP('',(#2693,#2694,#2695,#2696));
#445=EDGE_LOOP('',(#2697,#2698,#2699,#2700));
#446=EDGE_LOOP('',(#2701,#2702,#2703,#2704));
#447=EDGE_LOOP('',(#2705,#2706,#2707,#2708));
#448=EDGE_LOOP('',(#2709,#2710,#2711,#2712));
#449=EDGE_LOOP('',(#2713,#2714,#2715,#2716));
#450=EDGE_LOOP('',(#2717,#2718,#2719,#2720));
#451=EDGE_LOOP('',(#2721,#2722,#2723,#2724));
#452=EDGE_LOOP('',(#2725,#2726,#2727,#2728));
#453=EDGE_LOOP('',(#2729,#2730,#2731,#2732));
#454=EDGE_LOOP('',(#2733,#2734,#2735,#2736));
#455=EDGE_LOOP('',(#2737,#2738,#2739,#2740));
#456=EDGE_LOOP('',(#2741,#2742,#2743,#2744));
#457=EDGE_LOOP('',(#2745,#2746,#2747,#2748));
#458=EDGE_LOOP('',(#2749,#2750,#2751,#2752));
#459=EDGE_LOOP('',(#2753,#2754,#2755,#2756));
#460=EDGE_LOOP('',(#2757,#2758,#2759,#2760));
#461=EDGE_LOOP('',(#2761,#2762,#2763,#2764));
#462=EDGE_LOOP('',(#2765,#2766,#2767,#2768));
#463=EDGE_LOOP('',(#2769,#2770,#2771,#2772));
#464=EDGE_LOOP('',(#2773,#2774,#2775,#2776));
#465=EDGE_LOOP('',(#2777,#2778,#2779,#2780));
#466=EDGE_LOOP('',(#2781,#2782,#2783,#2784));
#467=EDGE_LOOP('',(#2785,#2786,#2787,#2788));
#468=EDGE_LOOP('',(#2789,#2790,#2791,#2792));
#469=EDGE_LOOP('',(#2793,#2794,#2795,#2796));
#470=EDGE_LOOP('',(#2797,#2798,#2799,#2800));
#471=EDGE_LOOP('',(#2801,#2802,#2803,#2804,#2805,#2806,#2807,#2808));
#472=EDGE_LOOP('',(#2809,#2810,#2811,#2812));
#473=EDGE_LOOP('',(#2813,#2814,#2815,#2816));
#474=EDGE_LOOP('',(#2817,#2818,#2819,#2820));
#475=EDGE_LOOP('',(#2821,#2822,#2823,#2824));
#476=EDGE_LOOP('',(#2825,#2826,#2827,#2828));
#477=EDGE_LOOP('',(#2829,#2830,#2831,#2832));
#478=EDGE_LOOP('',(#2833,#2834,#2835,#2836));
#479=EDGE_LOOP('',(#2837,#2838,#2839,#2840));
#480=EDGE_LOOP('',(#2841,#2842,#2843,#2844));
#481=EDGE_LOOP('',(#2845,#2846,#2847,#2848,#2849,#2850,#2851,#2852));
#482=EDGE_LOOP('',(#2853,#2854,#2855,#2856));
#483=EDGE_LOOP('',(#2857,#2858,#2859,#2860));
#484=EDGE_LOOP('',(#2861,#2862,#2863,#2864));
#485=EDGE_LOOP('',(#2865,#2866,#2867,#2868));
#486=EDGE_LOOP('',(#2869,#2870,#2871,#2872,#2873,#2874,#2875,#2876,#2877,
#2878,#2879,#2880,#2881,#2882,#2883,#2884,#2885,#2886,#2887,#2888,#2889,
#2890,#2891,#2892,#2893,#2894,#2895,#2896,#2897,#2898,#2899,#2900,#2901,
#2902,#2903,#2904,#2905,#2906,#2907,#2908,#2909,#2910,#2911,#2912,#2913,
#2914,#2915,#2916,#2917,#2918,#2919,#2920,#2921,#2922,#2923,#2924,#2925,
#2926,#2927,#2928,#2929,#2930,#2931,#2932,#2933,#2934,#2935,#2936,#2937,
#2938));
#487=EDGE_LOOP('',(#2939));
#488=EDGE_LOOP('',(#2940));
#489=EDGE_LOOP('',(#2941));
#490=EDGE_LOOP('',(#2942));
#491=EDGE_LOOP('',(#2943));
#492=EDGE_LOOP('',(#2944));
#493=EDGE_LOOP('',(#2945));
#494=EDGE_LOOP('',(#2946));
#495=EDGE_LOOP('',(#2947));
#496=EDGE_LOOP('',(#2948));
#497=EDGE_LOOP('',(#2949));
#498=EDGE_LOOP('',(#2950,#2951,#2952,#2953));
#499=EDGE_LOOP('',(#2954,#2955,#2956,#2957,#2958,#2959,#2960,#2961));
#500=EDGE_LOOP('',(#2962,#2963,#2964,#2965));
#501=EDGE_LOOP('',(#2966,#2967,#2968,#2969,#2970,#2971,#2972,#2973));
#502=EDGE_LOOP('',(#2974,#2975,#2976,#2977));
#503=EDGE_LOOP('',(#2978,#2979,#2980,#2981));
#504=EDGE_LOOP('',(#2982,#2983,#2984,#2985,#2986,#2987));
#505=EDGE_LOOP('',(#2988,#2989,#2990,#2991));
#506=EDGE_LOOP('',(#2992,#2993,#2994,#2995));
#507=EDGE_LOOP('',(#2996,#2997,#2998,#2999));
#508=EDGE_LOOP('',(#3000,#3001,#3002,#3003,#3004,#3005));
#509=EDGE_LOOP('',(#3006,#3007,#3008,#3009));
#510=EDGE_LOOP('',(#3010,#3011,#3012,#3013,#3014));
#511=EDGE_LOOP('',(#3015,#3016,#3017,#3018,#3019));
#512=EDGE_LOOP('',(#3020,#3021,#3022,#3023));
#513=EDGE_LOOP('',(#3024,#3025,#3026,#3027,#3028));
#514=EDGE_LOOP('',(#3029,#3030,#3031,#3032));
#515=EDGE_LOOP('',(#3033,#3034,#3035,#3036));
#516=EDGE_LOOP('',(#3037,#3038,#3039,#3040));
#517=EDGE_LOOP('',(#3041,#3042,#3043,#3044));
#518=EDGE_LOOP('',(#3045,#3046,#3047,#3048,#3049,#3050));
#519=EDGE_LOOP('',(#3051,#3052,#3053,#3054));
#520=EDGE_LOOP('',(#3055,#3056,#3057,#3058));
#521=EDGE_LOOP('',(#3059,#3060,#3061,#3062));
#522=EDGE_LOOP('',(#3063,#3064,#3065,#3066));
#523=EDGE_LOOP('',(#3067,#3068,#3069,#3070,#3071));
#524=EDGE_LOOP('',(#3072,#3073,#3074,#3075));
#525=EDGE_LOOP('',(#3076,#3077,#3078,#3079,#3080));
#526=EDGE_LOOP('',(#3081,#3082,#3083,#3084,#3085));
#527=EDGE_LOOP('',(#3086,#3087,#3088,#3089,#3090));
#528=EDGE_LOOP('',(#3091,#3092,#3093,#3094));
#529=EDGE_LOOP('',(#3095,#3096,#3097,#3098,#3099,#3100));
#530=EDGE_LOOP('',(#3101,#3102,#3103,#3104));
#531=EDGE_LOOP('',(#3105,#3106,#3107,#3108));
#532=EDGE_LOOP('',(#3109,#3110,#3111,#3112,#3113,#3114));
#533=EDGE_LOOP('',(#3115,#3116,#3117,#3118));
#534=EDGE_LOOP('',(#3119,#3120,#3121,#3122,#3123,#3124));
#535=EDGE_LOOP('',(#3125,#3126,#3127,#3128));
#536=EDGE_LOOP('',(#3129,#3130,#3131,#3132,#3133));
#537=EDGE_LOOP('',(#3134,#3135,#3136,#3137,#3138));
#538=EDGE_LOOP('',(#3139,#3140,#3141,#3142));
#539=EDGE_LOOP('',(#3143,#3144,#3145,#3146,#3147));
#540=EDGE_LOOP('',(#3148,#3149,#3150,#3151));
#541=EDGE_LOOP('',(#3152,#3153,#3154,#3155,#3156,#3157));
#542=EDGE_LOOP('',(#3158,#3159,#3160,#3161));
#543=EDGE_LOOP('',(#3162,#3163,#3164,#3165));
#544=EDGE_LOOP('',(#3166,#3167,#3168,#3169));
#545=EDGE_LOOP('',(#3170,#3171,#3172,#3173,#3174));
#546=EDGE_LOOP('',(#3175,#3176,#3177,#3178));
#547=EDGE_LOOP('',(#3179,#3180,#3181,#3182,#3183));
#548=EDGE_LOOP('',(#3184,#3185,#3186,#3187));
#549=EDGE_LOOP('',(#3188,#3189,#3190,#3191,#3192));
#550=EDGE_LOOP('',(#3193,#3194,#3195,#3196));
#551=EDGE_LOOP('',(#3197,#3198,#3199,#3200));
#552=EDGE_LOOP('',(#3201,#3202,#3203,#3204));
#553=EDGE_LOOP('',(#3205,#3206,#3207,#3208,#3209,#3210,#3211));
#554=EDGE_LOOP('',(#3212,#3213,#3214,#3215,#3216,#3217,#3218,#3219,#3220,
#3221,#3222,#3223));
#555=EDGE_LOOP('',(#3224,#3225,#3226));
#556=EDGE_LOOP('',(#3227,#3228,#3229));
#557=EDGE_LOOP('',(#3230,#3231,#3232,#3233));
#558=EDGE_LOOP('',(#3234,#3235,#3236,#3237,#3238,#3239,#3240,#3241,#3242,
#3243,#3244,#3245,#3246,#3247,#3248,#3249,#3250,#3251,#3252,#3253,#3254,
#3255,#3256,#3257,#3258,#3259,#3260,#3261,#3262,#3263,#3264,#3265,#3266,
#3267,#3268,#3269,#3270,#3271,#3272,#3273,#3274,#3275,#3276,#3277,#3278,
#3279,#3280,#3281,#3282,#3283,#3284,#3285,#3286,#3287,#3288,#3289,#3290,
#3291,#3292,#3293,#3294,#3295));
#559=EDGE_LOOP('',(#3296,#3297,#3298,#3299,#3300,#3301,#3302,#3303));
#560=EDGE_LOOP('',(#3304,#3305,#3306,#3307,#3308,#3309,#3310,#3311));
#561=EDGE_LOOP('',(#3312,#3313,#3314,#3315,#3316,#3317,#3318));
#562=EDGE_LOOP('',(#3319,#3320,#3321,#3322));
#563=EDGE_LOOP('',(#3323,#3324,#3325,#3326));
#564=EDGE_LOOP('',(#3327,#3328,#3329,#3330));
#565=EDGE_LOOP('',(#3331,#3332,#3333,#3334,#3335));
#566=EDGE_LOOP('',(#3336,#3337,#3338,#3339));
#567=EDGE_LOOP('',(#3340,#3341,#3342,#3343,#3344,#3345,#3346,#3347,#3348,
#3349,#3350,#3351,#3352,#3353,#3354,#3355));
#568=EDGE_LOOP('',(#3356,#3357,#3358,#3359,#3360,#3361,#3362));
#569=EDGE_LOOP('',(#3363,#3364,#3365,#3366,#3367,#3368,#3369));
#570=EDGE_LOOP('',(#3370,#3371,#3372,#3373,#3374,#3375,#3376,#3377,#3378,
#3379,#3380,#3381,#3382,#3383,#3384,#3385));
#571=EDGE_LOOP('',(#3386,#3387,#3388,#3389,#3390,#3391,#3392,#3393,#3394,
#3395));
#572=EDGE_LOOP('',(#3396,#3397,#3398,#3399,#3400,#3401));
#573=EDGE_LOOP('',(#3402,#3403,#3404,#3405,#3406,#3407));
#574=EDGE_LOOP('',(#3408,#3409,#3410,#3411));
#575=EDGE_LOOP('',(#3412,#3413,#3414,#3415));
#576=EDGE_LOOP('',(#3416,#3417,#3418,#3419));
#577=EDGE_LOOP('',(#3420,#3421,#3422,#3423,#3424,#3425,#3426,#3427));
#578=EDGE_LOOP('',(#3428,#3429,#3430,#3431));
#579=EDGE_LOOP('',(#3432,#3433,#3434,#3435));
#580=EDGE_LOOP('',(#3436,#3437,#3438,#3439));
#581=EDGE_LOOP('',(#3440,#3441,#3442,#3443));
#582=EDGE_LOOP('',(#3444,#3445,#3446,#3447));
#583=EDGE_LOOP('',(#3448,#3449,#3450,#3451));
#584=EDGE_LOOP('',(#3452,#3453,#3454,#3455));
#585=EDGE_LOOP('',(#3456,#3457,#3458,#3459));
#586=EDGE_LOOP('',(#3460,#3461,#3462,#3463));
#587=EDGE_LOOP('',(#3464,#3465,#3466,#3467,#3468,#3469,#3470,#3471));
#588=EDGE_LOOP('',(#3472,#3473,#3474,#3475));
#589=EDGE_LOOP('',(#3476,#3477,#3478,#3479));
#590=EDGE_LOOP('',(#3480,#3481,#3482,#3483));
#591=EDGE_LOOP('',(#3484,#3485,#3486,#3487));
#592=EDGE_LOOP('',(#3488,#3489,#3490,#3491));
#593=EDGE_LOOP('',(#3492,#3493,#3494,#3495));
#594=EDGE_LOOP('',(#3496,#3497,#3498,#3499));
#595=EDGE_LOOP('',(#3500,#3501,#3502,#3503));
#596=EDGE_LOOP('',(#3504,#3505,#3506,#3507,#3508,#3509));
#597=EDGE_LOOP('',(#3510,#3511,#3512,#3513));
#598=EDGE_LOOP('',(#3514,#3515,#3516,#3517));
#599=EDGE_LOOP('',(#3518,#3519,#3520,#3521));
#600=EDGE_LOOP('',(#3522,#3523,#3524,#3525));
#601=EDGE_LOOP('',(#3526,#3527,#3528,#3529));
#602=EDGE_LOOP('',(#3530,#3531,#3532,#3533));
#603=EDGE_LOOP('',(#3534,#3535,#3536,#3537));
#604=EDGE_LOOP('',(#3538,#3539,#3540,#3541));
#605=EDGE_LOOP('',(#3542,#3543,#3544,#3545,#3546,#3547));
#606=EDGE_LOOP('',(#3548,#3549,#3550,#3551));
#607=EDGE_LOOP('',(#3552,#3553,#3554,#3555));
#608=EDGE_LOOP('',(#3556,#3557,#3558,#3559));
#609=EDGE_LOOP('',(#3560,#3561,#3562,#3563));
#610=EDGE_LOOP('',(#3564,#3565,#3566,#3567));
#611=EDGE_LOOP('',(#3568,#3569,#3570,#3571));
#612=EDGE_LOOP('',(#3572,#3573,#3574,#3575));
#613=EDGE_LOOP('',(#3576,#3577,#3578,#3579));
#614=EDGE_LOOP('',(#3580,#3581,#3582,#3583,#3584,#3585,#3586,#3587));
#615=EDGE_LOOP('',(#3588,#3589,#3590,#3591));
#616=EDGE_LOOP('',(#3592,#3593,#3594,#3595));
#617=EDGE_LOOP('',(#3596,#3597,#3598,#3599));
#618=EDGE_LOOP('',(#3600,#3601,#3602,#3603));
#619=EDGE_LOOP('',(#3604,#3605,#3606,#3607));
#620=EDGE_LOOP('',(#3608,#3609,#3610,#3611));
#621=EDGE_LOOP('',(#3612,#3613,#3614,#3615));
#622=EDGE_LOOP('',(#3616,#3617,#3618,#3619));
#623=EDGE_LOOP('',(#3620,#3621,#3622,#3623));
#624=EDGE_LOOP('',(#3624,#3625,#3626,#3627,#3628,#3629,#3630,#3631));
#625=EDGE_LOOP('',(#3632,#3633,#3634,#3635));
#626=EDGE_LOOP('',(#3636,#3637,#3638,#3639));
#627=EDGE_LOOP('',(#3640,#3641,#3642,#3643));
#628=EDGE_LOOP('',(#3644,#3645,#3646,#3647));
#629=EDGE_LOOP('',(#3648,#3649,#3650,#3651,#3652,#3653));
#630=EDGE_LOOP('',(#3654,#3655,#3656,#3657,#3658));
#631=EDGE_LOOP('',(#3659,#3660,#3661,#3662,#3663,#3664,#3665,#3666,#3667,
#3668));
#632=EDGE_LOOP('',(#3669,#3670,#3671,#3672,#3673,#3674));
#633=EDGE_LOOP('',(#3675,#3676,#3677,#3678,#3679));
#634=EDGE_LOOP('',(#3680,#3681,#3682,#3683));
#635=EDGE_LOOP('',(#3684,#3685,#3686,#3687));
#636=EDGE_LOOP('',(#3688,#3689,#3690,#3691));
#637=EDGE_LOOP('',(#3692,#3693,#3694,#3695));
#638=EDGE_LOOP('',(#3696,#3697,#3698,#3699));
#639=EDGE_LOOP('',(#3700,#3701,#3702,#3703));
#640=EDGE_LOOP('',(#3704,#3705,#3706,#3707));
#641=EDGE_LOOP('',(#3708,#3709,#3710,#3711));
#642=EDGE_LOOP('',(#3712,#3713,#3714,#3715));
#643=EDGE_LOOP('',(#3716,#3717,#3718,#3719));
#644=EDGE_LOOP('',(#3720,#3721,#3722,#3723));
#645=EDGE_LOOP('',(#3724,#3725,#3726,#3727));
#646=EDGE_LOOP('',(#3728,#3729,#3730,#3731));
#647=EDGE_LOOP('',(#3732,#3733,#3734,#3735));
#648=EDGE_LOOP('',(#3736,#3737,#3738));
#649=EDGE_LOOP('',(#3739,#3740,#3741,#3742));
#650=EDGE_LOOP('',(#3743));
#651=EDGE_LOOP('',(#3744,#3745,#3746,#3747));
#652=EDGE_LOOP('',(#3748));
#653=EDGE_LOOP('',(#3749,#3750,#3751,#3752));
#654=EDGE_LOOP('',(#3753));
#655=EDGE_LOOP('',(#3754,#3755,#3756,#3757));
#656=EDGE_LOOP('',(#3758));
#657=EDGE_LOOP('',(#3759,#3760,#3761,#3762));
#658=EDGE_LOOP('',(#3763));
#659=EDGE_LOOP('',(#3764,#3765,#3766,#3767));
#660=EDGE_LOOP('',(#3768));
#661=EDGE_LOOP('',(#3769,#3770,#3771,#3772));
#662=EDGE_LOOP('',(#3773));
#663=EDGE_LOOP('',(#3774,#3775,#3776,#3777));
#664=EDGE_LOOP('',(#3778));
#665=EDGE_LOOP('',(#3779,#3780,#3781,#3782));
#666=EDGE_LOOP('',(#3783));
#667=EDGE_LOOP('',(#3784,#3785,#3786,#3787));
#668=EDGE_LOOP('',(#3788));
#669=EDGE_LOOP('',(#3789,#3790,#3791,#3792));
#670=EDGE_LOOP('',(#3793));
#671=LINE('',#5797,#1054);
#672=LINE('',#5800,#1055);
#673=LINE('',#5806,#1056);
#674=LINE('',#5809,#1057);
#675=LINE('',#5815,#1058);
#676=LINE('',#5818,#1059);
#677=LINE('',#5824,#1060);
#678=LINE('',#5827,#1061);
#679=LINE('',#5831,#1062);
#680=LINE('',#5833,#1063);
#681=LINE('',#5835,#1064);
#682=LINE('',#5836,#1065);
#683=LINE('',#5840,#1066);
#684=LINE('',#5846,#1067);
#685=LINE('',#5847,#1068);
#686=LINE('',#5848,#1069);
#687=LINE('',#5853,#1070);
#688=LINE('',#5854,#1071);
#689=LINE('',#5856,#1072);
#690=LINE('',#5862,#1073);
#691=LINE('',#5864,#1074);
#692=LINE('',#5868,#1075);
#693=LINE('',#5870,#1076);
#694=LINE('',#5872,#1077);
#695=LINE('',#5874,#1078);
#696=LINE('',#5878,#1079);
#697=LINE('',#5880,#1080);
#698=LINE('',#5884,#1081);
#699=LINE('',#5888,#1082);
#700=LINE('',#5892,#1083);
#701=LINE('',#5896,#1084);
#702=LINE('',#5898,#1085);
#703=LINE('',#5900,#1086);
#704=LINE('',#5904,#1087);
#705=LINE('',#5908,#1088);
#706=LINE('',#5911,#1089);
#707=LINE('',#5916,#1090);
#708=LINE('',#5919,#1091);
#709=LINE('',#5922,#1092);
#710=LINE('',#5926,#1093);
#711=LINE('',#5930,#1094);
#712=LINE('',#5934,#1095);
#713=LINE('',#5937,#1096);
#714=LINE('',#5941,#1097);
#715=LINE('',#5943,#1098);
#716=LINE('',#5947,#1099);
#717=LINE('',#5948,#1100);
#718=LINE('',#5951,#1101);
#719=LINE('',#5954,#1102);
#720=LINE('',#5956,#1103);
#721=LINE('',#5957,#1104);
#722=LINE('',#5959,#1105);
#723=LINE('',#5961,#1106);
#724=LINE('',#5965,#1107);
#725=LINE('',#5967,#1108);
#726=LINE('',#5968,#1109);
#727=LINE('',#5971,#1110);
#728=LINE('',#5975,#1111);
#729=LINE('',#5976,#1112);
#730=LINE('',#5980,#1113);
#731=LINE('',#5981,#1114);
#732=LINE('',#5983,#1115);
#733=LINE('',#5985,#1116);
#734=LINE('',#5989,#1117);
#735=LINE('',#5991,#1118);
#736=LINE('',#5992,#1119);
#737=LINE('',#5995,#1120);
#738=LINE('',#5999,#1121);
#739=LINE('',#6000,#1122);
#740=LINE('',#6004,#1123);
#741=LINE('',#6005,#1124);
#742=LINE('',#6007,#1125);
#743=LINE('',#6009,#1126);
#744=LINE('',#6016,#1127);
#745=LINE('',#6019,#1128);
#746=LINE('',#6022,#1129);
#747=LINE('',#6024,#1130);
#748=LINE('',#6025,#1131);
#749=LINE('',#6031,#1132);
#750=LINE('',#6034,#1133);
#751=LINE('',#6037,#1134);
#752=LINE('',#6039,#1135);
#753=LINE('',#6040,#1136);
#754=LINE('',#6046,#1137);
#755=LINE('',#6049,#1138);
#756=LINE('',#6051,#1139);
#757=LINE('',#6053,#1140);
#758=LINE('',#6057,#1141);
#759=LINE('',#6061,#1142);
#760=LINE('',#6062,#1143);
#761=LINE('',#6066,#1144);
#762=LINE('',#6069,#1145);
#763=LINE('',#6076,#1146);
#764=LINE('',#6079,#1147);
#765=LINE('',#6081,#1148);
#766=LINE('',#6082,#1149);
#767=LINE('',#6088,#1150);
#768=LINE('',#6091,#1151);
#769=LINE('',#6093,#1152);
#770=LINE('',#6094,#1153);
#771=LINE('',#6100,#1154);
#772=LINE('',#6102,#1155);
#773=LINE('',#6103,#1156);
#774=LINE('',#6106,#1157);
#775=LINE('',#6108,#1158);
#776=LINE('',#6114,#1159);
#777=LINE('',#6117,#1160);
#778=LINE('',#6122,#1161);
#779=LINE('',#6126,#1162);
#780=LINE('',#6130,#1163);
#781=LINE('',#6134,#1164);
#782=LINE('',#6138,#1165);
#783=LINE('',#6142,#1166);
#784=LINE('',#6144,#1167);
#785=LINE('',#6146,#1168);
#786=LINE('',#6148,#1169);
#787=LINE('',#6152,#1170);
#788=LINE('',#6156,#1171);
#789=LINE('',#6160,#1172);
#790=LINE('',#6164,#1173);
#791=LINE('',#6170,#1174);
#792=LINE('',#6174,#1175);
#793=LINE('',#6178,#1176);
#794=LINE('',#6182,#1177);
#795=LINE('',#6184,#1178);
#796=LINE('',#6186,#1179);
#797=LINE('',#6190,#1180);
#798=LINE('',#6194,#1181);
#799=LINE('',#6198,#1182);
#800=LINE('',#6202,#1183);
#801=LINE('',#6206,#1184);
#802=LINE('',#6208,#1185);
#803=LINE('',#6212,#1186);
#804=LINE('',#6214,#1187);
#805=LINE('',#6216,#1188);
#806=LINE('',#6218,#1189);
#807=LINE('',#6222,#1190);
#808=LINE('',#6224,#1191);
#809=LINE('',#6228,#1192);
#810=LINE('',#6232,#1193);
#811=LINE('',#6236,#1194);
#812=LINE('',#6240,#1195);
#813=LINE('',#6244,#1196);
#814=LINE('',#6246,#1197);
#815=LINE('',#6248,#1198);
#816=LINE('',#6252,#1199);
#817=LINE('',#6256,#1200);
#818=LINE('',#6259,#1201);
#819=LINE('',#6284,#1202);
#820=LINE('',#6287,#1203);
#821=LINE('',#6290,#1204);
#822=LINE('',#6292,#1205);
#823=LINE('',#6294,#1206);
#824=LINE('',#6296,#1207);
#825=LINE('',#6298,#1208);
#826=LINE('',#6299,#1209);
#827=LINE('',#6302,#1210);
#828=LINE('',#6305,#1211);
#829=LINE('',#6308,#1212);
#830=LINE('',#6310,#1213);
#831=LINE('',#6312,#1214);
#832=LINE('',#6314,#1215);
#833=LINE('',#6316,#1216);
#834=LINE('',#6317,#1217);
#835=LINE('',#6320,#1218);
#836=LINE('',#6323,#1219);
#837=LINE('',#6327,#1220);
#838=LINE('',#6334,#1221);
#839=LINE('',#6392,#1222);
#840=LINE('',#6435,#1223);
#841=LINE('',#6543,#1224);
#842=LINE('',#6631,#1225);
#843=LINE('',#6686,#1226);
#844=LINE('',#6791,#1227);
#845=LINE('',#6799,#1228);
#846=LINE('',#6829,#1229);
#847=LINE('',#6832,#1230);
#848=LINE('',#6836,#1231);
#849=LINE('',#6844,#1232);
#850=LINE('',#6875,#1233);
#851=LINE('',#6928,#1234);
#852=LINE('',#7037,#1235);
#853=LINE('',#7043,#1236);
#854=LINE('',#7130,#1237);
#855=LINE('',#7133,#1238);
#856=LINE('',#7138,#1239);
#857=LINE('',#7229,#1240);
#858=LINE('',#7230,#1241);
#859=LINE('',#7232,#1242);
#860=LINE('',#7234,#1243);
#861=LINE('',#7236,#1244);
#862=LINE('',#7238,#1245);
#863=LINE('',#7240,#1246);
#864=LINE('',#7242,#1247);
#865=LINE('',#7244,#1248);
#866=LINE('',#7246,#1249);
#867=LINE('',#7248,#1250);
#868=LINE('',#7250,#1251);
#869=LINE('',#7252,#1252);
#870=LINE('',#7254,#1253);
#871=LINE('',#7255,#1254);
#872=LINE('',#7257,#1255);
#873=LINE('',#7259,#1256);
#874=LINE('',#7261,#1257);
#875=LINE('',#7263,#1258);
#876=LINE('',#7266,#1259);
#877=LINE('',#7267,#1260);
#878=LINE('',#7269,#1261);
#879=LINE('',#7271,#1262);
#880=LINE('',#7274,#1263);
#881=LINE('',#7276,#1264);
#882=LINE('',#7277,#1265);
#883=LINE('',#7280,#1266);
#884=LINE('',#7282,#1267);
#885=LINE('',#7283,#1268);
#886=LINE('',#7284,#1269);
#887=LINE('',#7287,#1270);
#888=LINE('',#7289,#1271);
#889=LINE('',#7290,#1272);
#890=LINE('',#7292,#1273);
#891=LINE('',#7293,#1274);
#892=LINE('',#7295,#1275);
#893=LINE('',#7296,#1276);
#894=LINE('',#7299,#1277);
#895=LINE('',#7305,#1278);
#896=LINE('',#7306,#1279);
#897=LINE('',#7312,#1280);
#898=LINE('',#7320,#1281);
#899=LINE('',#7322,#1282);
#900=LINE('',#7326,#1283);
#901=LINE('',#7330,#1284);
#902=LINE('',#7334,#1285);
#903=LINE('',#7336,#1286);
#904=LINE('',#7339,#1287);
#905=LINE('',#7343,#1288);
#906=LINE('',#7345,#1289);
#907=LINE('',#7349,#1290);
#908=LINE('',#7353,#1291);
#909=LINE('',#7355,#1292);
#910=LINE('',#7359,#1293);
#911=LINE('',#7363,#1294);
#912=LINE('',#7365,#1295);
#913=LINE('',#7369,#1296);
#914=LINE('',#7373,#1297);
#915=LINE('',#7375,#1298);
#916=LINE('',#7378,#1299);
#917=LINE('',#7382,#1300);
#918=LINE('',#7384,#1301);
#919=LINE('',#7388,#1302);
#920=LINE('',#7392,#1303);
#921=LINE('',#7396,#1304);
#922=LINE('',#7398,#1305);
#923=LINE('',#7406,#1306);
#924=LINE('',#7410,#1307);
#925=LINE('',#7413,#1308);
#926=LINE('',#7415,#1309);
#927=LINE('',#7418,#1310);
#928=LINE('',#7420,#1311);
#929=LINE('',#7422,#1312);
#930=LINE('',#7432,#1313);
#931=LINE('',#7435,#1314);
#932=LINE('',#7437,#1315);
#933=LINE('',#7441,#1316);
#934=LINE('',#7449,#1317);
#935=LINE('',#7451,#1318);
#936=LINE('',#7454,#1319);
#937=LINE('',#7459,#1320);
#938=LINE('',#7463,#1321);
#939=LINE('',#7465,#1322);
#940=LINE('',#7472,#1323);
#941=LINE('',#7477,#1324);
#942=LINE('',#7478,#1325);
#943=LINE('',#7482,#1326);
#944=LINE('',#7485,#1327);
#945=LINE('',#7487,#1328);
#946=LINE('',#7491,#1329);
#947=LINE('',#7495,#1330);
#948=LINE('',#7499,#1331);
#949=LINE('',#7501,#1332);
#950=LINE('',#7509,#1333);
#951=LINE('',#7513,#1334);
#952=LINE('',#7517,#1335);
#953=LINE('',#7519,#1336);
#954=LINE('',#7522,#1337);
#955=LINE('',#7528,#1338);
#956=LINE('',#7530,#1339);
#957=LINE('',#7534,#1340);
#958=LINE('',#7535,#1341);
#959=LINE('',#7539,#1342);
#960=LINE('',#7541,#1343);
#961=LINE('',#7545,#1344);
#962=LINE('',#7547,#1345);
#963=LINE('',#7550,#1346);
#964=LINE('',#7551,#1347);
#965=LINE('',#7553,#1348);
#966=LINE('',#7555,#1349);
#967=LINE('',#7557,#1350);
#968=LINE('',#7559,#1351);
#969=LINE('',#7561,#1352);
#970=LINE('',#7562,#1353);
#971=LINE('',#7566,#1354);
#972=LINE('',#7569,#1355);
#973=LINE('',#7570,#1356);
#974=LINE('',#7573,#1357);
#975=LINE('',#7574,#1358);
#976=LINE('',#7578,#1359);
#977=LINE('',#7580,#1360);
#978=LINE('',#7582,#1361);
#979=LINE('',#7584,#1362);
#980=LINE('',#7586,#1363);
#981=LINE('',#7588,#1364);
#982=LINE('',#7590,#1365);
#983=LINE('',#7591,#1366);
#984=LINE('',#7592,#1367);
#985=LINE('',#7594,#1368);
#986=LINE('',#7596,#1369);
#987=LINE('',#7598,#1370);
#988=LINE('',#7600,#1371);
#989=LINE('',#7602,#1372);
#990=LINE('',#7604,#1373);
#991=LINE('',#7606,#1374);
#992=LINE('',#7608,#1375);
#993=LINE('',#7610,#1376);
#994=LINE('',#7611,#1377);
#995=LINE('',#7613,#1378);
#996=LINE('',#7615,#1379);
#997=LINE('',#7617,#1380);
#998=LINE('',#7620,#1381);
#999=LINE('',#7622,#1382);
#1000=LINE('',#7624,#1383);
#1001=LINE('',#7626,#1384);
#1002=LINE('',#7628,#1385);
#1003=LINE('',#7629,#1386);
#1004=LINE('',#7631,#1387);
#1005=LINE('',#7633,#1388);
#1006=LINE('',#7635,#1389);
#1007=LINE('',#7637,#1390);
#1008=LINE('',#7639,#1391);
#1009=LINE('',#7641,#1392);
#1010=LINE('',#7643,#1393);
#1011=LINE('',#7645,#1394);
#1012=LINE('',#7647,#1395);
#1013=LINE('',#7648,#1396);
#1014=LINE('',#7649,#1397);
#1015=LINE('',#7651,#1398);
#1016=LINE('',#7653,#1399);
#1017=LINE('',#7655,#1400);
#1018=LINE('',#7658,#1401);
#1019=LINE('',#7660,#1402);
#1020=LINE('',#7662,#1403);
#1021=LINE('',#7664,#1404);
#1022=LINE('',#7666,#1405);
#1023=LINE('',#7668,#1406);
#1024=LINE('',#7669,#1407);
#1025=LINE('',#7670,#1408);
#1026=LINE('',#7672,#1409);
#1027=LINE('',#7674,#1410);
#1028=LINE('',#7676,#1411);
#1029=LINE('',#7678,#1412);
#1030=LINE('',#7681,#1413);
#1031=LINE('',#7683,#1414);
#1032=LINE('',#7685,#1415);
#1033=LINE('',#7686,#1416);
#1034=LINE('',#7692,#1417);
#1035=LINE('',#7694,#1418);
#1036=LINE('',#7695,#1419);
#1037=LINE('',#7698,#1420);
#1038=LINE('',#7702,#1421);
#1039=LINE('',#7705,#1422);
#1040=LINE('',#7708,#1423);
#1041=LINE('',#7711,#1424);
#1042=LINE('',#7715,#1425);
#1043=LINE('',#7721,#1426);
#1044=LINE('',#7726,#1427);
#1045=LINE('',#7731,#1428);
#1046=LINE('',#7736,#1429);
#1047=LINE('',#7741,#1430);
#1048=LINE('',#7746,#1431);
#1049=LINE('',#7751,#1432);
#1050=LINE('',#7756,#1433);
#1051=LINE('',#7761,#1434);
#1052=LINE('',#7766,#1435);
#1053=LINE('',#7771,#1436);
#1054=VECTOR('',#4576,10.);
#1055=VECTOR('',#4579,10.);
#1056=VECTOR('',#4584,10.);
#1057=VECTOR('',#4587,10.);
#1058=VECTOR('',#4592,10.);
#1059=VECTOR('',#4595,10.);
#1060=VECTOR('',#4600,10.);
#1061=VECTOR('',#4603,10.);
#1062=VECTOR('',#4606,10.);
#1063=VECTOR('',#4607,10.);
#1064=VECTOR('',#4608,10.);
#1065=VECTOR('',#4609,10.);
#1066=VECTOR('',#4612,10.);
#1067=VECTOR('',#4619,10.);
#1068=VECTOR('',#4620,10.);
#1069=VECTOR('',#4621,10.);
#1070=VECTOR('',#4630,10.);
#1071=VECTOR('',#4631,10.);
#1072=VECTOR('',#4634,10.);
#1073=VECTOR('',#4639,10.);
#1074=VECTOR('',#4640,10.);
#1075=VECTOR('',#4643,10.);
#1076=VECTOR('',#4644,10.);
#1077=VECTOR('',#4645,10.);
#1078=VECTOR('',#4646,10.);
#1079=VECTOR('',#4649,10.);
#1080=VECTOR('',#4650,10.);
#1081=VECTOR('',#4653,10.);
#1082=VECTOR('',#4656,10.);
#1083=VECTOR('',#4659,10.);
#1084=VECTOR('',#4662,10.);
#1085=VECTOR('',#4663,10.);
#1086=VECTOR('',#4664,10.);
#1087=VECTOR('',#4667,10.);
#1088=VECTOR('',#4670,10.);
#1089=VECTOR('',#4673,10.);
#1090=VECTOR('',#4676,10.);
#1091=VECTOR('',#4679,10.);
#1092=VECTOR('',#4680,10.);
#1093=VECTOR('',#4683,10.);
#1094=VECTOR('',#4686,10.);
#1095=VECTOR('',#4689,10.);
#1096=VECTOR('',#4694,10.);
#1097=VECTOR('',#4699,10.);
#1098=VECTOR('',#4700,10.);
#1099=VECTOR('',#4705,10.);
#1100=VECTOR('',#4706,10.);
#1101=VECTOR('',#4709,10.);
#1102=VECTOR('',#4714,10.);
#1103=VECTOR('',#4717,10.);
#1104=VECTOR('',#4718,10.);
#1105=VECTOR('',#4721,10.);
#1106=VECTOR('',#4724,10.);
#1107=VECTOR('',#4729,10.);
#1108=VECTOR('',#4730,10.);
#1109=VECTOR('',#4731,10.);
#1110=VECTOR('',#4734,10.);
#1111=VECTOR('',#4739,10.);
#1112=VECTOR('',#4740,10.);
#1113=VECTOR('',#4747,10.);
#1114=VECTOR('',#4748,10.);
#1115=VECTOR('',#4751,10.);
#1116=VECTOR('',#4754,10.);
#1117=VECTOR('',#4759,10.);
#1118=VECTOR('',#4760,10.);
#1119=VECTOR('',#4761,10.);
#1120=VECTOR('',#4764,10.);
#1121=VECTOR('',#4769,10.);
#1122=VECTOR('',#4770,10.);
#1123=VECTOR('',#4777,10.);
#1124=VECTOR('',#4778,10.);
#1125=VECTOR('',#4781,10.);
#1126=VECTOR('',#4784,10.);
#1127=VECTOR('',#4791,10.);
#1128=VECTOR('',#4794,10.);
#1129=VECTOR('',#4797,10.);
#1130=VECTOR('',#4798,10.);
#1131=VECTOR('',#4799,10.);
#1132=VECTOR('',#4804,10.);
#1133=VECTOR('',#4807,10.);
#1134=VECTOR('',#4810,10.);
#1135=VECTOR('',#4811,10.);
#1136=VECTOR('',#4812,10.);
#1137=VECTOR('',#4817,10.);
#1138=VECTOR('',#4820,10.);
#1139=VECTOR('',#4823,10.);
#1140=VECTOR('',#4824,10.);
#1141=VECTOR('',#4827,10.);
#1142=VECTOR('',#4832,10.);
#1143=VECTOR('',#4833,10.);
#1144=VECTOR('',#4838,10.);
#1145=VECTOR('',#4841,10.);
#1146=VECTOR('',#4848,10.);
#1147=VECTOR('',#4851,10.);
#1148=VECTOR('',#4854,10.);
#1149=VECTOR('',#4855,10.);
#1150=VECTOR('',#4860,10.);
#1151=VECTOR('',#4863,10.);
#1152=VECTOR('',#4866,10.);
#1153=VECTOR('',#4867,10.);
#1154=VECTOR('',#4874,10.);
#1155=VECTOR('',#4877,10.);
#1156=VECTOR('',#4878,10.);
#1157=VECTOR('',#4883,10.);
#1158=VECTOR('',#4886,10.);
#1159=VECTOR('',#4891,10.);
#1160=VECTOR('',#4894,10.);
#1161=VECTOR('',#4899,1000.);
#1162=VECTOR('',#4904,1000.);
#1163=VECTOR('',#4907,1000.);
#1164=VECTOR('',#4910,1000.);
#1165=VECTOR('',#4913,1000.);
#1166=VECTOR('',#4916,1000.);
#1167=VECTOR('',#4917,1000.);
#1168=VECTOR('',#4918,1000.);
#1169=VECTOR('',#4919,1000.);
#1170=VECTOR('',#4922,1000.);
#1171=VECTOR('',#4925,1000.);
#1172=VECTOR('',#4928,1000.);
#1173=VECTOR('',#4931,1000.);
#1174=VECTOR('',#4936,1000.);
#1175=VECTOR('',#4939,1000.);
#1176=VECTOR('',#4942,1000.);
#1177=VECTOR('',#4945,1000.);
#1178=VECTOR('',#4946,1000.);
#1179=VECTOR('',#4947,1000.);
#1180=VECTOR('',#4950,1000.);
#1181=VECTOR('',#4953,1000.);
#1182=VECTOR('',#4956,1000.);
#1183=VECTOR('',#4959,1000.);
#1184=VECTOR('',#4962,1000.);
#1185=VECTOR('',#4963,1000.);
#1186=VECTOR('',#4966,1000.);
#1187=VECTOR('',#4967,1000.);
#1188=VECTOR('',#4968,1000.);
#1189=VECTOR('',#4969,1000.);
#1190=VECTOR('',#4972,1000.);
#1191=VECTOR('',#4973,1000.);
#1192=VECTOR('',#4976,1000.);
#1193=VECTOR('',#4979,1000.);
#1194=VECTOR('',#4982,1000.);
#1195=VECTOR('',#4985,1000.);
#1196=VECTOR('',#4988,1000.);
#1197=VECTOR('',#4989,1000.);
#1198=VECTOR('',#4990,1000.);
#1199=VECTOR('',#4993,1000.);
#1200=VECTOR('',#4996,1000.);
#1201=VECTOR('',#4999,1000.);
#1202=VECTOR('',#5024,10.);
#1203=VECTOR('',#5027,10.);
#1204=VECTOR('',#5030,1000.);
#1205=VECTOR('',#5031,1000.);
#1206=VECTOR('',#5032,1000.);
#1207=VECTOR('',#5033,1000.);
#1208=VECTOR('',#5034,1000.);
#1209=VECTOR('',#5035,1000.);
#1210=VECTOR('',#5038,10.);
#1211=VECTOR('',#5041,10.);
#1212=VECTOR('',#5044,1000.);
#1213=VECTOR('',#5045,1000.);
#1214=VECTOR('',#5046,1000.);
#1215=VECTOR('',#5047,1000.);
#1216=VECTOR('',#5048,1000.);
#1217=VECTOR('',#5049,1000.);
#1218=VECTOR('',#5052,10.);
#1219=VECTOR('',#5055,10.);
#1220=VECTOR('',#5060,1000.);
#1221=VECTOR('',#5067,10.);
#1222=VECTOR('',#5070,10.);
#1223=VECTOR('',#5075,10.);
#1224=VECTOR('',#5084,10.);
#1225=VECTOR('',#5093,1000.);
#1226=VECTOR('',#5096,10.);
#1227=VECTOR('',#5103,10.);
#1228=VECTOR('',#5108,10.);
#1229=VECTOR('',#5115,10.);
#1230=VECTOR('',#5120,10.);
#1231=VECTOR('',#5123,10.);
#1232=VECTOR('',#5134,10.);
#1233=VECTOR('',#5143,10.);
#1234=VECTOR('',#5150,10.);
#1235=VECTOR('',#5155,10.);
#1236=VECTOR('',#5162,10.);
#1237=VECTOR('',#5165,1000.);
#1238=VECTOR('',#5168,10.);
#1239=VECTOR('',#5173,10.);
#1240=VECTOR('',#5180,1000.);
#1241=VECTOR('',#5181,10.);
#1242=VECTOR('',#5184,1000.);
#1243=VECTOR('',#5187,1000.);
#1244=VECTOR('',#5190,1000.);
#1245=VECTOR('',#5193,1000.);
#1246=VECTOR('',#5196,10.);
#1247=VECTOR('',#5199,1000.);
#1248=VECTOR('',#5202,1000.);
#1249=VECTOR('',#5205,1000.);
#1250=VECTOR('',#5208,1000.);
#1251=VECTOR('',#5211,1000.);
#1252=VECTOR('',#5214,10.);
#1253=VECTOR('',#5217,1000.);
#1254=VECTOR('',#5218,105.566918386808);
#1255=VECTOR('',#5221,1000.);
#1256=VECTOR('',#5224,10.);
#1257=VECTOR('',#5227,10.);
#1258=VECTOR('',#5230,1000.);
#1259=VECTOR('',#5235,1000.);
#1260=VECTOR('',#5236,1000.);
#1261=VECTOR('',#5239,1000.);
#1262=VECTOR('',#5242,1000.);
#1263=VECTOR('',#5245,1000.);
#1264=VECTOR('',#5246,1000.);
#1265=VECTOR('',#5247,1000.);
#1266=VECTOR('',#5250,10.);
#1267=VECTOR('',#5251,10.);
#1268=VECTOR('',#5252,1000.);
#1269=VECTOR('',#5253,1000.);
#1270=VECTOR('',#5256,10.);
#1271=VECTOR('',#5257,10.);
#1272=VECTOR('',#5258,1000.);
#1273=VECTOR('',#5259,1000.);
#1274=VECTOR('',#5260,10.);
#1275=VECTOR('',#5261,1000.);
#1276=VECTOR('',#5262,10.);
#1277=VECTOR('',#5265,10.);
#1278=VECTOR('',#5274,1000.);
#1279=VECTOR('',#5275,1000.);
#1280=VECTOR('',#5280,1000.);
#1281=VECTOR('',#5287,1000.);
#1282=VECTOR('',#5288,1000.);
#1283=VECTOR('',#5291,1000.);
#1284=VECTOR('',#5294,1000.);
#1285=VECTOR('',#5297,1000.);
#1286=VECTOR('',#5298,1000.);
#1287=VECTOR('',#5301,1000.);
#1288=VECTOR('',#5304,1000.);
#1289=VECTOR('',#5305,1000.);
#1290=VECTOR('',#5308,1000.);
#1291=VECTOR('',#5311,1000.);
#1292=VECTOR('',#5312,1000.);
#1293=VECTOR('',#5315,1000.);
#1294=VECTOR('',#5318,1000.);
#1295=VECTOR('',#5319,1000.);
#1296=VECTOR('',#5322,1000.);
#1297=VECTOR('',#5325,1000.);
#1298=VECTOR('',#5326,1000.);
#1299=VECTOR('',#5329,1000.);
#1300=VECTOR('',#5332,1000.);
#1301=VECTOR('',#5333,999.999999999999);
#1302=VECTOR('',#5336,1000.);
#1303=VECTOR('',#5339,1000.);
#1304=VECTOR('',#5342,1000.);
#1305=VECTOR('',#5343,1000.);
#1306=VECTOR('',#5350,1000.);
#1307=VECTOR('',#5353,1000.);
#1308=VECTOR('',#5356,1000.);
#1309=VECTOR('',#5357,1000.);
#1310=VECTOR('',#5360,1000.);
#1311=VECTOR('',#5363,1000.);
#1312=VECTOR('',#5366,1000.);
#1313=VECTOR('',#5379,1000.);
#1314=VECTOR('',#5382,1000.);
#1315=VECTOR('',#5383,1000.);
#1316=VECTOR('',#5386,1000.);
#1317=VECTOR('',#5393,1000.);
#1318=VECTOR('',#5394,1000.);
#1319=VECTOR('',#5397,1000.);
#1320=VECTOR('',#5402,1000.);
#1321=VECTOR('',#5405,999.999999999999);
#1322=VECTOR('',#5406,1000.);
#1323=VECTOR('',#5413,1000.);
#1324=VECTOR('',#5418,1000.);
#1325=VECTOR('',#5419,1000.);
#1326=VECTOR('',#5422,1000.);
#1327=VECTOR('',#5425,1000.);
#1328=VECTOR('',#5426,1000.);
#1329=VECTOR('',#5429,1000.);
#1330=VECTOR('',#5432,1000.);
#1331=VECTOR('',#5435,1000.);
#1332=VECTOR('',#5436,1000.);
#1333=VECTOR('',#5445,1000.);
#1334=VECTOR('',#5448,1000.);
#1335=VECTOR('',#5451,1000.);
#1336=VECTOR('',#5452,1000.);
#1337=VECTOR('',#5455,1000.);
#1338=VECTOR('',#5460,1000.);
#1339=VECTOR('',#5461,1000.);
#1340=VECTOR('',#5464,1000.);
#1341=VECTOR('',#5465,1000.);
#1342=VECTOR('',#5468,1000.);
#1343=VECTOR('',#5469,1000.);
#1344=VECTOR('',#5472,1000.);
#1345=VECTOR('',#5473,1000.);
#1346=VECTOR('',#5478,1000.);
#1347=VECTOR('',#5479,1000.);
#1348=VECTOR('',#5482,1000.);
#1349=VECTOR('',#5485,1000.);
#1350=VECTOR('',#5488,1000.);
#1351=VECTOR('',#5489,1000.);
#1352=VECTOR('',#5490,1000.);
#1353=VECTOR('',#5491,1000.);
#1354=VECTOR('',#5496,1000.);
#1355=VECTOR('',#5499,1000.);
#1356=VECTOR('',#5500,1000.);
#1357=VECTOR('',#5503,1000.);
#1358=VECTOR('',#5504,1000.);
#1359=VECTOR('',#5509,1000.);
#1360=VECTOR('',#5512,1000.);
#1361=VECTOR('',#5515,1000.);
#1362=VECTOR('',#5518,1000.);
#1363=VECTOR('',#5521,1000.);
#1364=VECTOR('',#5524,1000.);
#1365=VECTOR('',#5527,1000.);
#1366=VECTOR('',#5528,1000.);
#1367=VECTOR('',#5529,1000.);
#1368=VECTOR('',#5532,1000.);
#1369=VECTOR('',#5535,1000.);
#1370=VECTOR('',#5538,1000.);
#1371=VECTOR('',#5541,1000.);
#1372=VECTOR('',#5544,1000.);
#1373=VECTOR('',#5547,1000.);
#1374=VECTOR('',#5550,1000.);
#1375=VECTOR('',#5553,1000.);
#1376=VECTOR('',#5556,1000.);
#1377=VECTOR('',#5557,1000.);
#1378=VECTOR('',#5560,1000.);
#1379=VECTOR('',#5563,1000.);
#1380=VECTOR('',#5566,1000.);
#1381=VECTOR('',#5571,1000.);
#1382=VECTOR('',#5574,1000.);
#1383=VECTOR('',#5577,1000.);
#1384=VECTOR('',#5580,1000.);
#1385=VECTOR('',#5583,1000.);
#1386=VECTOR('',#5584,1000.);
#1387=VECTOR('',#5587,1000.);
#1388=VECTOR('',#5590,1000.);
#1389=VECTOR('',#5593,1000.);
#1390=VECTOR('',#5596,1000.);
#1391=VECTOR('',#5599,1000.);
#1392=VECTOR('',#5602,1000.);
#1393=VECTOR('',#5605,1000.);
#1394=VECTOR('',#5608,1000.);
#1395=VECTOR('',#5611,1000.);
#1396=VECTOR('',#5612,1000.);
#1397=VECTOR('',#5613,1000.);
#1398=VECTOR('',#5616,1000.);
#1399=VECTOR('',#5619,1000.);
#1400=VECTOR('',#5622,1000.);
#1401=VECTOR('',#5627,1000.);
#1402=VECTOR('',#5630,1000.);
#1403=VECTOR('',#5633,1000.);
#1404=VECTOR('',#5636,1000.);
#1405=VECTOR('',#5639,1000.);
#1406=VECTOR('',#5642,1000.);
#1407=VECTOR('',#5643,1000.);
#1408=VECTOR('',#5644,1000.);
#1409=VECTOR('',#5647,1000.);
#1410=VECTOR('',#5650,1000.);
#1411=VECTOR('',#5653,1000.);
#1412=VECTOR('',#5656,1000.);
#1413=VECTOR('',#5659,1000.);
#1414=VECTOR('',#5660,1000.);
#1415=VECTOR('',#5661,1000.);
#1416=VECTOR('',#5662,1000.);
#1417=VECTOR('',#5671,1000.);
#1418=VECTOR('',#5674,1000.);
#1419=VECTOR('',#5675,1000.);
#1420=VECTOR('',#5680,1000.);
#1421=VECTOR('',#5687,1000.);
#1422=VECTOR('',#5692,1000.);
#1423=VECTOR('',#5697,1000.);
#1424=VECTOR('',#5702,1000.);
#1425=VECTOR('',#5709,1000.);
#1426=VECTOR('',#5718,1.95);
#1427=VECTOR('',#5725,1.95);
#1428=VECTOR('',#5732,1.95);
#1429=VECTOR('',#5739,1.95);
#1430=VECTOR('',#5746,1.95);
#1431=VECTOR('',#5753,1.95);
#1432=VECTOR('',#5760,1.95);
#1433=VECTOR('',#5767,1.95);
#1434=VECTOR('',#5774,1.95);
#1435=VECTOR('',#5781,1.95);
#1436=VECTOR('',#5788,1.95);
#1437=CIRCLE('',#4153,3.00000000000002);
#1438=CIRCLE('',#4154,3.00000000000002);
#1439=CIRCLE('',#4156,3.);
#1440=CIRCLE('',#4157,2.99999999999998);
#1441=CIRCLE('',#4159,3.);
#1442=CIRCLE('',#4160,3.);
#1443=CIRCLE('',#4162,3.);
#1444=CIRCLE('',#4163,3.);
#1445=CIRCLE('',#4166,3.1);
#1446=CIRCLE('',#4167,3.);
#1447=CIRCLE('',#4170,3.1);
#1448=CIRCLE('',#4171,3.);
#1449=CIRCLE('',#4185,3.10000000000002);
#1450=CIRCLE('',#4186,3.10000000000002);
#1451=CIRCLE('',#4187,3.1);
#1452=CIRCLE('',#4188,3.1);
#1453=CIRCLE('',#4189,3.09999999999998);
#1454=CIRCLE('',#4190,3.1);
#1455=CIRCLE('',#4194,3.00000000000002);
#1456=CIRCLE('',#4197,3.00000000000002);
#1457=CIRCLE('',#4205,2.99999999999998);
#1458=CIRCLE('',#4208,3.);
#1459=CIRCLE('',#4215,3.);
#1460=CIRCLE('',#4218,3.);
#1461=CIRCLE('',#4224,0.5);
#1462=CIRCLE('',#4225,0.5);
#1463=CIRCLE('',#4228,0.5);
#1464=CIRCLE('',#4229,0.5);
#1465=CIRCLE('',#4232,0.5);
#1466=CIRCLE('',#4233,0.5);
#1467=CIRCLE('',#4235,0.5);
#1468=CIRCLE('',#4236,0.5);
#1469=CIRCLE('',#4239,0.5);
#1470=CIRCLE('',#4241,0.5);
#1471=CIRCLE('',#4243,0.5);
#1472=CIRCLE('',#4244,0.5);
#1473=CIRCLE('',#4247,0.5);
#1474=CIRCLE('',#4248,0.5);
#1475=CIRCLE('',#4251,0.5);
#1476=CIRCLE('',#4252,0.5);
#1477=CIRCLE('',#4258,3.);
#1478=CIRCLE('',#4259,3.);
#1479=CIRCLE('',#4261,6.01541745147837);
#1480=CIRCLE('',#4262,6.01541745147837);
#1481=CIRCLE('',#4264,5.99995495421292);
#1482=CIRCLE('',#4265,5.999969319749);
#1483=CIRCLE('',#4266,3.);
#1484=CIRCLE('',#4267,6.00002456632871);
#1485=CIRCLE('',#4268,6.0000374199258);
#1486=CIRCLE('',#4269,3.);
#1487=CIRCLE('',#4270,5.99997142640403);
#1488=CIRCLE('',#4271,5.99995985031715);
#1489=CIRCLE('',#4272,3.);
#1490=CIRCLE('',#4273,6.01541673027085);
#1491=CIRCLE('',#4274,100.566918386808);
#1492=CIRCLE('',#4275,1.49999879148991);
#1493=CIRCLE('',#4276,0.5);
#1494=CIRCLE('',#4277,6.49999879148974);
#1495=CIRCLE('',#4278,105.566918386808);
#1496=CIRCLE('',#4279,12.8973628487878);
#1497=CIRCLE('',#4280,10.9610282366959);
#1498=CIRCLE('',#4281,12.5241543166692);
#1499=CIRCLE('',#4282,11.0000374199258);
#1500=CIRCLE('',#4283,11.0000245663287);
#1501=CIRCLE('',#4284,12.5309611868972);
#1502=CIRCLE('',#4285,10.9610233913926);
#1503=CIRCLE('',#4286,12.8973670428497);
#1504=CIRCLE('',#4287,105.179823217012);
#1505=CIRCLE('',#4288,6.49999879148993);
#1506=CIRCLE('',#4289,0.5);
#1507=CIRCLE('',#4290,1.49999879148992);
#1508=CIRCLE('',#4291,100.179823217011);
#1509=CIRCLE('',#4292,1.95);
#1510=CIRCLE('',#4293,1.95);
#1511=CIRCLE('',#4294,1.95);
#1512=CIRCLE('',#4295,1.95);
#1513=CIRCLE('',#4296,1.95);
#1514=CIRCLE('',#4297,1.95);
#1515=CIRCLE('',#4298,1.95);
#1516=CIRCLE('',#4299,1.95);
#1517=CIRCLE('',#4300,1.95);
#1518=CIRCLE('',#4301,1.95);
#1519=CIRCLE('',#4302,1.95);
#1520=CIRCLE('',#4304,3.);
#1521=CIRCLE('',#4307,3.);
#1522=CIRCLE('',#4310,3.);
#1523=CIRCLE('',#4312,6.01541673027085);
#1524=CIRCLE('',#4323,2.);
#1525=CIRCLE('',#4325,2.);
#1526=CIRCLE('',#4328,2.);
#1527=CIRCLE('',#4332,2.);
#1528=CIRCLE('',#4333,2.);
#1529=CIRCLE('',#4343,2.);
#1530=CIRCLE('',#4344,2.);
#1531=CIRCLE('',#4347,2.);
#1532=CIRCLE('',#4350,2.);
#1533=CIRCLE('',#4355,2.);
#1534=CIRCLE('',#4387,6.49999879148974);
#1535=CIRCLE('',#4389,6.49999879148993);
#1536=CIRCLE('',#4392,1.49999879148991);
#1537=CIRCLE('',#4393,5.);
#1538=CIRCLE('',#4394,5.00000000000017);
#1539=CIRCLE('',#4395,95.5669183868088);
#1540=CIRCLE('',#4396,5.0000000000002);
#1541=CIRCLE('',#4397,6.69714531371739);
#1542=CIRCLE('',#4398,100.000000000002);
#1543=CIRCLE('',#4399,5.);
#1544=CIRCLE('',#4400,5.);
#1545=CIRCLE('',#4401,5.);
#1546=CIRCLE('',#4402,100.);
#1547=CIRCLE('',#4403,15.5896947749574);
#1548=CIRCLE('',#4404,15.8109068831019);
#1549=CIRCLE('',#4405,100.);
#1550=CIRCLE('',#4406,5.);
#1551=CIRCLE('',#4407,5.);
#1552=CIRCLE('',#4408,5.);
#1553=CIRCLE('',#4409,99.9999999999984);
#1554=CIRCLE('',#4410,6.69713537271574);
#1555=CIRCLE('',#4411,5.00000000000014);
#1556=CIRCLE('',#4412,95.1798232170111);
#1557=CIRCLE('',#4413,5.00000000000015);
#1558=CIRCLE('',#4414,5.);
#1559=CIRCLE('',#4415,1.49999879148992);
#1560=CIRCLE('',#4416,0.5);
#1561=CIRCLE('',#4417,0.5);
#1562=CIRCLE('',#4425,6.69713537271574);
#1563=CIRCLE('',#4426,5.99995495421292);
#1564=CIRCLE('',#4427,100.179823217011);
#1565=CIRCLE('',#4428,5.);
#1566=CIRCLE('',#4429,5.00000000000015);
#1567=CIRCLE('',#4430,95.1798232170111);
#1568=CIRCLE('',#4431,5.00000000000014);
#1569=CIRCLE('',#4433,5.999969319749);
#1570=CIRCLE('',#4434,99.9999999999984);
#1571=CIRCLE('',#4435,5.);
#1572=CIRCLE('',#4437,100.000000000002);
#1573=CIRCLE('',#4438,5.99997142640403);
#1574=CIRCLE('',#4439,5.);
#1575=CIRCLE('',#4441,100.566918386808);
#1576=CIRCLE('',#4442,5.99995985031715);
#1577=CIRCLE('',#4443,6.69714531371739);
#1578=CIRCLE('',#4444,5.0000000000002);
#1579=CIRCLE('',#4445,95.5669183868088);
#1580=CIRCLE('',#4446,5.00000000000017);
#1581=CIRCLE('',#4447,5.);
#1582=CIRCLE('',#4449,6.0000374199258);
#1583=CIRCLE('',#4450,5.);
#1584=CIRCLE('',#4451,5.);
#1585=CIRCLE('',#4453,15.8109068831019);
#1586=CIRCLE('',#4454,100.);
#1587=CIRCLE('',#4456,15.5896947749574);
#1588=CIRCLE('',#4457,100.);
#1589=CIRCLE('',#4463,5.);
#1590=CIRCLE('',#4467,5.);
#1591=CIRCLE('',#4517,15.8109068831019);
#1592=CIRCLE('',#4519,6.00002456632871);
#1593=CIRCLE('',#4538,1.95);
#1594=CIRCLE('',#4541,1.95);
#1595=CIRCLE('',#4544,1.95);
#1596=CIRCLE('',#4547,1.95);
#1597=CIRCLE('',#4550,1.95);
#1598=CIRCLE('',#4553,1.95);
#1599=CIRCLE('',#4556,1.95);
#1600=CIRCLE('',#4559,1.95);
#1601=CIRCLE('',#4562,1.95);
#1602=CIRCLE('',#4565,1.95);
#1603=CIRCLE('',#4568,1.95);
#1604=VERTEX_POINT('',#5793);
#1605=VERTEX_POINT('',#5794);
#1606=VERTEX_POINT('',#5796);
#1607=VERTEX_POINT('',#5798);
#1608=VERTEX_POINT('',#5802);
#1609=VERTEX_POINT('',#5803);
#1610=VERTEX_POINT('',#5805);
#1611=VERTEX_POINT('',#5807);
#1612=VERTEX_POINT('',#5811);
#1613=VERTEX_POINT('',#5812);
#1614=VERTEX_POINT('',#5814);
#1615=VERTEX_POINT('',#5816);
#1616=VERTEX_POINT('',#5820);
#1617=VERTEX_POINT('',#5821);
#1618=VERTEX_POINT('',#5823);
#1619=VERTEX_POINT('',#5825);
#1620=VERTEX_POINT('',#5829);
#1621=VERTEX_POINT('',#5830);
#1622=VERTEX_POINT('',#5832);
#1623=VERTEX_POINT('',#5834);
#1624=VERTEX_POINT('',#5838);
#1625=VERTEX_POINT('',#5839);
#1626=VERTEX_POINT('',#5844);
#1627=VERTEX_POINT('',#5845);
#1628=VERTEX_POINT('',#5858);
#1629=VERTEX_POINT('',#5859);
#1630=VERTEX_POINT('',#5861);
#1631=VERTEX_POINT('',#5863);
#1632=VERTEX_POINT('',#5865);
#1633=VERTEX_POINT('',#5867);
#1634=VERTEX_POINT('',#5869);
#1635=VERTEX_POINT('',#5871);
#1636=VERTEX_POINT('',#5873);
#1637=VERTEX_POINT('',#5875);
#1638=VERTEX_POINT('',#5877);
#1639=VERTEX_POINT('',#5879);
#1640=VERTEX_POINT('',#5881);
#1641=VERTEX_POINT('',#5883);
#1642=VERTEX_POINT('',#5885);
#1643=VERTEX_POINT('',#5887);
#1644=VERTEX_POINT('',#5889);
#1645=VERTEX_POINT('',#5891);
#1646=VERTEX_POINT('',#5893);
#1647=VERTEX_POINT('',#5895);
#1648=VERTEX_POINT('',#5897);
#1649=VERTEX_POINT('',#5899);
#1650=VERTEX_POINT('',#5901);
#1651=VERTEX_POINT('',#5903);
#1652=VERTEX_POINT('',#5905);
#1653=VERTEX_POINT('',#5907);
#1654=VERTEX_POINT('',#5909);
#1655=VERTEX_POINT('',#5912);
#1656=VERTEX_POINT('',#5913);
#1657=VERTEX_POINT('',#5915);
#1658=VERTEX_POINT('',#5917);
#1659=VERTEX_POINT('',#5920);
#1660=VERTEX_POINT('',#5921);
#1661=VERTEX_POINT('',#5923);
#1662=VERTEX_POINT('',#5925);
#1663=VERTEX_POINT('',#5928);
#1664=VERTEX_POINT('',#5929);
#1665=VERTEX_POINT('',#5931);
#1666=VERTEX_POINT('',#5933);
#1667=VERTEX_POINT('',#5940);
#1668=VERTEX_POINT('',#5942);
#1669=VERTEX_POINT('',#5946);
#1670=VERTEX_POINT('',#5950);
#1671=VERTEX_POINT('',#5964);
#1672=VERTEX_POINT('',#5966);
#1673=VERTEX_POINT('',#5970);
#1674=VERTEX_POINT('',#5974);
#1675=VERTEX_POINT('',#5988);
#1676=VERTEX_POINT('',#5990);
#1677=VERTEX_POINT('',#5994);
#1678=VERTEX_POINT('',#5998);
#1679=VERTEX_POINT('',#6012);
#1680=VERTEX_POINT('',#6013);
#1681=VERTEX_POINT('',#6015);
#1682=VERTEX_POINT('',#6017);
#1683=VERTEX_POINT('',#6021);
#1684=VERTEX_POINT('',#6023);
#1685=VERTEX_POINT('',#6027);
#1686=VERTEX_POINT('',#6028);
#1687=VERTEX_POINT('',#6030);
#1688=VERTEX_POINT('',#6032);
#1689=VERTEX_POINT('',#6036);
#1690=VERTEX_POINT('',#6038);
#1691=VERTEX_POINT('',#6042);
#1692=VERTEX_POINT('',#6043);
#1693=VERTEX_POINT('',#6045);
#1694=VERTEX_POINT('',#6047);
#1695=VERTEX_POINT('',#6052);
#1696=VERTEX_POINT('',#6054);
#1697=VERTEX_POINT('',#6056);
#1698=VERTEX_POINT('',#6060);
#1699=VERTEX_POINT('',#6064);
#1700=VERTEX_POINT('',#6068);
#1701=VERTEX_POINT('',#6072);
#1702=VERTEX_POINT('',#6073);
#1703=VERTEX_POINT('',#6075);
#1704=VERTEX_POINT('',#6077);
#1705=VERTEX_POINT('',#6084);
#1706=VERTEX_POINT('',#6085);
#1707=VERTEX_POINT('',#6087);
#1708=VERTEX_POINT('',#6089);
#1709=VERTEX_POINT('',#6096);
#1710=VERTEX_POINT('',#6098);
#1711=VERTEX_POINT('',#6110);
#1712=VERTEX_POINT('',#6111);
#1713=VERTEX_POINT('',#6113);
#1714=VERTEX_POINT('',#6115);
#1715=VERTEX_POINT('',#6119);
#1716=VERTEX_POINT('',#6121);
#1717=VERTEX_POINT('',#6125);
#1718=VERTEX_POINT('',#6127);
#1719=VERTEX_POINT('',#6129);
#1720=VERTEX_POINT('',#6131);
#1721=VERTEX_POINT('',#6133);
#1722=VERTEX_POINT('',#6135);
#1723=VERTEX_POINT('',#6137);
#1724=VERTEX_POINT('',#6139);
#1725=VERTEX_POINT('',#6141);
#1726=VERTEX_POINT('',#6143);
#1727=VERTEX_POINT('',#6145);
#1728=VERTEX_POINT('',#6147);
#1729=VERTEX_POINT('',#6149);
#1730=VERTEX_POINT('',#6151);
#1731=VERTEX_POINT('',#6153);
#1732=VERTEX_POINT('',#6155);
#1733=VERTEX_POINT('',#6157);
#1734=VERTEX_POINT('',#6159);
#1735=VERTEX_POINT('',#6161);
#1736=VERTEX_POINT('',#6163);
#1737=VERTEX_POINT('',#6165);
#1738=VERTEX_POINT('',#6167);
#1739=VERTEX_POINT('',#6169);
#1740=VERTEX_POINT('',#6171);
#1741=VERTEX_POINT('',#6173);
#1742=VERTEX_POINT('',#6175);
#1743=VERTEX_POINT('',#6177);
#1744=VERTEX_POINT('',#6179);
#1745=VERTEX_POINT('',#6181);
#1746=VERTEX_POINT('',#6183);
#1747=VERTEX_POINT('',#6185);
#1748=VERTEX_POINT('',#6187);
#1749=VERTEX_POINT('',#6189);
#1750=VERTEX_POINT('',#6191);
#1751=VERTEX_POINT('',#6193);
#1752=VERTEX_POINT('',#6195);
#1753=VERTEX_POINT('',#6197);
#1754=VERTEX_POINT('',#6199);
#1755=VERTEX_POINT('',#6201);
#1756=VERTEX_POINT('',#6203);
#1757=VERTEX_POINT('',#6205);
#1758=VERTEX_POINT('',#6207);
#1759=VERTEX_POINT('',#6209);
#1760=VERTEX_POINT('',#6211);
#1761=VERTEX_POINT('',#6213);
#1762=VERTEX_POINT('',#6215);
#1763=VERTEX_POINT('',#6217);
#1764=VERTEX_POINT('',#6219);
#1765=VERTEX_POINT('',#6221);
#1766=VERTEX_POINT('',#6223);
#1767=VERTEX_POINT('',#6225);
#1768=VERTEX_POINT('',#6227);
#1769=VERTEX_POINT('',#6229);
#1770=VERTEX_POINT('',#6231);
#1771=VERTEX_POINT('',#6233);
#1772=VERTEX_POINT('',#6235);
#1773=VERTEX_POINT('',#6237);
#1774=VERTEX_POINT('',#6239);
#1775=VERTEX_POINT('',#6241);
#1776=VERTEX_POINT('',#6243);
#1777=VERTEX_POINT('',#6245);
#1778=VERTEX_POINT('',#6247);
#1779=VERTEX_POINT('',#6249);
#1780=VERTEX_POINT('',#6251);
#1781=VERTEX_POINT('',#6253);
#1782=VERTEX_POINT('',#6255);
#1783=VERTEX_POINT('',#6257);
#1784=VERTEX_POINT('',#6260);
#1785=VERTEX_POINT('',#6262);
#1786=VERTEX_POINT('',#6264);
#1787=VERTEX_POINT('',#6266);
#1788=VERTEX_POINT('',#6268);
#1789=VERTEX_POINT('',#6270);
#1790=VERTEX_POINT('',#6272);
#1791=VERTEX_POINT('',#6274);
#1792=VERTEX_POINT('',#6276);
#1793=VERTEX_POINT('',#6278);
#1794=VERTEX_POINT('',#6280);
#1795=VERTEX_POINT('',#6283);
#1796=VERTEX_POINT('',#6285);
#1797=VERTEX_POINT('',#6289);
#1798=VERTEX_POINT('',#6291);
#1799=VERTEX_POINT('',#6293);
#1800=VERTEX_POINT('',#6295);
#1801=VERTEX_POINT('',#6297);
#1802=VERTEX_POINT('',#6301);
#1803=VERTEX_POINT('',#6303);
#1804=VERTEX_POINT('',#6307);
#1805=VERTEX_POINT('',#6309);
#1806=VERTEX_POINT('',#6311);
#1807=VERTEX_POINT('',#6313);
#1808=VERTEX_POINT('',#6315);
#1809=VERTEX_POINT('',#6319);
#1810=VERTEX_POINT('',#6321);
#1811=VERTEX_POINT('',#6325);
#1812=VERTEX_POINT('',#6329);
#1813=VERTEX_POINT('',#6331);
#1814=VERTEX_POINT('',#6333);
#1815=VERTEX_POINT('',#6335);
#1816=VERTEX_POINT('',#6390);
#1817=VERTEX_POINT('',#6391);
#1818=VERTEX_POINT('',#6466);
#1819=VERTEX_POINT('',#6483);
#1820=VERTEX_POINT('',#6538);
#1821=VERTEX_POINT('',#6540);
#1822=VERTEX_POINT('',#6542);
#1823=VERTEX_POINT('',#6578);
#1824=VERTEX_POINT('',#6580);
#1825=VERTEX_POINT('',#6626);
#1826=VERTEX_POINT('',#6628);
#1827=VERTEX_POINT('',#6630);
#1828=VERTEX_POINT('',#6685);
#1829=VERTEX_POINT('',#6687);
#1830=VERTEX_POINT('',#6786);
#1831=VERTEX_POINT('',#6790);
#1832=VERTEX_POINT('',#6797);
#1833=VERTEX_POINT('',#6824);
#1834=VERTEX_POINT('',#6828);
#1835=VERTEX_POINT('',#6834);
#1836=VERTEX_POINT('',#6835);
#1837=VERTEX_POINT('',#6838);
#1838=VERTEX_POINT('',#6842);
#1839=VERTEX_POINT('',#6869);
#1840=VERTEX_POINT('',#6873);
#1841=VERTEX_POINT('',#6906);
#1842=VERTEX_POINT('',#6925);
#1843=VERTEX_POINT('',#6927);
#1844=VERTEX_POINT('',#6975);
#1845=VERTEX_POINT('',#7036);
#1846=VERTEX_POINT('',#7040);
#1847=VERTEX_POINT('',#7042);
#1848=VERTEX_POINT('',#7078);
#1849=VERTEX_POINT('',#7080);
#1850=VERTEX_POINT('',#7132);
#1851=VERTEX_POINT('',#7136);
#1852=VERTEX_POINT('',#7137);
#1853=VERTEX_POINT('',#7140);
#1854=VERTEX_POINT('',#7273);
#1855=VERTEX_POINT('',#7275);
#1856=VERTEX_POINT('',#7279);
#1857=VERTEX_POINT('',#7281);
#1858=VERTEX_POINT('',#7286);
#1859=VERTEX_POINT('',#7288);
#1860=VERTEX_POINT('',#7291);
#1861=VERTEX_POINT('',#7294);
#1862=VERTEX_POINT('',#7298);
#1863=VERTEX_POINT('',#7304);
#1864=VERTEX_POINT('',#7308);
#1865=VERTEX_POINT('',#7309);
#1866=VERTEX_POINT('',#7311);
#1867=VERTEX_POINT('',#7313);
#1868=VERTEX_POINT('',#7315);
#1869=VERTEX_POINT('',#7317);
#1870=VERTEX_POINT('',#7319);
#1871=VERTEX_POINT('',#7321);
#1872=VERTEX_POINT('',#7323);
#1873=VERTEX_POINT('',#7325);
#1874=VERTEX_POINT('',#7327);
#1875=VERTEX_POINT('',#7329);
#1876=VERTEX_POINT('',#7331);
#1877=VERTEX_POINT('',#7333);
#1878=VERTEX_POINT('',#7335);
#1879=VERTEX_POINT('',#7338);
#1880=VERTEX_POINT('',#7340);
#1881=VERTEX_POINT('',#7342);
#1882=VERTEX_POINT('',#7344);
#1883=VERTEX_POINT('',#7346);
#1884=VERTEX_POINT('',#7348);
#1885=VERTEX_POINT('',#7350);
#1886=VERTEX_POINT('',#7352);
#1887=VERTEX_POINT('',#7354);
#1888=VERTEX_POINT('',#7356);
#1889=VERTEX_POINT('',#7358);
#1890=VERTEX_POINT('',#7360);
#1891=VERTEX_POINT('',#7362);
#1892=VERTEX_POINT('',#7364);
#1893=VERTEX_POINT('',#7366);
#1894=VERTEX_POINT('',#7368);
#1895=VERTEX_POINT('',#7370);
#1896=VERTEX_POINT('',#7372);
#1897=VERTEX_POINT('',#7374);
#1898=VERTEX_POINT('',#7376);
#1899=VERTEX_POINT('',#7379);
#1900=VERTEX_POINT('',#7381);
#1901=VERTEX_POINT('',#7383);
#1902=VERTEX_POINT('',#7385);
#1903=VERTEX_POINT('',#7387);
#1904=VERTEX_POINT('',#7389);
#1905=VERTEX_POINT('',#7391);
#1906=VERTEX_POINT('',#7393);
#1907=VERTEX_POINT('',#7395);
#1908=VERTEX_POINT('',#7397);
#1909=VERTEX_POINT('',#7399);
#1910=VERTEX_POINT('',#7401);
#1911=VERTEX_POINT('',#7403);
#1912=VERTEX_POINT('',#7405);
#1913=VERTEX_POINT('',#7407);
#1914=VERTEX_POINT('',#7409);
#1915=VERTEX_POINT('',#7411);
#1916=VERTEX_POINT('',#7414);
#1917=VERTEX_POINT('',#7416);
#1918=VERTEX_POINT('',#7428);
#1919=VERTEX_POINT('',#7429);
#1920=VERTEX_POINT('',#7431);
#1921=VERTEX_POINT('',#7433);
#1922=VERTEX_POINT('',#7436);
#1923=VERTEX_POINT('',#7438);
#1924=VERTEX_POINT('',#7440);
#1925=VERTEX_POINT('',#7442);
#1926=VERTEX_POINT('',#7444);
#1927=VERTEX_POINT('',#7446);
#1928=VERTEX_POINT('',#7448);
#1929=VERTEX_POINT('',#7450);
#1930=VERTEX_POINT('',#7452);
#1931=VERTEX_POINT('',#7456);
#1932=VERTEX_POINT('',#7458);
#1933=VERTEX_POINT('',#7460);
#1934=VERTEX_POINT('',#7462);
#1935=VERTEX_POINT('',#7464);
#1936=VERTEX_POINT('',#7468);
#1937=VERTEX_POINT('',#7469);
#1938=VERTEX_POINT('',#7471);
#1939=VERTEX_POINT('',#7474);
#1940=VERTEX_POINT('',#7476);
#1941=VERTEX_POINT('',#7480);
#1942=VERTEX_POINT('',#7481);
#1943=VERTEX_POINT('',#7483);
#1944=VERTEX_POINT('',#7486);
#1945=VERTEX_POINT('',#7488);
#1946=VERTEX_POINT('',#7490);
#1947=VERTEX_POINT('',#7492);
#1948=VERTEX_POINT('',#7494);
#1949=VERTEX_POINT('',#7496);
#1950=VERTEX_POINT('',#7498);
#1951=VERTEX_POINT('',#7500);
#1952=VERTEX_POINT('',#7502);
#1953=VERTEX_POINT('',#7504);
#1954=VERTEX_POINT('',#7508);
#1955=VERTEX_POINT('',#7510);
#1956=VERTEX_POINT('',#7512);
#1957=VERTEX_POINT('',#7514);
#1958=VERTEX_POINT('',#7516);
#1959=VERTEX_POINT('',#7518);
#1960=VERTEX_POINT('',#7520);
#1961=VERTEX_POINT('',#7524);
#1962=VERTEX_POINT('',#7525);
#1963=VERTEX_POINT('',#7527);
#1964=VERTEX_POINT('',#7529);
#1965=VERTEX_POINT('',#7531);
#1966=VERTEX_POINT('',#7533);
#1967=VERTEX_POINT('',#7537);
#1968=VERTEX_POINT('',#7538);
#1969=VERTEX_POINT('',#7540);
#1970=VERTEX_POINT('',#7542);
#1971=VERTEX_POINT('',#7544);
#1972=VERTEX_POINT('',#7546);
#1973=VERTEX_POINT('',#7558);
#1974=VERTEX_POINT('',#7560);
#1975=VERTEX_POINT('',#7564);
#1976=VERTEX_POINT('',#7568);
#1977=VERTEX_POINT('',#7572);
#1978=VERTEX_POINT('',#7576);
#1979=VERTEX_POINT('',#7680);
#1980=VERTEX_POINT('',#7682);
#1981=VERTEX_POINT('',#7684);
#1982=VERTEX_POINT('',#7690);
#1983=VERTEX_POINT('',#7719);
#1984=VERTEX_POINT('',#7724);
#1985=VERTEX_POINT('',#7729);
#1986=VERTEX_POINT('',#7734);
#1987=VERTEX_POINT('',#7739);
#1988=VERTEX_POINT('',#7744);
#1989=VERTEX_POINT('',#7749);
#1990=VERTEX_POINT('',#7754);
#1991=VERTEX_POINT('',#7759);
#1992=VERTEX_POINT('',#7764);
#1993=VERTEX_POINT('',#7769);
#1994=EDGE_CURVE('',#1604,#1605,#1437,.T.);
#1995=EDGE_CURVE('',#1606,#1604,#671,.T.);
#1996=EDGE_CURVE('',#1607,#1606,#1438,.T.);
#1997=EDGE_CURVE('',#1605,#1607,#672,.T.);
#1998=EDGE_CURVE('',#1608,#1609,#1439,.T.);
#1999=EDGE_CURVE('',#1610,#1608,#673,.T.);
#2000=EDGE_CURVE('',#1611,#1610,#1440,.T.);
#2001=EDGE_CURVE('',#1609,#1611,#674,.T.);
#2002=EDGE_CURVE('',#1612,#1613,#1441,.T.);
#2003=EDGE_CURVE('',#1614,#1612,#675,.T.);
#2004=EDGE_CURVE('',#1615,#1614,#1442,.T.);
#2005=EDGE_CURVE('',#1613,#1615,#676,.T.);
#2006=EDGE_CURVE('',#1616,#1617,#1443,.T.);
#2007=EDGE_CURVE('',#1618,#1616,#677,.T.);
#2008=EDGE_CURVE('',#1619,#1618,#1444,.T.);
#2009=EDGE_CURVE('',#1617,#1619,#678,.T.);
#2010=EDGE_CURVE('',#1620,#1621,#679,.T.);
#2011=EDGE_CURVE('',#1621,#1622,#680,.T.);
#2012=EDGE_CURVE('',#1622,#1623,#681,.T.);
#2013=EDGE_CURVE('',#1623,#1620,#682,.T.);
#2014=EDGE_CURVE('',#1624,#1625,#683,.T.);
#2015=EDGE_CURVE('',#1625,#1621,#1445,.T.);
#2016=EDGE_CURVE('',#1620,#1624,#1446,.T.);
#2017=EDGE_CURVE('',#1626,#1627,#684,.T.);
#2018=EDGE_CURVE('',#1627,#1625,#685,.T.);
#2019=EDGE_CURVE('',#1624,#1626,#686,.T.);
#2020=EDGE_CURVE('',#1622,#1627,#1447,.T.);
#2021=EDGE_CURVE('',#1626,#1623,#1448,.T.);
#2022=EDGE_CURVE('',#1620,#1619,#687,.T.);
#2023=EDGE_CURVE('',#1624,#1618,#688,.T.);
#2024=EDGE_CURVE('',#1623,#1617,#689,.T.);
#2025=EDGE_CURVE('',#1628,#1629,#60,.T.);
#2026=EDGE_CURVE('',#1630,#1628,#690,.T.);
#2027=EDGE_CURVE('',#1631,#1630,#691,.T.);
#2028=EDGE_CURVE('',#1632,#1631,#61,.T.);
#2029=EDGE_CURVE('',#1633,#1632,#692,.T.);
#2030=EDGE_CURVE('',#1634,#1633,#693,.T.);
#2031=EDGE_CURVE('',#1635,#1634,#694,.T.);
#2032=EDGE_CURVE('',#1636,#1635,#695,.T.);
#2033=EDGE_CURVE('',#1637,#1636,#62,.T.);
#2034=EDGE_CURVE('',#1638,#1637,#696,.T.);
#2035=EDGE_CURVE('',#1639,#1638,#697,.T.);
#2036=EDGE_CURVE('',#1640,#1639,#63,.T.);
#2037=EDGE_CURVE('',#1641,#1640,#698,.T.);
#2038=EDGE_CURVE('',#1642,#1641,#64,.T.);
#2039=EDGE_CURVE('',#1643,#1642,#699,.T.);
#2040=EDGE_CURVE('',#1644,#1643,#65,.T.);
#2041=EDGE_CURVE('',#1645,#1644,#700,.T.);
#2042=EDGE_CURVE('',#1646,#1645,#66,.T.);
#2043=EDGE_CURVE('',#1647,#1646,#701,.T.);
#2044=EDGE_CURVE('',#1648,#1647,#702,.T.);
#2045=EDGE_CURVE('',#1649,#1648,#703,.T.);
#2046=EDGE_CURVE('',#1650,#1649,#67,.T.);
#2047=EDGE_CURVE('',#1651,#1650,#704,.T.);
#2048=EDGE_CURVE('',#1652,#1651,#68,.T.);
#2049=EDGE_CURVE('',#1653,#1652,#705,.T.);
#2050=EDGE_CURVE('',#1654,#1653,#69,.T.);
#2051=EDGE_CURVE('',#1629,#1654,#706,.T.);
#2052=EDGE_CURVE('',#1655,#1656,#1449,.T.);
#2053=EDGE_CURVE('',#1657,#1655,#707,.T.);
#2054=EDGE_CURVE('',#1658,#1657,#1450,.T.);
#2055=EDGE_CURVE('',#1656,#1658,#708,.T.);
#2056=EDGE_CURVE('',#1659,#1660,#709,.T.);
#2057=EDGE_CURVE('',#1661,#1659,#1451,.T.);
#2058=EDGE_CURVE('',#1662,#1661,#710,.T.);
#2059=EDGE_CURVE('',#1660,#1662,#1452,.T.);
#2060=EDGE_CURVE('',#1663,#1664,#711,.T.);
#2061=EDGE_CURVE('',#1665,#1663,#1453,.T.);
#2062=EDGE_CURVE('',#1666,#1665,#712,.T.);
#2063=EDGE_CURVE('',#1664,#1666,#1454,.T.);
#2064=EDGE_CURVE('',#1626,#1616,#713,.T.);
#2065=EDGE_CURVE('',#1667,#1655,#714,.T.);
#2066=EDGE_CURVE('',#1656,#1668,#715,.T.);
#2067=EDGE_CURVE('',#1668,#1667,#1455,.T.);
#2068=EDGE_CURVE('',#1669,#1657,#716,.T.);
#2069=EDGE_CURVE('',#1667,#1669,#717,.T.);
#2070=EDGE_CURVE('',#1670,#1658,#718,.T.);
#2071=EDGE_CURVE('',#1669,#1670,#1456,.T.);
#2072=EDGE_CURVE('',#1670,#1668,#719,.T.);
#2073=EDGE_CURVE('',#1667,#1605,#720,.T.);
#2074=EDGE_CURVE('',#1669,#1607,#721,.T.);
#2075=EDGE_CURVE('',#1668,#1604,#722,.T.);
#2076=EDGE_CURVE('',#1670,#1606,#723,.T.);
#2077=EDGE_CURVE('',#1671,#1663,#724,.T.);
#2078=EDGE_CURVE('',#1664,#1672,#725,.T.);
#2079=EDGE_CURVE('',#1672,#1671,#726,.T.);
#2080=EDGE_CURVE('',#1673,#1665,#727,.T.);
#2081=EDGE_CURVE('',#1671,#1673,#1457,.T.);
#2082=EDGE_CURVE('',#1674,#1666,#728,.T.);
#2083=EDGE_CURVE('',#1673,#1674,#729,.T.);
#2084=EDGE_CURVE('',#1674,#1672,#1458,.T.);
#2085=EDGE_CURVE('',#1671,#1611,#730,.T.);
#2086=EDGE_CURVE('',#1673,#1610,#731,.T.);
#2087=EDGE_CURVE('',#1672,#1609,#732,.T.);
#2088=EDGE_CURVE('',#1674,#1608,#733,.T.);
#2089=EDGE_CURVE('',#1675,#1659,#734,.T.);
#2090=EDGE_CURVE('',#1660,#1676,#735,.T.);
#2091=EDGE_CURVE('',#1676,#1675,#736,.T.);
#2092=EDGE_CURVE('',#1677,#1661,#737,.T.);
#2093=EDGE_CURVE('',#1675,#1677,#1459,.T.);
#2094=EDGE_CURVE('',#1678,#1662,#738,.T.);
#2095=EDGE_CURVE('',#1677,#1678,#739,.T.);
#2096=EDGE_CURVE('',#1678,#1676,#1460,.T.);
#2097=EDGE_CURVE('',#1675,#1612,#740,.T.);
#2098=EDGE_CURVE('',#1677,#1613,#741,.T.);
#2099=EDGE_CURVE('',#1676,#1614,#742,.T.);
#2100=EDGE_CURVE('',#1678,#1615,#743,.T.);
#2101=EDGE_CURVE('',#1679,#1680,#1461,.T.);
#2102=EDGE_CURVE('',#1679,#1681,#744,.T.);
#2103=EDGE_CURVE('',#1681,#1682,#1462,.T.);
#2104=EDGE_CURVE('',#1682,#1680,#745,.T.);
#2105=EDGE_CURVE('',#1683,#1682,#746,.T.);
#2106=EDGE_CURVE('',#1684,#1683,#747,.T.);
#2107=EDGE_CURVE('',#1684,#1680,#748,.T.);
#2108=EDGE_CURVE('',#1685,#1686,#1463,.T.);
#2109=EDGE_CURVE('',#1685,#1687,#749,.T.);
#2110=EDGE_CURVE('',#1687,#1688,#1464,.T.);
#2111=EDGE_CURVE('',#1688,#1686,#750,.T.);
#2112=EDGE_CURVE('',#1685,#1689,#751,.T.);
#2113=EDGE_CURVE('',#1690,#1689,#752,.T.);
#2114=EDGE_CURVE('',#1687,#1690,#753,.T.);
#2115=EDGE_CURVE('',#1691,#1692,#1465,.T.);
#2116=EDGE_CURVE('',#1691,#1693,#754,.T.);
#2117=EDGE_CURVE('',#1693,#1694,#1466,.T.);
#2118=EDGE_CURVE('',#1694,#1692,#755,.T.);
#2119=EDGE_CURVE('',#1691,#1686,#756,.T.);
#2120=EDGE_CURVE('',#1695,#1692,#757,.T.);
#2121=EDGE_CURVE('',#1695,#1696,#1467,.T.);
#2122=EDGE_CURVE('',#1697,#1696,#758,.T.);
#2123=EDGE_CURVE('',#1697,#1689,#1468,.T.);
#2124=EDGE_CURVE('',#1698,#1694,#759,.T.);
#2125=EDGE_CURVE('',#1695,#1698,#760,.T.);
#2126=EDGE_CURVE('',#1698,#1699,#1469,.T.);
#2127=EDGE_CURVE('',#1699,#1696,#761,.T.);
#2128=EDGE_CURVE('',#1697,#1700,#762,.T.);
#2129=EDGE_CURVE('',#1700,#1690,#1470,.T.);
#2130=EDGE_CURVE('',#1701,#1702,#1471,.T.);
#2131=EDGE_CURVE('',#1701,#1703,#763,.T.);
#2132=EDGE_CURVE('',#1703,#1704,#1472,.T.);
#2133=EDGE_CURVE('',#1704,#1702,#764,.T.);
#2134=EDGE_CURVE('',#1679,#1702,#765,.T.);
#2135=EDGE_CURVE('',#1681,#1704,#766,.T.);
#2136=EDGE_CURVE('',#1705,#1706,#1473,.T.);
#2137=EDGE_CURVE('',#1705,#1707,#767,.T.);
#2138=EDGE_CURVE('',#1707,#1708,#1474,.T.);
#2139=EDGE_CURVE('',#1708,#1706,#768,.T.);
#2140=EDGE_CURVE('',#1701,#1706,#769,.T.);
#2141=EDGE_CURVE('',#1703,#1708,#770,.T.);
#2142=EDGE_CURVE('',#1684,#1709,#1475,.T.);
#2143=EDGE_CURVE('',#1683,#1710,#1476,.T.);
#2144=EDGE_CURVE('',#1710,#1709,#771,.T.);
#2145=EDGE_CURVE('',#1705,#1709,#772,.T.);
#2146=EDGE_CURVE('',#1707,#1710,#773,.T.);
#2147=EDGE_CURVE('',#1693,#1688,#774,.T.);
#2148=EDGE_CURVE('',#1700,#1699,#775,.T.);
#2149=EDGE_CURVE('',#1711,#1712,#1477,.T.);
#2150=EDGE_CURVE('',#1712,#1713,#776,.T.);
#2151=EDGE_CURVE('',#1713,#1714,#1478,.F.);
#2152=EDGE_CURVE('',#1714,#1711,#777,.T.);
#2153=EDGE_CURVE('',#1715,#1712,#1479,.T.);
#2154=EDGE_CURVE('',#1716,#1715,#778,.T.);
#2155=EDGE_CURVE('',#1716,#1713,#1480,.T.);
#2156=EDGE_CURVE('',#1711,#1717,#779,.T.);
#2157=EDGE_CURVE('',#1717,#1718,#1481,.T.);
#2158=EDGE_CURVE('',#1719,#1718,#780,.T.);
#2159=EDGE_CURVE('',#1719,#1720,#1482,.T.);
#2160=EDGE_CURVE('',#1720,#1721,#781,.T.);
#2161=EDGE_CURVE('',#1722,#1721,#1483,.T.);
#2162=EDGE_CURVE('',#1722,#1723,#782,.T.);
#2163=EDGE_CURVE('',#1723,#1724,#1484,.T.);
#2164=EDGE_CURVE('',#1724,#1725,#783,.T.);
#2165=EDGE_CURVE('',#1726,#1725,#784,.T.);
#2166=EDGE_CURVE('',#1727,#1726,#785,.T.);
#2167=EDGE_CURVE('',#1727,#1728,#786,.T.);
#2168=EDGE_CURVE('',#1729,#1728,#1485,.T.);
#2169=EDGE_CURVE('',#1729,#1730,#787,.T.);
#2170=EDGE_CURVE('',#1731,#1730,#1486,.T.);
#2171=EDGE_CURVE('',#1731,#1732,#788,.T.);
#2172=EDGE_CURVE('',#1733,#1732,#1487,.T.);
#2173=EDGE_CURVE('',#1734,#1733,#789,.T.);
#2174=EDGE_CURVE('',#1735,#1734,#1488,.T.);
#2175=EDGE_CURVE('',#1735,#1736,#790,.T.);
#2176=EDGE_CURVE('',#1737,#1736,#1489,.T.);
#2177=EDGE_CURVE('',#1738,#1737,#1490,.T.);
#2178=EDGE_CURVE('',#1738,#1739,#791,.T.);
#2179=EDGE_CURVE('',#1739,#1740,#1491,.T.);
#2180=EDGE_CURVE('',#1740,#1741,#792,.T.);
#2181=EDGE_CURVE('',#1741,#1742,#1492,.T.);
#2182=EDGE_CURVE('',#1743,#1742,#793,.T.);
#2183=EDGE_CURVE('',#1743,#1744,#1493,.T.);
#2184=EDGE_CURVE('',#1745,#1744,#794,.F.);
#2185=EDGE_CURVE('',#1746,#1745,#795,.F.);
#2186=EDGE_CURVE('',#1747,#1746,#796,.T.);
#2187=EDGE_CURVE('',#1748,#1747,#1494,.T.);
#2188=EDGE_CURVE('',#1749,#1748,#797,.T.);
#2189=EDGE_CURVE('',#1750,#1749,#1495,.T.);
#2190=EDGE_CURVE('',#1751,#1750,#798,.T.);
#2191=EDGE_CURVE('',#1751,#1752,#1496,.T.);
#2192=EDGE_CURVE('',#1753,#1752,#799,.T.);
#2193=EDGE_CURVE('',#1753,#1754,#1497,.T.);
#2194=EDGE_CURVE('',#1754,#1755,#800,.T.);
#2195=EDGE_CURVE('',#1755,#1756,#1498,.T.);
#2196=EDGE_CURVE('',#1757,#1756,#801,.T.);
#2197=EDGE_CURVE('',#1758,#1757,#802,.T.);
#2198=EDGE_CURVE('',#1758,#1759,#1499,.T.);
#2199=EDGE_CURVE('',#1760,#1759,#803,.T.);
#2200=EDGE_CURVE('',#1760,#1761,#804,.T.);
#2201=EDGE_CURVE('',#1761,#1762,#805,.T.);
#2202=EDGE_CURVE('',#1763,#1762,#806,.T.);
#2203=EDGE_CURVE('',#1764,#1763,#1500,.T.);
#2204=EDGE_CURVE('',#1765,#1764,#807,.T.);
#2205=EDGE_CURVE('',#1766,#1765,#808,.T.);
#2206=EDGE_CURVE('',#1767,#1766,#1501,.T.);
#2207=EDGE_CURVE('',#1767,#1768,#809,.T.);
#2208=EDGE_CURVE('',#1769,#1768,#1502,.T.);
#2209=EDGE_CURVE('',#1770,#1769,#810,.T.);
#2210=EDGE_CURVE('',#1771,#1770,#1503,.T.);
#2211=EDGE_CURVE('',#1772,#1771,#811,.T.);
#2212=EDGE_CURVE('',#1773,#1772,#1504,.T.);
#2213=EDGE_CURVE('',#1774,#1773,#812,.T.);
#2214=EDGE_CURVE('',#1774,#1775,#1505,.T.);
#2215=EDGE_CURVE('',#1775,#1776,#813,.F.);
#2216=EDGE_CURVE('',#1776,#1777,#814,.F.);
#2217=EDGE_CURVE('',#1778,#1777,#815,.F.);
#2218=EDGE_CURVE('',#1778,#1779,#1506,.T.);
#2219=EDGE_CURVE('',#1780,#1779,#816,.F.);
#2220=EDGE_CURVE('',#1781,#1780,#1507,.T.);
#2221=EDGE_CURVE('',#1781,#1782,#817,.T.);
#2222=EDGE_CURVE('',#1782,#1783,#1508,.T.);
#2223=EDGE_CURVE('',#1783,#1715,#818,.T.);
#2224=EDGE_CURVE('',#1784,#1784,#1509,.T.);
#2225=EDGE_CURVE('',#1785,#1785,#1510,.T.);
#2226=EDGE_CURVE('',#1786,#1786,#1511,.T.);
#2227=EDGE_CURVE('',#1787,#1787,#1512,.T.);
#2228=EDGE_CURVE('',#1788,#1788,#1513,.T.);
#2229=EDGE_CURVE('',#1789,#1789,#1514,.T.);
#2230=EDGE_CURVE('',#1790,#1790,#1515,.T.);
#2231=EDGE_CURVE('',#1791,#1791,#1516,.T.);
#2232=EDGE_CURVE('',#1792,#1792,#1517,.T.);
#2233=EDGE_CURVE('',#1793,#1793,#1518,.T.);
#2234=EDGE_CURVE('',#1794,#1794,#1519,.T.);
#2235=EDGE_CURVE('',#1721,#1795,#819,.T.);
#2236=EDGE_CURVE('',#1795,#1796,#1520,.F.);
#2237=EDGE_CURVE('',#1796,#1722,#820,.T.);
#2238=EDGE_CURVE('',#1797,#1720,#821,.T.);
#2239=EDGE_CURVE('',#1797,#1798,#822,.T.);
#2240=EDGE_CURVE('',#1798,#1799,#823,.T.);
#2241=EDGE_CURVE('',#1799,#1800,#824,.T.);
#2242=EDGE_CURVE('',#1801,#1800,#825,.T.);
#2243=EDGE_CURVE('',#1801,#1795,#826,.T.);
#2244=EDGE_CURVE('',#1730,#1802,#827,.T.);
#2245=EDGE_CURVE('',#1802,#1803,#1521,.F.);
#2246=EDGE_CURVE('',#1803,#1731,#828,.T.);
#2247=EDGE_CURVE('',#1803,#1804,#829,.T.);
#2248=EDGE_CURVE('',#1804,#1805,#830,.T.);
#2249=EDGE_CURVE('',#1805,#1806,#831,.T.);
#2250=EDGE_CURVE('',#1807,#1806,#832,.T.);
#2251=EDGE_CURVE('',#1807,#1808,#833,.T.);
#2252=EDGE_CURVE('',#1808,#1732,#834,.T.);
#2253=EDGE_CURVE('',#1736,#1809,#835,.T.);
#2254=EDGE_CURVE('',#1809,#1810,#1522,.F.);
#2255=EDGE_CURVE('',#1810,#1737,#836,.T.);
#2256=EDGE_CURVE('',#1811,#1810,#1523,.T.);
#2257=EDGE_CURVE('',#1811,#1738,#837,.T.);
#2258=EDGE_CURVE('',#1635,#1812,#70,.T.);
#2259=EDGE_CURVE('',#1812,#1813,#71,.T.);
#2260=EDGE_CURVE('',#1813,#1814,#838,.T.);
#2261=EDGE_CURVE('',#1814,#1815,#25,.T.);
#2262=EDGE_CURVE('',#1636,#1815,#26,.T.);
#2263=EDGE_CURVE('',#1816,#1817,#839,.T.);
#2264=EDGE_CURVE('',#1817,#1634,#27,.T.);
#2265=EDGE_CURVE('',#1633,#1816,#72,.T.);
#2266=EDGE_CURVE('',#1817,#1812,#840,.T.);
#2267=EDGE_CURVE('',#1818,#1632,#28,.T.);
#2268=EDGE_CURVE('',#1631,#1819,#29,.T.);
#2269=EDGE_CURVE('',#1819,#1818,#73,.T.);
#2270=EDGE_CURVE('',#1630,#1820,#74,.T.);
#2271=EDGE_CURVE('',#1820,#1821,#75,.T.);
#2272=EDGE_CURVE('',#1821,#1822,#841,.T.);
#2273=EDGE_CURVE('',#1822,#1819,#30,.T.);
#2274=EDGE_CURVE('',#1651,#1823,#1524,.T.);
#2275=EDGE_CURVE('',#1823,#1824,#76,.T.);
#2276=EDGE_CURVE('',#1824,#1652,#31,.T.);
#2277=EDGE_CURVE('',#1629,#1825,#1525,.T.);
#2278=EDGE_CURVE('',#1825,#1826,#77,.T.);
#2279=EDGE_CURVE('',#1826,#1827,#842,.T.);
#2280=EDGE_CURVE('',#1827,#1628,#32,.T.);
#2281=EDGE_CURVE('',#1828,#1825,#843,.T.);
#2282=EDGE_CURVE('',#1654,#1829,#33,.T.);
#2283=EDGE_CURVE('',#1829,#1828,#34,.T.);
#2284=EDGE_CURVE('',#1653,#1830,#1526,.T.);
#2285=EDGE_CURVE('',#1830,#1829,#78,.T.);
#2286=EDGE_CURVE('',#1831,#1830,#844,.T.);
#2287=EDGE_CURVE('',#1824,#1831,#35,.T.);
#2288=EDGE_CURVE('',#1650,#1832,#1527,.T.);
#2289=EDGE_CURVE('',#1832,#1823,#845,.T.);
#2290=EDGE_CURVE('',#1649,#1833,#1528,.T.);
#2291=EDGE_CURVE('',#1833,#1832,#79,.T.);
#2292=EDGE_CURVE('',#1834,#1833,#846,.T.);
#2293=EDGE_CURVE('',#1648,#1834,#80,.T.);
#2294=EDGE_CURVE('',#1827,#1820,#847,.T.);
#2295=EDGE_CURVE('',#1835,#1836,#848,.T.);
#2296=EDGE_CURVE('',#1836,#1834,#81,.T.);
#2297=EDGE_CURVE('',#1647,#1837,#82,.T.);
#2298=EDGE_CURVE('',#1837,#1835,#83,.T.);
#2299=EDGE_CURVE('',#1646,#1838,#1529,.T.);
#2300=EDGE_CURVE('',#1838,#1837,#849,.T.);
#2301=EDGE_CURVE('',#1645,#1839,#1530,.T.);
#2302=EDGE_CURVE('',#1839,#1838,#84,.T.);
#2303=EDGE_CURVE('',#1644,#1840,#1531,.T.);
#2304=EDGE_CURVE('',#1840,#1839,#850,.T.);
#2305=EDGE_CURVE('',#1841,#1840,#85,.T.);
#2306=EDGE_CURVE('',#1643,#1841,#36,.T.);
#2307=EDGE_CURVE('',#1642,#1842,#1532,.T.);
#2308=EDGE_CURVE('',#1842,#1843,#851,.T.);
#2309=EDGE_CURVE('',#1843,#1841,#37,.T.);
#2310=EDGE_CURVE('',#1844,#1842,#86,.T.);
#2311=EDGE_CURVE('',#1641,#1844,#38,.T.);
#2312=EDGE_CURVE('',#1818,#1845,#852,.T.);
#2313=EDGE_CURVE('',#1845,#1816,#87,.T.);
#2314=EDGE_CURVE('',#1640,#1846,#1533,.T.);
#2315=EDGE_CURVE('',#1846,#1847,#853,.T.);
#2316=EDGE_CURVE('',#1847,#1844,#39,.T.);
#2317=EDGE_CURVE('',#1848,#1846,#88,.T.);
#2318=EDGE_CURVE('',#1639,#1849,#40,.T.);
#2319=EDGE_CURVE('',#1848,#1849,#854,.T.);
#2320=EDGE_CURVE('',#1850,#1849,#855,.T.);
#2321=EDGE_CURVE('',#1638,#1850,#89,.T.);
#2322=EDGE_CURVE('',#1851,#1852,#856,.T.);
#2323=EDGE_CURVE('',#1852,#1850,#90,.T.);
#2324=EDGE_CURVE('',#1637,#1853,#41,.T.);
#2325=EDGE_CURVE('',#1853,#1851,#42,.T.);
#2326=EDGE_CURVE('',#1815,#1853,#91,.T.);
#2327=EDGE_CURVE('',#1756,#1848,#857,.T.);
#2328=EDGE_CURVE('',#1755,#1846,#858,.T.);
#2329=EDGE_CURVE('',#1757,#1852,#859,.T.);
#2330=EDGE_CURVE('',#1758,#1851,#860,.T.);
#2331=EDGE_CURVE('',#1759,#1814,#861,.T.);
#2332=EDGE_CURVE('',#1760,#1813,#862,.T.);
#2333=EDGE_CURVE('',#1761,#1817,#863,.T.);
#2334=EDGE_CURVE('',#1762,#1845,#864,.T.);
#2335=EDGE_CURVE('',#1763,#1818,#865,.T.);
#2336=EDGE_CURVE('',#1764,#1822,#866,.T.);
#2337=EDGE_CURVE('',#1765,#1821,#867,.T.);
#2338=EDGE_CURVE('',#1766,#1826,#868,.T.);
#2339=EDGE_CURVE('',#1767,#1825,#869,.T.);
#2340=EDGE_CURVE('',#1750,#1839,#870,.T.);
#2341=EDGE_CURVE('',#1749,#1838,#871,.T.);
#2342=EDGE_CURVE('',#1751,#1840,#872,.T.);
#2343=EDGE_CURVE('',#1843,#1752,#873,.T.);
#2344=EDGE_CURVE('',#1753,#1842,#874,.T.);
#2345=EDGE_CURVE('',#1754,#1847,#875,.T.);
#2346=EDGE_CURVE('',#1771,#1823,#876,.T.);
#2347=EDGE_CURVE('',#1770,#1831,#877,.T.);
#2348=EDGE_CURVE('',#1768,#1828,#878,.T.);
#2349=EDGE_CURVE('',#1769,#1830,#879,.T.);
#2350=EDGE_CURVE('',#1776,#1854,#880,.T.);
#2351=EDGE_CURVE('',#1854,#1855,#881,.T.);
#2352=EDGE_CURVE('',#1777,#1855,#882,.T.);
#2353=EDGE_CURVE('',#1836,#1856,#883,.T.);
#2354=EDGE_CURVE('',#1857,#1856,#884,.T.);
#2355=EDGE_CURVE('',#1774,#1857,#885,.T.);
#2356=EDGE_CURVE('',#1773,#1833,#886,.T.);
#2357=EDGE_CURVE('',#1835,#1858,#887,.T.);
#2358=EDGE_CURVE('',#1859,#1858,#888,.T.);
#2359=EDGE_CURVE('',#1747,#1859,#889,.T.);
#2360=EDGE_CURVE('',#1746,#1860,#890,.T.);
#2361=EDGE_CURVE('',#1860,#1854,#891,.T.);
#2362=EDGE_CURVE('',#1775,#1861,#892,.T.);
#2363=EDGE_CURVE('',#1856,#1861,#893,.T.);
#2364=EDGE_CURVE('',#1862,#1858,#894,.T.);
#2365=EDGE_CURVE('',#1862,#1859,#1534,.T.);
#2366=EDGE_CURVE('',#1861,#1857,#1535,.T.);
#2367=EDGE_CURVE('',#1745,#1863,#895,.T.);
#2368=EDGE_CURVE('',#1860,#1863,#896,.T.);
#2369=EDGE_CURVE('',#1864,#1865,#1536,.T.);
#2370=EDGE_CURVE('',#1866,#1864,#897,.T.);
#2371=EDGE_CURVE('',#1867,#1866,#1537,.T.);
#2372=EDGE_CURVE('',#1867,#1868,#1538,.T.);
#2373=EDGE_CURVE('',#1869,#1868,#1539,.T.);
#2374=EDGE_CURVE('',#1870,#1869,#898,.T.);
#2375=EDGE_CURVE('',#1870,#1871,#899,.T.);
#2376=EDGE_CURVE('',#1871,#1872,#1540,.T.);
#2377=EDGE_CURVE('',#1873,#1872,#900,.T.);
#2378=EDGE_CURVE('',#1873,#1874,#1541,.T.);
#2379=EDGE_CURVE('',#1874,#1875,#901,.T.);
#2380=EDGE_CURVE('',#1876,#1875,#1542,.T.);
#2381=EDGE_CURVE('',#1876,#1877,#902,.T.);
#2382=EDGE_CURVE('',#1877,#1878,#903,.T.);
#2383=EDGE_CURVE('',#1806,#1878,#1543,.T.);
#2384=EDGE_CURVE('',#1879,#1805,#904,.T.);
#2385=EDGE_CURVE('',#1879,#1880,#1544,.T.);
#2386=EDGE_CURVE('',#1881,#1880,#905,.T.);
#2387=EDGE_CURVE('',#1881,#1882,#906,.T.);
#2388=EDGE_CURVE('',#1883,#1882,#1545,.T.);
#2389=EDGE_CURVE('',#1884,#1883,#907,.T.);
#2390=EDGE_CURVE('',#1885,#1884,#1546,.T.);
#2391=EDGE_CURVE('',#1885,#1886,#908,.T.);
#2392=EDGE_CURVE('',#1886,#1887,#909,.T.);
#2393=EDGE_CURVE('',#1887,#1888,#1547,.T.);
#2394=EDGE_CURVE('',#1888,#1889,#910,.T.);
#2395=EDGE_CURVE('',#1890,#1889,#1548,.T.);
#2396=EDGE_CURVE('',#1890,#1891,#911,.T.);
#2397=EDGE_CURVE('',#1891,#1892,#912,.T.);
#2398=EDGE_CURVE('',#1893,#1892,#1549,.T.);
#2399=EDGE_CURVE('',#1894,#1893,#913,.T.);
#2400=EDGE_CURVE('',#1895,#1894,#1550,.T.);
#2401=EDGE_CURVE('',#1895,#1896,#914,.T.);
#2402=EDGE_CURVE('',#1897,#1896,#915,.T.);
#2403=EDGE_CURVE('',#1897,#1898,#1551,.T.);
#2404=EDGE_CURVE('',#1800,#1898,#916,.T.);
#2405=EDGE_CURVE('',#1899,#1799,#1552,.T.);
#2406=EDGE_CURVE('',#1899,#1900,#917,.T.);
#2407=EDGE_CURVE('',#1901,#1900,#918,.T.);
#2408=EDGE_CURVE('',#1902,#1901,#1553,.T.);
#2409=EDGE_CURVE('',#1902,#1903,#919,.T.);
#2410=EDGE_CURVE('',#1904,#1903,#1554,.T.);
#2411=EDGE_CURVE('',#1905,#1904,#920,.T.);
#2412=EDGE_CURVE('',#1905,#1906,#1555,.T.);
#2413=EDGE_CURVE('',#1907,#1906,#921,.T.);
#2414=EDGE_CURVE('',#1908,#1907,#922,.T.);
#2415=EDGE_CURVE('',#1909,#1908,#1556,.T.);
#2416=EDGE_CURVE('',#1909,#1910,#1557,.T.);
#2417=EDGE_CURVE('',#1911,#1910,#1558,.T.);
#2418=EDGE_CURVE('',#1912,#1911,#923,.T.);
#2419=EDGE_CURVE('',#1912,#1913,#1559,.T.);
#2420=EDGE_CURVE('',#1913,#1914,#924,.T.);
#2421=EDGE_CURVE('',#1915,#1914,#1560,.T.);
#2422=EDGE_CURVE('',#1915,#1855,#925,.F.);
#2423=EDGE_CURVE('',#1863,#1916,#926,.F.);
#2424=EDGE_CURVE('',#1917,#1916,#1561,.T.);
#2425=EDGE_CURVE('',#1917,#1865,#927,.F.);
#2426=EDGE_CURVE('',#1748,#1862,#928,.T.);
#2427=EDGE_CURVE('',#1772,#1832,#929,.T.);
#2428=EDGE_CURVE('',#1918,#1919,#1562,.T.);
#2429=EDGE_CURVE('',#1919,#1920,#930,.T.);
#2430=EDGE_CURVE('',#1921,#1920,#1563,.T.);
#2431=EDGE_CURVE('',#1714,#1921,#931,.T.);
#2432=EDGE_CURVE('',#1922,#1716,#932,.T.);
#2433=EDGE_CURVE('',#1923,#1922,#1564,.T.);
#2434=EDGE_CURVE('',#1924,#1923,#933,.T.);
#2435=EDGE_CURVE('',#1924,#1925,#1565,.T.);
#2436=EDGE_CURVE('',#1926,#1925,#1566,.T.);
#2437=EDGE_CURVE('',#1926,#1927,#1567,.T.);
#2438=EDGE_CURVE('',#1927,#1928,#934,.T.);
#2439=EDGE_CURVE('',#1928,#1929,#935,.T.);
#2440=EDGE_CURVE('',#1930,#1929,#1568,.T.);
#2441=EDGE_CURVE('',#1930,#1918,#936,.T.);
#2442=EDGE_CURVE('',#1931,#1797,#1569,.T.);
#2443=EDGE_CURVE('',#1931,#1932,#937,.T.);
#2444=EDGE_CURVE('',#1932,#1933,#1570,.T.);
#2445=EDGE_CURVE('',#1933,#1934,#938,.T.);
#2446=EDGE_CURVE('',#1935,#1934,#939,.T.);
#2447=EDGE_CURVE('',#1935,#1798,#1571,.T.);
#2448=EDGE_CURVE('',#1936,#1937,#1572,.T.);
#2449=EDGE_CURVE('',#1937,#1938,#940,.T.);
#2450=EDGE_CURVE('',#1938,#1808,#1573,.T.);
#2451=EDGE_CURVE('',#1807,#1939,#1574,.T.);
#2452=EDGE_CURVE('',#1940,#1939,#941,.T.);
#2453=EDGE_CURVE('',#1936,#1940,#942,.T.);
#2454=EDGE_CURVE('',#1941,#1942,#943,.T.);
#2455=EDGE_CURVE('',#1943,#1941,#1575,.T.);
#2456=EDGE_CURVE('',#1811,#1943,#944,.T.);
#2457=EDGE_CURVE('',#1944,#1809,#945,.T.);
#2458=EDGE_CURVE('',#1944,#1945,#1576,.T.);
#2459=EDGE_CURVE('',#1945,#1946,#946,.T.);
#2460=EDGE_CURVE('',#1947,#1946,#1577,.T.);
#2461=EDGE_CURVE('',#1947,#1948,#947,.T.);
#2462=EDGE_CURVE('',#1949,#1948,#1578,.T.);
#2463=EDGE_CURVE('',#1950,#1949,#948,.T.);
#2464=EDGE_CURVE('',#1950,#1951,#949,.T.);
#2465=EDGE_CURVE('',#1951,#1952,#1579,.T.);
#2466=EDGE_CURVE('',#1953,#1952,#1580,.T.);
#2467=EDGE_CURVE('',#1953,#1942,#1581,.T.);
#2468=EDGE_CURVE('',#1954,#1802,#950,.T.);
#2469=EDGE_CURVE('',#1954,#1955,#1582,.T.);
#2470=EDGE_CURVE('',#1956,#1955,#951,.T.);
#2471=EDGE_CURVE('',#1956,#1957,#1583,.T.);
#2472=EDGE_CURVE('',#1958,#1957,#952,.T.);
#2473=EDGE_CURVE('',#1958,#1959,#953,.T.);
#2474=EDGE_CURVE('',#1960,#1959,#1584,.T.);
#2475=EDGE_CURVE('',#1960,#1804,#954,.T.);
#2476=EDGE_CURVE('',#1961,#1962,#1585,.T.);
#2477=EDGE_CURVE('',#1962,#1963,#955,.T.);
#2478=EDGE_CURVE('',#1964,#1963,#956,.T.);
#2479=EDGE_CURVE('',#1964,#1965,#1586,.T.);
#2480=EDGE_CURVE('',#1966,#1965,#957,.T.);
#2481=EDGE_CURVE('',#1961,#1966,#958,.T.);
#2482=EDGE_CURVE('',#1967,#1968,#959,.T.);
#2483=EDGE_CURVE('',#1967,#1969,#960,.T.);
#2484=EDGE_CURVE('',#1970,#1969,#1587,.T.);
#2485=EDGE_CURVE('',#1971,#1970,#961,.T.);
#2486=EDGE_CURVE('',#1972,#1971,#962,.T.);
#2487=EDGE_CURVE('',#1972,#1968,#1588,.T.);
#2488=EDGE_CURVE('',#1961,#1890,#963,.T.);
#2489=EDGE_CURVE('',#1966,#1891,#964,.T.);
#2490=EDGE_CURVE('',#1965,#1892,#965,.T.);
#2491=EDGE_CURVE('',#1964,#1893,#966,.T.);
#2492=EDGE_CURVE('',#1963,#1725,#967,.T.);
#2493=EDGE_CURVE('',#1973,#1724,#968,.T.);
#2494=EDGE_CURVE('',#1973,#1974,#969,.T.);
#2495=EDGE_CURVE('',#1974,#1894,#970,.T.);
#2496=EDGE_CURVE('',#1975,#1974,#1589,.T.);
#2497=EDGE_CURVE('',#1975,#1895,#971,.T.);
#2498=EDGE_CURVE('',#1975,#1976,#972,.T.);
#2499=EDGE_CURVE('',#1976,#1896,#973,.T.);
#2500=EDGE_CURVE('',#1977,#1976,#974,.T.);
#2501=EDGE_CURVE('',#1977,#1897,#975,.T.);
#2502=EDGE_CURVE('',#1977,#1978,#1590,.T.);
#2503=EDGE_CURVE('',#1978,#1898,#976,.T.);
#2504=EDGE_CURVE('',#1801,#1978,#977,.T.);
#2505=EDGE_CURVE('',#1935,#1899,#978,.T.);
#2506=EDGE_CURVE('',#1934,#1900,#979,.T.);
#2507=EDGE_CURVE('',#1933,#1901,#980,.T.);
#2508=EDGE_CURVE('',#1932,#1902,#981,.T.);
#2509=EDGE_CURVE('',#1931,#1719,#982,.T.);
#2510=EDGE_CURVE('',#1920,#1718,#983,.T.);
#2511=EDGE_CURVE('',#1919,#1903,#984,.T.);
#2512=EDGE_CURVE('',#1918,#1904,#985,.T.);
#2513=EDGE_CURVE('',#1930,#1905,#986,.T.);
#2514=EDGE_CURVE('',#1929,#1906,#987,.T.);
#2515=EDGE_CURVE('',#1928,#1907,#988,.T.);
#2516=EDGE_CURVE('',#1927,#1908,#989,.T.);
#2517=EDGE_CURVE('',#1926,#1909,#990,.T.);
#2518=EDGE_CURVE('',#1925,#1910,#991,.T.);
#2519=EDGE_CURVE('',#1924,#1911,#992,.T.);
#2520=EDGE_CURVE('',#1923,#1782,#993,.T.);
#2521=EDGE_CURVE('',#1781,#1912,#994,.T.);
#2522=EDGE_CURVE('',#1780,#1913,#995,.T.);
#2523=EDGE_CURVE('',#1779,#1914,#996,.T.);
#2524=EDGE_CURVE('',#1778,#1915,#997,.T.);
#2525=EDGE_CURVE('',#1744,#1916,#998,.T.);
#2526=EDGE_CURVE('',#1743,#1917,#999,.T.);
#2527=EDGE_CURVE('',#1742,#1865,#1000,.T.);
#2528=EDGE_CURVE('',#1741,#1864,#1001,.T.);
#2529=EDGE_CURVE('',#1941,#1740,#1002,.T.);
#2530=EDGE_CURVE('',#1942,#1866,#1003,.T.);
#2531=EDGE_CURVE('',#1953,#1867,#1004,.T.);
#2532=EDGE_CURVE('',#1952,#1868,#1005,.T.);
#2533=EDGE_CURVE('',#1951,#1869,#1006,.T.);
#2534=EDGE_CURVE('',#1950,#1870,#1007,.T.);
#2535=EDGE_CURVE('',#1949,#1871,#1008,.T.);
#2536=EDGE_CURVE('',#1948,#1872,#1009,.T.);
#2537=EDGE_CURVE('',#1947,#1873,#1010,.T.);
#2538=EDGE_CURVE('',#1946,#1874,#1011,.T.);
#2539=EDGE_CURVE('',#1945,#1734,#1012,.T.);
#2540=EDGE_CURVE('',#1938,#1733,#1013,.T.);
#2541=EDGE_CURVE('',#1937,#1875,#1014,.T.);
#2542=EDGE_CURVE('',#1936,#1876,#1015,.T.);
#2543=EDGE_CURVE('',#1940,#1877,#1016,.T.);
#2544=EDGE_CURVE('',#1939,#1878,#1017,.T.);
#2545=EDGE_CURVE('',#1960,#1879,#1018,.T.);
#2546=EDGE_CURVE('',#1959,#1880,#1019,.T.);
#2547=EDGE_CURVE('',#1958,#1881,#1020,.T.);
#2548=EDGE_CURVE('',#1957,#1882,#1021,.T.);
#2549=EDGE_CURVE('',#1956,#1883,#1022,.T.);
#2550=EDGE_CURVE('',#1955,#1728,#1023,.T.);
#2551=EDGE_CURVE('',#1967,#1727,#1024,.T.);
#2552=EDGE_CURVE('',#1968,#1884,#1025,.T.);
#2553=EDGE_CURVE('',#1972,#1885,#1026,.T.);
#2554=EDGE_CURVE('',#1971,#1886,#1027,.T.);
#2555=EDGE_CURVE('',#1970,#1887,#1028,.T.);
#2556=EDGE_CURVE('',#1969,#1888,#1029,.T.);
#2557=EDGE_CURVE('',#1979,#1889,#1030,.T.);
#2558=EDGE_CURVE('',#1969,#1980,#1031,.T.);
#2559=EDGE_CURVE('',#1980,#1981,#1032,.T.);
#2560=EDGE_CURVE('',#1981,#1979,#1033,.T.);
#2561=EDGE_CURVE('',#1962,#1979,#1591,.T.);
#2562=EDGE_CURVE('',#1982,#1973,#1592,.T.);
#2563=EDGE_CURVE('',#1796,#1982,#1034,.T.);
#2564=EDGE_CURVE('',#1981,#1962,#1035,.T.);
#2565=EDGE_CURVE('',#1980,#1726,#1036,.T.);
#2566=EDGE_CURVE('',#1954,#1729,#1037,.T.);
#2567=EDGE_CURVE('',#1944,#1735,#1038,.T.);
#2568=EDGE_CURVE('',#1943,#1739,#1039,.T.);
#2569=EDGE_CURVE('',#1922,#1783,#1040,.T.);
#2570=EDGE_CURVE('',#1921,#1717,#1041,.T.);
#2571=EDGE_CURVE('',#1982,#1723,#1042,.T.);
#2572=EDGE_CURVE('',#1983,#1983,#1593,.T.);
#2573=EDGE_CURVE('',#1983,#1784,#1043,.T.);
#2574=EDGE_CURVE('',#1984,#1984,#1594,.T.);
#2575=EDGE_CURVE('',#1984,#1785,#1044,.T.);
#2576=EDGE_CURVE('',#1985,#1985,#1595,.T.);
#2577=EDGE_CURVE('',#1985,#1786,#1045,.T.);
#2578=EDGE_CURVE('',#1986,#1986,#1596,.T.);
#2579=EDGE_CURVE('',#1986,#1787,#1046,.T.);
#2580=EDGE_CURVE('',#1987,#1987,#1597,.T.);
#2581=EDGE_CURVE('',#1987,#1788,#1047,.T.);
#2582=EDGE_CURVE('',#1988,#1988,#1598,.T.);
#2583=EDGE_CURVE('',#1988,#1789,#1048,.T.);
#2584=EDGE_CURVE('',#1989,#1989,#1599,.T.);
#2585=EDGE_CURVE('',#1989,#1790,#1049,.T.);
#2586=EDGE_CURVE('',#1990,#1990,#1600,.T.);
#2587=EDGE_CURVE('',#1990,#1791,#1050,.T.);
#2588=EDGE_CURVE('',#1991,#1991,#1601,.T.);
#2589=EDGE_CURVE('',#1991,#1792,#1051,.T.);
#2590=EDGE_CURVE('',#1992,#1992,#1602,.T.);
#2591=EDGE_CURVE('',#1992,#1793,#1052,.T.);
#2592=EDGE_CURVE('',#1993,#1993,#1603,.T.);
#2593=EDGE_CURVE('',#1993,#1794,#1053,.T.);
#2594=ORIENTED_EDGE('',*,*,#1994,.F.);
#2595=ORIENTED_EDGE('',*,*,#1995,.F.);
#2596=ORIENTED_EDGE('',*,*,#1996,.F.);
#2597=ORIENTED_EDGE('',*,*,#1997,.F.);
#2598=ORIENTED_EDGE('',*,*,#1998,.F.);
#2599=ORIENTED_EDGE('',*,*,#1999,.F.);
#2600=ORIENTED_EDGE('',*,*,#2000,.F.);
#2601=ORIENTED_EDGE('',*,*,#2001,.F.);
#2602=ORIENTED_EDGE('',*,*,#2002,.F.);
#2603=ORIENTED_EDGE('',*,*,#2003,.F.);
#2604=ORIENTED_EDGE('',*,*,#2004,.F.);
#2605=ORIENTED_EDGE('',*,*,#2005,.F.);
#2606=ORIENTED_EDGE('',*,*,#2006,.F.);
#2607=ORIENTED_EDGE('',*,*,#2007,.F.);
#2608=ORIENTED_EDGE('',*,*,#2008,.F.);
#2609=ORIENTED_EDGE('',*,*,#2009,.F.);
#2610=ORIENTED_EDGE('',*,*,#2010,.T.);
#2611=ORIENTED_EDGE('',*,*,#2011,.T.);
#2612=ORIENTED_EDGE('',*,*,#2012,.T.);
#2613=ORIENTED_EDGE('',*,*,#2013,.T.);
#2614=ORIENTED_EDGE('',*,*,#2014,.T.);
#2615=ORIENTED_EDGE('',*,*,#2015,.T.);
#2616=ORIENTED_EDGE('',*,*,#2010,.F.);
#2617=ORIENTED_EDGE('',*,*,#2016,.T.);
#2618=ORIENTED_EDGE('',*,*,#2017,.T.);
#2619=ORIENTED_EDGE('',*,*,#2018,.T.);
#2620=ORIENTED_EDGE('',*,*,#2014,.F.);
#2621=ORIENTED_EDGE('',*,*,#2019,.T.);
#2622=ORIENTED_EDGE('',*,*,#2012,.F.);
#2623=ORIENTED_EDGE('',*,*,#2020,.T.);
#2624=ORIENTED_EDGE('',*,*,#2017,.F.);
#2625=ORIENTED_EDGE('',*,*,#2021,.T.);
#2626=ORIENTED_EDGE('',*,*,#2016,.F.);
#2627=ORIENTED_EDGE('',*,*,#2022,.T.);
#2628=ORIENTED_EDGE('',*,*,#2008,.T.);
#2629=ORIENTED_EDGE('',*,*,#2023,.F.);
#2630=ORIENTED_EDGE('',*,*,#2013,.F.);
#2631=ORIENTED_EDGE('',*,*,#2024,.T.);
#2632=ORIENTED_EDGE('',*,*,#2009,.T.);
#2633=ORIENTED_EDGE('',*,*,#2022,.F.);
#2634=ORIENTED_EDGE('',*,*,#2025,.F.);
#2635=ORIENTED_EDGE('',*,*,#2026,.F.);
#2636=ORIENTED_EDGE('',*,*,#2027,.F.);
#2637=ORIENTED_EDGE('',*,*,#2028,.F.);
#2638=ORIENTED_EDGE('',*,*,#2029,.F.);
#2639=ORIENTED_EDGE('',*,*,#2030,.F.);
#2640=ORIENTED_EDGE('',*,*,#2031,.F.);
#2641=ORIENTED_EDGE('',*,*,#2032,.F.);
#2642=ORIENTED_EDGE('',*,*,#2033,.F.);
#2643=ORIENTED_EDGE('',*,*,#2034,.F.);
#2644=ORIENTED_EDGE('',*,*,#2035,.F.);
#2645=ORIENTED_EDGE('',*,*,#2036,.F.);
#2646=ORIENTED_EDGE('',*,*,#2037,.F.);
#2647=ORIENTED_EDGE('',*,*,#2038,.F.);
#2648=ORIENTED_EDGE('',*,*,#2039,.F.);
#2649=ORIENTED_EDGE('',*,*,#2040,.F.);
#2650=ORIENTED_EDGE('',*,*,#2041,.F.);
#2651=ORIENTED_EDGE('',*,*,#2042,.F.);
#2652=ORIENTED_EDGE('',*,*,#2043,.F.);
#2653=ORIENTED_EDGE('',*,*,#2044,.F.);
#2654=ORIENTED_EDGE('',*,*,#2045,.F.);
#2655=ORIENTED_EDGE('',*,*,#2046,.F.);
#2656=ORIENTED_EDGE('',*,*,#2047,.F.);
#2657=ORIENTED_EDGE('',*,*,#2048,.F.);
#2658=ORIENTED_EDGE('',*,*,#2049,.F.);
#2659=ORIENTED_EDGE('',*,*,#2050,.F.);
#2660=ORIENTED_EDGE('',*,*,#2051,.F.);
#2661=ORIENTED_EDGE('',*,*,#2052,.F.);
#2662=ORIENTED_EDGE('',*,*,#2053,.F.);
#2663=ORIENTED_EDGE('',*,*,#2054,.F.);
#2664=ORIENTED_EDGE('',*,*,#2055,.F.);
#2665=ORIENTED_EDGE('',*,*,#2056,.F.);
#2666=ORIENTED_EDGE('',*,*,#2057,.F.);
#2667=ORIENTED_EDGE('',*,*,#2058,.F.);
#2668=ORIENTED_EDGE('',*,*,#2059,.F.);
#2669=ORIENTED_EDGE('',*,*,#2060,.F.);
#2670=ORIENTED_EDGE('',*,*,#2061,.F.);
#2671=ORIENTED_EDGE('',*,*,#2062,.F.);
#2672=ORIENTED_EDGE('',*,*,#2063,.F.);
#2673=ORIENTED_EDGE('',*,*,#2011,.F.);
#2674=ORIENTED_EDGE('',*,*,#2015,.F.);
#2675=ORIENTED_EDGE('',*,*,#2018,.F.);
#2676=ORIENTED_EDGE('',*,*,#2020,.F.);
#2677=ORIENTED_EDGE('',*,*,#2019,.F.);
#2678=ORIENTED_EDGE('',*,*,#2023,.T.);
#2679=ORIENTED_EDGE('',*,*,#2007,.T.);
#2680=ORIENTED_EDGE('',*,*,#2064,.F.);
#2681=ORIENTED_EDGE('',*,*,#2021,.F.);
#2682=ORIENTED_EDGE('',*,*,#2064,.T.);
#2683=ORIENTED_EDGE('',*,*,#2006,.T.);
#2684=ORIENTED_EDGE('',*,*,#2024,.F.);
#2685=ORIENTED_EDGE('',*,*,#2065,.T.);
#2686=ORIENTED_EDGE('',*,*,#2052,.T.);
#2687=ORIENTED_EDGE('',*,*,#2066,.T.);
#2688=ORIENTED_EDGE('',*,*,#2067,.T.);
#2689=ORIENTED_EDGE('',*,*,#2068,.T.);
#2690=ORIENTED_EDGE('',*,*,#2053,.T.);
#2691=ORIENTED_EDGE('',*,*,#2065,.F.);
#2692=ORIENTED_EDGE('',*,*,#2069,.T.);
#2693=ORIENTED_EDGE('',*,*,#2070,.T.);
#2694=ORIENTED_EDGE('',*,*,#2054,.T.);
#2695=ORIENTED_EDGE('',*,*,#2068,.F.);
#2696=ORIENTED_EDGE('',*,*,#2071,.T.);
#2697=ORIENTED_EDGE('',*,*,#2066,.F.);
#2698=ORIENTED_EDGE('',*,*,#2055,.T.);
#2699=ORIENTED_EDGE('',*,*,#2070,.F.);
#2700=ORIENTED_EDGE('',*,*,#2072,.T.);
#2701=ORIENTED_EDGE('',*,*,#2069,.F.);
#2702=ORIENTED_EDGE('',*,*,#2073,.T.);
#2703=ORIENTED_EDGE('',*,*,#1997,.T.);
#2704=ORIENTED_EDGE('',*,*,#2074,.F.);
#2705=ORIENTED_EDGE('',*,*,#2067,.F.);
#2706=ORIENTED_EDGE('',*,*,#2075,.T.);
#2707=ORIENTED_EDGE('',*,*,#1994,.T.);
#2708=ORIENTED_EDGE('',*,*,#2073,.F.);
#2709=ORIENTED_EDGE('',*,*,#2072,.F.);
#2710=ORIENTED_EDGE('',*,*,#2076,.T.);
#2711=ORIENTED_EDGE('',*,*,#1995,.T.);
#2712=ORIENTED_EDGE('',*,*,#2075,.F.);
#2713=ORIENTED_EDGE('',*,*,#2071,.F.);
#2714=ORIENTED_EDGE('',*,*,#2074,.T.);
#2715=ORIENTED_EDGE('',*,*,#1996,.T.);
#2716=ORIENTED_EDGE('',*,*,#2076,.F.);
#2717=ORIENTED_EDGE('',*,*,#2077,.T.);
#2718=ORIENTED_EDGE('',*,*,#2060,.T.);
#2719=ORIENTED_EDGE('',*,*,#2078,.T.);
#2720=ORIENTED_EDGE('',*,*,#2079,.T.);
#2721=ORIENTED_EDGE('',*,*,#2080,.T.);
#2722=ORIENTED_EDGE('',*,*,#2061,.T.);
#2723=ORIENTED_EDGE('',*,*,#2077,.F.);
#2724=ORIENTED_EDGE('',*,*,#2081,.T.);
#2725=ORIENTED_EDGE('',*,*,#2082,.T.);
#2726=ORIENTED_EDGE('',*,*,#2062,.T.);
#2727=ORIENTED_EDGE('',*,*,#2080,.F.);
#2728=ORIENTED_EDGE('',*,*,#2083,.T.);
#2729=ORIENTED_EDGE('',*,*,#2078,.F.);
#2730=ORIENTED_EDGE('',*,*,#2063,.T.);
#2731=ORIENTED_EDGE('',*,*,#2082,.F.);
#2732=ORIENTED_EDGE('',*,*,#2084,.T.);
#2733=ORIENTED_EDGE('',*,*,#2081,.F.);
#2734=ORIENTED_EDGE('',*,*,#2085,.T.);
#2735=ORIENTED_EDGE('',*,*,#2000,.T.);
#2736=ORIENTED_EDGE('',*,*,#2086,.F.);
#2737=ORIENTED_EDGE('',*,*,#2079,.F.);
#2738=ORIENTED_EDGE('',*,*,#2087,.T.);
#2739=ORIENTED_EDGE('',*,*,#2001,.T.);
#2740=ORIENTED_EDGE('',*,*,#2085,.F.);
#2741=ORIENTED_EDGE('',*,*,#2083,.F.);
#2742=ORIENTED_EDGE('',*,*,#2086,.T.);
#2743=ORIENTED_EDGE('',*,*,#1999,.T.);
#2744=ORIENTED_EDGE('',*,*,#2088,.F.);
#2745=ORIENTED_EDGE('',*,*,#2084,.F.);
#2746=ORIENTED_EDGE('',*,*,#2088,.T.);
#2747=ORIENTED_EDGE('',*,*,#1998,.T.);
#2748=ORIENTED_EDGE('',*,*,#2087,.F.);
#2749=ORIENTED_EDGE('',*,*,#2089,.T.);
#2750=ORIENTED_EDGE('',*,*,#2056,.T.);
#2751=ORIENTED_EDGE('',*,*,#2090,.T.);
#2752=ORIENTED_EDGE('',*,*,#2091,.T.);
#2753=ORIENTED_EDGE('',*,*,#2092,.T.);
#2754=ORIENTED_EDGE('',*,*,#2057,.T.);
#2755=ORIENTED_EDGE('',*,*,#2089,.F.);
#2756=ORIENTED_EDGE('',*,*,#2093,.T.);
#2757=ORIENTED_EDGE('',*,*,#2094,.T.);
#2758=ORIENTED_EDGE('',*,*,#2058,.T.);
#2759=ORIENTED_EDGE('',*,*,#2092,.F.);
#2760=ORIENTED_EDGE('',*,*,#2095,.T.);
#2761=ORIENTED_EDGE('',*,*,#2090,.F.);
#2762=ORIENTED_EDGE('',*,*,#2059,.T.);
#2763=ORIENTED_EDGE('',*,*,#2094,.F.);
#2764=ORIENTED_EDGE('',*,*,#2096,.T.);
#2765=ORIENTED_EDGE('',*,*,#2093,.F.);
#2766=ORIENTED_EDGE('',*,*,#2097,.T.);
#2767=ORIENTED_EDGE('',*,*,#2002,.T.);
#2768=ORIENTED_EDGE('',*,*,#2098,.F.);
#2769=ORIENTED_EDGE('',*,*,#2091,.F.);
#2770=ORIENTED_EDGE('',*,*,#2099,.T.);
#2771=ORIENTED_EDGE('',*,*,#2003,.T.);
#2772=ORIENTED_EDGE('',*,*,#2097,.F.);
#2773=ORIENTED_EDGE('',*,*,#2096,.F.);
#2774=ORIENTED_EDGE('',*,*,#2100,.T.);
#2775=ORIENTED_EDGE('',*,*,#2004,.T.);
#2776=ORIENTED_EDGE('',*,*,#2099,.F.);
#2777=ORIENTED_EDGE('',*,*,#2095,.F.);
#2778=ORIENTED_EDGE('',*,*,#2098,.T.);
#2779=ORIENTED_EDGE('',*,*,#2005,.T.);
#2780=ORIENTED_EDGE('',*,*,#2100,.F.);
#2781=ORIENTED_EDGE('',*,*,#2101,.F.);
#2782=ORIENTED_EDGE('',*,*,#2102,.T.);
#2783=ORIENTED_EDGE('',*,*,#2103,.T.);
#2784=ORIENTED_EDGE('',*,*,#2104,.T.);
#2785=ORIENTED_EDGE('',*,*,#2104,.F.);
#2786=ORIENTED_EDGE('',*,*,#2105,.F.);
#2787=ORIENTED_EDGE('',*,*,#2106,.F.);
#2788=ORIENTED_EDGE('',*,*,#2107,.T.);
#2789=ORIENTED_EDGE('',*,*,#2108,.F.);
#2790=ORIENTED_EDGE('',*,*,#2109,.T.);
#2791=ORIENTED_EDGE('',*,*,#2110,.T.);
#2792=ORIENTED_EDGE('',*,*,#2111,.T.);
#2793=ORIENTED_EDGE('',*,*,#2109,.F.);
#2794=ORIENTED_EDGE('',*,*,#2112,.T.);
#2795=ORIENTED_EDGE('',*,*,#2113,.F.);
#2796=ORIENTED_EDGE('',*,*,#2114,.F.);
#2797=ORIENTED_EDGE('',*,*,#2115,.F.);
#2798=ORIENTED_EDGE('',*,*,#2116,.T.);
#2799=ORIENTED_EDGE('',*,*,#2117,.T.);
#2800=ORIENTED_EDGE('',*,*,#2118,.T.);
#2801=ORIENTED_EDGE('',*,*,#2108,.T.);
#2802=ORIENTED_EDGE('',*,*,#2119,.F.);
#2803=ORIENTED_EDGE('',*,*,#2115,.T.);
#2804=ORIENTED_EDGE('',*,*,#2120,.F.);
#2805=ORIENTED_EDGE('',*,*,#2121,.T.);
#2806=ORIENTED_EDGE('',*,*,#2122,.F.);
#2807=ORIENTED_EDGE('',*,*,#2123,.T.);
#2808=ORIENTED_EDGE('',*,*,#2112,.F.);
#2809=ORIENTED_EDGE('',*,*,#2118,.F.);
#2810=ORIENTED_EDGE('',*,*,#2124,.F.);
#2811=ORIENTED_EDGE('',*,*,#2125,.F.);
#2812=ORIENTED_EDGE('',*,*,#2120,.T.);
#2813=ORIENTED_EDGE('',*,*,#2121,.F.);
#2814=ORIENTED_EDGE('',*,*,#2125,.T.);
#2815=ORIENTED_EDGE('',*,*,#2126,.T.);
#2816=ORIENTED_EDGE('',*,*,#2127,.T.);
#2817=ORIENTED_EDGE('',*,*,#2123,.F.);
#2818=ORIENTED_EDGE('',*,*,#2128,.T.);
#2819=ORIENTED_EDGE('',*,*,#2129,.T.);
#2820=ORIENTED_EDGE('',*,*,#2113,.T.);
#2821=ORIENTED_EDGE('',*,*,#2130,.F.);
#2822=ORIENTED_EDGE('',*,*,#2131,.T.);
#2823=ORIENTED_EDGE('',*,*,#2132,.T.);
#2824=ORIENTED_EDGE('',*,*,#2133,.T.);
#2825=ORIENTED_EDGE('',*,*,#2102,.F.);
#2826=ORIENTED_EDGE('',*,*,#2134,.T.);
#2827=ORIENTED_EDGE('',*,*,#2133,.F.);
#2828=ORIENTED_EDGE('',*,*,#2135,.F.);
#2829=ORIENTED_EDGE('',*,*,#2136,.F.);
#2830=ORIENTED_EDGE('',*,*,#2137,.T.);
#2831=ORIENTED_EDGE('',*,*,#2138,.T.);
#2832=ORIENTED_EDGE('',*,*,#2139,.T.);
#2833=ORIENTED_EDGE('',*,*,#2131,.F.);
#2834=ORIENTED_EDGE('',*,*,#2140,.T.);
#2835=ORIENTED_EDGE('',*,*,#2139,.F.);
#2836=ORIENTED_EDGE('',*,*,#2141,.F.);
#2837=ORIENTED_EDGE('',*,*,#2142,.F.);
#2838=ORIENTED_EDGE('',*,*,#2106,.T.);
#2839=ORIENTED_EDGE('',*,*,#2143,.T.);
#2840=ORIENTED_EDGE('',*,*,#2144,.T.);
#2841=ORIENTED_EDGE('',*,*,#2137,.F.);
#2842=ORIENTED_EDGE('',*,*,#2145,.T.);
#2843=ORIENTED_EDGE('',*,*,#2144,.F.);
#2844=ORIENTED_EDGE('',*,*,#2146,.F.);
#2845=ORIENTED_EDGE('',*,*,#2101,.T.);
#2846=ORIENTED_EDGE('',*,*,#2107,.F.);
#2847=ORIENTED_EDGE('',*,*,#2142,.T.);
#2848=ORIENTED_EDGE('',*,*,#2145,.F.);
#2849=ORIENTED_EDGE('',*,*,#2136,.T.);
#2850=ORIENTED_EDGE('',*,*,#2140,.F.);
#2851=ORIENTED_EDGE('',*,*,#2130,.T.);
#2852=ORIENTED_EDGE('',*,*,#2134,.F.);
#2853=ORIENTED_EDGE('',*,*,#2111,.F.);
#2854=ORIENTED_EDGE('',*,*,#2147,.F.);
#2855=ORIENTED_EDGE('',*,*,#2116,.F.);
#2856=ORIENTED_EDGE('',*,*,#2119,.T.);
#2857=ORIENTED_EDGE('',*,*,#2127,.F.);
#2858=ORIENTED_EDGE('',*,*,#2148,.F.);
#2859=ORIENTED_EDGE('',*,*,#2128,.F.);
#2860=ORIENTED_EDGE('',*,*,#2122,.T.);
#2861=ORIENTED_EDGE('',*,*,#2149,.T.);
#2862=ORIENTED_EDGE('',*,*,#2150,.T.);
#2863=ORIENTED_EDGE('',*,*,#2151,.T.);
#2864=ORIENTED_EDGE('',*,*,#2152,.T.);
#2865=ORIENTED_EDGE('',*,*,#2150,.F.);
#2866=ORIENTED_EDGE('',*,*,#2153,.F.);
#2867=ORIENTED_EDGE('',*,*,#2154,.F.);
#2868=ORIENTED_EDGE('',*,*,#2155,.T.);
#2869=ORIENTED_EDGE('',*,*,#2149,.F.);
#2870=ORIENTED_EDGE('',*,*,#2156,.T.);
#2871=ORIENTED_EDGE('',*,*,#2157,.T.);
#2872=ORIENTED_EDGE('',*,*,#2158,.F.);
#2873=ORIENTED_EDGE('',*,*,#2159,.T.);
#2874=ORIENTED_EDGE('',*,*,#2160,.T.);
#2875=ORIENTED_EDGE('',*,*,#2161,.F.);
#2876=ORIENTED_EDGE('',*,*,#2162,.T.);
#2877=ORIENTED_EDGE('',*,*,#2163,.T.);
#2878=ORIENTED_EDGE('',*,*,#2164,.T.);
#2879=ORIENTED_EDGE('',*,*,#2165,.F.);
#2880=ORIENTED_EDGE('',*,*,#2166,.F.);
#2881=ORIENTED_EDGE('',*,*,#2167,.T.);
#2882=ORIENTED_EDGE('',*,*,#2168,.F.);
#2883=ORIENTED_EDGE('',*,*,#2169,.T.);
#2884=ORIENTED_EDGE('',*,*,#2170,.F.);
#2885=ORIENTED_EDGE('',*,*,#2171,.T.);
#2886=ORIENTED_EDGE('',*,*,#2172,.F.);
#2887=ORIENTED_EDGE('',*,*,#2173,.F.);
#2888=ORIENTED_EDGE('',*,*,#2174,.F.);
#2889=ORIENTED_EDGE('',*,*,#2175,.T.);
#2890=ORIENTED_EDGE('',*,*,#2176,.F.);
#2891=ORIENTED_EDGE('',*,*,#2177,.F.);
#2892=ORIENTED_EDGE('',*,*,#2178,.T.);
#2893=ORIENTED_EDGE('',*,*,#2179,.T.);
#2894=ORIENTED_EDGE('',*,*,#2180,.T.);
#2895=ORIENTED_EDGE('',*,*,#2181,.T.);
#2896=ORIENTED_EDGE('',*,*,#2182,.F.);
#2897=ORIENTED_EDGE('',*,*,#2183,.T.);
#2898=ORIENTED_EDGE('',*,*,#2184,.F.);
#2899=ORIENTED_EDGE('',*,*,#2185,.F.);
#2900=ORIENTED_EDGE('',*,*,#2186,.F.);
#2901=ORIENTED_EDGE('',*,*,#2187,.F.);
#2902=ORIENTED_EDGE('',*,*,#2188,.F.);
#2903=ORIENTED_EDGE('',*,*,#2189,.F.);
#2904=ORIENTED_EDGE('',*,*,#2190,.F.);
#2905=ORIENTED_EDGE('',*,*,#2191,.T.);
#2906=ORIENTED_EDGE('',*,*,#2192,.F.);
#2907=ORIENTED_EDGE('',*,*,#2193,.T.);
#2908=ORIENTED_EDGE('',*,*,#2194,.T.);
#2909=ORIENTED_EDGE('',*,*,#2195,.T.);
#2910=ORIENTED_EDGE('',*,*,#2196,.F.);
#2911=ORIENTED_EDGE('',*,*,#2197,.F.);
#2912=ORIENTED_EDGE('',*,*,#2198,.T.);
#2913=ORIENTED_EDGE('',*,*,#2199,.F.);
#2914=ORIENTED_EDGE('',*,*,#2200,.T.);
#2915=ORIENTED_EDGE('',*,*,#2201,.T.);
#2916=ORIENTED_EDGE('',*,*,#2202,.F.);
#2917=ORIENTED_EDGE('',*,*,#2203,.F.);
#2918=ORIENTED_EDGE('',*,*,#2204,.F.);
#2919=ORIENTED_EDGE('',*,*,#2205,.F.);
#2920=ORIENTED_EDGE('',*,*,#2206,.F.);
#2921=ORIENTED_EDGE('',*,*,#2207,.T.);
#2922=ORIENTED_EDGE('',*,*,#2208,.F.);
#2923=ORIENTED_EDGE('',*,*,#2209,.F.);
#2924=ORIENTED_EDGE('',*,*,#2210,.F.);
#2925=ORIENTED_EDGE('',*,*,#2211,.F.);
#2926=ORIENTED_EDGE('',*,*,#2212,.F.);
#2927=ORIENTED_EDGE('',*,*,#2213,.F.);
#2928=ORIENTED_EDGE('',*,*,#2214,.T.);
#2929=ORIENTED_EDGE('',*,*,#2215,.T.);
#2930=ORIENTED_EDGE('',*,*,#2216,.T.);
#2931=ORIENTED_EDGE('',*,*,#2217,.F.);
#2932=ORIENTED_EDGE('',*,*,#2218,.T.);
#2933=ORIENTED_EDGE('',*,*,#2219,.F.);
#2934=ORIENTED_EDGE('',*,*,#2220,.F.);
#2935=ORIENTED_EDGE('',*,*,#2221,.T.);
#2936=ORIENTED_EDGE('',*,*,#2222,.T.);
#2937=ORIENTED_EDGE('',*,*,#2223,.T.);
#2938=ORIENTED_EDGE('',*,*,#2153,.T.);
#2939=ORIENTED_EDGE('',*,*,#2224,.F.);
#2940=ORIENTED_EDGE('',*,*,#2225,.F.);
#2941=ORIENTED_EDGE('',*,*,#2226,.F.);
#2942=ORIENTED_EDGE('',*,*,#2227,.F.);
#2943=ORIENTED_EDGE('',*,*,#2228,.F.);
#2944=ORIENTED_EDGE('',*,*,#2229,.F.);
#2945=ORIENTED_EDGE('',*,*,#2230,.F.);
#2946=ORIENTED_EDGE('',*,*,#2231,.F.);
#2947=ORIENTED_EDGE('',*,*,#2232,.F.);
#2948=ORIENTED_EDGE('',*,*,#2233,.F.);
#2949=ORIENTED_EDGE('',*,*,#2234,.F.);
#2950=ORIENTED_EDGE('',*,*,#2161,.T.);
#2951=ORIENTED_EDGE('',*,*,#2235,.T.);
#2952=ORIENTED_EDGE('',*,*,#2236,.T.);
#2953=ORIENTED_EDGE('',*,*,#2237,.T.);
#2954=ORIENTED_EDGE('',*,*,#2235,.F.);
#2955=ORIENTED_EDGE('',*,*,#2160,.F.);
#2956=ORIENTED_EDGE('',*,*,#2238,.F.);
#2957=ORIENTED_EDGE('',*,*,#2239,.T.);
#2958=ORIENTED_EDGE('',*,*,#2240,.T.);
#2959=ORIENTED_EDGE('',*,*,#2241,.T.);
#2960=ORIENTED_EDGE('',*,*,#2242,.F.);
#2961=ORIENTED_EDGE('',*,*,#2243,.T.);
#2962=ORIENTED_EDGE('',*,*,#2170,.T.);
#2963=ORIENTED_EDGE('',*,*,#2244,.T.);
#2964=ORIENTED_EDGE('',*,*,#2245,.T.);
#2965=ORIENTED_EDGE('',*,*,#2246,.T.);
#2966=ORIENTED_EDGE('',*,*,#2246,.F.);
#2967=ORIENTED_EDGE('',*,*,#2247,.T.);
#2968=ORIENTED_EDGE('',*,*,#2248,.T.);
#2969=ORIENTED_EDGE('',*,*,#2249,.T.);
#2970=ORIENTED_EDGE('',*,*,#2250,.F.);
#2971=ORIENTED_EDGE('',*,*,#2251,.T.);
#2972=ORIENTED_EDGE('',*,*,#2252,.T.);
#2973=ORIENTED_EDGE('',*,*,#2171,.F.);
#2974=ORIENTED_EDGE('',*,*,#2176,.T.);
#2975=ORIENTED_EDGE('',*,*,#2253,.T.);
#2976=ORIENTED_EDGE('',*,*,#2254,.T.);
#2977=ORIENTED_EDGE('',*,*,#2255,.T.);
#2978=ORIENTED_EDGE('',*,*,#2255,.F.);
#2979=ORIENTED_EDGE('',*,*,#2256,.F.);
#2980=ORIENTED_EDGE('',*,*,#2257,.T.);
#2981=ORIENTED_EDGE('',*,*,#2177,.T.);
#2982=ORIENTED_EDGE('',*,*,#2032,.T.);
#2983=ORIENTED_EDGE('',*,*,#2258,.T.);
#2984=ORIENTED_EDGE('',*,*,#2259,.T.);
#2985=ORIENTED_EDGE('',*,*,#2260,.T.);
#2986=ORIENTED_EDGE('',*,*,#2261,.T.);
#2987=ORIENTED_EDGE('',*,*,#2262,.F.);
#2988=ORIENTED_EDGE('',*,*,#2263,.T.);
#2989=ORIENTED_EDGE('',*,*,#2264,.T.);
#2990=ORIENTED_EDGE('',*,*,#2030,.T.);
#2991=ORIENTED_EDGE('',*,*,#2265,.T.);
#2992=ORIENTED_EDGE('',*,*,#2031,.T.);
#2993=ORIENTED_EDGE('',*,*,#2264,.F.);
#2994=ORIENTED_EDGE('',*,*,#2266,.T.);
#2995=ORIENTED_EDGE('',*,*,#2258,.F.);
#2996=ORIENTED_EDGE('',*,*,#2267,.T.);
#2997=ORIENTED_EDGE('',*,*,#2028,.T.);
#2998=ORIENTED_EDGE('',*,*,#2268,.T.);
#2999=ORIENTED_EDGE('',*,*,#2269,.T.);
#3000=ORIENTED_EDGE('',*,*,#2027,.T.);
#3001=ORIENTED_EDGE('',*,*,#2270,.T.);
#3002=ORIENTED_EDGE('',*,*,#2271,.T.);
#3003=ORIENTED_EDGE('',*,*,#2272,.T.);
#3004=ORIENTED_EDGE('',*,*,#2273,.T.);
#3005=ORIENTED_EDGE('',*,*,#2268,.F.);
#3006=ORIENTED_EDGE('',*,*,#2048,.T.);
#3007=ORIENTED_EDGE('',*,*,#2274,.T.);
#3008=ORIENTED_EDGE('',*,*,#2275,.T.);
#3009=ORIENTED_EDGE('',*,*,#2276,.T.);
#3010=ORIENTED_EDGE('',*,*,#2025,.T.);
#3011=ORIENTED_EDGE('',*,*,#2277,.T.);
#3012=ORIENTED_EDGE('',*,*,#2278,.T.);
#3013=ORIENTED_EDGE('',*,*,#2279,.T.);
#3014=ORIENTED_EDGE('',*,*,#2280,.T.);
#3015=ORIENTED_EDGE('',*,*,#2281,.T.);
#3016=ORIENTED_EDGE('',*,*,#2277,.F.);
#3017=ORIENTED_EDGE('',*,*,#2051,.T.);
#3018=ORIENTED_EDGE('',*,*,#2282,.T.);
#3019=ORIENTED_EDGE('',*,*,#2283,.T.);
#3020=ORIENTED_EDGE('',*,*,#2050,.T.);
#3021=ORIENTED_EDGE('',*,*,#2284,.T.);
#3022=ORIENTED_EDGE('',*,*,#2285,.T.);
#3023=ORIENTED_EDGE('',*,*,#2282,.F.);
#3024=ORIENTED_EDGE('',*,*,#2286,.T.);
#3025=ORIENTED_EDGE('',*,*,#2284,.F.);
#3026=ORIENTED_EDGE('',*,*,#2049,.T.);
#3027=ORIENTED_EDGE('',*,*,#2276,.F.);
#3028=ORIENTED_EDGE('',*,*,#2287,.T.);
#3029=ORIENTED_EDGE('',*,*,#2288,.T.);
#3030=ORIENTED_EDGE('',*,*,#2289,.T.);
#3031=ORIENTED_EDGE('',*,*,#2274,.F.);
#3032=ORIENTED_EDGE('',*,*,#2047,.T.);
#3033=ORIENTED_EDGE('',*,*,#2290,.T.);
#3034=ORIENTED_EDGE('',*,*,#2291,.T.);
#3035=ORIENTED_EDGE('',*,*,#2288,.F.);
#3036=ORIENTED_EDGE('',*,*,#2046,.T.);
#3037=ORIENTED_EDGE('',*,*,#2292,.T.);
#3038=ORIENTED_EDGE('',*,*,#2290,.F.);
#3039=ORIENTED_EDGE('',*,*,#2045,.T.);
#3040=ORIENTED_EDGE('',*,*,#2293,.T.);
#3041=ORIENTED_EDGE('',*,*,#2026,.T.);
#3042=ORIENTED_EDGE('',*,*,#2280,.F.);
#3043=ORIENTED_EDGE('',*,*,#2294,.T.);
#3044=ORIENTED_EDGE('',*,*,#2270,.F.);
#3045=ORIENTED_EDGE('',*,*,#2295,.T.);
#3046=ORIENTED_EDGE('',*,*,#2296,.T.);
#3047=ORIENTED_EDGE('',*,*,#2293,.F.);
#3048=ORIENTED_EDGE('',*,*,#2044,.T.);
#3049=ORIENTED_EDGE('',*,*,#2297,.T.);
#3050=ORIENTED_EDGE('',*,*,#2298,.T.);
#3051=ORIENTED_EDGE('',*,*,#2043,.T.);
#3052=ORIENTED_EDGE('',*,*,#2299,.T.);
#3053=ORIENTED_EDGE('',*,*,#2300,.T.);
#3054=ORIENTED_EDGE('',*,*,#2297,.F.);
#3055=ORIENTED_EDGE('',*,*,#2301,.T.);
#3056=ORIENTED_EDGE('',*,*,#2302,.T.);
#3057=ORIENTED_EDGE('',*,*,#2299,.F.);
#3058=ORIENTED_EDGE('',*,*,#2042,.T.);
#3059=ORIENTED_EDGE('',*,*,#2303,.T.);
#3060=ORIENTED_EDGE('',*,*,#2304,.T.);
#3061=ORIENTED_EDGE('',*,*,#2301,.F.);
#3062=ORIENTED_EDGE('',*,*,#2041,.T.);
#3063=ORIENTED_EDGE('',*,*,#2305,.T.);
#3064=ORIENTED_EDGE('',*,*,#2303,.F.);
#3065=ORIENTED_EDGE('',*,*,#2040,.T.);
#3066=ORIENTED_EDGE('',*,*,#2306,.T.);
#3067=ORIENTED_EDGE('',*,*,#2039,.T.);
#3068=ORIENTED_EDGE('',*,*,#2307,.T.);
#3069=ORIENTED_EDGE('',*,*,#2308,.T.);
#3070=ORIENTED_EDGE('',*,*,#2309,.T.);
#3071=ORIENTED_EDGE('',*,*,#2306,.F.);
#3072=ORIENTED_EDGE('',*,*,#2310,.T.);
#3073=ORIENTED_EDGE('',*,*,#2307,.F.);
#3074=ORIENTED_EDGE('',*,*,#2038,.T.);
#3075=ORIENTED_EDGE('',*,*,#2311,.T.);
#3076=ORIENTED_EDGE('',*,*,#2029,.T.);
#3077=ORIENTED_EDGE('',*,*,#2267,.F.);
#3078=ORIENTED_EDGE('',*,*,#2312,.T.);
#3079=ORIENTED_EDGE('',*,*,#2313,.T.);
#3080=ORIENTED_EDGE('',*,*,#2265,.F.);
#3081=ORIENTED_EDGE('',*,*,#2037,.T.);
#3082=ORIENTED_EDGE('',*,*,#2314,.T.);
#3083=ORIENTED_EDGE('',*,*,#2315,.T.);
#3084=ORIENTED_EDGE('',*,*,#2316,.T.);
#3085=ORIENTED_EDGE('',*,*,#2311,.F.);
#3086=ORIENTED_EDGE('',*,*,#2317,.T.);
#3087=ORIENTED_EDGE('',*,*,#2314,.F.);
#3088=ORIENTED_EDGE('',*,*,#2036,.T.);
#3089=ORIENTED_EDGE('',*,*,#2318,.T.);
#3090=ORIENTED_EDGE('',*,*,#2319,.F.);
#3091=ORIENTED_EDGE('',*,*,#2320,.T.);
#3092=ORIENTED_EDGE('',*,*,#2318,.F.);
#3093=ORIENTED_EDGE('',*,*,#2035,.T.);
#3094=ORIENTED_EDGE('',*,*,#2321,.T.);
#3095=ORIENTED_EDGE('',*,*,#2322,.T.);
#3096=ORIENTED_EDGE('',*,*,#2323,.T.);
#3097=ORIENTED_EDGE('',*,*,#2321,.F.);
#3098=ORIENTED_EDGE('',*,*,#2034,.T.);
#3099=ORIENTED_EDGE('',*,*,#2324,.T.);
#3100=ORIENTED_EDGE('',*,*,#2325,.T.);
#3101=ORIENTED_EDGE('',*,*,#2326,.T.);
#3102=ORIENTED_EDGE('',*,*,#2324,.F.);
#3103=ORIENTED_EDGE('',*,*,#2033,.T.);
#3104=ORIENTED_EDGE('',*,*,#2262,.T.);
#3105=ORIENTED_EDGE('',*,*,#2317,.F.);
#3106=ORIENTED_EDGE('',*,*,#2327,.F.);
#3107=ORIENTED_EDGE('',*,*,#2195,.F.);
#3108=ORIENTED_EDGE('',*,*,#2328,.T.);
#3109=ORIENTED_EDGE('',*,*,#2320,.F.);
#3110=ORIENTED_EDGE('',*,*,#2323,.F.);
#3111=ORIENTED_EDGE('',*,*,#2329,.F.);
#3112=ORIENTED_EDGE('',*,*,#2196,.T.);
#3113=ORIENTED_EDGE('',*,*,#2327,.T.);
#3114=ORIENTED_EDGE('',*,*,#2319,.T.);
#3115=ORIENTED_EDGE('',*,*,#2322,.F.);
#3116=ORIENTED_EDGE('',*,*,#2330,.F.);
#3117=ORIENTED_EDGE('',*,*,#2197,.T.);
#3118=ORIENTED_EDGE('',*,*,#2329,.T.);
#3119=ORIENTED_EDGE('',*,*,#2325,.F.);
#3120=ORIENTED_EDGE('',*,*,#2326,.F.);
#3121=ORIENTED_EDGE('',*,*,#2261,.F.);
#3122=ORIENTED_EDGE('',*,*,#2331,.F.);
#3123=ORIENTED_EDGE('',*,*,#2198,.F.);
#3124=ORIENTED_EDGE('',*,*,#2330,.T.);
#3125=ORIENTED_EDGE('',*,*,#2260,.F.);
#3126=ORIENTED_EDGE('',*,*,#2332,.F.);
#3127=ORIENTED_EDGE('',*,*,#2199,.T.);
#3128=ORIENTED_EDGE('',*,*,#2331,.T.);
#3129=ORIENTED_EDGE('',*,*,#2259,.F.);
#3130=ORIENTED_EDGE('',*,*,#2266,.F.);
#3131=ORIENTED_EDGE('',*,*,#2333,.F.);
#3132=ORIENTED_EDGE('',*,*,#2200,.F.);
#3133=ORIENTED_EDGE('',*,*,#2332,.T.);
#3134=ORIENTED_EDGE('',*,*,#2263,.F.);
#3135=ORIENTED_EDGE('',*,*,#2313,.F.);
#3136=ORIENTED_EDGE('',*,*,#2334,.F.);
#3137=ORIENTED_EDGE('',*,*,#2201,.F.);
#3138=ORIENTED_EDGE('',*,*,#2333,.T.);
#3139=ORIENTED_EDGE('',*,*,#2312,.F.);
#3140=ORIENTED_EDGE('',*,*,#2335,.F.);
#3141=ORIENTED_EDGE('',*,*,#2202,.T.);
#3142=ORIENTED_EDGE('',*,*,#2334,.T.);
#3143=ORIENTED_EDGE('',*,*,#2269,.F.);
#3144=ORIENTED_EDGE('',*,*,#2273,.F.);
#3145=ORIENTED_EDGE('',*,*,#2336,.F.);
#3146=ORIENTED_EDGE('',*,*,#2203,.T.);
#3147=ORIENTED_EDGE('',*,*,#2335,.T.);
#3148=ORIENTED_EDGE('',*,*,#2272,.F.);
#3149=ORIENTED_EDGE('',*,*,#2337,.F.);
#3150=ORIENTED_EDGE('',*,*,#2204,.T.);
#3151=ORIENTED_EDGE('',*,*,#2336,.T.);
#3152=ORIENTED_EDGE('',*,*,#2294,.F.);
#3153=ORIENTED_EDGE('',*,*,#2279,.F.);
#3154=ORIENTED_EDGE('',*,*,#2338,.F.);
#3155=ORIENTED_EDGE('',*,*,#2205,.T.);
#3156=ORIENTED_EDGE('',*,*,#2337,.T.);
#3157=ORIENTED_EDGE('',*,*,#2271,.F.);
#3158=ORIENTED_EDGE('',*,*,#2278,.F.);
#3159=ORIENTED_EDGE('',*,*,#2339,.F.);
#3160=ORIENTED_EDGE('',*,*,#2206,.T.);
#3161=ORIENTED_EDGE('',*,*,#2338,.T.);
#3162=ORIENTED_EDGE('',*,*,#2302,.F.);
#3163=ORIENTED_EDGE('',*,*,#2340,.F.);
#3164=ORIENTED_EDGE('',*,*,#2189,.T.);
#3165=ORIENTED_EDGE('',*,*,#2341,.T.);
#3166=ORIENTED_EDGE('',*,*,#2304,.F.);
#3167=ORIENTED_EDGE('',*,*,#2342,.F.);
#3168=ORIENTED_EDGE('',*,*,#2190,.T.);
#3169=ORIENTED_EDGE('',*,*,#2340,.T.);
#3170=ORIENTED_EDGE('',*,*,#2305,.F.);
#3171=ORIENTED_EDGE('',*,*,#2309,.F.);
#3172=ORIENTED_EDGE('',*,*,#2343,.T.);
#3173=ORIENTED_EDGE('',*,*,#2191,.F.);
#3174=ORIENTED_EDGE('',*,*,#2342,.T.);
#3175=ORIENTED_EDGE('',*,*,#2308,.F.);
#3176=ORIENTED_EDGE('',*,*,#2344,.F.);
#3177=ORIENTED_EDGE('',*,*,#2192,.T.);
#3178=ORIENTED_EDGE('',*,*,#2343,.F.);
#3179=ORIENTED_EDGE('',*,*,#2310,.F.);
#3180=ORIENTED_EDGE('',*,*,#2316,.F.);
#3181=ORIENTED_EDGE('',*,*,#2345,.F.);
#3182=ORIENTED_EDGE('',*,*,#2193,.F.);
#3183=ORIENTED_EDGE('',*,*,#2344,.T.);
#3184=ORIENTED_EDGE('',*,*,#2315,.F.);
#3185=ORIENTED_EDGE('',*,*,#2328,.F.);
#3186=ORIENTED_EDGE('',*,*,#2194,.F.);
#3187=ORIENTED_EDGE('',*,*,#2345,.T.);
#3188=ORIENTED_EDGE('',*,*,#2275,.F.);
#3189=ORIENTED_EDGE('',*,*,#2346,.F.);
#3190=ORIENTED_EDGE('',*,*,#2210,.T.);
#3191=ORIENTED_EDGE('',*,*,#2347,.T.);
#3192=ORIENTED_EDGE('',*,*,#2287,.F.);
#3193=ORIENTED_EDGE('',*,*,#2281,.F.);
#3194=ORIENTED_EDGE('',*,*,#2348,.F.);
#3195=ORIENTED_EDGE('',*,*,#2207,.F.);
#3196=ORIENTED_EDGE('',*,*,#2339,.T.);
#3197=ORIENTED_EDGE('',*,*,#2286,.F.);
#3198=ORIENTED_EDGE('',*,*,#2347,.F.);
#3199=ORIENTED_EDGE('',*,*,#2209,.T.);
#3200=ORIENTED_EDGE('',*,*,#2349,.T.);
#3201=ORIENTED_EDGE('',*,*,#2350,.T.);
#3202=ORIENTED_EDGE('',*,*,#2351,.T.);
#3203=ORIENTED_EDGE('',*,*,#2352,.F.);
#3204=ORIENTED_EDGE('',*,*,#2216,.F.);
#3205=ORIENTED_EDGE('',*,*,#2292,.F.);
#3206=ORIENTED_EDGE('',*,*,#2296,.F.);
#3207=ORIENTED_EDGE('',*,*,#2353,.T.);
#3208=ORIENTED_EDGE('',*,*,#2354,.F.);
#3209=ORIENTED_EDGE('',*,*,#2355,.F.);
#3210=ORIENTED_EDGE('',*,*,#2213,.T.);
#3211=ORIENTED_EDGE('',*,*,#2356,.T.);
#3212=ORIENTED_EDGE('',*,*,#2295,.F.);
#3213=ORIENTED_EDGE('',*,*,#2357,.T.);
#3214=ORIENTED_EDGE('',*,*,#2358,.F.);
#3215=ORIENTED_EDGE('',*,*,#2359,.F.);
#3216=ORIENTED_EDGE('',*,*,#2186,.T.);
#3217=ORIENTED_EDGE('',*,*,#2360,.T.);
#3218=ORIENTED_EDGE('',*,*,#2361,.T.);
#3219=ORIENTED_EDGE('',*,*,#2350,.F.);
#3220=ORIENTED_EDGE('',*,*,#2215,.F.);
#3221=ORIENTED_EDGE('',*,*,#2362,.T.);
#3222=ORIENTED_EDGE('',*,*,#2363,.F.);
#3223=ORIENTED_EDGE('',*,*,#2353,.F.);
#3224=ORIENTED_EDGE('',*,*,#2364,.F.);
#3225=ORIENTED_EDGE('',*,*,#2365,.T.);
#3226=ORIENTED_EDGE('',*,*,#2358,.T.);
#3227=ORIENTED_EDGE('',*,*,#2354,.T.);
#3228=ORIENTED_EDGE('',*,*,#2363,.T.);
#3229=ORIENTED_EDGE('',*,*,#2366,.T.);
#3230=ORIENTED_EDGE('',*,*,#2185,.T.);
#3231=ORIENTED_EDGE('',*,*,#2367,.T.);
#3232=ORIENTED_EDGE('',*,*,#2368,.F.);
#3233=ORIENTED_EDGE('',*,*,#2360,.F.);
#3234=ORIENTED_EDGE('',*,*,#2369,.F.);
#3235=ORIENTED_EDGE('',*,*,#2370,.F.);
#3236=ORIENTED_EDGE('',*,*,#2371,.F.);
#3237=ORIENTED_EDGE('',*,*,#2372,.T.);
#3238=ORIENTED_EDGE('',*,*,#2373,.F.);
#3239=ORIENTED_EDGE('',*,*,#2374,.F.);
#3240=ORIENTED_EDGE('',*,*,#2375,.T.);
#3241=ORIENTED_EDGE('',*,*,#2376,.T.);
#3242=ORIENTED_EDGE('',*,*,#2377,.F.);
#3243=ORIENTED_EDGE('',*,*,#2378,.T.);
#3244=ORIENTED_EDGE('',*,*,#2379,.T.);
#3245=ORIENTED_EDGE('',*,*,#2380,.F.);
#3246=ORIENTED_EDGE('',*,*,#2381,.T.);
#3247=ORIENTED_EDGE('',*,*,#2382,.T.);
#3248=ORIENTED_EDGE('',*,*,#2383,.F.);
#3249=ORIENTED_EDGE('',*,*,#2249,.F.);
#3250=ORIENTED_EDGE('',*,*,#2384,.F.);
#3251=ORIENTED_EDGE('',*,*,#2385,.T.);
#3252=ORIENTED_EDGE('',*,*,#2386,.F.);
#3253=ORIENTED_EDGE('',*,*,#2387,.T.);
#3254=ORIENTED_EDGE('',*,*,#2388,.F.);
#3255=ORIENTED_EDGE('',*,*,#2389,.F.);
#3256=ORIENTED_EDGE('',*,*,#2390,.F.);
#3257=ORIENTED_EDGE('',*,*,#2391,.T.);
#3258=ORIENTED_EDGE('',*,*,#2392,.T.);
#3259=ORIENTED_EDGE('',*,*,#2393,.T.);
#3260=ORIENTED_EDGE('',*,*,#2394,.T.);
#3261=ORIENTED_EDGE('',*,*,#2395,.F.);
#3262=ORIENTED_EDGE('',*,*,#2396,.T.);
#3263=ORIENTED_EDGE('',*,*,#2397,.T.);
#3264=ORIENTED_EDGE('',*,*,#2398,.F.);
#3265=ORIENTED_EDGE('',*,*,#2399,.F.);
#3266=ORIENTED_EDGE('',*,*,#2400,.F.);
#3267=ORIENTED_EDGE('',*,*,#2401,.T.);
#3268=ORIENTED_EDGE('',*,*,#2402,.F.);
#3269=ORIENTED_EDGE('',*,*,#2403,.T.);
#3270=ORIENTED_EDGE('',*,*,#2404,.F.);
#3271=ORIENTED_EDGE('',*,*,#2241,.F.);
#3272=ORIENTED_EDGE('',*,*,#2405,.F.);
#3273=ORIENTED_EDGE('',*,*,#2406,.T.);
#3274=ORIENTED_EDGE('',*,*,#2407,.F.);
#3275=ORIENTED_EDGE('',*,*,#2408,.F.);
#3276=ORIENTED_EDGE('',*,*,#2409,.T.);
#3277=ORIENTED_EDGE('',*,*,#2410,.F.);
#3278=ORIENTED_EDGE('',*,*,#2411,.F.);
#3279=ORIENTED_EDGE('',*,*,#2412,.T.);
#3280=ORIENTED_EDGE('',*,*,#2413,.F.);
#3281=ORIENTED_EDGE('',*,*,#2414,.F.);
#3282=ORIENTED_EDGE('',*,*,#2415,.F.);
#3283=ORIENTED_EDGE('',*,*,#2416,.T.);
#3284=ORIENTED_EDGE('',*,*,#2417,.F.);
#3285=ORIENTED_EDGE('',*,*,#2418,.F.);
#3286=ORIENTED_EDGE('',*,*,#2419,.T.);
#3287=ORIENTED_EDGE('',*,*,#2420,.T.);
#3288=ORIENTED_EDGE('',*,*,#2421,.F.);
#3289=ORIENTED_EDGE('',*,*,#2422,.T.);
#3290=ORIENTED_EDGE('',*,*,#2351,.F.);
#3291=ORIENTED_EDGE('',*,*,#2361,.F.);
#3292=ORIENTED_EDGE('',*,*,#2368,.T.);
#3293=ORIENTED_EDGE('',*,*,#2423,.T.);
#3294=ORIENTED_EDGE('',*,*,#2424,.F.);
#3295=ORIENTED_EDGE('',*,*,#2425,.T.);
#3296=ORIENTED_EDGE('',*,*,#2135,.T.);
#3297=ORIENTED_EDGE('',*,*,#2132,.F.);
#3298=ORIENTED_EDGE('',*,*,#2141,.T.);
#3299=ORIENTED_EDGE('',*,*,#2138,.F.);
#3300=ORIENTED_EDGE('',*,*,#2146,.T.);
#3301=ORIENTED_EDGE('',*,*,#2143,.F.);
#3302=ORIENTED_EDGE('',*,*,#2105,.T.);
#3303=ORIENTED_EDGE('',*,*,#2103,.F.);
#3304=ORIENTED_EDGE('',*,*,#2114,.T.);
#3305=ORIENTED_EDGE('',*,*,#2129,.F.);
#3306=ORIENTED_EDGE('',*,*,#2148,.T.);
#3307=ORIENTED_EDGE('',*,*,#2126,.F.);
#3308=ORIENTED_EDGE('',*,*,#2124,.T.);
#3309=ORIENTED_EDGE('',*,*,#2117,.F.);
#3310=ORIENTED_EDGE('',*,*,#2147,.T.);
#3311=ORIENTED_EDGE('',*,*,#2110,.F.);
#3312=ORIENTED_EDGE('',*,*,#2300,.F.);
#3313=ORIENTED_EDGE('',*,*,#2341,.F.);
#3314=ORIENTED_EDGE('',*,*,#2188,.T.);
#3315=ORIENTED_EDGE('',*,*,#2426,.T.);
#3316=ORIENTED_EDGE('',*,*,#2364,.T.);
#3317=ORIENTED_EDGE('',*,*,#2357,.F.);
#3318=ORIENTED_EDGE('',*,*,#2298,.F.);
#3319=ORIENTED_EDGE('',*,*,#2289,.F.);
#3320=ORIENTED_EDGE('',*,*,#2427,.F.);
#3321=ORIENTED_EDGE('',*,*,#2211,.T.);
#3322=ORIENTED_EDGE('',*,*,#2346,.T.);
#3323=ORIENTED_EDGE('',*,*,#2291,.F.);
#3324=ORIENTED_EDGE('',*,*,#2356,.F.);
#3325=ORIENTED_EDGE('',*,*,#2212,.T.);
#3326=ORIENTED_EDGE('',*,*,#2427,.T.);
#3327=ORIENTED_EDGE('',*,*,#2355,.T.);
#3328=ORIENTED_EDGE('',*,*,#2366,.F.);
#3329=ORIENTED_EDGE('',*,*,#2362,.F.);
#3330=ORIENTED_EDGE('',*,*,#2214,.F.);
#3331=ORIENTED_EDGE('',*,*,#2285,.F.);
#3332=ORIENTED_EDGE('',*,*,#2349,.F.);
#3333=ORIENTED_EDGE('',*,*,#2208,.T.);
#3334=ORIENTED_EDGE('',*,*,#2348,.T.);
#3335=ORIENTED_EDGE('',*,*,#2283,.F.);
#3336=ORIENTED_EDGE('',*,*,#2359,.T.);
#3337=ORIENTED_EDGE('',*,*,#2365,.F.);
#3338=ORIENTED_EDGE('',*,*,#2426,.F.);
#3339=ORIENTED_EDGE('',*,*,#2187,.T.);
#3340=ORIENTED_EDGE('',*,*,#2428,.T.);
#3341=ORIENTED_EDGE('',*,*,#2429,.T.);
#3342=ORIENTED_EDGE('',*,*,#2430,.F.);
#3343=ORIENTED_EDGE('',*,*,#2431,.F.);
#3344=ORIENTED_EDGE('',*,*,#2151,.F.);
#3345=ORIENTED_EDGE('',*,*,#2155,.F.);
#3346=ORIENTED_EDGE('',*,*,#2432,.F.);
#3347=ORIENTED_EDGE('',*,*,#2433,.F.);
#3348=ORIENTED_EDGE('',*,*,#2434,.F.);
#3349=ORIENTED_EDGE('',*,*,#2435,.T.);
#3350=ORIENTED_EDGE('',*,*,#2436,.F.);
#3351=ORIENTED_EDGE('',*,*,#2437,.T.);
#3352=ORIENTED_EDGE('',*,*,#2438,.T.);
#3353=ORIENTED_EDGE('',*,*,#2439,.T.);
#3354=ORIENTED_EDGE('',*,*,#2440,.F.);
#3355=ORIENTED_EDGE('',*,*,#2441,.T.);
#3356=ORIENTED_EDGE('',*,*,#2239,.F.);
#3357=ORIENTED_EDGE('',*,*,#2442,.F.);
#3358=ORIENTED_EDGE('',*,*,#2443,.T.);
#3359=ORIENTED_EDGE('',*,*,#2444,.T.);
#3360=ORIENTED_EDGE('',*,*,#2445,.T.);
#3361=ORIENTED_EDGE('',*,*,#2446,.F.);
#3362=ORIENTED_EDGE('',*,*,#2447,.T.);
#3363=ORIENTED_EDGE('',*,*,#2448,.T.);
#3364=ORIENTED_EDGE('',*,*,#2449,.T.);
#3365=ORIENTED_EDGE('',*,*,#2450,.T.);
#3366=ORIENTED_EDGE('',*,*,#2251,.F.);
#3367=ORIENTED_EDGE('',*,*,#2451,.T.);
#3368=ORIENTED_EDGE('',*,*,#2452,.F.);
#3369=ORIENTED_EDGE('',*,*,#2453,.F.);
#3370=ORIENTED_EDGE('',*,*,#2454,.F.);
#3371=ORIENTED_EDGE('',*,*,#2455,.F.);
#3372=ORIENTED_EDGE('',*,*,#2456,.F.);
#3373=ORIENTED_EDGE('',*,*,#2256,.T.);
#3374=ORIENTED_EDGE('',*,*,#2254,.F.);
#3375=ORIENTED_EDGE('',*,*,#2457,.F.);
#3376=ORIENTED_EDGE('',*,*,#2458,.T.);
#3377=ORIENTED_EDGE('',*,*,#2459,.T.);
#3378=ORIENTED_EDGE('',*,*,#2460,.F.);
#3379=ORIENTED_EDGE('',*,*,#2461,.T.);
#3380=ORIENTED_EDGE('',*,*,#2462,.F.);
#3381=ORIENTED_EDGE('',*,*,#2463,.F.);
#3382=ORIENTED_EDGE('',*,*,#2464,.T.);
#3383=ORIENTED_EDGE('',*,*,#2465,.T.);
#3384=ORIENTED_EDGE('',*,*,#2466,.F.);
#3385=ORIENTED_EDGE('',*,*,#2467,.T.);
#3386=ORIENTED_EDGE('',*,*,#2468,.F.);
#3387=ORIENTED_EDGE('',*,*,#2469,.T.);
#3388=ORIENTED_EDGE('',*,*,#2470,.F.);
#3389=ORIENTED_EDGE('',*,*,#2471,.T.);
#3390=ORIENTED_EDGE('',*,*,#2472,.F.);
#3391=ORIENTED_EDGE('',*,*,#2473,.T.);
#3392=ORIENTED_EDGE('',*,*,#2474,.F.);
#3393=ORIENTED_EDGE('',*,*,#2475,.T.);
#3394=ORIENTED_EDGE('',*,*,#2247,.F.);
#3395=ORIENTED_EDGE('',*,*,#2245,.F.);
#3396=ORIENTED_EDGE('',*,*,#2476,.T.);
#3397=ORIENTED_EDGE('',*,*,#2477,.T.);
#3398=ORIENTED_EDGE('',*,*,#2478,.F.);
#3399=ORIENTED_EDGE('',*,*,#2479,.T.);
#3400=ORIENTED_EDGE('',*,*,#2480,.F.);
#3401=ORIENTED_EDGE('',*,*,#2481,.F.);
#3402=ORIENTED_EDGE('',*,*,#2482,.F.);
#3403=ORIENTED_EDGE('',*,*,#2483,.T.);
#3404=ORIENTED_EDGE('',*,*,#2484,.F.);
#3405=ORIENTED_EDGE('',*,*,#2485,.F.);
#3406=ORIENTED_EDGE('',*,*,#2486,.F.);
#3407=ORIENTED_EDGE('',*,*,#2487,.T.);
#3408=ORIENTED_EDGE('',*,*,#2488,.F.);
#3409=ORIENTED_EDGE('',*,*,#2481,.T.);
#3410=ORIENTED_EDGE('',*,*,#2489,.T.);
#3411=ORIENTED_EDGE('',*,*,#2396,.F.);
#3412=ORIENTED_EDGE('',*,*,#2489,.F.);
#3413=ORIENTED_EDGE('',*,*,#2480,.T.);
#3414=ORIENTED_EDGE('',*,*,#2490,.T.);
#3415=ORIENTED_EDGE('',*,*,#2397,.F.);
#3416=ORIENTED_EDGE('',*,*,#2490,.F.);
#3417=ORIENTED_EDGE('',*,*,#2479,.F.);
#3418=ORIENTED_EDGE('',*,*,#2491,.T.);
#3419=ORIENTED_EDGE('',*,*,#2398,.T.);
#3420=ORIENTED_EDGE('',*,*,#2491,.F.);
#3421=ORIENTED_EDGE('',*,*,#2478,.T.);
#3422=ORIENTED_EDGE('',*,*,#2492,.T.);
#3423=ORIENTED_EDGE('',*,*,#2164,.F.);
#3424=ORIENTED_EDGE('',*,*,#2493,.F.);
#3425=ORIENTED_EDGE('',*,*,#2494,.T.);
#3426=ORIENTED_EDGE('',*,*,#2495,.T.);
#3427=ORIENTED_EDGE('',*,*,#2399,.T.);
#3428=ORIENTED_EDGE('',*,*,#2495,.F.);
#3429=ORIENTED_EDGE('',*,*,#2496,.F.);
#3430=ORIENTED_EDGE('',*,*,#2497,.T.);
#3431=ORIENTED_EDGE('',*,*,#2400,.T.);
#3432=ORIENTED_EDGE('',*,*,#2497,.F.);
#3433=ORIENTED_EDGE('',*,*,#2498,.T.);
#3434=ORIENTED_EDGE('',*,*,#2499,.T.);
#3435=ORIENTED_EDGE('',*,*,#2401,.F.);
#3436=ORIENTED_EDGE('',*,*,#2499,.F.);
#3437=ORIENTED_EDGE('',*,*,#2500,.F.);
#3438=ORIENTED_EDGE('',*,*,#2501,.T.);
#3439=ORIENTED_EDGE('',*,*,#2402,.T.);
#3440=ORIENTED_EDGE('',*,*,#2501,.F.);
#3441=ORIENTED_EDGE('',*,*,#2502,.T.);
#3442=ORIENTED_EDGE('',*,*,#2503,.T.);
#3443=ORIENTED_EDGE('',*,*,#2403,.F.);
#3444=ORIENTED_EDGE('',*,*,#2503,.F.);
#3445=ORIENTED_EDGE('',*,*,#2504,.F.);
#3446=ORIENTED_EDGE('',*,*,#2242,.T.);
#3447=ORIENTED_EDGE('',*,*,#2404,.T.);
#3448=ORIENTED_EDGE('',*,*,#2240,.F.);
#3449=ORIENTED_EDGE('',*,*,#2447,.F.);
#3450=ORIENTED_EDGE('',*,*,#2505,.T.);
#3451=ORIENTED_EDGE('',*,*,#2405,.T.);
#3452=ORIENTED_EDGE('',*,*,#2505,.F.);
#3453=ORIENTED_EDGE('',*,*,#2446,.T.);
#3454=ORIENTED_EDGE('',*,*,#2506,.T.);
#3455=ORIENTED_EDGE('',*,*,#2406,.F.);
#3456=ORIENTED_EDGE('',*,*,#2506,.F.);
#3457=ORIENTED_EDGE('',*,*,#2445,.F.);
#3458=ORIENTED_EDGE('',*,*,#2507,.T.);
#3459=ORIENTED_EDGE('',*,*,#2407,.T.);
#3460=ORIENTED_EDGE('',*,*,#2507,.F.);
#3461=ORIENTED_EDGE('',*,*,#2444,.F.);
#3462=ORIENTED_EDGE('',*,*,#2508,.T.);
#3463=ORIENTED_EDGE('',*,*,#2408,.T.);
#3464=ORIENTED_EDGE('',*,*,#2508,.F.);
#3465=ORIENTED_EDGE('',*,*,#2443,.F.);
#3466=ORIENTED_EDGE('',*,*,#2509,.T.);
#3467=ORIENTED_EDGE('',*,*,#2158,.T.);
#3468=ORIENTED_EDGE('',*,*,#2510,.F.);
#3469=ORIENTED_EDGE('',*,*,#2429,.F.);
#3470=ORIENTED_EDGE('',*,*,#2511,.T.);
#3471=ORIENTED_EDGE('',*,*,#2409,.F.);
#3472=ORIENTED_EDGE('',*,*,#2511,.F.);
#3473=ORIENTED_EDGE('',*,*,#2428,.F.);
#3474=ORIENTED_EDGE('',*,*,#2512,.T.);
#3475=ORIENTED_EDGE('',*,*,#2410,.T.);
#3476=ORIENTED_EDGE('',*,*,#2512,.F.);
#3477=ORIENTED_EDGE('',*,*,#2441,.F.);
#3478=ORIENTED_EDGE('',*,*,#2513,.T.);
#3479=ORIENTED_EDGE('',*,*,#2411,.T.);
#3480=ORIENTED_EDGE('',*,*,#2513,.F.);
#3481=ORIENTED_EDGE('',*,*,#2440,.T.);
#3482=ORIENTED_EDGE('',*,*,#2514,.T.);
#3483=ORIENTED_EDGE('',*,*,#2412,.F.);
#3484=ORIENTED_EDGE('',*,*,#2514,.F.);
#3485=ORIENTED_EDGE('',*,*,#2439,.F.);
#3486=ORIENTED_EDGE('',*,*,#2515,.T.);
#3487=ORIENTED_EDGE('',*,*,#2413,.T.);
#3488=ORIENTED_EDGE('',*,*,#2515,.F.);
#3489=ORIENTED_EDGE('',*,*,#2438,.F.);
#3490=ORIENTED_EDGE('',*,*,#2516,.T.);
#3491=ORIENTED_EDGE('',*,*,#2414,.T.);
#3492=ORIENTED_EDGE('',*,*,#2516,.F.);
#3493=ORIENTED_EDGE('',*,*,#2437,.F.);
#3494=ORIENTED_EDGE('',*,*,#2517,.T.);
#3495=ORIENTED_EDGE('',*,*,#2415,.T.);
#3496=ORIENTED_EDGE('',*,*,#2517,.F.);
#3497=ORIENTED_EDGE('',*,*,#2436,.T.);
#3498=ORIENTED_EDGE('',*,*,#2518,.T.);
#3499=ORIENTED_EDGE('',*,*,#2416,.F.);
#3500=ORIENTED_EDGE('',*,*,#2518,.F.);
#3501=ORIENTED_EDGE('',*,*,#2435,.F.);
#3502=ORIENTED_EDGE('',*,*,#2519,.T.);
#3503=ORIENTED_EDGE('',*,*,#2417,.T.);
#3504=ORIENTED_EDGE('',*,*,#2519,.F.);
#3505=ORIENTED_EDGE('',*,*,#2434,.T.);
#3506=ORIENTED_EDGE('',*,*,#2520,.T.);
#3507=ORIENTED_EDGE('',*,*,#2221,.F.);
#3508=ORIENTED_EDGE('',*,*,#2521,.T.);
#3509=ORIENTED_EDGE('',*,*,#2418,.T.);
#3510=ORIENTED_EDGE('',*,*,#2521,.F.);
#3511=ORIENTED_EDGE('',*,*,#2220,.T.);
#3512=ORIENTED_EDGE('',*,*,#2522,.T.);
#3513=ORIENTED_EDGE('',*,*,#2419,.F.);
#3514=ORIENTED_EDGE('',*,*,#2522,.F.);
#3515=ORIENTED_EDGE('',*,*,#2219,.T.);
#3516=ORIENTED_EDGE('',*,*,#2523,.T.);
#3517=ORIENTED_EDGE('',*,*,#2420,.F.);
#3518=ORIENTED_EDGE('',*,*,#2523,.F.);
#3519=ORIENTED_EDGE('',*,*,#2218,.F.);
#3520=ORIENTED_EDGE('',*,*,#2524,.T.);
#3521=ORIENTED_EDGE('',*,*,#2421,.T.);
#3522=ORIENTED_EDGE('',*,*,#2524,.F.);
#3523=ORIENTED_EDGE('',*,*,#2217,.T.);
#3524=ORIENTED_EDGE('',*,*,#2352,.T.);
#3525=ORIENTED_EDGE('',*,*,#2422,.F.);
#3526=ORIENTED_EDGE('',*,*,#2367,.F.);
#3527=ORIENTED_EDGE('',*,*,#2184,.T.);
#3528=ORIENTED_EDGE('',*,*,#2525,.T.);
#3529=ORIENTED_EDGE('',*,*,#2423,.F.);
#3530=ORIENTED_EDGE('',*,*,#2525,.F.);
#3531=ORIENTED_EDGE('',*,*,#2183,.F.);
#3532=ORIENTED_EDGE('',*,*,#2526,.T.);
#3533=ORIENTED_EDGE('',*,*,#2424,.T.);
#3534=ORIENTED_EDGE('',*,*,#2526,.F.);
#3535=ORIENTED_EDGE('',*,*,#2182,.T.);
#3536=ORIENTED_EDGE('',*,*,#2527,.T.);
#3537=ORIENTED_EDGE('',*,*,#2425,.F.);
#3538=ORIENTED_EDGE('',*,*,#2527,.F.);
#3539=ORIENTED_EDGE('',*,*,#2181,.F.);
#3540=ORIENTED_EDGE('',*,*,#2528,.T.);
#3541=ORIENTED_EDGE('',*,*,#2369,.T.);
#3542=ORIENTED_EDGE('',*,*,#2528,.F.);
#3543=ORIENTED_EDGE('',*,*,#2180,.F.);
#3544=ORIENTED_EDGE('',*,*,#2529,.F.);
#3545=ORIENTED_EDGE('',*,*,#2454,.T.);
#3546=ORIENTED_EDGE('',*,*,#2530,.T.);
#3547=ORIENTED_EDGE('',*,*,#2370,.T.);
#3548=ORIENTED_EDGE('',*,*,#2530,.F.);
#3549=ORIENTED_EDGE('',*,*,#2467,.F.);
#3550=ORIENTED_EDGE('',*,*,#2531,.T.);
#3551=ORIENTED_EDGE('',*,*,#2371,.T.);
#3552=ORIENTED_EDGE('',*,*,#2531,.F.);
#3553=ORIENTED_EDGE('',*,*,#2466,.T.);
#3554=ORIENTED_EDGE('',*,*,#2532,.T.);
#3555=ORIENTED_EDGE('',*,*,#2372,.F.);
#3556=ORIENTED_EDGE('',*,*,#2532,.F.);
#3557=ORIENTED_EDGE('',*,*,#2465,.F.);
#3558=ORIENTED_EDGE('',*,*,#2533,.T.);
#3559=ORIENTED_EDGE('',*,*,#2373,.T.);
#3560=ORIENTED_EDGE('',*,*,#2533,.F.);
#3561=ORIENTED_EDGE('',*,*,#2464,.F.);
#3562=ORIENTED_EDGE('',*,*,#2534,.T.);
#3563=ORIENTED_EDGE('',*,*,#2374,.T.);
#3564=ORIENTED_EDGE('',*,*,#2534,.F.);
#3565=ORIENTED_EDGE('',*,*,#2463,.T.);
#3566=ORIENTED_EDGE('',*,*,#2535,.T.);
#3567=ORIENTED_EDGE('',*,*,#2375,.F.);
#3568=ORIENTED_EDGE('',*,*,#2535,.F.);
#3569=ORIENTED_EDGE('',*,*,#2462,.T.);
#3570=ORIENTED_EDGE('',*,*,#2536,.T.);
#3571=ORIENTED_EDGE('',*,*,#2376,.F.);
#3572=ORIENTED_EDGE('',*,*,#2536,.F.);
#3573=ORIENTED_EDGE('',*,*,#2461,.F.);
#3574=ORIENTED_EDGE('',*,*,#2537,.T.);
#3575=ORIENTED_EDGE('',*,*,#2377,.T.);
#3576=ORIENTED_EDGE('',*,*,#2537,.F.);
#3577=ORIENTED_EDGE('',*,*,#2460,.T.);
#3578=ORIENTED_EDGE('',*,*,#2538,.T.);
#3579=ORIENTED_EDGE('',*,*,#2378,.F.);
#3580=ORIENTED_EDGE('',*,*,#2538,.F.);
#3581=ORIENTED_EDGE('',*,*,#2459,.F.);
#3582=ORIENTED_EDGE('',*,*,#2539,.T.);
#3583=ORIENTED_EDGE('',*,*,#2173,.T.);
#3584=ORIENTED_EDGE('',*,*,#2540,.F.);
#3585=ORIENTED_EDGE('',*,*,#2449,.F.);
#3586=ORIENTED_EDGE('',*,*,#2541,.T.);
#3587=ORIENTED_EDGE('',*,*,#2379,.F.);
#3588=ORIENTED_EDGE('',*,*,#2541,.F.);
#3589=ORIENTED_EDGE('',*,*,#2448,.F.);
#3590=ORIENTED_EDGE('',*,*,#2542,.T.);
#3591=ORIENTED_EDGE('',*,*,#2380,.T.);
#3592=ORIENTED_EDGE('',*,*,#2542,.F.);
#3593=ORIENTED_EDGE('',*,*,#2453,.T.);
#3594=ORIENTED_EDGE('',*,*,#2543,.T.);
#3595=ORIENTED_EDGE('',*,*,#2381,.F.);
#3596=ORIENTED_EDGE('',*,*,#2543,.F.);
#3597=ORIENTED_EDGE('',*,*,#2452,.T.);
#3598=ORIENTED_EDGE('',*,*,#2544,.T.);
#3599=ORIENTED_EDGE('',*,*,#2382,.F.);
#3600=ORIENTED_EDGE('',*,*,#2544,.F.);
#3601=ORIENTED_EDGE('',*,*,#2451,.F.);
#3602=ORIENTED_EDGE('',*,*,#2250,.T.);
#3603=ORIENTED_EDGE('',*,*,#2383,.T.);
#3604=ORIENTED_EDGE('',*,*,#2248,.F.);
#3605=ORIENTED_EDGE('',*,*,#2475,.F.);
#3606=ORIENTED_EDGE('',*,*,#2545,.T.);
#3607=ORIENTED_EDGE('',*,*,#2384,.T.);
#3608=ORIENTED_EDGE('',*,*,#2545,.F.);
#3609=ORIENTED_EDGE('',*,*,#2474,.T.);
#3610=ORIENTED_EDGE('',*,*,#2546,.T.);
#3611=ORIENTED_EDGE('',*,*,#2385,.F.);
#3612=ORIENTED_EDGE('',*,*,#2546,.F.);
#3613=ORIENTED_EDGE('',*,*,#2473,.F.);
#3614=ORIENTED_EDGE('',*,*,#2547,.T.);
#3615=ORIENTED_EDGE('',*,*,#2386,.T.);
#3616=ORIENTED_EDGE('',*,*,#2547,.F.);
#3617=ORIENTED_EDGE('',*,*,#2472,.T.);
#3618=ORIENTED_EDGE('',*,*,#2548,.T.);
#3619=ORIENTED_EDGE('',*,*,#2387,.F.);
#3620=ORIENTED_EDGE('',*,*,#2548,.F.);
#3621=ORIENTED_EDGE('',*,*,#2471,.F.);
#3622=ORIENTED_EDGE('',*,*,#2549,.T.);
#3623=ORIENTED_EDGE('',*,*,#2388,.T.);
#3624=ORIENTED_EDGE('',*,*,#2549,.F.);
#3625=ORIENTED_EDGE('',*,*,#2470,.T.);
#3626=ORIENTED_EDGE('',*,*,#2550,.T.);
#3627=ORIENTED_EDGE('',*,*,#2167,.F.);
#3628=ORIENTED_EDGE('',*,*,#2551,.F.);
#3629=ORIENTED_EDGE('',*,*,#2482,.T.);
#3630=ORIENTED_EDGE('',*,*,#2552,.T.);
#3631=ORIENTED_EDGE('',*,*,#2389,.T.);
#3632=ORIENTED_EDGE('',*,*,#2552,.F.);
#3633=ORIENTED_EDGE('',*,*,#2487,.F.);
#3634=ORIENTED_EDGE('',*,*,#2553,.T.);
#3635=ORIENTED_EDGE('',*,*,#2390,.T.);
#3636=ORIENTED_EDGE('',*,*,#2553,.F.);
#3637=ORIENTED_EDGE('',*,*,#2486,.T.);
#3638=ORIENTED_EDGE('',*,*,#2554,.T.);
#3639=ORIENTED_EDGE('',*,*,#2391,.F.);
#3640=ORIENTED_EDGE('',*,*,#2554,.F.);
#3641=ORIENTED_EDGE('',*,*,#2485,.T.);
#3642=ORIENTED_EDGE('',*,*,#2555,.T.);
#3643=ORIENTED_EDGE('',*,*,#2392,.F.);
#3644=ORIENTED_EDGE('',*,*,#2555,.F.);
#3645=ORIENTED_EDGE('',*,*,#2484,.T.);
#3646=ORIENTED_EDGE('',*,*,#2556,.T.);
#3647=ORIENTED_EDGE('',*,*,#2393,.F.);
#3648=ORIENTED_EDGE('',*,*,#2557,.T.);
#3649=ORIENTED_EDGE('',*,*,#2394,.F.);
#3650=ORIENTED_EDGE('',*,*,#2556,.F.);
#3651=ORIENTED_EDGE('',*,*,#2558,.T.);
#3652=ORIENTED_EDGE('',*,*,#2559,.T.);
#3653=ORIENTED_EDGE('',*,*,#2560,.T.);
#3654=ORIENTED_EDGE('',*,*,#2476,.F.);
#3655=ORIENTED_EDGE('',*,*,#2488,.T.);
#3656=ORIENTED_EDGE('',*,*,#2395,.T.);
#3657=ORIENTED_EDGE('',*,*,#2557,.F.);
#3658=ORIENTED_EDGE('',*,*,#2561,.F.);
#3659=ORIENTED_EDGE('',*,*,#2243,.F.);
#3660=ORIENTED_EDGE('',*,*,#2504,.T.);
#3661=ORIENTED_EDGE('',*,*,#2502,.F.);
#3662=ORIENTED_EDGE('',*,*,#2500,.T.);
#3663=ORIENTED_EDGE('',*,*,#2498,.F.);
#3664=ORIENTED_EDGE('',*,*,#2496,.T.);
#3665=ORIENTED_EDGE('',*,*,#2494,.F.);
#3666=ORIENTED_EDGE('',*,*,#2562,.F.);
#3667=ORIENTED_EDGE('',*,*,#2563,.F.);
#3668=ORIENTED_EDGE('',*,*,#2236,.F.);
#3669=ORIENTED_EDGE('',*,*,#2492,.F.);
#3670=ORIENTED_EDGE('',*,*,#2477,.F.);
#3671=ORIENTED_EDGE('',*,*,#2564,.F.);
#3672=ORIENTED_EDGE('',*,*,#2559,.F.);
#3673=ORIENTED_EDGE('',*,*,#2565,.T.);
#3674=ORIENTED_EDGE('',*,*,#2165,.T.);
#3675=ORIENTED_EDGE('',*,*,#2565,.F.);
#3676=ORIENTED_EDGE('',*,*,#2558,.F.);
#3677=ORIENTED_EDGE('',*,*,#2483,.F.);
#3678=ORIENTED_EDGE('',*,*,#2551,.T.);
#3679=ORIENTED_EDGE('',*,*,#2166,.T.);
#3680=ORIENTED_EDGE('',*,*,#2550,.F.);
#3681=ORIENTED_EDGE('',*,*,#2469,.F.);
#3682=ORIENTED_EDGE('',*,*,#2566,.T.);
#3683=ORIENTED_EDGE('',*,*,#2168,.T.);
#3684=ORIENTED_EDGE('',*,*,#2244,.F.);
#3685=ORIENTED_EDGE('',*,*,#2169,.F.);
#3686=ORIENTED_EDGE('',*,*,#2566,.F.);
#3687=ORIENTED_EDGE('',*,*,#2468,.T.);
#3688=ORIENTED_EDGE('',*,*,#2252,.F.);
#3689=ORIENTED_EDGE('',*,*,#2450,.F.);
#3690=ORIENTED_EDGE('',*,*,#2540,.T.);
#3691=ORIENTED_EDGE('',*,*,#2172,.T.);
#3692=ORIENTED_EDGE('',*,*,#2539,.F.);
#3693=ORIENTED_EDGE('',*,*,#2458,.F.);
#3694=ORIENTED_EDGE('',*,*,#2567,.T.);
#3695=ORIENTED_EDGE('',*,*,#2174,.T.);
#3696=ORIENTED_EDGE('',*,*,#2253,.F.);
#3697=ORIENTED_EDGE('',*,*,#2175,.F.);
#3698=ORIENTED_EDGE('',*,*,#2567,.F.);
#3699=ORIENTED_EDGE('',*,*,#2457,.T.);
#3700=ORIENTED_EDGE('',*,*,#2257,.F.);
#3701=ORIENTED_EDGE('',*,*,#2456,.T.);
#3702=ORIENTED_EDGE('',*,*,#2568,.T.);
#3703=ORIENTED_EDGE('',*,*,#2178,.F.);
#3704=ORIENTED_EDGE('',*,*,#2568,.F.);
#3705=ORIENTED_EDGE('',*,*,#2455,.T.);
#3706=ORIENTED_EDGE('',*,*,#2529,.T.);
#3707=ORIENTED_EDGE('',*,*,#2179,.F.);
#3708=ORIENTED_EDGE('',*,*,#2520,.F.);
#3709=ORIENTED_EDGE('',*,*,#2433,.T.);
#3710=ORIENTED_EDGE('',*,*,#2569,.T.);
#3711=ORIENTED_EDGE('',*,*,#2222,.F.);
#3712=ORIENTED_EDGE('',*,*,#2569,.F.);
#3713=ORIENTED_EDGE('',*,*,#2432,.T.);
#3714=ORIENTED_EDGE('',*,*,#2154,.T.);
#3715=ORIENTED_EDGE('',*,*,#2223,.F.);
#3716=ORIENTED_EDGE('',*,*,#2152,.F.);
#3717=ORIENTED_EDGE('',*,*,#2431,.T.);
#3718=ORIENTED_EDGE('',*,*,#2570,.T.);
#3719=ORIENTED_EDGE('',*,*,#2156,.F.);
#3720=ORIENTED_EDGE('',*,*,#2570,.F.);
#3721=ORIENTED_EDGE('',*,*,#2430,.T.);
#3722=ORIENTED_EDGE('',*,*,#2510,.T.);
#3723=ORIENTED_EDGE('',*,*,#2157,.F.);
#3724=ORIENTED_EDGE('',*,*,#2509,.F.);
#3725=ORIENTED_EDGE('',*,*,#2442,.T.);
#3726=ORIENTED_EDGE('',*,*,#2238,.T.);
#3727=ORIENTED_EDGE('',*,*,#2159,.F.);
#3728=ORIENTED_EDGE('',*,*,#2237,.F.);
#3729=ORIENTED_EDGE('',*,*,#2563,.T.);
#3730=ORIENTED_EDGE('',*,*,#2571,.T.);
#3731=ORIENTED_EDGE('',*,*,#2162,.F.);
#3732=ORIENTED_EDGE('',*,*,#2571,.F.);
#3733=ORIENTED_EDGE('',*,*,#2562,.T.);
#3734=ORIENTED_EDGE('',*,*,#2493,.T.);
#3735=ORIENTED_EDGE('',*,*,#2163,.F.);
#3736=ORIENTED_EDGE('',*,*,#2560,.F.);
#3737=ORIENTED_EDGE('',*,*,#2564,.T.);
#3738=ORIENTED_EDGE('',*,*,#2561,.T.);
#3739=ORIENTED_EDGE('',*,*,#2572,.F.);
#3740=ORIENTED_EDGE('',*,*,#2573,.T.);
#3741=ORIENTED_EDGE('',*,*,#2224,.T.);
#3742=ORIENTED_EDGE('',*,*,#2573,.F.);
#3743=ORIENTED_EDGE('',*,*,#2572,.T.);
#3744=ORIENTED_EDGE('',*,*,#2574,.F.);
#3745=ORIENTED_EDGE('',*,*,#2575,.T.);
#3746=ORIENTED_EDGE('',*,*,#2225,.T.);
#3747=ORIENTED_EDGE('',*,*,#2575,.F.);
#3748=ORIENTED_EDGE('',*,*,#2574,.T.);
#3749=ORIENTED_EDGE('',*,*,#2576,.F.);
#3750=ORIENTED_EDGE('',*,*,#2577,.T.);
#3751=ORIENTED_EDGE('',*,*,#2226,.T.);
#3752=ORIENTED_EDGE('',*,*,#2577,.F.);
#3753=ORIENTED_EDGE('',*,*,#2576,.T.);
#3754=ORIENTED_EDGE('',*,*,#2578,.F.);
#3755=ORIENTED_EDGE('',*,*,#2579,.T.);
#3756=ORIENTED_EDGE('',*,*,#2227,.T.);
#3757=ORIENTED_EDGE('',*,*,#2579,.F.);
#3758=ORIENTED_EDGE('',*,*,#2578,.T.);
#3759=ORIENTED_EDGE('',*,*,#2580,.F.);
#3760=ORIENTED_EDGE('',*,*,#2581,.T.);
#3761=ORIENTED_EDGE('',*,*,#2228,.T.);
#3762=ORIENTED_EDGE('',*,*,#2581,.F.);
#3763=ORIENTED_EDGE('',*,*,#2580,.T.);
#3764=ORIENTED_EDGE('',*,*,#2582,.F.);
#3765=ORIENTED_EDGE('',*,*,#2583,.T.);
#3766=ORIENTED_EDGE('',*,*,#2229,.T.);
#3767=ORIENTED_EDGE('',*,*,#2583,.F.);
#3768=ORIENTED_EDGE('',*,*,#2582,.T.);
#3769=ORIENTED_EDGE('',*,*,#2584,.F.);
#3770=ORIENTED_EDGE('',*,*,#2585,.T.);
#3771=ORIENTED_EDGE('',*,*,#2230,.T.);
#3772=ORIENTED_EDGE('',*,*,#2585,.F.);
#3773=ORIENTED_EDGE('',*,*,#2584,.T.);
#3774=ORIENTED_EDGE('',*,*,#2586,.F.);
#3775=ORIENTED_EDGE('',*,*,#2587,.T.);
#3776=ORIENTED_EDGE('',*,*,#2231,.T.);
#3777=ORIENTED_EDGE('',*,*,#2587,.F.);
#3778=ORIENTED_EDGE('',*,*,#2586,.T.);
#3779=ORIENTED_EDGE('',*,*,#2588,.F.);
#3780=ORIENTED_EDGE('',*,*,#2589,.T.);
#3781=ORIENTED_EDGE('',*,*,#2232,.T.);
#3782=ORIENTED_EDGE('',*,*,#2589,.F.);
#3783=ORIENTED_EDGE('',*,*,#2588,.T.);
#3784=ORIENTED_EDGE('',*,*,#2590,.F.);
#3785=ORIENTED_EDGE('',*,*,#2591,.T.);
#3786=ORIENTED_EDGE('',*,*,#2233,.T.);
#3787=ORIENTED_EDGE('',*,*,#2591,.F.);
#3788=ORIENTED_EDGE('',*,*,#2590,.T.);
#3789=ORIENTED_EDGE('',*,*,#2592,.F.);
#3790=ORIENTED_EDGE('',*,*,#2593,.T.);
#3791=ORIENTED_EDGE('',*,*,#2234,.T.);
#3792=ORIENTED_EDGE('',*,*,#2593,.F.);
#3793=ORIENTED_EDGE('',*,*,#2592,.T.);
#3794=PLANE('',#4152);
#3795=PLANE('',#4155);
#3796=PLANE('',#4158);
#3797=PLANE('',#4161);
#3798=PLANE('',#4164);
#3799=PLANE('',#4168);
#3800=PLANE('',#4173);
#3801=PLANE('',#4174);
#3802=PLANE('',#4191);
#3803=PLANE('',#4195);
#3804=PLANE('',#4198);
#3805=PLANE('',#4199);
#3806=PLANE('',#4201);
#3807=PLANE('',#4203);
#3808=PLANE('',#4206);
#3809=PLANE('',#4210);
#3810=PLANE('',#4211);
#3811=PLANE('',#4213);
#3812=PLANE('',#4216);
#3813=PLANE('',#4220);
#3814=PLANE('',#4222);
#3815=PLANE('',#4226);
#3816=PLANE('',#4230);
#3817=PLANE('',#4234);
#3818=PLANE('',#4237);
#3819=PLANE('',#4245);
#3820=PLANE('',#4249);
#3821=PLANE('',#4253);
#3822=PLANE('',#4254);
#3823=PLANE('',#4255);
#3824=PLANE('',#4256);
#3825=PLANE('',#4263);
#3826=PLANE('',#4305);
#3827=PLANE('',#4308);
#3828=PLANE('',#4363);
#3829=PLANE('',#4364);
#3830=PLANE('',#4366);
#3831=PLANE('',#4367);
#3832=PLANE('',#4368);
#3833=PLANE('',#4369);
#3834=PLANE('',#4371);
#3835=PLANE('',#4372);
#3836=PLANE('',#4375);
#3837=PLANE('',#4377);
#3838=PLANE('',#4379);
#3839=PLANE('',#4381);
#3840=PLANE('',#4382);
#3841=PLANE('',#4383);
#3842=PLANE('',#4384);
#3843=PLANE('',#4385);
#3844=PLANE('',#4386);
#3845=PLANE('',#4388);
#3846=PLANE('',#4390);
#3847=PLANE('',#4391);
#3848=PLANE('',#4418);
#3849=PLANE('',#4419);
#3850=PLANE('',#4424);
#3851=PLANE('',#4432);
#3852=PLANE('',#4436);
#3853=PLANE('',#4440);
#3854=PLANE('',#4448);
#3855=PLANE('',#4452);
#3856=PLANE('',#4455);
#3857=PLANE('',#4458);
#3858=PLANE('',#4459);
#3859=PLANE('',#4461);
#3860=PLANE('',#4464);
#3861=PLANE('',#4465);
#3862=PLANE('',#4468);
#3863=PLANE('',#4470);
#3864=PLANE('',#4471);
#3865=PLANE('',#4473);
#3866=PLANE('',#4475);
#3867=PLANE('',#4477);
#3868=PLANE('',#4478);
#3869=PLANE('',#4482);
#3870=PLANE('',#4484);
#3871=PLANE('',#4486);
#3872=PLANE('',#4487);
#3873=PLANE('',#4489);
#3874=PLANE('',#4491);
#3875=PLANE('',#4495);
#3876=PLANE('',#4496);
#3877=PLANE('',#4498);
#3878=PLANE('',#4500);
#3879=PLANE('',#4502);
#3880=PLANE('',#4503);
#3881=PLANE('',#4505);
#3882=PLANE('',#4507);
#3883=PLANE('',#4508);
#3884=PLANE('',#4510);
#3885=PLANE('',#4512);
#3886=PLANE('',#4513);
#3887=PLANE('',#4515);
#3888=PLANE('',#4518);
#3889=PLANE('',#4520);
#3890=PLANE('',#4521);
#3891=PLANE('',#4523);
#3892=PLANE('',#4526);
#3893=PLANE('',#4527);
#3894=PLANE('',#4530);
#3895=PLANE('',#4531);
#3896=PLANE('',#4534);
#3897=PLANE('',#4536);
#3898=PLANE('',#4539);
#3899=PLANE('',#4542);
#3900=PLANE('',#4545);
#3901=PLANE('',#4548);
#3902=PLANE('',#4551);
#3903=PLANE('',#4554);
#3904=PLANE('',#4557);
#3905=PLANE('',#4560);
#3906=PLANE('',#4563);
#3907=PLANE('',#4566);
#3908=PLANE('',#4569);
#3909=ADVANCED_FACE('',(#196),#3794,.T.);
#3910=ADVANCED_FACE('',(#197),#3795,.T.);
#3911=ADVANCED_FACE('',(#198),#3796,.T.);
#3912=ADVANCED_FACE('',(#199),#3797,.T.);
#3913=ADVANCED_FACE('',(#200),#3798,.T.);
#3914=ADVANCED_FACE('',(#201),#188,.F.);
#3915=ADVANCED_FACE('',(#202),#3799,.T.);
#3916=ADVANCED_FACE('',(#203),#189,.F.);
#3917=ADVANCED_FACE('',(#204),#92,.F.);
#3918=ADVANCED_FACE('',(#205),#3800,.F.);
#3919=ADVANCED_FACE('',(#206,#43,#44,#45,#46),#3801,.F.);
#3920=ADVANCED_FACE('',(#207),#3802,.F.);
#3921=ADVANCED_FACE('',(#208),#93,.F.);
#3922=ADVANCED_FACE('',(#209),#190,.F.);
#3923=ADVANCED_FACE('',(#210),#3803,.T.);
#3924=ADVANCED_FACE('',(#211),#191,.F.);
#3925=ADVANCED_FACE('',(#212),#3804,.T.);
#3926=ADVANCED_FACE('',(#213),#3805,.F.);
#3927=ADVANCED_FACE('',(#214),#94,.F.);
#3928=ADVANCED_FACE('',(#215),#3806,.F.);
#3929=ADVANCED_FACE('',(#216),#95,.F.);
#3930=ADVANCED_FACE('',(#217),#3807,.T.);
#3931=ADVANCED_FACE('',(#218),#192,.F.);
#3932=ADVANCED_FACE('',(#219),#3808,.T.);
#3933=ADVANCED_FACE('',(#220),#193,.F.);
#3934=ADVANCED_FACE('',(#221),#96,.F.);
#3935=ADVANCED_FACE('',(#222),#3809,.F.);
#3936=ADVANCED_FACE('',(#223),#3810,.F.);
#3937=ADVANCED_FACE('',(#224),#97,.F.);
#3938=ADVANCED_FACE('',(#225),#3811,.T.);
#3939=ADVANCED_FACE('',(#226),#194,.F.);
#3940=ADVANCED_FACE('',(#227),#3812,.T.);
#3941=ADVANCED_FACE('',(#228),#195,.F.);
#3942=ADVANCED_FACE('',(#229),#98,.F.);
#3943=ADVANCED_FACE('',(#230),#3813,.F.);
#3944=ADVANCED_FACE('',(#231),#99,.F.);
#3945=ADVANCED_FACE('',(#232),#3814,.F.);
#3946=ADVANCED_FACE('',(#233),#100,.F.);
#3947=ADVANCED_FACE('',(#234),#3815,.F.);
#3948=ADVANCED_FACE('',(#235),#101,.F.);
#3949=ADVANCED_FACE('',(#236),#3816,.F.);
#3950=ADVANCED_FACE('',(#237),#102,.F.);
#3951=ADVANCED_FACE('',(#238),#3817,.F.);
#3952=ADVANCED_FACE('',(#239),#3818,.F.);
#3953=ADVANCED_FACE('',(#240),#103,.F.);
#3954=ADVANCED_FACE('',(#241),#104,.F.);
#3955=ADVANCED_FACE('',(#242),#105,.F.);
#3956=ADVANCED_FACE('',(#243),#3819,.F.);
#3957=ADVANCED_FACE('',(#244),#106,.F.);
#3958=ADVANCED_FACE('',(#245),#3820,.F.);
#3959=ADVANCED_FACE('',(#246),#107,.F.);
#3960=ADVANCED_FACE('',(#247),#3821,.F.);
#3961=ADVANCED_FACE('',(#248),#3822,.F.);
#3962=ADVANCED_FACE('',(#249),#3823,.F.);
#3963=ADVANCED_FACE('',(#250),#3824,.F.);
#3964=ADVANCED_FACE('',(#251),#108,.T.);
#3965=ADVANCED_FACE('',(#252),#109,.F.);
#3966=ADVANCED_FACE('',(#253,#47,#48,#49,#50,#51,#52,#53,#54,#55,#56,#57),
#3825,.T.);
#3967=ADVANCED_FACE('',(#254),#110,.T.);
#3968=ADVANCED_FACE('',(#255),#3826,.F.);
#3969=ADVANCED_FACE('',(#256),#111,.T.);
#3970=ADVANCED_FACE('',(#257),#3827,.F.);
#3971=ADVANCED_FACE('',(#258),#112,.T.);
#3972=ADVANCED_FACE('',(#259),#113,.F.);
#3973=ADVANCED_FACE('',(#260),#114,.T.);
#3974=ADVANCED_FACE('',(#261),#115,.T.);
#3975=ADVANCED_FACE('',(#262),#116,.T.);
#3976=ADVANCED_FACE('',(#263),#15,.F.);
#3977=ADVANCED_FACE('',(#264),#117,.T.);
#3978=ADVANCED_FACE('',(#265),#16,.F.);
#3979=ADVANCED_FACE('',(#266),#17,.F.);
#3980=ADVANCED_FACE('',(#267),#118,.T.);
#3981=ADVANCED_FACE('',(#268),#18,.F.);
#3982=ADVANCED_FACE('',(#269),#119,.T.);
#3983=ADVANCED_FACE('',(#270),#120,.T.);
#3984=ADVANCED_FACE('',(#271),#19,.F.);
#3985=ADVANCED_FACE('',(#272),#121,.T.);
#3986=ADVANCED_FACE('',(#273),#122,.T.);
#3987=ADVANCED_FACE('',(#274),#123,.T.);
#3988=ADVANCED_FACE('',(#275),#124,.T.);
#3989=ADVANCED_FACE('',(#276),#20,.F.);
#3990=ADVANCED_FACE('',(#277),#125,.T.);
#3991=ADVANCED_FACE('',(#278),#21,.F.);
#3992=ADVANCED_FACE('',(#279),#126,.T.);
#3993=ADVANCED_FACE('',(#280),#22,.F.);
#3994=ADVANCED_FACE('',(#281),#127,.T.);
#3995=ADVANCED_FACE('',(#282),#128,.T.);
#3996=ADVANCED_FACE('',(#283),#23,.F.);
#3997=ADVANCED_FACE('',(#284),#129,.T.);
#3998=ADVANCED_FACE('',(#285),#130,.T.);
#3999=ADVANCED_FACE('',(#286),#24,.F.);
#4000=ADVANCED_FACE('',(#287),#131,.T.);
#4001=ADVANCED_FACE('',(#288),#3828,.T.);
#4002=ADVANCED_FACE('',(#289),#3829,.T.);
#4003=ADVANCED_FACE('',(#290),#132,.T.);
#4004=ADVANCED_FACE('',(#291),#3830,.T.);
#4005=ADVANCED_FACE('',(#292),#3831,.F.);
#4006=ADVANCED_FACE('',(#293),#3832,.F.);
#4007=ADVANCED_FACE('',(#294),#3833,.T.);
#4008=ADVANCED_FACE('',(#295),#133,.T.);
#4009=ADVANCED_FACE('',(#296),#3834,.T.);
#4010=ADVANCED_FACE('',(#297),#3835,.T.);
#4011=ADVANCED_FACE('',(#298),#134,.T.);
#4012=ADVANCED_FACE('',(#299),#135,.T.);
#4013=ADVANCED_FACE('',(#300),#3836,.T.);
#4014=ADVANCED_FACE('',(#301),#136,.T.);
#4015=ADVANCED_FACE('',(#302),#3837,.T.);
#4016=ADVANCED_FACE('',(#303),#137,.T.);
#4017=ADVANCED_FACE('',(#304),#3838,.F.);
#4018=ADVANCED_FACE('',(#305),#138,.T.);
#4019=ADVANCED_FACE('',(#306),#3839,.F.);
#4020=ADVANCED_FACE('',(#307),#3840,.T.);
#4021=ADVANCED_FACE('',(#308),#3841,.F.);
#4022=ADVANCED_FACE('',(#309),#3842,.T.);
#4023=ADVANCED_FACE('',(#310),#3843,.T.);
#4024=ADVANCED_FACE('',(#311),#3844,.F.);
#4025=ADVANCED_FACE('',(#312),#3845,.F.);
#4026=ADVANCED_FACE('',(#313),#3846,.T.);
#4027=ADVANCED_FACE('',(#314,#58,#59),#3847,.F.);
#4028=ADVANCED_FACE('',(#315),#3848,.T.);
#4029=ADVANCED_FACE('',(#316),#3849,.T.);
#4030=ADVANCED_FACE('',(#317),#139,.T.);
#4031=ADVANCED_FACE('',(#318),#140,.T.);
#4032=ADVANCED_FACE('',(#319),#141,.T.);
#4033=ADVANCED_FACE('',(#320),#142,.T.);
#4034=ADVANCED_FACE('',(#321),#3850,.F.);
#4035=ADVANCED_FACE('',(#322),#3851,.F.);
#4036=ADVANCED_FACE('',(#323),#3852,.F.);
#4037=ADVANCED_FACE('',(#324),#3853,.F.);
#4038=ADVANCED_FACE('',(#325),#3854,.F.);
#4039=ADVANCED_FACE('',(#326),#3855,.F.);
#4040=ADVANCED_FACE('',(#327),#3856,.F.);
#4041=ADVANCED_FACE('',(#328),#3857,.T.);
#4042=ADVANCED_FACE('',(#329),#3858,.T.);
#4043=ADVANCED_FACE('',(#330),#143,.F.);
#4044=ADVANCED_FACE('',(#331),#3859,.F.);
#4045=ADVANCED_FACE('',(#332),#144,.F.);
#4046=ADVANCED_FACE('',(#333),#3860,.T.);
#4047=ADVANCED_FACE('',(#334),#3861,.F.);
#4048=ADVANCED_FACE('',(#335),#145,.T.);
#4049=ADVANCED_FACE('',(#336),#3862,.F.);
#4050=ADVANCED_FACE('',(#337),#146,.F.);
#4051=ADVANCED_FACE('',(#338),#3863,.T.);
#4052=ADVANCED_FACE('',(#339),#3864,.F.);
#4053=ADVANCED_FACE('',(#340),#147,.F.);
#4054=ADVANCED_FACE('',(#341),#3865,.T.);
#4055=ADVANCED_FACE('',(#342),#148,.F.);
#4056=ADVANCED_FACE('',(#343),#3866,.F.);
#4057=ADVANCED_FACE('',(#344),#149,.T.);
#4058=ADVANCED_FACE('',(#345),#3867,.F.);
#4059=ADVANCED_FACE('',(#346),#3868,.F.);
#4060=ADVANCED_FACE('',(#347),#150,.F.);
#4061=ADVANCED_FACE('',(#348),#151,.T.);
#4062=ADVANCED_FACE('',(#349),#152,.F.);
#4063=ADVANCED_FACE('',(#350),#3869,.F.);
#4064=ADVANCED_FACE('',(#351),#153,.F.);
#4065=ADVANCED_FACE('',(#352),#3870,.T.);
#4066=ADVANCED_FACE('',(#353),#154,.T.);
#4067=ADVANCED_FACE('',(#354),#3871,.T.);
#4068=ADVANCED_FACE('',(#355),#3872,.T.);
#4069=ADVANCED_FACE('',(#356),#155,.T.);
#4070=ADVANCED_FACE('',(#357),#3873,.T.);
#4071=ADVANCED_FACE('',(#358),#156,.F.);
#4072=ADVANCED_FACE('',(#359),#3874,.F.);
#4073=ADVANCED_FACE('',(#360),#157,.F.);
#4074=ADVANCED_FACE('',(#361),#158,.T.);
#4075=ADVANCED_FACE('',(#362),#159,.F.);
#4076=ADVANCED_FACE('',(#363),#3875,.F.);
#4077=ADVANCED_FACE('',(#364),#3876,.T.);
#4078=ADVANCED_FACE('',(#365),#160,.T.);
#4079=ADVANCED_FACE('',(#366),#3877,.F.);
#4080=ADVANCED_FACE('',(#367),#161,.F.);
#4081=ADVANCED_FACE('',(#368),#3878,.T.);
#4082=ADVANCED_FACE('',(#369),#162,.F.);
#4083=ADVANCED_FACE('',(#370),#3879,.T.);
#4084=ADVANCED_FACE('',(#371),#3880,.T.);
#4085=ADVANCED_FACE('',(#372),#163,.F.);
#4086=ADVANCED_FACE('',(#373),#3881,.F.);
#4087=ADVANCED_FACE('',(#374),#164,.T.);
#4088=ADVANCED_FACE('',(#375),#3882,.F.);
#4089=ADVANCED_FACE('',(#376),#3883,.T.);
#4090=ADVANCED_FACE('',(#377),#165,.F.);
#4091=ADVANCED_FACE('',(#378),#3884,.F.);
#4092=ADVANCED_FACE('',(#379),#166,.F.);
#4093=ADVANCED_FACE('',(#380),#3885,.T.);
#4094=ADVANCED_FACE('',(#381),#3886,.T.);
#4095=ADVANCED_FACE('',(#382),#167,.T.);
#4096=ADVANCED_FACE('',(#383),#3887,.T.);
#4097=ADVANCED_FACE('',(#384),#168,.T.);
#4098=ADVANCED_FACE('',(#385),#3888,.F.);
#4099=ADVANCED_FACE('',(#386),#3889,.F.);
#4100=ADVANCED_FACE('',(#387),#3890,.F.);
#4101=ADVANCED_FACE('',(#388),#169,.F.);
#4102=ADVANCED_FACE('',(#389),#3891,.T.);
#4103=ADVANCED_FACE('',(#390),#170,.F.);
#4104=ADVANCED_FACE('',(#391),#171,.F.);
#4105=ADVANCED_FACE('',(#392),#3892,.T.);
#4106=ADVANCED_FACE('',(#393),#3893,.T.);
#4107=ADVANCED_FACE('',(#394),#172,.F.);
#4108=ADVANCED_FACE('',(#395),#173,.F.);
#4109=ADVANCED_FACE('',(#396),#3894,.T.);
#4110=ADVANCED_FACE('',(#397),#3895,.T.);
#4111=ADVANCED_FACE('',(#398),#174,.F.);
#4112=ADVANCED_FACE('',(#399),#175,.F.);
#4113=ADVANCED_FACE('',(#400),#3896,.T.);
#4114=ADVANCED_FACE('',(#401),#176,.F.);
#4115=ADVANCED_FACE('',(#402),#3897,.F.);
#4116=ADVANCED_FACE('',(#403),#177,.T.);
#4117=ADVANCED_FACE('',(#404),#3898,.T.);
#4118=ADVANCED_FACE('',(#405),#178,.T.);
#4119=ADVANCED_FACE('',(#406),#3899,.T.);
#4120=ADVANCED_FACE('',(#407),#179,.T.);
#4121=ADVANCED_FACE('',(#408),#3900,.T.);
#4122=ADVANCED_FACE('',(#409),#180,.T.);
#4123=ADVANCED_FACE('',(#410),#3901,.T.);
#4124=ADVANCED_FACE('',(#411),#181,.T.);
#4125=ADVANCED_FACE('',(#412),#3902,.T.);
#4126=ADVANCED_FACE('',(#413),#182,.T.);
#4127=ADVANCED_FACE('',(#414),#3903,.T.);
#4128=ADVANCED_FACE('',(#415),#183,.T.);
#4129=ADVANCED_FACE('',(#416),#3904,.T.);
#4130=ADVANCED_FACE('',(#417),#184,.T.);
#4131=ADVANCED_FACE('',(#418),#3905,.T.);
#4132=ADVANCED_FACE('',(#419),#185,.T.);
#4133=ADVANCED_FACE('',(#420),#3906,.T.);
#4134=ADVANCED_FACE('',(#421),#186,.T.);
#4135=ADVANCED_FACE('',(#422),#3907,.T.);
#4136=ADVANCED_FACE('',(#423),#187,.T.);
#4137=ADVANCED_FACE('',(#424),#3908,.T.);
#4138=CLOSED_SHELL('',(#3909,#3910,#3911,#3912,#3913,#3914,#3915,#3916,
#3917,#3918,#3919,#3920,#3921,#3922,#3923,#3924,#3925,#3926,#3927,#3928,
#3929,#3930,#3931,#3932,#3933,#3934,#3935,#3936,#3937,#3938,#3939,#3940,
#3941,#3942,#3943,#3944,#3945,#3946,#3947,#3948,#3949,#3950,#3951,#3952,
#3953,#3954,#3955,#3956,#3957,#3958,#3959,#3960,#3961,#3962,#3963,#3964,
#3965,#3966,#3967,#3968,#3969,#3970,#3971,#3972,#3973,#3974,#3975,#3976,
#3977,#3978,#3979,#3980,#3981,#3982,#3983,#3984,#3985,#3986,#3987,#3988,
#3989,#3990,#3991,#3992,#3993,#3994,#3995,#3996,#3997,#3998,#3999,#4000,
#4001,#4002,#4003,#4004,#4005,#4006,#4007,#4008,#4009,#4010,#4011,#4012,
#4013,#4014,#4015,#4016,#4017,#4018,#4019,#4020,#4021,#4022,#4023,#4024,
#4025,#4026,#4027,#4028,#4029,#4030,#4031,#4032,#4033,#4034,#4035,#4036,
#4037,#4038,#4039,#4040,#4041,#4042,#4043,#4044,#4045,#4046,#4047,#4048,
#4049,#4050,#4051,#4052,#4053,#4054,#4055,#4056,#4057,#4058,#4059,#4060,
#4061,#4062,#4063,#4064,#4065,#4066,#4067,#4068,#4069,#4070,#4071,#4072,
#4073,#4074,#4075,#4076,#4077,#4078,#4079,#4080,#4081,#4082,#4083,#4084,
#4085,#4086,#4087,#4088,#4089,#4090,#4091,#4092,#4093,#4094,#4095,#4096,
#4097,#4098,#4099,#4100,#4101,#4102,#4103,#4104,#4105,#4106,#4107,#4108,
#4109,#4110,#4111,#4112,#4113,#4114,#4115,#4116,#4117,#4118,#4119,#4120,
#4121,#4122,#4123,#4124,#4125,#4126,#4127,#4128,#4129,#4130,#4131,#4132,
#4133,#4134,#4135,#4136,#4137));
#4139=DERIVED_UNIT_ELEMENT(#4141,1.);
#4140=DERIVED_UNIT_ELEMENT(#7778,-3.);
#4141=(
MASS_UNIT()
NAMED_UNIT(*)
SI_UNIT(.KILO.,.GRAM.)
);
#4142=DERIVED_UNIT((#4139,#4140));
#4143=MEASURE_REPRESENTATION_ITEM('density measure',
POSITIVE_RATIO_MEASURE(7850.),#4142);
#4144=PROPERTY_DEFINITION_REPRESENTATION(#4149,#4146);
#4145=PROPERTY_DEFINITION_REPRESENTATION(#4150,#4147);
#4146=REPRESENTATION('material name',(#4148),#7775);
#4147=REPRESENTATION('density',(#4143),#7775);
#4148=DESCRIPTIVE_REPRESENTATION_ITEM('Steel','Steel');
#4149=PROPERTY_DEFINITION('material property','material name',#7785);
#4150=PROPERTY_DEFINITION('material property','density of part',#7785);
#4151=AXIS2_PLACEMENT_3D('',#5791,#4570,#4571);
#4152=AXIS2_PLACEMENT_3D('',#5792,#4572,#4573);
#4153=AXIS2_PLACEMENT_3D('',#5795,#4574,#4575);
#4154=AXIS2_PLACEMENT_3D('',#5799,#4577,#4578);
#4155=AXIS2_PLACEMENT_3D('',#5801,#4580,#4581);
#4156=AXIS2_PLACEMENT_3D('',#5804,#4582,#4583);
#4157=AXIS2_PLACEMENT_3D('',#5808,#4585,#4586);
#4158=AXIS2_PLACEMENT_3D('',#5810,#4588,#4589);
#4159=AXIS2_PLACEMENT_3D('',#5813,#4590,#4591);
#4160=AXIS2_PLACEMENT_3D('',#5817,#4593,#4594);
#4161=AXIS2_PLACEMENT_3D('',#5819,#4596,#4597);
#4162=AXIS2_PLACEMENT_3D('',#5822,#4598,#4599);
#4163=AXIS2_PLACEMENT_3D('',#5826,#4601,#4602);
#4164=AXIS2_PLACEMENT_3D('',#5828,#4604,#4605);
#4165=AXIS2_PLACEMENT_3D('',#5837,#4610,#4611);
#4166=AXIS2_PLACEMENT_3D('',#5841,#4613,#4614);
#4167=AXIS2_PLACEMENT_3D('',#5842,#4615,#4616);
#4168=AXIS2_PLACEMENT_3D('',#5843,#4617,#4618);
#4169=AXIS2_PLACEMENT_3D('',#5849,#4622,#4623);
#4170=AXIS2_PLACEMENT_3D('',#5850,#4624,#4625);
#4171=AXIS2_PLACEMENT_3D('',#5851,#4626,#4627);
#4172=AXIS2_PLACEMENT_3D('',#5852,#4628,#4629);
#4173=AXIS2_PLACEMENT_3D('',#5855,#4632,#4633);
#4174=AXIS2_PLACEMENT_3D('',#5857,#4635,#4636);
#4175=AXIS2_PLACEMENT_3D('',#5860,#4637,#4638);
#4176=AXIS2_PLACEMENT_3D('',#5866,#4641,#4642);
#4177=AXIS2_PLACEMENT_3D('',#5876,#4647,#4648);
#4178=AXIS2_PLACEMENT_3D('',#5882,#4651,#4652);
#4179=AXIS2_PLACEMENT_3D('',#5886,#4654,#4655);
#4180=AXIS2_PLACEMENT_3D('',#5890,#4657,#4658);
#4181=AXIS2_PLACEMENT_3D('',#5894,#4660,#4661);
#4182=AXIS2_PLACEMENT_3D('',#5902,#4665,#4666);
#4183=AXIS2_PLACEMENT_3D('',#5906,#4668,#4669);
#4184=AXIS2_PLACEMENT_3D('',#5910,#4671,#4672);
#4185=AXIS2_PLACEMENT_3D('',#5914,#4674,#4675);
#4186=AXIS2_PLACEMENT_3D('',#5918,#4677,#4678);
#4187=AXIS2_PLACEMENT_3D('',#5924,#4681,#4682);
#4188=AXIS2_PLACEMENT_3D('',#5927,#4684,#4685);
#4189=AXIS2_PLACEMENT_3D('',#5932,#4687,#4688);
#4190=AXIS2_PLACEMENT_3D('',#5935,#4690,#4691);
#4191=AXIS2_PLACEMENT_3D('',#5936,#4692,#4693);
#4192=AXIS2_PLACEMENT_3D('',#5938,#4695,#4696);
#4193=AXIS2_PLACEMENT_3D('',#5939,#4697,#4698);
#4194=AXIS2_PLACEMENT_3D('',#5944,#4701,#4702);
#4195=AXIS2_PLACEMENT_3D('',#5945,#4703,#4704);
#4196=AXIS2_PLACEMENT_3D('',#5949,#4707,#4708);
#4197=AXIS2_PLACEMENT_3D('',#5952,#4710,#4711);
#4198=AXIS2_PLACEMENT_3D('',#5953,#4712,#4713);
#4199=AXIS2_PLACEMENT_3D('',#5955,#4715,#4716);
#4200=AXIS2_PLACEMENT_3D('',#5958,#4719,#4720);
#4201=AXIS2_PLACEMENT_3D('',#5960,#4722,#4723);
#4202=AXIS2_PLACEMENT_3D('',#5962,#4725,#4726);
#4203=AXIS2_PLACEMENT_3D('',#5963,#4727,#4728);
#4204=AXIS2_PLACEMENT_3D('',#5969,#4732,#4733);
#4205=AXIS2_PLACEMENT_3D('',#5972,#4735,#4736);
#4206=AXIS2_PLACEMENT_3D('',#5973,#4737,#4738);
#4207=AXIS2_PLACEMENT_3D('',#5977,#4741,#4742);
#4208=AXIS2_PLACEMENT_3D('',#5978,#4743,#4744);
#4209=AXIS2_PLACEMENT_3D('',#5979,#4745,#4746);
#4210=AXIS2_PLACEMENT_3D('',#5982,#4749,#4750);
#4211=AXIS2_PLACEMENT_3D('',#5984,#4752,#4753);
#4212=AXIS2_PLACEMENT_3D('',#5986,#4755,#4756);
#4213=AXIS2_PLACEMENT_3D('',#5987,#4757,#4758);
#4214=AXIS2_PLACEMENT_3D('',#5993,#4762,#4763);
#4215=AXIS2_PLACEMENT_3D('',#5996,#4765,#4766);
#4216=AXIS2_PLACEMENT_3D('',#5997,#4767,#4768);
#4217=AXIS2_PLACEMENT_3D('',#6001,#4771,#4772);
#4218=AXIS2_PLACEMENT_3D('',#6002,#4773,#4774);
#4219=AXIS2_PLACEMENT_3D('',#6003,#4775,#4776);
#4220=AXIS2_PLACEMENT_3D('',#6006,#4779,#4780);
#4221=AXIS2_PLACEMENT_3D('',#6008,#4782,#4783);
#4222=AXIS2_PLACEMENT_3D('',#6010,#4785,#4786);
#4223=AXIS2_PLACEMENT_3D('',#6011,#4787,#4788);
#4224=AXIS2_PLACEMENT_3D('',#6014,#4789,#4790);
#4225=AXIS2_PLACEMENT_3D('',#6018,#4792,#4793);
#4226=AXIS2_PLACEMENT_3D('',#6020,#4795,#4796);
#4227=AXIS2_PLACEMENT_3D('',#6026,#4800,#4801);
#4228=AXIS2_PLACEMENT_3D('',#6029,#4802,#4803);
#4229=AXIS2_PLACEMENT_3D('',#6033,#4805,#4806);
#4230=AXIS2_PLACEMENT_3D('',#6035,#4808,#4809);
#4231=AXIS2_PLACEMENT_3D('',#6041,#4813,#4814);
#4232=AXIS2_PLACEMENT_3D('',#6044,#4815,#4816);
#4233=AXIS2_PLACEMENT_3D('',#6048,#4818,#4819);
#4234=AXIS2_PLACEMENT_3D('',#6050,#4821,#4822);
#4235=AXIS2_PLACEMENT_3D('',#6055,#4825,#4826);
#4236=AXIS2_PLACEMENT_3D('',#6058,#4828,#4829);
#4237=AXIS2_PLACEMENT_3D('',#6059,#4830,#4831);
#4238=AXIS2_PLACEMENT_3D('',#6063,#4834,#4835);
#4239=AXIS2_PLACEMENT_3D('',#6065,#4836,#4837);
#4240=AXIS2_PLACEMENT_3D('',#6067,#4839,#4840);
#4241=AXIS2_PLACEMENT_3D('',#6070,#4842,#4843);
#4242=AXIS2_PLACEMENT_3D('',#6071,#4844,#4845);
#4243=AXIS2_PLACEMENT_3D('',#6074,#4846,#4847);
#4244=AXIS2_PLACEMENT_3D('',#6078,#4849,#4850);
#4245=AXIS2_PLACEMENT_3D('',#6080,#4852,#4853);
#4246=AXIS2_PLACEMENT_3D('',#6083,#4856,#4857);
#4247=AXIS2_PLACEMENT_3D('',#6086,#4858,#4859);
#4248=AXIS2_PLACEMENT_3D('',#6090,#4861,#4862);
#4249=AXIS2_PLACEMENT_3D('',#6092,#4864,#4865);
#4250=AXIS2_PLACEMENT_3D('',#6095,#4868,#4869);
#4251=AXIS2_PLACEMENT_3D('',#6097,#4870,#4871);
#4252=AXIS2_PLACEMENT_3D('',#6099,#4872,#4873);
#4253=AXIS2_PLACEMENT_3D('',#6101,#4875,#4876);
#4254=AXIS2_PLACEMENT_3D('',#6104,#4879,#4880);
#4255=AXIS2_PLACEMENT_3D('',#6105,#4881,#4882);
#4256=AXIS2_PLACEMENT_3D('',#6107,#4884,#4885);
#4257=AXIS2_PLACEMENT_3D('',#6109,#4887,#4888);
#4258=AXIS2_PLACEMENT_3D('',#6112,#4889,#4890);
#4259=AXIS2_PLACEMENT_3D('',#6116,#4892,#4893);
#4260=AXIS2_PLACEMENT_3D('',#6118,#4895,#4896);
#4261=AXIS2_PLACEMENT_3D('',#6120,#4897,#4898);
#4262=AXIS2_PLACEMENT_3D('',#6123,#4900,#4901);
#4263=AXIS2_PLACEMENT_3D('',#6124,#4902,#4903);
#4264=AXIS2_PLACEMENT_3D('',#6128,#4905,#4906);
#4265=AXIS2_PLACEMENT_3D('',#6132,#4908,#4909);
#4266=AXIS2_PLACEMENT_3D('',#6136,#4911,#4912);
#4267=AXIS2_PLACEMENT_3D('',#6140,#4914,#4915);
#4268=AXIS2_PLACEMENT_3D('',#6150,#4920,#4921);
#4269=AXIS2_PLACEMENT_3D('',#6154,#4923,#4924);
#4270=AXIS2_PLACEMENT_3D('',#6158,#4926,#4927);
#4271=AXIS2_PLACEMENT_3D('',#6162,#4929,#4930);
#4272=AXIS2_PLACEMENT_3D('',#6166,#4932,#4933);
#4273=AXIS2_PLACEMENT_3D('',#6168,#4934,#4935);
#4274=AXIS2_PLACEMENT_3D('',#6172,#4937,#4938);
#4275=AXIS2_PLACEMENT_3D('',#6176,#4940,#4941);
#4276=AXIS2_PLACEMENT_3D('',#6180,#4943,#4944);
#4277=AXIS2_PLACEMENT_3D('',#6188,#4948,#4949);
#4278=AXIS2_PLACEMENT_3D('',#6192,#4951,#4952);
#4279=AXIS2_PLACEMENT_3D('',#6196,#4954,#4955);
#4280=AXIS2_PLACEMENT_3D('',#6200,#4957,#4958);
#4281=AXIS2_PLACEMENT_3D('',#6204,#4960,#4961);
#4282=AXIS2_PLACEMENT_3D('',#6210,#4964,#4965);
#4283=AXIS2_PLACEMENT_3D('',#6220,#4970,#4971);
#4284=AXIS2_PLACEMENT_3D('',#6226,#4974,#4975);
#4285=AXIS2_PLACEMENT_3D('',#6230,#4977,#4978);
#4286=AXIS2_PLACEMENT_3D('',#6234,#4980,#4981);
#4287=AXIS2_PLACEMENT_3D('',#6238,#4983,#4984);
#4288=AXIS2_PLACEMENT_3D('',#6242,#4986,#4987);
#4289=AXIS2_PLACEMENT_3D('',#6250,#4991,#4992);
#4290=AXIS2_PLACEMENT_3D('',#6254,#4994,#4995);
#4291=AXIS2_PLACEMENT_3D('',#6258,#4997,#4998);
#4292=AXIS2_PLACEMENT_3D('',#6261,#5000,#5001);
#4293=AXIS2_PLACEMENT_3D('',#6263,#5002,#5003);
#4294=AXIS2_PLACEMENT_3D('',#6265,#5004,#5005);
#4295=AXIS2_PLACEMENT_3D('',#6267,#5006,#5007);
#4296=AXIS2_PLACEMENT_3D('',#6269,#5008,#5009);
#4297=AXIS2_PLACEMENT_3D('',#6271,#5010,#5011);
#4298=AXIS2_PLACEMENT_3D('',#6273,#5012,#5013);
#4299=AXIS2_PLACEMENT_3D('',#6275,#5014,#5015);
#4300=AXIS2_PLACEMENT_3D('',#6277,#5016,#5017);
#4301=AXIS2_PLACEMENT_3D('',#6279,#5018,#5019);
#4302=AXIS2_PLACEMENT_3D('',#6281,#5020,#5021);
#4303=AXIS2_PLACEMENT_3D('',#6282,#5022,#5023);
#4304=AXIS2_PLACEMENT_3D('',#6286,#5025,#5026);
#4305=AXIS2_PLACEMENT_3D('',#6288,#5028,#5029);
#4306=AXIS2_PLACEMENT_3D('',#6300,#5036,#5037);
#4307=AXIS2_PLACEMENT_3D('',#6304,#5039,#5040);
#4308=AXIS2_PLACEMENT_3D('',#6306,#5042,#5043);
#4309=AXIS2_PLACEMENT_3D('',#6318,#5050,#5051);
#4310=AXIS2_PLACEMENT_3D('',#6322,#5053,#5054);
#4311=AXIS2_PLACEMENT_3D('',#6324,#5056,#5057);
#4312=AXIS2_PLACEMENT_3D('',#6326,#5058,#5059);
#4313=AXIS2_PLACEMENT_3D('',#6328,#5061,#5062);
#4314=AXIS2_PLACEMENT_3D('',#6330,#5063,#5064);
#4315=AXIS2_PLACEMENT_3D('',#6332,#5065,#5066);
#4316=AXIS2_PLACEMENT_3D('',#6389,#5068,#5069);
#4317=AXIS2_PLACEMENT_3D('',#6433,#5071,#5072);
#4318=AXIS2_PLACEMENT_3D('',#6434,#5073,#5074);
#4319=AXIS2_PLACEMENT_3D('',#6536,#5076,#5077);
#4320=AXIS2_PLACEMENT_3D('',#6537,#5078,#5079);
#4321=AXIS2_PLACEMENT_3D('',#6539,#5080,#5081);
#4322=AXIS2_PLACEMENT_3D('',#6541,#5082,#5083);
#4323=AXIS2_PLACEMENT_3D('',#6579,#5085,#5086);
#4324=AXIS2_PLACEMENT_3D('',#6581,#5087,#5088);
#4325=AXIS2_PLACEMENT_3D('',#6627,#5089,#5090);
#4326=AXIS2_PLACEMENT_3D('',#6629,#5091,#5092);
#4327=AXIS2_PLACEMENT_3D('',#6684,#5094,#5095);
#4328=AXIS2_PLACEMENT_3D('',#6787,#5097,#5098);
#4329=AXIS2_PLACEMENT_3D('',#6788,#5099,#5100);
#4330=AXIS2_PLACEMENT_3D('',#6789,#5101,#5102);
#4331=AXIS2_PLACEMENT_3D('',#6796,#5104,#5105);
#4332=AXIS2_PLACEMENT_3D('',#6798,#5106,#5107);
#4333=AXIS2_PLACEMENT_3D('',#6825,#5109,#5110);
#4334=AXIS2_PLACEMENT_3D('',#6826,#5111,#5112);
#4335=AXIS2_PLACEMENT_3D('',#6827,#5113,#5114);
#4336=AXIS2_PLACEMENT_3D('',#6830,#5116,#5117);
#4337=AXIS2_PLACEMENT_3D('',#6831,#5118,#5119);
#4338=AXIS2_PLACEMENT_3D('',#6833,#5121,#5122);
#4339=AXIS2_PLACEMENT_3D('',#6837,#5124,#5125);
#4340=AXIS2_PLACEMENT_3D('',#6839,#5126,#5127);
#4341=AXIS2_PLACEMENT_3D('',#6840,#5128,#5129);
#4342=AXIS2_PLACEMENT_3D('',#6841,#5130,#5131);
#4343=AXIS2_PLACEMENT_3D('',#6843,#5132,#5133);
#4344=AXIS2_PLACEMENT_3D('',#6870,#5135,#5136);
#4345=AXIS2_PLACEMENT_3D('',#6871,#5137,#5138);
#4346=AXIS2_PLACEMENT_3D('',#6872,#5139,#5140);
#4347=AXIS2_PLACEMENT_3D('',#6874,#5141,#5142);
#4348=AXIS2_PLACEMENT_3D('',#6907,#5144,#5145);
#4349=AXIS2_PLACEMENT_3D('',#6924,#5146,#5147);
#4350=AXIS2_PLACEMENT_3D('',#6926,#5148,#5149);
#4351=AXIS2_PLACEMENT_3D('',#6976,#5151,#5152);
#4352=AXIS2_PLACEMENT_3D('',#7035,#5153,#5154);
#4353=AXIS2_PLACEMENT_3D('',#7038,#5156,#5157);
#4354=AXIS2_PLACEMENT_3D('',#7039,#5158,#5159);
#4355=AXIS2_PLACEMENT_3D('',#7041,#5160,#5161);
#4356=AXIS2_PLACEMENT_3D('',#7079,#5163,#5164);
#4357=AXIS2_PLACEMENT_3D('',#7131,#5166,#5167);
#4358=AXIS2_PLACEMENT_3D('',#7134,#5169,#5170);
#4359=AXIS2_PLACEMENT_3D('',#7135,#5171,#5172);
#4360=AXIS2_PLACEMENT_3D('',#7139,#5174,#5175);
#4361=AXIS2_PLACEMENT_3D('',#7227,#5176,#5177);
#4362=AXIS2_PLACEMENT_3D('',#7228,#5178,#5179);
#4363=AXIS2_PLACEMENT_3D('',#7231,#5182,#5183);
#4364=AXIS2_PLACEMENT_3D('',#7233,#5185,#5186);
#4365=AXIS2_PLACEMENT_3D('',#7235,#5188,#5189);
#4366=AXIS2_PLACEMENT_3D('',#7237,#5191,#5192);
#4367=AXIS2_PLACEMENT_3D('',#7239,#5194,#5195);
#4368=AXIS2_PLACEMENT_3D('',#7241,#5197,#5198);
#4369=AXIS2_PLACEMENT_3D('',#7243,#5200,#5201);
#4370=AXIS2_PLACEMENT_3D('',#7245,#5203,#5204);
#4371=AXIS2_PLACEMENT_3D('',#7247,#5206,#5207);
#4372=AXIS2_PLACEMENT_3D('',#7249,#5209,#5210);
#4373=AXIS2_PLACEMENT_3D('',#7251,#5212,#5213);
#4374=AXIS2_PLACEMENT_3D('',#7253,#5215,#5216);
#4375=AXIS2_PLACEMENT_3D('',#7256,#5219,#5220);
#4376=AXIS2_PLACEMENT_3D('',#7258,#5222,#5223);
#4377=AXIS2_PLACEMENT_3D('',#7260,#5225,#5226);
#4378=AXIS2_PLACEMENT_3D('',#7262,#5228,#5229);
#4379=AXIS2_PLACEMENT_3D('',#7264,#5231,#5232);
#4380=AXIS2_PLACEMENT_3D('',#7265,#5233,#5234);
#4381=AXIS2_PLACEMENT_3D('',#7268,#5237,#5238);
#4382=AXIS2_PLACEMENT_3D('',#7270,#5240,#5241);
#4383=AXIS2_PLACEMENT_3D('',#7272,#5243,#5244);
#4384=AXIS2_PLACEMENT_3D('',#7278,#5248,#5249);
#4385=AXIS2_PLACEMENT_3D('',#7285,#5254,#5255);
#4386=AXIS2_PLACEMENT_3D('',#7297,#5263,#5264);
#4387=AXIS2_PLACEMENT_3D('',#7300,#5266,#5267);
#4388=AXIS2_PLACEMENT_3D('',#7301,#5268,#5269);
#4389=AXIS2_PLACEMENT_3D('',#7302,#5270,#5271);
#4390=AXIS2_PLACEMENT_3D('',#7303,#5272,#5273);
#4391=AXIS2_PLACEMENT_3D('',#7307,#5276,#5277);
#4392=AXIS2_PLACEMENT_3D('',#7310,#5278,#5279);
#4393=AXIS2_PLACEMENT_3D('',#7314,#5281,#5282);
#4394=AXIS2_PLACEMENT_3D('',#7316,#5283,#5284);
#4395=AXIS2_PLACEMENT_3D('',#7318,#5285,#5286);
#4396=AXIS2_PLACEMENT_3D('',#7324,#5289,#5290);
#4397=AXIS2_PLACEMENT_3D('',#7328,#5292,#5293);
#4398=AXIS2_PLACEMENT_3D('',#7332,#5295,#5296);
#4399=AXIS2_PLACEMENT_3D('',#7337,#5299,#5300);
#4400=AXIS2_PLACEMENT_3D('',#7341,#5302,#5303);
#4401=AXIS2_PLACEMENT_3D('',#7347,#5306,#5307);
#4402=AXIS2_PLACEMENT_3D('',#7351,#5309,#5310);
#4403=AXIS2_PLACEMENT_3D('',#7357,#5313,#5314);
#4404=AXIS2_PLACEMENT_3D('',#7361,#5316,#5317);
#4405=AXIS2_PLACEMENT_3D('',#7367,#5320,#5321);
#4406=AXIS2_PLACEMENT_3D('',#7371,#5323,#5324);
#4407=AXIS2_PLACEMENT_3D('',#7377,#5327,#5328);
#4408=AXIS2_PLACEMENT_3D('',#7380,#5330,#5331);
#4409=AXIS2_PLACEMENT_3D('',#7386,#5334,#5335);
#4410=AXIS2_PLACEMENT_3D('',#7390,#5337,#5338);
#4411=AXIS2_PLACEMENT_3D('',#7394,#5340,#5341);
#4412=AXIS2_PLACEMENT_3D('',#7400,#5344,#5345);
#4413=AXIS2_PLACEMENT_3D('',#7402,#5346,#5347);
#4414=AXIS2_PLACEMENT_3D('',#7404,#5348,#5349);
#4415=AXIS2_PLACEMENT_3D('',#7408,#5351,#5352);
#4416=AXIS2_PLACEMENT_3D('',#7412,#5354,#5355);
#4417=AXIS2_PLACEMENT_3D('',#7417,#5358,#5359);
#4418=AXIS2_PLACEMENT_3D('',#7419,#5361,#5362);
#4419=AXIS2_PLACEMENT_3D('',#7421,#5364,#5365);
#4420=AXIS2_PLACEMENT_3D('',#7423,#5367,#5368);
#4421=AXIS2_PLACEMENT_3D('',#7424,#5369,#5370);
#4422=AXIS2_PLACEMENT_3D('',#7425,#5371,#5372);
#4423=AXIS2_PLACEMENT_3D('',#7426,#5373,#5374);
#4424=AXIS2_PLACEMENT_3D('',#7427,#5375,#5376);
#4425=AXIS2_PLACEMENT_3D('',#7430,#5377,#5378);
#4426=AXIS2_PLACEMENT_3D('',#7434,#5380,#5381);
#4427=AXIS2_PLACEMENT_3D('',#7439,#5384,#5385);
#4428=AXIS2_PLACEMENT_3D('',#7443,#5387,#5388);
#4429=AXIS2_PLACEMENT_3D('',#7445,#5389,#5390);
#4430=AXIS2_PLACEMENT_3D('',#7447,#5391,#5392);
#4431=AXIS2_PLACEMENT_3D('',#7453,#5395,#5396);
#4432=AXIS2_PLACEMENT_3D('',#7455,#5398,#5399);
#4433=AXIS2_PLACEMENT_3D('',#7457,#5400,#5401);
#4434=AXIS2_PLACEMENT_3D('',#7461,#5403,#5404);
#4435=AXIS2_PLACEMENT_3D('',#7466,#5407,#5408);
#4436=AXIS2_PLACEMENT_3D('',#7467,#5409,#5410);
#4437=AXIS2_PLACEMENT_3D('',#7470,#5411,#5412);
#4438=AXIS2_PLACEMENT_3D('',#7473,#5414,#5415);
#4439=AXIS2_PLACEMENT_3D('',#7475,#5416,#5417);
#4440=AXIS2_PLACEMENT_3D('',#7479,#5420,#5421);
#4441=AXIS2_PLACEMENT_3D('',#7484,#5423,#5424);
#4442=AXIS2_PLACEMENT_3D('',#7489,#5427,#5428);
#4443=AXIS2_PLACEMENT_3D('',#7493,#5430,#5431);
#4444=AXIS2_PLACEMENT_3D('',#7497,#5433,#5434);
#4445=AXIS2_PLACEMENT_3D('',#7503,#5437,#5438);
#4446=AXIS2_PLACEMENT_3D('',#7505,#5439,#5440);
#4447=AXIS2_PLACEMENT_3D('',#7506,#5441,#5442);
#4448=AXIS2_PLACEMENT_3D('',#7507,#5443,#5444);
#4449=AXIS2_PLACEMENT_3D('',#7511,#5446,#5447);
#4450=AXIS2_PLACEMENT_3D('',#7515,#5449,#5450);
#4451=AXIS2_PLACEMENT_3D('',#7521,#5453,#5454);
#4452=AXIS2_PLACEMENT_3D('',#7523,#5456,#5457);
#4453=AXIS2_PLACEMENT_3D('',#7526,#5458,#5459);
#4454=AXIS2_PLACEMENT_3D('',#7532,#5462,#5463);
#4455=AXIS2_PLACEMENT_3D('',#7536,#5466,#5467);
#4456=AXIS2_PLACEMENT_3D('',#7543,#5470,#5471);
#4457=AXIS2_PLACEMENT_3D('',#7548,#5474,#5475);
#4458=AXIS2_PLACEMENT_3D('',#7549,#5476,#5477);
#4459=AXIS2_PLACEMENT_3D('',#7552,#5480,#5481);
#4460=AXIS2_PLACEMENT_3D('',#7554,#5483,#5484);
#4461=AXIS2_PLACEMENT_3D('',#7556,#5486,#5487);
#4462=AXIS2_PLACEMENT_3D('',#7563,#5492,#5493);
#4463=AXIS2_PLACEMENT_3D('',#7565,#5494,#5495);
#4464=AXIS2_PLACEMENT_3D('',#7567,#5497,#5498);
#4465=AXIS2_PLACEMENT_3D('',#7571,#5501,#5502);
#4466=AXIS2_PLACEMENT_3D('',#7575,#5505,#5506);
#4467=AXIS2_PLACEMENT_3D('',#7577,#5507,#5508);
#4468=AXIS2_PLACEMENT_3D('',#7579,#5510,#5511);
#4469=AXIS2_PLACEMENT_3D('',#7581,#5513,#5514);
#4470=AXIS2_PLACEMENT_3D('',#7583,#5516,#5517);
#4471=AXIS2_PLACEMENT_3D('',#7585,#5519,#5520);
#4472=AXIS2_PLACEMENT_3D('',#7587,#5522,#5523);
#4473=AXIS2_PLACEMENT_3D('',#7589,#5525,#5526);
#4474=AXIS2_PLACEMENT_3D('',#7593,#5530,#5531);
#4475=AXIS2_PLACEMENT_3D('',#7595,#5533,#5534);
#4476=AXIS2_PLACEMENT_3D('',#7597,#5536,#5537);
#4477=AXIS2_PLACEMENT_3D('',#7599,#5539,#5540);
#4478=AXIS2_PLACEMENT_3D('',#7601,#5542,#5543);
#4479=AXIS2_PLACEMENT_3D('',#7603,#5545,#5546);
#4480=AXIS2_PLACEMENT_3D('',#7605,#5548,#5549);
#4481=AXIS2_PLACEMENT_3D('',#7607,#5551,#5552);
#4482=AXIS2_PLACEMENT_3D('',#7609,#5554,#5555);
#4483=AXIS2_PLACEMENT_3D('',#7612,#5558,#5559);
#4484=AXIS2_PLACEMENT_3D('',#7614,#5561,#5562);
#4485=AXIS2_PLACEMENT_3D('',#7616,#5564,#5565);
#4486=AXIS2_PLACEMENT_3D('',#7618,#5567,#5568);
#4487=AXIS2_PLACEMENT_3D('',#7619,#5569,#5570);
#4488=AXIS2_PLACEMENT_3D('',#7621,#5572,#5573);
#4489=AXIS2_PLACEMENT_3D('',#7623,#5575,#5576);
#4490=AXIS2_PLACEMENT_3D('',#7625,#5578,#5579);
#4491=AXIS2_PLACEMENT_3D('',#7627,#5581,#5582);
#4492=AXIS2_PLACEMENT_3D('',#7630,#5585,#5586);
#4493=AXIS2_PLACEMENT_3D('',#7632,#5588,#5589);
#4494=AXIS2_PLACEMENT_3D('',#7634,#5591,#5592);
#4495=AXIS2_PLACEMENT_3D('',#7636,#5594,#5595);
#4496=AXIS2_PLACEMENT_3D('',#7638,#5597,#5598);
#4497=AXIS2_PLACEMENT_3D('',#7640,#5600,#5601);
#4498=AXIS2_PLACEMENT_3D('',#7642,#5603,#5604);
#4499=AXIS2_PLACEMENT_3D('',#7644,#5606,#5607);
#4500=AXIS2_PLACEMENT_3D('',#7646,#5609,#5610);
#4501=AXIS2_PLACEMENT_3D('',#7650,#5614,#5615);
#4502=AXIS2_PLACEMENT_3D('',#7652,#5617,#5618);
#4503=AXIS2_PLACEMENT_3D('',#7654,#5620,#5621);
#4504=AXIS2_PLACEMENT_3D('',#7656,#5623,#5624);
#4505=AXIS2_PLACEMENT_3D('',#7657,#5625,#5626);
#4506=AXIS2_PLACEMENT_3D('',#7659,#5628,#5629);
#4507=AXIS2_PLACEMENT_3D('',#7661,#5631,#5632);
#4508=AXIS2_PLACEMENT_3D('',#7663,#5634,#5635);
#4509=AXIS2_PLACEMENT_3D('',#7665,#5637,#5638);
#4510=AXIS2_PLACEMENT_3D('',#7667,#5640,#5641);
#4511=AXIS2_PLACEMENT_3D('',#7671,#5645,#5646);
#4512=AXIS2_PLACEMENT_3D('',#7673,#5648,#5649);
#4513=AXIS2_PLACEMENT_3D('',#7675,#5651,#5652);
#4514=AXIS2_PLACEMENT_3D('',#7677,#5654,#5655);
#4515=AXIS2_PLACEMENT_3D('',#7679,#5657,#5658);
#4516=AXIS2_PLACEMENT_3D('',#7687,#5663,#5664);
#4517=AXIS2_PLACEMENT_3D('',#7688,#5665,#5666);
#4518=AXIS2_PLACEMENT_3D('',#7689,#5667,#5668);
#4519=AXIS2_PLACEMENT_3D('',#7691,#5669,#5670);
#4520=AXIS2_PLACEMENT_3D('',#7693,#5672,#5673);
#4521=AXIS2_PLACEMENT_3D('',#7696,#5676,#5677);
#4522=AXIS2_PLACEMENT_3D('',#7697,#5678,#5679);
#4523=AXIS2_PLACEMENT_3D('',#7699,#5681,#5682);
#4524=AXIS2_PLACEMENT_3D('',#7700,#5683,#5684);
#4525=AXIS2_PLACEMENT_3D('',#7701,#5685,#5686);
#4526=AXIS2_PLACEMENT_3D('',#7703,#5688,#5689);
#4527=AXIS2_PLACEMENT_3D('',#7704,#5690,#5691);
#4528=AXIS2_PLACEMENT_3D('',#7706,#5693,#5694);
#4529=AXIS2_PLACEMENT_3D('',#7707,#5695,#5696);
#4530=AXIS2_PLACEMENT_3D('',#7709,#5698,#5699);
#4531=AXIS2_PLACEMENT_3D('',#7710,#5700,#5701);
#4532=AXIS2_PLACEMENT_3D('',#7712,#5703,#5704);
#4533=AXIS2_PLACEMENT_3D('',#7713,#5705,#5706);
#4534=AXIS2_PLACEMENT_3D('',#7714,#5707,#5708);
#4535=AXIS2_PLACEMENT_3D('',#7716,#5710,#5711);
#4536=AXIS2_PLACEMENT_3D('',#7717,#5712,#5713);
#4537=AXIS2_PLACEMENT_3D('',#7718,#5714,#5715);
#4538=AXIS2_PLACEMENT_3D('',#7720,#5716,#5717);
#4539=AXIS2_PLACEMENT_3D('',#7722,#5719,#5720);
#4540=AXIS2_PLACEMENT_3D('',#7723,#5721,#5722);
#4541=AXIS2_PLACEMENT_3D('',#7725,#5723,#5724);
#4542=AXIS2_PLACEMENT_3D('',#7727,#5726,#5727);
#4543=AXIS2_PLACEMENT_3D('',#7728,#5728,#5729);
#4544=AXIS2_PLACEMENT_3D('',#7730,#5730,#5731);
#4545=AXIS2_PLACEMENT_3D('',#7732,#5733,#5734);
#4546=AXIS2_PLACEMENT_3D('',#7733,#5735,#5736);
#4547=AXIS2_PLACEMENT_3D('',#7735,#5737,#5738);
#4548=AXIS2_PLACEMENT_3D('',#7737,#5740,#5741);
#4549=AXIS2_PLACEMENT_3D('',#7738,#5742,#5743);
#4550=AXIS2_PLACEMENT_3D('',#7740,#5744,#5745);
#4551=AXIS2_PLACEMENT_3D('',#7742,#5747,#5748);
#4552=AXIS2_PLACEMENT_3D('',#7743,#5749,#5750);
#4553=AXIS2_PLACEMENT_3D('',#7745,#5751,#5752);
#4554=AXIS2_PLACEMENT_3D('',#7747,#5754,#5755);
#4555=AXIS2_PLACEMENT_3D('',#7748,#5756,#5757);
#4556=AXIS2_PLACEMENT_3D('',#7750,#5758,#5759);
#4557=AXIS2_PLACEMENT_3D('',#7752,#5761,#5762);
#4558=AXIS2_PLACEMENT_3D('',#7753,#5763,#5764);
#4559=AXIS2_PLACEMENT_3D('',#7755,#5765,#5766);
#4560=AXIS2_PLACEMENT_3D('',#7757,#5768,#5769);
#4561=AXIS2_PLACEMENT_3D('',#7758,#5770,#5771);
#4562=AXIS2_PLACEMENT_3D('',#7760,#5772,#5773);
#4563=AXIS2_PLACEMENT_3D('',#7762,#5775,#5776);
#4564=AXIS2_PLACEMENT_3D('',#7763,#5777,#5778);
#4565=AXIS2_PLACEMENT_3D('',#7765,#5779,#5780);
#4566=AXIS2_PLACEMENT_3D('',#7767,#5782,#5783);
#4567=AXIS2_PLACEMENT_3D('',#7768,#5784,#5785);
#4568=AXIS2_PLACEMENT_3D('',#7770,#5786,#5787);
#4569=AXIS2_PLACEMENT_3D('',#7772,#5789,#5790);
#4570=DIRECTION('axis',(0.,0.,1.));
#4571=DIRECTION('refdir',(1.,0.,0.));
#4572=DIRECTION('center_axis',(0.,-0.104528463267654,-0.994521895368273));
#4573=DIRECTION('ref_axis',(1.,0.,0.));
#4574=DIRECTION('center_axis',(0.,0.104528463267654,0.994521895368273));
#4575=DIRECTION('ref_axis',(-0.996033742905756,-0.088488884283372,0.00930055651211682));
#4576=DIRECTION('',(-0.0889763057962684,0.990577365845387,-0.104113876508668));
#4577=DIRECTION('center_axis',(0.,0.104528463267654,0.994521895368273));
#4578=DIRECTION('ref_axis',(0.996033742905756,0.088488884283372,-0.00930055651211682));
#4579=DIRECTION('',(0.0889763057962684,-0.990577365845387,0.104113876508668));
#4580=DIRECTION('center_axis',(0.,-0.104528463267654,-0.994521895368273));
#4581=DIRECTION('ref_axis',(1.,0.,0.));
#4582=DIRECTION('center_axis',(0.,0.104528463267654,0.994521895368273));
#4583=DIRECTION('ref_axis',(0.996033742905751,-0.0884888842834285,0.00930055651212276));
#4584=DIRECTION('',(-0.0889763057963256,-0.990577365845382,0.104113876508668));
#4585=DIRECTION('center_axis',(0.,0.104528463267654,0.994521895368273));
#4586=DIRECTION('ref_axis',(-0.996033742905751,0.088488884283429,-0.00930055651212282));
#4587=DIRECTION('',(0.0889763057963256,0.990577365845382,-0.104113876508668));
#4588=DIRECTION('center_axis',(0.,-0.104528463267654,-0.994521895368273));
#4589=DIRECTION('ref_axis',(1.,0.,0.));
#4590=DIRECTION('center_axis',(0.,0.104528463267654,0.994521895368273));
#4591=DIRECTION('ref_axis',(-3.45271298448264E-5,-0.994521894775477,0.104528463205349));
#4592=DIRECTION('',(-0.999999999403939,3.4337986614658E-5,-3.60906782369669E-6));
#4593=DIRECTION('center_axis',(0.,0.104528463267654,0.994521895368273));
#4594=DIRECTION('ref_axis',(3.45271298455666E-5,0.994521894775477,-0.104528463205349));
#4595=DIRECTION('',(0.999999999403939,-3.4337986614658E-5,3.60906782369669E-6));
#4596=DIRECTION('center_axis',(0.,-0.104528463267654,-0.994521895368273));
#4597=DIRECTION('ref_axis',(1.,0.,0.));
#4598=DIRECTION('center_axis',(0.,0.104528463267654,0.994521895368273));
#4599=DIRECTION('ref_axis',(-7.40148683083438E-16,0.994521895368273,-0.104528463267654));
#4600=DIRECTION('',(1.,2.45364690384824E-16,-2.57888681440966E-17));
#4601=DIRECTION('center_axis',(0.,0.104528463267654,0.994521895368273));
#4602=DIRECTION('ref_axis',(0.,-0.994521895368273,0.104528463267654));
#4603=DIRECTION('',(-1.,-2.45364690384824E-16,2.57888681440966E-17));
#4604=DIRECTION('center_axis',(1.74454717631532E-16,-0.777145961456977,
-0.62932039104983));
#4605=DIRECTION('ref_axis',(-1.,0.,-2.77211290326232E-16));
#4606=DIRECTION('',(-1.57009245868381E-14,0.62932039104983,-0.777145961456977));
#4607=DIRECTION('',(1.,2.45364690384824E-16,-2.57888681440964E-17));
#4608=DIRECTION('',(0.,-0.629320391049811,0.777145961456993));
#4609=DIRECTION('',(-1.,-2.45364690384824E-16,2.57888681440964E-17));
#4610=DIRECTION('center_axis',(0.,-0.104528463267638,-0.994521895368275));
#4611=DIRECTION('ref_axis',(0.,-0.994521895368273,0.104528463267652));
#4612=DIRECTION('',(0.,-0.77714596145625,-0.629320391050728));
#4613=DIRECTION('center_axis',(0.,-0.104528463267653,-0.994521895368273));
#4614=DIRECTION('ref_axis',(0.,-0.994521895368273,0.104528463267653));
#4615=DIRECTION('center_axis',(0.,0.104528463267653,0.994521895368273));
#4616=DIRECTION('ref_axis',(0.,-0.994521895368274,0.10452846326765));
#4617=DIRECTION('center_axis',(-1.74454717631526E-16,0.629320391049816,
-0.777145961456988));
#4618=DIRECTION('ref_axis',(-1.,0.,2.24481276727552E-16));
#4619=DIRECTION('',(0.,-0.777145961457021,-0.629320391049776));
#4620=DIRECTION('',(-1.,-2.45364690384824E-16,2.57888681440964E-17));
#4621=DIRECTION('',(1.,2.45364690384824E-16,-2.57888681440964E-17));
#4622=DIRECTION('center_axis',(0.,-0.104528463267638,-0.994521895368275));
#4623=DIRECTION('ref_axis',(-7.40148683083438E-16,0.994521895368273,-0.104528463267652));
#4624=DIRECTION('center_axis',(0.,-0.104528463267653,-0.994521895368273));
#4625=DIRECTION('ref_axis',(-7.40148683083438E-16,0.994521895368273,-0.104528463267653));
#4626=DIRECTION('center_axis',(0.,0.104528463267653,0.994521895368273));
#4627=DIRECTION('ref_axis',(-7.40148683083438E-16,0.994521895368274,-0.10452846326765));
#4628=DIRECTION('center_axis',(0.,0.10452846326765,0.994521895368274));
#4629=DIRECTION('ref_axis',(0.,-0.994521895368274,0.10452846326765));
#4630=DIRECTION('',(0.,0.10452846326765,0.994521895368274));
#4631=DIRECTION('',(0.,0.10452846326765,0.994521895368274));
#4632=DIRECTION('center_axis',(-2.46716227694479E-16,0.994521895368274,
-0.10452846326765));
#4633=DIRECTION('ref_axis',(-1.,-2.45364690384824E-16,2.57888681440966E-17));
#4634=DIRECTION('',(0.,0.10452846326765,0.994521895368274));
#4635=DIRECTION('center_axis',(0.,0.104528463267653,0.994521895368273));
#4636=DIRECTION('ref_axis',(1.,0.,0.));
#4637=DIRECTION('center_axis',(0.,0.104528463267653,0.994521895368273));
#4638=DIRECTION('ref_axis',(0.,-0.994521895368273,0.104528463267653));
#4639=DIRECTION('',(0.999722352767611,-0.0234339702332778,0.00246300952060729));
#4640=DIRECTION('',(-0.109378469872876,0.988554939252152,-0.103901310908205));
#4641=DIRECTION('center_axis',(0.,0.104528463267653,0.994521895368273));
#4642=DIRECTION('ref_axis',(0.,-0.994521895368273,0.104528463267653));
#4643=DIRECTION('',(0.986888014817754,0.160522261232954,-0.0168715695100068));
#4644=DIRECTION('',(1.,0.,0.));
#4645=DIRECTION('',(0.999999999403939,-3.433798661286E-5,3.60906782350768E-6));
#4646=DIRECTION('',(0.987058958534025,-0.159479307088406,0.0167619506122269));
#4647=DIRECTION('center_axis',(0.,0.104528463267653,0.994521895368273));
#4648=DIRECTION('ref_axis',(0.,-0.994521895368273,0.104528463267653));
#4649=DIRECTION('',(-0.109278503095963,-0.988565874144491,0.103902460211702));
#4650=DIRECTION('',(0.999757165074017,0.0219158618747159,-0.00230344990253021));
#4651=DIRECTION('center_axis',(0.,0.104528463267653,0.994521895368273));
#4652=DIRECTION('ref_axis',(0.,-0.994521895368273,0.104528463267653));
#4653=DIRECTION('',(-0.0889763057963231,-0.990577365845383,0.104113876508667));
#4654=DIRECTION('center_axis',(0.,0.104528463267653,0.994521895368273));
#4655=DIRECTION('ref_axis',(0.,0.994521895368273,-0.104528463267653));
#4656=DIRECTION('',(-0.991491362038324,0.129459398548885,-0.0136067310824349));
#4657=DIRECTION('center_axis',(0.,0.104528463267653,0.994521895368273));
#4658=DIRECTION('ref_axis',(0.,0.994521895368273,-0.104528463267653));
#4659=DIRECTION('',(-0.999526451043461,0.0306027438929721,-0.00321647799390218));
#4660=DIRECTION('center_axis',(0.,0.104528463267653,0.994521895368273));
#4661=DIRECTION('ref_axis',(0.,0.994521895368273,-0.104528463267653));
#4662=DIRECTION('',(-0.982931298183898,0.182965172119812,-0.0192304144959057));
#4663=DIRECTION('',(-1.,0.,0.));
#4664=DIRECTION('',(-0.982931298183898,-0.182965172119812,0.0192304144959057));
#4665=DIRECTION('center_axis',(0.,0.104528463267653,0.994521895368273));
#4666=DIRECTION('ref_axis',(0.,0.994521895368273,-0.104528463267653));
#4667=DIRECTION('',(-0.99952645481206,-0.0306026221501267,0.00321646519821352));
#4668=DIRECTION('center_axis',(0.,0.104528463267653,0.994521895368273));
#4669=DIRECTION('ref_axis',(0.,0.994521895368273,-0.104528463267653));
#4670=DIRECTION('',(-0.991491240752473,-0.129460317288878,0.0136068276458994));
#4671=DIRECTION('center_axis',(0.,0.104528463267653,0.994521895368273));
#4672=DIRECTION('ref_axis',(0.,0.994521895368273,-0.104528463267653));
#4673=DIRECTION('',(-0.0889763057962582,0.990577365845388,-0.104113876508668));
#4674=DIRECTION('center_axis',(0.,-0.104528463267653,-0.994521895368273));
#4675=DIRECTION('ref_axis',(-0.996033742905756,-0.0884888842833719,0.00930055651211675));
#4676=DIRECTION('',(-0.0889763057962684,0.990577365845388,-0.104113876508668));
#4677=DIRECTION('center_axis',(0.,-0.104528463267653,-0.994521895368273));
#4678=DIRECTION('ref_axis',(0.996033742905756,0.0884888842833719,-0.00930055651211675));
#4679=DIRECTION('',(0.0889763057962684,-0.990577365845388,0.104113876508668));
#4680=DIRECTION('',(0.999999999403939,-3.4337986614658E-5,3.60906782369666E-6));
#4681=DIRECTION('center_axis',(0.,-0.104528463267653,-0.994521895368273));
#4682=DIRECTION('ref_axis',(-3.45271298448265E-5,-0.994521894775477,0.104528463205348));
#4683=DIRECTION('',(-0.999999999403939,3.4337986614658E-5,-3.60906782369666E-6));
#4684=DIRECTION('center_axis',(0.,-0.104528463267653,-0.994521895368273));
#4685=DIRECTION('ref_axis',(3.45271298455666E-5,0.994521894775477,-0.104528463205348));
#4686=DIRECTION('',(-0.0889763057963256,-0.990577365845382,0.104113876508667));
#4687=DIRECTION('center_axis',(0.,-0.104528463267653,-0.994521895368273));
#4688=DIRECTION('ref_axis',(-0.996033742905751,0.088488884283429,-0.00930055651212274));
#4689=DIRECTION('',(0.0889763057963256,0.990577365845382,-0.104113876508667));
#4690=DIRECTION('center_axis',(0.,-0.104528463267653,-0.994521895368273));
#4691=DIRECTION('ref_axis',(-0.996033742905751,0.0884888842834285,-0.00930055651212269));
#4692=DIRECTION('center_axis',(2.46716227694479E-16,-0.994521895368274,
0.10452846326765));
#4693=DIRECTION('ref_axis',(1.,2.45364690384824E-16,-2.57888681440966E-17));
#4694=DIRECTION('',(0.,0.10452846326765,0.994521895368274));
#4695=DIRECTION('center_axis',(0.,0.10452846326765,0.994521895368274));
#4696=DIRECTION('ref_axis',(-7.40148683083438E-16,0.994521895368274,-0.10452846326765));
#4697=DIRECTION('center_axis',(0.,-0.104528463267645,-0.994521895368274));
#4698=DIRECTION('ref_axis',(-0.996033742905756,-0.088488884283372,0.0093005565121166));
#4699=DIRECTION('',(-0.704302213898394,-0.13648387533997,-0.696656689675771));
#4700=DIRECTION('',(-0.704302212960874,0.0113416846299282,0.709809663929825));
#4701=DIRECTION('center_axis',(0.,0.104528463267653,0.994521895368273));
#4702=DIRECTION('ref_axis',(-0.996033742905756,-0.088488884283372,0.00930055651211644));
#4703=DIRECTION('center_axis',(0.704302213899368,-0.0113416950671453,-0.709809662831842));
#4704=DIRECTION('ref_axis',(-0.70985532008146,0.,-0.704347516892086));
#4705=DIRECTION('',(-0.704302213899187,-0.136483875339985,-0.696656689674967));
#4706=DIRECTION('',(0.0889763057962684,-0.990577365845388,0.104113876508668));
#4707=DIRECTION('center_axis',(0.,-0.104528463267652,-0.994521895368274));
#4708=DIRECTION('ref_axis',(0.996033742905756,0.088488884283372,-0.0093005565121166));
#4709=DIRECTION('',(0.704302213899188,-0.0113416950671815,-0.709809662832019));
#4710=DIRECTION('center_axis',(0.,0.104528463267653,0.994521895368273));
#4711=DIRECTION('ref_axis',(0.996033742905756,0.088488884283372,-0.00930055651211645));
#4712=DIRECTION('center_axis',(-0.704302213899122,-0.136483875339973,-0.696656689675035));
#4713=DIRECTION('ref_axis',(-0.703237379344718,0.,0.710955123965201));
#4714=DIRECTION('',(-0.0889763057962684,0.990577365845388,-0.104113876508668));
#4715=DIRECTION('center_axis',(-0.996033742905756,-0.088488884283372,0.00930055651211645));
#4716=DIRECTION('ref_axis',(0.0889763057962684,-0.990577365845387,0.104113876508668));
#4717=DIRECTION('',(0.,0.10452846326765,0.994521895368274));
#4718=DIRECTION('',(0.,0.10452846326765,0.994521895368274));
#4719=DIRECTION('center_axis',(0.,0.10452846326765,0.994521895368274));
#4720=DIRECTION('ref_axis',(-0.996033742905756,-0.088488884283372,0.00930055651211645));
#4721=DIRECTION('',(0.,0.10452846326765,0.994521895368274));
#4722=DIRECTION('center_axis',(0.996033742905756,0.088488884283372,-0.00930055651211645));
#4723=DIRECTION('ref_axis',(-0.0889763057962684,0.990577365845387,-0.104113876508668));
#4724=DIRECTION('',(0.,0.10452846326765,0.994521895368274));
#4725=DIRECTION('center_axis',(0.,0.10452846326765,0.994521895368274));
#4726=DIRECTION('ref_axis',(0.996033742905756,0.088488884283372,-0.00930055651211645));
#4727=DIRECTION('center_axis',(-0.704302213899368,-0.0113416950671042,-0.709809662831842));
#4728=DIRECTION('ref_axis',(-0.70985532008146,0.,0.704347516892087));
#4729=DIRECTION('',(0.70430221389918,-0.136483875339982,-0.696656689674975));
#4730=DIRECTION('',(-0.704302213899181,0.136483875340011,0.696656689674968));
#4731=DIRECTION('',(0.0889763057963256,0.990577365845382,-0.104113876508667));
#4732=DIRECTION('center_axis',(0.,-0.104528463267665,-0.994521895368272));
#4733=DIRECTION('ref_axis',(-0.99603374290575,0.088488884283429,-0.00930055651212278));
#4734=DIRECTION('',(-0.70430221389944,-0.0113416950671051,-0.709809662831771));
#4735=DIRECTION('center_axis',(0.,0.104528463267653,0.994521895368273));
#4736=DIRECTION('ref_axis',(-0.996033742905751,0.088488884283429,-0.00930055651212281));
#4737=DIRECTION('center_axis',(0.704302213899241,-0.136483875340012,-0.696656689674908));
#4738=DIRECTION('ref_axis',(-0.703237379344593,0.,-0.710955123965324));
#4739=DIRECTION('',(-0.704302213899247,-0.0113416950671628,-0.709809662831961));
#4740=DIRECTION('',(-0.0889763057963256,-0.990577365845382,0.104113876508667));
#4741=DIRECTION('center_axis',(0.,-0.104528463267654,-0.994521895368273));
#4742=DIRECTION('ref_axis',(-0.996033742905751,0.0884888842834285,-0.00930055651212272));
#4743=DIRECTION('center_axis',(0.,0.104528463267653,0.994521895368273));
#4744=DIRECTION('ref_axis',(-0.996033742905751,0.0884888842834285,-0.00930055651212276));
#4745=DIRECTION('center_axis',(0.,0.104528463267654,0.994521895368273));
#4746=DIRECTION('ref_axis',(-0.996033742905751,0.088488884283429,-0.00930055651212281));
#4747=DIRECTION('',(0.,0.104528463267654,0.994521895368273));
#4748=DIRECTION('',(0.,0.104528463267654,0.994521895368273));
#4749=DIRECTION('center_axis',(0.996033742905751,-0.0884888842834289,0.0093005565121228));
#4750=DIRECTION('ref_axis',(0.0889763057963256,0.990577365845382,-0.104113876508668));
#4751=DIRECTION('',(0.,0.104528463267654,0.994521895368273));
#4752=DIRECTION('center_axis',(-0.996033742905751,0.0884888842834289,-0.0093005565121228));
#4753=DIRECTION('ref_axis',(-0.0889763057963256,-0.990577365845382,0.104113876508668));
#4754=DIRECTION('',(0.,0.104528463267654,0.994521895368273));
#4755=DIRECTION('center_axis',(0.,0.104528463267654,0.994521895368273));
#4756=DIRECTION('ref_axis',(-0.0889763132173551,-0.990577365186089,0.104113876439373));
#4757=DIRECTION('center_axis',(-2.44143676480107E-5,-0.7771459610378,-0.629320391093895));
#4758=DIRECTION('ref_axis',(-0.999999999247481,0.,3.87948141759733E-5));
#4759=DIRECTION('',(2.44143676319612E-5,0.629320390630669,-0.777145961412913));
#4760=DIRECTION('',(-2.44143676476621E-5,-0.62932039063067,0.777145961412912));
#4761=DIRECTION('',(-0.999999999403939,3.4337986614658E-5,-3.60906782369666E-6));
#4762=DIRECTION('center_axis',(0.,-0.104528463267664,-0.994521895368272));
#4763=DIRECTION('ref_axis',(-3.45271298448265E-5,-0.994521894775477,0.104528463205351));
#4764=DIRECTION('',(-2.44143676476069E-5,-0.777145961036356,-0.629320391095678));
#4765=DIRECTION('center_axis',(0.,0.104528463267653,0.994521895368273));
#4766=DIRECTION('ref_axis',(-3.45271298448265E-5,-0.994521894775477,0.104528463205354));
#4767=DIRECTION('center_axis',(2.44143676480108E-5,0.629320390630668,-0.777145961412914));
#4768=DIRECTION('ref_axis',(-0.999999999506536,0.,-3.14154211025891E-5));
#4769=DIRECTION('',(-2.44143676476621E-5,-0.7771459610378,-0.629320391093894));
#4770=DIRECTION('',(0.999999999403939,-3.4337986614658E-5,3.60906782369666E-6));
#4771=DIRECTION('center_axis',(0.,-0.104528463267664,-0.994521895368272));
#4772=DIRECTION('ref_axis',(3.45271298455666E-5,0.994521894775477,-0.104528463205351));
#4773=DIRECTION('center_axis',(0.,0.104528463267653,0.994521895368273));
#4774=DIRECTION('ref_axis',(3.45271298455666E-5,0.994521894775477,-0.104528463205354));
#4775=DIRECTION('center_axis',(0.,0.104528463267659,0.994521895368273));
#4776=DIRECTION('ref_axis',(-3.45271298448265E-5,-0.994521894775477,0.104528463205354));
#4777=DIRECTION('',(0.,0.104528463267659,0.994521895368273));
#4778=DIRECTION('',(0.,0.104528463267659,0.994521895368273));
#4779=DIRECTION('center_axis',(3.45271298445798E-5,0.994521894775477,-0.104528463205354));
#4780=DIRECTION('ref_axis',(-0.999999999403939,3.4337986614658E-5,-3.60906782369669E-6));
#4781=DIRECTION('',(0.,0.104528463267659,0.994521895368273));
#4782=DIRECTION('center_axis',(0.,0.104528463267659,0.994521895368273));
#4783=DIRECTION('ref_axis',(3.45271298455666E-5,0.994521894775477,-0.104528463205354));
#4784=DIRECTION('',(0.,0.104528463267659,0.994521895368273));
#4785=DIRECTION('center_axis',(-3.45271298445798E-5,-0.994521894775477,
0.104528463205354));
#4786=DIRECTION('ref_axis',(0.999999999403939,-3.4337986614658E-5,3.60906782369669E-6));
#4787=DIRECTION('center_axis',(0.,0.,-1.));
#4788=DIRECTION('ref_axis',(0.707106781186554,0.707106781186541,0.));
#4789=DIRECTION('center_axis',(0.,0.,1.));
#4790=DIRECTION('ref_axis',(0.707106781186554,0.707106781186541,0.));
#4791=DIRECTION('',(0.,0.,1.));
#4792=DIRECTION('center_axis',(0.,0.,1.));
#4793=DIRECTION('ref_axis',(0.707106781186554,0.707106781186541,0.));
#4794=DIRECTION('',(0.,0.,-1.));
#4795=DIRECTION('center_axis',(0.,1.,0.));
#4796=DIRECTION('ref_axis',(1.,0.,0.));
#4797=DIRECTION('',(1.,0.,0.));
#4798=DIRECTION('',(0.,0.,1.));
#4799=DIRECTION('',(1.,0.,0.));
#4800=DIRECTION('center_axis',(0.,0.,-1.));
#4801=DIRECTION('ref_axis',(0.707106781186554,0.707106781186541,0.));
#4802=DIRECTION('center_axis',(0.,0.,1.));
#4803=DIRECTION('ref_axis',(0.707106781186554,0.707106781186541,0.));
#4804=DIRECTION('',(0.,0.,1.));
#4805=DIRECTION('center_axis',(0.,0.,1.));
#4806=DIRECTION('ref_axis',(0.707106781186554,0.707106781186541,0.));
#4807=DIRECTION('',(0.,0.,-1.));
#4808=DIRECTION('center_axis',(1.,9.34924652315921E-16,0.));
#4809=DIRECTION('ref_axis',(9.34924652315921E-16,-1.,0.));
#4810=DIRECTION('',(9.34924652315921E-16,-1.,0.));
#4811=DIRECTION('',(0.,0.,-1.));
#4812=DIRECTION('',(9.34924652315921E-16,-1.,0.));
#4813=DIRECTION('center_axis',(0.,0.,-1.));
#4814=DIRECTION('ref_axis',(-0.707106781186554,0.707106781186541,0.));
#4815=DIRECTION('center_axis',(0.,0.,1.));
#4816=DIRECTION('ref_axis',(-0.707106781186554,0.707106781186541,0.));
#4817=DIRECTION('',(0.,0.,1.));
#4818=DIRECTION('center_axis',(0.,0.,1.));
#4819=DIRECTION('ref_axis',(-0.707106781186554,0.707106781186541,0.));
#4820=DIRECTION('',(0.,0.,-1.));
#4821=DIRECTION('center_axis',(0.,0.,-1.));
#4822=DIRECTION('ref_axis',(-1.,0.,0.));
#4823=DIRECTION('',(1.,0.,0.));
#4824=DIRECTION('',(0.,1.,0.));
#4825=DIRECTION('center_axis',(0.,0.,1.));
#4826=DIRECTION('ref_axis',(-0.707106781186553,-0.707106781186542,0.));
#4827=DIRECTION('',(-1.,0.,0.));
#4828=DIRECTION('center_axis',(0.,0.,1.));
#4829=DIRECTION('ref_axis',(0.707106781186549,-0.707106781186546,0.));
#4830=DIRECTION('center_axis',(-1.,0.,0.));
#4831=DIRECTION('ref_axis',(0.,1.,0.));
#4832=DIRECTION('',(0.,1.,0.));
#4833=DIRECTION('',(0.,0.,1.));
#4834=DIRECTION('center_axis',(0.,0.,-1.));
#4835=DIRECTION('ref_axis',(-0.707106781186553,-0.707106781186542,0.));
#4836=DIRECTION('center_axis',(0.,0.,1.));
#4837=DIRECTION('ref_axis',(-0.707106781186553,-0.707106781186542,0.));
#4838=DIRECTION('',(0.,0.,-1.));
#4839=DIRECTION('center_axis',(0.,0.,-1.));
#4840=DIRECTION('ref_axis',(0.707106781186549,-0.707106781186546,0.));
#4841=DIRECTION('',(0.,0.,1.));
#4842=DIRECTION('center_axis',(0.,0.,1.));
#4843=DIRECTION('ref_axis',(0.707106781186549,-0.707106781186546,0.));
#4844=DIRECTION('center_axis',(0.,0.,-1.));
#4845=DIRECTION('ref_axis',(0.707106781186552,-0.707106781186543,0.));
#4846=DIRECTION('center_axis',(0.,0.,1.));
#4847=DIRECTION('ref_axis',(0.707106781186552,-0.707106781186543,0.));
#4848=DIRECTION('',(0.,0.,1.));
#4849=DIRECTION('center_axis',(0.,0.,1.));
#4850=DIRECTION('ref_axis',(0.707106781186552,-0.707106781186543,0.));
#4851=DIRECTION('',(0.,0.,-1.));
#4852=DIRECTION('center_axis',(1.,0.,0.));
#4853=DIRECTION('ref_axis',(0.,-1.,0.));
#4854=DIRECTION('',(0.,-1.,0.));
#4855=DIRECTION('',(0.,-1.,0.));
#4856=DIRECTION('center_axis',(0.,0.,-1.));
#4857=DIRECTION('ref_axis',(-0.70710678118654,-0.707106781186555,0.));
#4858=DIRECTION('center_axis',(0.,0.,1.));
#4859=DIRECTION('ref_axis',(-0.70710678118654,-0.707106781186555,0.));
#4860=DIRECTION('',(0.,0.,1.));
#4861=DIRECTION('center_axis',(0.,0.,1.));
#4862=DIRECTION('ref_axis',(-0.70710678118654,-0.707106781186555,0.));
#4863=DIRECTION('',(0.,0.,-1.));
#4864=DIRECTION('center_axis',(0.,-1.,0.));
#4865=DIRECTION('ref_axis',(-1.,0.,0.));
#4866=DIRECTION('',(-1.,0.,0.));
#4867=DIRECTION('',(-1.,0.,0.));
#4868=DIRECTION('center_axis',(0.,0.,-1.));
#4869=DIRECTION('ref_axis',(-0.707106781186548,0.707106781186548,0.));
#4870=DIRECTION('center_axis',(0.,0.,1.));
#4871=DIRECTION('ref_axis',(-0.707106781186548,0.707106781186548,0.));
#4872=DIRECTION('center_axis',(0.,0.,1.));
#4873=DIRECTION('ref_axis',(-0.707106781186548,0.707106781186548,0.));
#4874=DIRECTION('',(0.,0.,-1.));
#4875=DIRECTION('center_axis',(-1.,0.,0.));
#4876=DIRECTION('ref_axis',(0.,1.,0.));
#4877=DIRECTION('',(0.,1.,0.));
#4878=DIRECTION('',(0.,1.,0.));
#4879=DIRECTION('center_axis',(0.,0.,-1.));
#4880=DIRECTION('ref_axis',(-1.,0.,0.));
#4881=DIRECTION('center_axis',(0.,1.,0.));
#4882=DIRECTION('ref_axis',(1.,0.,0.));
#4883=DIRECTION('',(1.,0.,0.));
#4884=DIRECTION('center_axis',(0.,-1.,0.));
#4885=DIRECTION('ref_axis',(-1.,0.,0.));
#4886=DIRECTION('',(-1.,0.,0.));
#4887=DIRECTION('center_axis',(0.,0.,1.));
#4888=DIRECTION('ref_axis',(-0.448929319830445,-0.893567269877637,0.));
#4889=DIRECTION('center_axis',(0.,0.,-1.));
#4890=DIRECTION('ref_axis',(-0.448929319830445,-0.893567269877637,0.));
#4891=DIRECTION('',(0.,0.,-1.));
#4892=DIRECTION('center_axis',(0.,0.,-1.));
#4893=DIRECTION('ref_axis',(-0.448929319830445,-0.893567269877637,0.));
#4894=DIRECTION('',(0.,0.,1.));
#4895=DIRECTION('center_axis',(0.,0.,1.));
#4896=DIRECTION('ref_axis',(1.,0.,0.));
#4897=DIRECTION('center_axis',(0.,0.,-1.));
#4898=DIRECTION('ref_axis',(-1.,0.,0.));
#4899=DIRECTION('',(0.,0.,1.));
#4900=DIRECTION('center_axis',(0.,0.,-1.));
#4901=DIRECTION('ref_axis',(1.,0.,0.));
#4902=DIRECTION('center_axis',(0.,0.,1.));
#4903=DIRECTION('ref_axis',(1.,0.,0.));
#4904=DIRECTION('',(0.99158303869862,0.129472303467621,0.));
#4905=DIRECTION('center_axis',(0.,0.,-1.));
#4906=DIRECTION('ref_axis',(-1.,0.,0.));
#4907=DIRECTION('',(-0.0894625002363588,0.995990191242594,0.));
#4908=DIRECTION('center_axis',(0.,0.,-1.));
#4909=DIRECTION('ref_axis',(-1.,0.,0.));
#4910=DIRECTION('',(-0.999725385147195,0.0234340413137059,0.));
#4911=DIRECTION('center_axis',(0.,0.,-1.));
#4912=DIRECTION('ref_axis',(-0.729521684939749,0.683957682318629,0.));
#4913=DIRECTION('',(0.0877714817689819,-0.996140636149373,0.));
#4914=DIRECTION('center_axis',(0.,0.,-1.));
#4915=DIRECTION('ref_axis',(-1.,0.,0.));
#4916=DIRECTION('',(-0.992318615078123,-0.123708391669422,0.));
#4917=DIRECTION('',(0.999995575933405,0.00297457788897298,0.));
#4918=DIRECTION('',(0.999999999410451,-3.43379866128665E-5,0.));
#4919=DIRECTION('',(-0.992191044353494,0.124727428838738,0.));
#4920=DIRECTION('center_axis',(0.,0.,1.));
#4921=DIRECTION('ref_axis',(1.,0.,0.));
#4922=DIRECTION('',(0.0876229523120962,0.996153712148939,0.));
#4923=DIRECTION('center_axis',(0.,0.,-1.));
#4924=DIRECTION('ref_axis',(0.730144154194109,0.683293139213448,0.));
#4925=DIRECTION('',(-0.999769614268531,-0.0214643515008758,0.));
#4926=DIRECTION('center_axis',(0.,0.,1.));
#4927=DIRECTION('ref_axis',(1.,0.,0.));
#4928=DIRECTION('',(-0.089462500236424,-0.995990191242588,0.));
#4929=DIRECTION('center_axis',(0.,0.,1.));
#4930=DIRECTION('ref_axis',(1.,0.,0.));
#4931=DIRECTION('',(0.9915831586926,-0.12947138447242,0.));
#4932=DIRECTION('center_axis',(0.,0.,-1.));
#4933=DIRECTION('ref_axis',(0.44892989578451,-0.893566980517358,0.));
#4934=DIRECTION('center_axis',(0.,0.,1.));
#4935=DIRECTION('ref_axis',(1.,0.,0.));
#4936=DIRECTION('',(0.999531621499318,-0.0306029021980737,0.));
#4937=DIRECTION('center_axis',(0.,0.,-1.));
#4938=DIRECTION('ref_axis',(-1.,0.,0.));
#4939=DIRECTION('',(0.983113096950964,-0.182999012575161,0.));
#4940=DIRECTION('center_axis',(0.,0.,-1.));
#4941=DIRECTION('ref_axis',(-1.,0.,0.));
#4942=DIRECTION('',(0.,1.,0.));
#4943=DIRECTION('center_axis',(0.,0.,1.));
#4944=DIRECTION('ref_axis',(1.,0.,0.));
#4945=DIRECTION('',(1.,0.,0.));
#4946=DIRECTION('',(0.,1.,0.));
#4947=DIRECTION('',(1.,0.,0.));
#4948=DIRECTION('center_axis',(0.,0.,-1.));
#4949=DIRECTION('ref_axis',(-1.,0.,0.));
#4950=DIRECTION('',(0.983113096950964,-0.182999012575161,0.));
#4951=DIRECTION('center_axis',(0.,0.,-1.));
#4952=DIRECTION('ref_axis',(-1.,0.,0.));
#4953=DIRECTION('',(0.999531621499318,-0.0306029021980737,0.));
#4954=DIRECTION('center_axis',(0.,0.,1.));
#4955=DIRECTION('ref_axis',(1.,0.,0.));
#4956=DIRECTION('',(0.9915831586926,-0.12947138447242,0.));
#4957=DIRECTION('center_axis',(0.,0.,1.));
#4958=DIRECTION('ref_axis',(1.,0.,0.));
#4959=DIRECTION('',(-0.089462500236424,-0.995990191242588,0.));
#4960=DIRECTION('center_axis',(0.,0.,1.));
#4961=DIRECTION('ref_axis',(1.,0.,0.));
#4962=DIRECTION('',(-0.999759817381071,-0.0219159200164298,0.));
#4963=DIRECTION('',(0.109873192656766,0.993945612966529,0.));
#4964=DIRECTION('center_axis',(0.,0.,1.));
#4965=DIRECTION('ref_axis',(1.,0.,0.));
#4966=DIRECTION('',(-0.987197651277678,0.159501715701858,0.));
#4967=DIRECTION('',(0.999999999410451,-3.43379866130836E-5,0.));
#4968=DIRECTION('',(1.,0.,0.));
#4969=DIRECTION('',(-0.987028503577552,-0.160545112430924,0.));
#4970=DIRECTION('center_axis',(0.,0.,-1.));
#4971=DIRECTION('ref_axis',(-1.,0.,0.));
#4972=DIRECTION('',(0.109973690173364,-0.993934498581095,0.));
#4973=DIRECTION('',(-0.999725385147195,0.023434041313706,0.));
#4974=DIRECTION('center_axis',(0.,0.,-1.));
#4975=DIRECTION('ref_axis',(-1.,0.,0.));
#4976=DIRECTION('',(-0.0894625002363588,0.995990191242594,0.));
#4977=DIRECTION('center_axis',(0.,0.,-1.));
#4978=DIRECTION('ref_axis',(-1.,0.,0.));
#4979=DIRECTION('',(0.99158303869862,0.129472303467622,0.));
#4980=DIRECTION('center_axis',(0.,0.,-1.));
#4981=DIRECTION('ref_axis',(-1.,0.,0.));
#4982=DIRECTION('',(0.999531625226798,0.030602780453339,0.));
#4983=DIRECTION('center_axis',(0.,0.,-1.));
#4984=DIRECTION('ref_axis',(-1.,0.,0.));
#4985=DIRECTION('',(0.983113096950964,0.182999012575161,0.));
#4986=DIRECTION('center_axis',(0.,0.,1.));
#4987=DIRECTION('ref_axis',(1.,0.,0.));
#4988=DIRECTION('',(1.,0.,0.));
#4989=DIRECTION('',(0.,1.,0.));
#4990=DIRECTION('',(1.,0.,0.));
#4991=DIRECTION('center_axis',(0.,0.,1.));
#4992=DIRECTION('ref_axis',(1.,0.,0.));
#4993=DIRECTION('',(0.,1.,0.));
#4994=DIRECTION('center_axis',(0.,0.,1.));
#4995=DIRECTION('ref_axis',(1.,0.,0.));
#4996=DIRECTION('',(0.983113096950964,0.182999012575161,0.));
#4997=DIRECTION('center_axis',(0.,0.,-1.));
#4998=DIRECTION('ref_axis',(-1.,0.,0.));
#4999=DIRECTION('',(0.999531625226798,0.0306027804533389,0.));
#5000=DIRECTION('center_axis',(0.,0.,1.));
#5001=DIRECTION('ref_axis',(1.,0.,0.));
#5002=DIRECTION('center_axis',(0.,0.,1.));
#5003=DIRECTION('ref_axis',(1.,0.,0.));
#5004=DIRECTION('center_axis',(0.,0.,1.));
#5005=DIRECTION('ref_axis',(1.,0.,0.));
#5006=DIRECTION('center_axis',(0.,0.,1.));
#5007=DIRECTION('ref_axis',(1.,0.,0.));
#5008=DIRECTION('center_axis',(0.,0.,1.));
#5009=DIRECTION('ref_axis',(1.,0.,0.));
#5010=DIRECTION('center_axis',(0.,0.,1.));
#5011=DIRECTION('ref_axis',(1.,0.,0.));
#5012=DIRECTION('center_axis',(0.,0.,1.));
#5013=DIRECTION('ref_axis',(1.,0.,0.));
#5014=DIRECTION('center_axis',(0.,0.,1.));
#5015=DIRECTION('ref_axis',(1.,0.,0.));
#5016=DIRECTION('center_axis',(0.,0.,1.));
#5017=DIRECTION('ref_axis',(1.,0.,0.));
#5018=DIRECTION('center_axis',(0.,0.,1.));
#5019=DIRECTION('ref_axis',(1.,0.,0.));
#5020=DIRECTION('center_axis',(0.,0.,1.));
#5021=DIRECTION('ref_axis',(1.,0.,0.));
#5022=DIRECTION('center_axis',(0.,0.,1.));
#5023=DIRECTION('ref_axis',(-0.729521684939749,0.683957682318629,0.));
#5024=DIRECTION('',(0.,0.,-1.));
#5025=DIRECTION('center_axis',(0.,0.,-1.));
#5026=DIRECTION('ref_axis',(-0.729521684939749,0.683957682318629,0.));
#5027=DIRECTION('',(0.,0.,1.));
#5028=DIRECTION('center_axis',(-0.0234340413137059,-0.999725385147195,0.));
#5029=DIRECTION('ref_axis',(-0.999725385147195,0.0234340413137059,0.));
#5030=DIRECTION('',(0.,0.,1.));
#5031=DIRECTION('',(-0.999725385147195,0.0234340413137059,0.));
#5032=DIRECTION('',(0.,0.,-1.));
#5033=DIRECTION('',(-0.999725385147195,0.0234340413137059,0.));
#5034=DIRECTION('',(0.,0.,-1.));
#5035=DIRECTION('',(-0.999725385147195,0.0234340413137059,0.));
#5036=DIRECTION('center_axis',(0.,0.,1.));
#5037=DIRECTION('ref_axis',(0.730144154194109,0.683293139213448,0.));
#5038=DIRECTION('',(0.,0.,-1.));
#5039=DIRECTION('center_axis',(0.,0.,-1.));
#5040=DIRECTION('ref_axis',(0.730144154194109,0.683293139213448,0.));
#5041=DIRECTION('',(0.,0.,1.));
#5042=DIRECTION('center_axis',(0.0214643515008758,-0.999769614268531,0.));
#5043=DIRECTION('ref_axis',(-0.999769614268531,-0.0214643515008758,0.));
#5044=DIRECTION('',(-0.999769614268531,-0.0214643515008758,0.));
#5045=DIRECTION('',(0.,0.,-1.));
#5046=DIRECTION('',(-0.999769614268531,-0.0214643515008758,0.));
#5047=DIRECTION('',(0.,0.,-1.));
#5048=DIRECTION('',(-0.999769614268531,-0.0214643515008758,0.));
#5049=DIRECTION('',(0.,0.,1.));
#5050=DIRECTION('center_axis',(0.,0.,1.));
#5051=DIRECTION('ref_axis',(0.44892989578451,-0.893566980517358,0.));
#5052=DIRECTION('',(0.,0.,-1.));
#5053=DIRECTION('center_axis',(0.,0.,-1.));
#5054=DIRECTION('ref_axis',(0.44892989578451,-0.893566980517358,0.));
#5055=DIRECTION('',(0.,0.,1.));
#5056=DIRECTION('center_axis',(0.,0.,1.));
#5057=DIRECTION('ref_axis',(1.,0.,0.));
#5058=DIRECTION('center_axis',(0.,0.,1.));
#5059=DIRECTION('ref_axis',(1.,0.,0.));
#5060=DIRECTION('',(0.,0.,1.));
#5061=DIRECTION('center_axis',(0.987058958534026,-0.159479307088406,0.0167619506122269));
#5062=DIRECTION('ref_axis',(-0.107380433528707,-0.734976567234023,-0.669536323220838));
#5063=DIRECTION('center_axis',(-0.996758100356437,0.0800160041607009,-0.00841002092632574));
#5064=DIRECTION('ref_axis',(0.0804567546811735,0.991297755190164,-0.104189592479843));
#5065=DIRECTION('center_axis',(3.43379866130836E-5,0.999999999410451,0.));
#5066=DIRECTION('ref_axis',(-0.99985584292268,3.43330365695595E-5,-0.0169791694325632));
#5067=DIRECTION('',(-0.987058958534025,0.159479307088406,-0.0167619506122269));
#5068=DIRECTION('center_axis',(1.,0.,0.));
#5069=DIRECTION('ref_axis',(0.,-0.743144825477395,-0.669130606358858));
#5070=DIRECTION('',(-1.,0.,0.));
#5071=DIRECTION('center_axis',(-0.996716613390626,-0.0805255270537136,0.00846357394034621));
#5072=DIRECTION('ref_axis',(-0.080969084168725,0.991256495494292,-0.104185255911063));
#5073=DIRECTION('center_axis',(0.999999999403939,-3.433798661286E-5,3.60906782350768E-6));
#5074=DIRECTION('ref_axis',(-2.31031593282696E-5,-0.743144825101468,-0.669130606377523));
#5075=DIRECTION('',(-0.999999999403939,3.433798661286E-5,-3.60906782350768E-6));
#5076=DIRECTION('center_axis',(0.,-0.0856782036510475,-0.996322862037768));
#5077=DIRECTION('ref_axis',(0.,-0.996322862037768,0.0856782036510475));
#5078=DIRECTION('center_axis',(-0.109378469872876,0.988554939252152,-0.103901310908205));
#5079=DIRECTION('ref_axis',(0.706892567669522,0.00387268017602342,-0.707310328018646));
#5080=DIRECTION('center_axis',(-0.676044959930523,-0.732823776704285,0.0770228826350063));
#5081=DIRECTION('ref_axis',(0.736860374937164,-0.672341514904272,0.070665940761382));
#5082=DIRECTION('center_axis',(-0.023434041313706,-0.999725385147195,0.));
#5083=DIRECTION('ref_axis',(0.78672799660297,-0.0184412806246074,0.617024293306189));
#5084=DIRECTION('',(0.109378469872876,-0.988554939252152,0.103901310908205));
#5085=DIRECTION('center_axis',(0.99952645481206,0.0306026221501197,-0.00321646519821269));
#5086=DIRECTION('ref_axis',(0.,-0.10452846326765,-0.994521895368274));
#5087=DIRECTION('center_axis',(8.57439264847465E-17,-0.0884575554090739,
-0.996079947037913));
#5088=DIRECTION('ref_axis',(0.,0.996079947037912,-0.0884575554090739));
#5089=DIRECTION('center_axis',(0.0889763057962607,-0.990577365845388,0.104113876508668));
#5090=DIRECTION('ref_axis',(0.,-0.104528463267653,-0.994521895368273));
#5091=DIRECTION('center_axis',(0.,-0.0879865378777681,-0.99612166383042));
#5092=DIRECTION('ref_axis',(0.,-0.99612166383042,0.0879865378777681));
#5093=DIRECTION('',(0.,0.,-1.));
#5094=DIRECTION('center_axis',(-0.0889763057962582,0.990577365845388,-0.104113876508668));
#5095=DIRECTION('ref_axis',(0.70758764893437,-0.010703407979296,-0.706544518153782));
#5096=DIRECTION('',(0.0889763057962582,-0.990577365845388,0.104113876508668));
#5097=DIRECTION('center_axis',(0.991491240752474,0.129460317288866,-0.0136068276458983));
#5098=DIRECTION('ref_axis',(0.,-0.104528463267655,-0.994521895368273));
#5099=DIRECTION('center_axis',(3.46855396188724E-17,-0.0856109544372623,
-0.996328642808356));
#5100=DIRECTION('ref_axis',(0.,0.996328642808356,-0.0856109544372622));
#5101=DIRECTION('center_axis',(-0.991491240752473,-0.129460317288878,0.0136068276458994));
#5102=DIRECTION('ref_axis',(-0.0966991682836668,0.662515745599981,-0.742780019713339));
#5103=DIRECTION('',(0.991491240752473,0.129460317288878,-0.0136068276458994));
#5104=DIRECTION('center_axis',(-0.99952645481206,-0.0306026221501267,0.00321646519821352));
#5105=DIRECTION('ref_axis',(-0.0228669437755696,0.668762337287672,-0.743124511174201));
#5106=DIRECTION('center_axis',(0.99952645481206,0.030602622150127,-0.00321646519821359));
#5107=DIRECTION('ref_axis',(0.,-0.104528463267655,-0.994521895368273));
#5108=DIRECTION('',(0.99952645481206,0.0306026221501267,-0.00321646519821352));
#5109=DIRECTION('center_axis',(0.982931298183898,0.182965172119815,-0.0192304144959063));
#5110=DIRECTION('ref_axis',(0.,-0.104528463267655,-0.994521895368273));
#5111=DIRECTION('center_axis',(-2.62495305888257E-18,-0.102561956998498,
-0.994726618210571));
#5112=DIRECTION('ref_axis',(0.,0.994726618210571,-0.102561956998498));
#5113=DIRECTION('center_axis',(-0.982931298183898,-0.182965172119812,0.0192304144959057));
#5114=DIRECTION('ref_axis',(-0.13660928999093,0.65586595968721,-0.742413459476422));
#5115=DIRECTION('',(0.982931298183898,0.182965172119812,-0.0192304144959057));
#5116=DIRECTION('center_axis',(0.995723681094282,0.0918754748901589,-0.00965650152800092));
#5117=DIRECTION('ref_axis',(-0.0923815506908847,0.990269002584959,-0.104081466223997));
#5118=DIRECTION('center_axis',(0.999722352767611,-0.0234339702332778,0.00246300952060729));
#5119=DIRECTION('ref_axis',(-0.0157670113713737,-0.742969714517634,-0.669139301387985));
#5120=DIRECTION('',(-0.999722352767611,0.0234339702332778,-0.00246300952060729));
#5121=DIRECTION('center_axis',(-1.,0.,0.));
#5122=DIRECTION('ref_axis',(0.,0.66913060635886,-0.743144825477393));
#5123=DIRECTION('',(1.,0.,0.));
#5124=DIRECTION('center_axis',(-0.182999012575161,0.983113096950964,0.));
#5125=DIRECTION('ref_axis',(0.983113096950964,0.182999012575161,0.));
#5126=DIRECTION('center_axis',(0.995723681094283,-0.0918754748901463,0.00965650152799904));
#5127=DIRECTION('ref_axis',(0.092381550690872,0.990269002584961,-0.10408146622399));
#5128=DIRECTION('center_axis',(0.182999012575161,0.983113096950964,0.));
#5129=DIRECTION('ref_axis',(-0.983113096950964,0.182999012575161,0.));
#5130=DIRECTION('center_axis',(-0.982931298183898,0.182965172119812,-0.0192304144959057));
#5131=DIRECTION('ref_axis',(0.13660928999093,0.65586595968721,-0.742413459476423));
#5132=DIRECTION('center_axis',(0.982931298183899,-0.182965172119809,0.0192304144959048));
#5133=DIRECTION('ref_axis',(0.,-0.10452846326765,-0.994521895368274));
#5134=DIRECTION('',(0.982931298183898,-0.182965172119812,0.0192304144959057));
#5135=DIRECTION('center_axis',(0.999526451043461,-0.0306027438929694,0.00321647799390193));
#5136=DIRECTION('ref_axis',(0.,-0.104528463267655,-0.994521895368273));
#5137=DIRECTION('center_axis',(-8.62957115239924E-18,-0.102569170039738,
-0.994725874478672));
#5138=DIRECTION('ref_axis',(0.,0.994725874478672,-0.102569170039738));
#5139=DIRECTION('center_axis',(-0.999526451043461,0.0306027438929721,-0.00321647799390218));
#5140=DIRECTION('ref_axis',(0.0228670347404335,0.668762334356946,-0.743124511012541));
#5141=DIRECTION('center_axis',(0.999526451043461,-0.0306027438929768,0.00321647799390271));
#5142=DIRECTION('ref_axis',(0.,-0.104528463267655,-0.994521895368273));
#5143=DIRECTION('',(0.999526451043461,-0.0306027438929721,0.00321647799390218));
#5144=DIRECTION('center_axis',(-3.04581983319448E-17,-0.0884575501710719,
-0.996079947503077));
#5145=DIRECTION('ref_axis',(0.,0.996079947503077,-0.0884575501710719));
#5146=DIRECTION('center_axis',(-0.991491362038324,0.129459398548885,-0.0136067310824349));
#5147=DIRECTION('ref_axis',(0.0966984825889454,0.662515839855406,-0.742780024910257));
#5148=DIRECTION('center_axis',(0.991491362038323,-0.129459398548891,0.0136067310824352));
#5149=DIRECTION('ref_axis',(0.,-0.10452846326765,-0.994521895368274));
#5150=DIRECTION('',(0.991491362038324,-0.129459398548885,0.0136067310824349));
#5151=DIRECTION('center_axis',(0.,-0.0856109628217517,-0.996328642087907));
#5152=DIRECTION('ref_axis',(0.,0.996328642087907,-0.0856109628217517));
#5153=DIRECTION('center_axis',(0.986888014817754,0.160522261232954,-0.0168715695100068));
#5154=DIRECTION('ref_axis',(0.108083739706985,-0.734868581755214,-0.669541688590063));
#5155=DIRECTION('',(-0.986888014817754,-0.160522261232954,0.0168715695100068));
#5156=DIRECTION('center_axis',(0.,1.,0.));
#5157=DIRECTION('ref_axis',(0.999853900058442,0.,-0.0170932307631708));
#5158=DIRECTION('center_axis',(-0.0889763057963231,-0.990577365845383,0.104113876508667));
#5159=DIRECTION('ref_axis',(-0.70758764893437,-0.0107034079792487,-0.706544518153782));
#5160=DIRECTION('center_axis',(0.0889763057963259,0.990577365845383,-0.104113876508665));
#5161=DIRECTION('ref_axis',(0.,-0.104528463267651,-0.994521895368274));
#5162=DIRECTION('',(0.0889763057963231,0.990577365845383,-0.104113876508667));
#5163=DIRECTION('center_axis',(0.,-0.0879775262641061,-0.996122459777134));
#5164=DIRECTION('ref_axis',(0.,-0.996122459777134,0.0879775262641061));
#5165=DIRECTION('',(0.,0.,-1.));
#5166=DIRECTION('center_axis',(0.999757165074017,0.0219158618747159,-0.00230344990253021));
#5167=DIRECTION('ref_axis',(0.0147455572209031,-0.742991670825155,-0.669138211154235));
#5168=DIRECTION('',(-0.999757165074017,-0.0219158618747159,0.00230344990253021));
#5169=DIRECTION('center_axis',(-0.675519296839442,0.733303069977893,-0.0770732583879984));
#5170=DIRECTION('ref_axis',(-0.737342308292116,-0.671818731450605,0.070610994006272));
#5171=DIRECTION('center_axis',(-0.109278503095963,-0.988565874144491,0.103902460211702));
#5172=DIRECTION('ref_axis',(-0.706896716201323,0.00380118550236599,-0.707306569750743));
#5173=DIRECTION('',(0.109278503095963,0.988565874144491,-0.103902460211702));
#5174=DIRECTION('center_axis',(0.0219159200164298,-0.999759817381072,0.));
#5175=DIRECTION('ref_axis',(-0.783101896586281,-0.0171665216304225,0.621656440566718));
#5176=DIRECTION('center_axis',(0.,-0.085678225735537,-0.996322860138625));
#5177=DIRECTION('ref_axis',(0.,-0.996322860138625,0.085678225735537));
#5178=DIRECTION('center_axis',(0.,0.,-1.));
#5179=DIRECTION('ref_axis',(-1.,0.,0.));
#5180=DIRECTION('',(0.,0.,-1.));
#5181=DIRECTION('',(0.,0.,-1.));
#5182=DIRECTION('center_axis',(0.0219159200164298,-0.999759817381072,0.));
#5183=DIRECTION('ref_axis',(-0.999759817381071,-0.0219159200164298,0.));
#5184=DIRECTION('',(0.,0.,-1.));
#5185=DIRECTION('center_axis',(-0.993945612966529,0.109873192656766,0.));
#5186=DIRECTION('ref_axis',(0.109873192656766,0.993945612966529,0.));
#5187=DIRECTION('',(0.,0.,-1.));
#5188=DIRECTION('center_axis',(0.,0.,-1.));
#5189=DIRECTION('ref_axis',(-1.,0.,0.));
#5190=DIRECTION('',(0.,0.,-1.));
#5191=DIRECTION('center_axis',(-0.159501715701858,-0.987197651277678,0.));
#5192=DIRECTION('ref_axis',(-0.987197651277678,0.159501715701858,0.));
#5193=DIRECTION('',(0.,0.,-1.));
#5194=DIRECTION('center_axis',(3.43379866130836E-5,0.999999999410451,0.));
#5195=DIRECTION('ref_axis',(0.999999999410451,-3.43379866130836E-5,0.));
#5196=DIRECTION('',(0.,0.,-1.));
#5197=DIRECTION('center_axis',(0.,1.,0.));
#5198=DIRECTION('ref_axis',(1.,0.,0.));
#5199=DIRECTION('',(0.,0.,-1.));
#5200=DIRECTION('center_axis',(0.160545112430924,-0.987028503577552,0.));
#5201=DIRECTION('ref_axis',(-0.987028503577552,-0.160545112430924,0.));
#5202=DIRECTION('',(0.,0.,-1.));
#5203=DIRECTION('center_axis',(0.,0.,-1.));
#5204=DIRECTION('ref_axis',(0.777468375235748,-0.62892203452279,0.));
#5205=DIRECTION('',(0.,0.,-1.));
#5206=DIRECTION('center_axis',(0.993934498581095,0.109973690173364,0.));
#5207=DIRECTION('ref_axis',(0.109973690173364,-0.993934498581095,0.));
#5208=DIRECTION('',(0.,0.,-1.));
#5209=DIRECTION('center_axis',(-0.023434041313706,-0.999725385147195,0.));
#5210=DIRECTION('ref_axis',(-0.999725385147195,0.023434041313706,0.));
#5211=DIRECTION('',(0.,0.,-1.));
#5212=DIRECTION('center_axis',(0.,0.,-1.));
#5213=DIRECTION('ref_axis',(0.770808157895255,-0.637067330603385,0.));
#5214=DIRECTION('',(0.,0.,-1.));
#5215=DIRECTION('center_axis',(0.,0.,-1.));
#5216=DIRECTION('ref_axis',(-1.,0.,0.));
#5217=DIRECTION('',(0.,0.,-1.));
#5218=DIRECTION('',(0.,0.,-1.));
#5219=DIRECTION('center_axis',(0.0306029021980737,0.999531621499318,0.));
#5220=DIRECTION('ref_axis',(0.999531621499318,-0.0306029021980737,0.));
#5221=DIRECTION('',(0.,0.,-1.));
#5222=DIRECTION('center_axis',(0.,0.,-1.));
#5223=DIRECTION('ref_axis',(-1.,0.,0.));
#5224=DIRECTION('',(0.,0.,1.));
#5225=DIRECTION('center_axis',(0.12947138447242,0.9915831586926,0.));
#5226=DIRECTION('ref_axis',(0.9915831586926,-0.12947138447242,0.));
#5227=DIRECTION('',(0.,0.,-1.));
#5228=DIRECTION('center_axis',(0.,0.,-1.));
#5229=DIRECTION('ref_axis',(-1.,0.,0.));
#5230=DIRECTION('',(0.,0.,-1.));
#5231=DIRECTION('center_axis',(0.995990191242588,-0.089462500236424,0.));
#5232=DIRECTION('ref_axis',(-0.089462500236424,-0.995990191242588,0.));
#5233=DIRECTION('center_axis',(0.,0.,-1.));
#5234=DIRECTION('ref_axis',(-1.,0.,0.));
#5235=DIRECTION('',(0.,0.,-1.));
#5236=DIRECTION('',(0.,0.,-1.));
#5237=DIRECTION('center_axis',(-0.995990191242594,-0.0894625002363588,0.));
#5238=DIRECTION('ref_axis',(-0.0894625002363588,0.995990191242594,0.));
#5239=DIRECTION('',(0.,0.,-1.));
#5240=DIRECTION('center_axis',(-0.129472303467622,0.99158303869862,0.));
#5241=DIRECTION('ref_axis',(0.99158303869862,0.129472303467622,0.));
#5242=DIRECTION('',(0.,0.,-1.));
#5243=DIRECTION('center_axis',(1.,0.,0.));
#5244=DIRECTION('ref_axis',(0.,-1.,0.));
#5245=DIRECTION('',(0.,0.,-1.));
#5246=DIRECTION('',(0.,-1.,0.));
#5247=DIRECTION('',(0.,0.,-1.));
#5248=DIRECTION('center_axis',(-0.182999012575161,0.983113096950964,0.));
#5249=DIRECTION('ref_axis',(0.983113096950964,0.182999012575161,0.));
#5250=DIRECTION('',(0.,0.,1.));
#5251=DIRECTION('',(-0.983113096950964,-0.182999012575161,0.));
#5252=DIRECTION('',(0.,0.,-1.));
#5253=DIRECTION('',(0.,0.,-1.));
#5254=DIRECTION('center_axis',(0.,1.,0.));
#5255=DIRECTION('ref_axis',(1.,0.,0.));
#5256=DIRECTION('',(0.,0.,1.));
#5257=DIRECTION('',(1.,0.,0.));
#5258=DIRECTION('',(0.,0.,-1.));
#5259=DIRECTION('',(0.,0.,-1.));
#5260=DIRECTION('',(1.,0.,0.));
#5261=DIRECTION('',(0.,0.,-1.));
#5262=DIRECTION('',(1.,0.,0.));
#5263=DIRECTION('center_axis',(0.,0.,-1.));
#5264=DIRECTION('ref_axis',(1.,0.,0.));
#5265=DIRECTION('',(0.983113096950964,-0.182999012575161,0.));
#5266=DIRECTION('center_axis',(0.,0.,-1.));
#5267=DIRECTION('ref_axis',(1.,0.,0.));
#5268=DIRECTION('center_axis',(0.,0.,-1.));
#5269=DIRECTION('ref_axis',(1.,0.,0.));
#5270=DIRECTION('center_axis',(0.,0.,-1.));
#5271=DIRECTION('ref_axis',(1.,0.,0.));
#5272=DIRECTION('center_axis',(1.,0.,0.));
#5273=DIRECTION('ref_axis',(0.,-1.,0.));
#5274=DIRECTION('',(0.,0.,-1.));
#5275=DIRECTION('',(0.,-1.,0.));
#5276=DIRECTION('center_axis',(0.,0.,-1.));
#5277=DIRECTION('ref_axis',(1.,0.,0.));
#5278=DIRECTION('center_axis',(0.,0.,-1.));
#5279=DIRECTION('ref_axis',(-1.,0.,0.));
#5280=DIRECTION('',(0.983113096950964,-0.182999012575161,0.));
#5281=DIRECTION('center_axis',(0.,0.,-1.));
#5282=DIRECTION('ref_axis',(-1.,0.,0.));
#5283=DIRECTION('center_axis',(0.,0.,-1.));
#5284=DIRECTION('ref_axis',(-1.,0.,0.));
#5285=DIRECTION('center_axis',(0.,0.,-1.));
#5286=DIRECTION('ref_axis',(-1.,0.,0.));
#5287=DIRECTION('',(0.999531621499318,-0.0306029021980748,0.));
#5288=DIRECTION('',(-0.507472858175766,-0.861667742354859,0.));
#5289=DIRECTION('center_axis',(0.,0.,-1.));
#5290=DIRECTION('ref_axis',(-1.,0.,0.));
#5291=DIRECTION('',(0.9915831586926,-0.12947138447242,0.));
#5292=DIRECTION('center_axis',(0.,0.,1.));
#5293=DIRECTION('ref_axis',(1.,0.,0.));
#5294=DIRECTION('',(-0.089462500236424,-0.995990191242588,0.));
#5295=DIRECTION('center_axis',(0.,0.,-1.));
#5296=DIRECTION('ref_axis',(-1.,0.,0.));
#5297=DIRECTION('',(0.127643843901035,-0.991820068920854,0.));
#5298=DIRECTION('',(0.184011271507525,-0.982924133368483,0.));
#5299=DIRECTION('center_axis',(0.,0.,-1.));
#5300=DIRECTION('ref_axis',(-1.,0.,0.));
#5301=DIRECTION('',(-0.980734093731645,-0.195347478592302,0.));
#5302=DIRECTION('center_axis',(0.,0.,-1.));
#5303=DIRECTION('ref_axis',(-1.,0.,0.));
#5304=DIRECTION('',(0.109873192656767,0.993945612966529,0.));
#5305=DIRECTION('',(0.0437574446548181,-0.999042184313195,0.));
#5306=DIRECTION('center_axis',(0.,0.,-1.));
#5307=DIRECTION('ref_axis',(-1.,0.,0.));
#5308=DIRECTION('',(-0.992191044353494,0.124727428838738,0.));
#5309=DIRECTION('center_axis',(0.,0.,-1.));
#5310=DIRECTION('ref_axis',(-1.,0.,0.));
#5311=DIRECTION('',(0.999917147828847,0.0128723532357047,0.));
#5312=DIRECTION('',(0.999999999410451,-3.43379866137884E-5,0.));
#5313=DIRECTION('center_axis',(0.,0.,-1.));
#5314=DIRECTION('ref_axis',(-1.,0.,0.));
#5315=DIRECTION('',(1.,0.,0.));
#5316=DIRECTION('center_axis',(0.,0.,1.));
#5317=DIRECTION('ref_axis',(1.,0.,0.));
#5318=DIRECTION('',(1.,0.,0.));
#5319=DIRECTION('',(0.999938885400156,-0.0110555626131406,0.));
#5320=DIRECTION('center_axis',(0.,0.,-1.));
#5321=DIRECTION('ref_axis',(-1.,0.,0.));
#5322=DIRECTION('',(-0.992318615078123,-0.123708391669422,0.));
#5323=DIRECTION('center_axis',(0.,0.,-1.));
#5324=DIRECTION('ref_axis',(-1.,0.,0.));
#5325=DIRECTION('',(0.0429453590623055,0.999077422492876,0.));
#5326=DIRECTION('',(0.109973690173363,-0.993934498581095,0.));
#5327=DIRECTION('center_axis',(0.,0.,-1.));
#5328=DIRECTION('ref_axis',(-1.,0.,0.));
#5329=DIRECTION('',(-0.980498738792716,0.196525375526655,0.));
#5330=DIRECTION('center_axis',(0.,0.,-1.));
#5331=DIRECTION('ref_axis',(-1.,0.,0.));
#5332=DIRECTION('',(0.186090403267094,0.982532626334561,0.));
#5333=DIRECTION('',(-0.12764382034366,-0.991820071952607,0.));
#5334=DIRECTION('center_axis',(0.,0.,-1.));
#5335=DIRECTION('ref_axis',(-1.,0.,0.));
#5336=DIRECTION('',(-0.0894625002363588,0.995990191242594,0.));
#5337=DIRECTION('center_axis',(0.,0.,-1.));
#5338=DIRECTION('ref_axis',(-1.,0.,0.));
#5339=DIRECTION('',(0.99158303869862,0.129472303467622,0.));
#5340=DIRECTION('center_axis',(0.,0.,-1.));
#5341=DIRECTION('ref_axis',(-1.,0.,0.));
#5342=DIRECTION('',(0.507473446346104,-0.861667395956008,0.));
#5343=DIRECTION('',(0.999531625226799,0.0306027804533328,0.));
#5344=DIRECTION('center_axis',(0.,0.,-1.));
#5345=DIRECTION('ref_axis',(-1.,0.,0.));
#5346=DIRECTION('center_axis',(0.,0.,-1.));
#5347=DIRECTION('ref_axis',(-1.,0.,0.));
#5348=DIRECTION('center_axis',(0.,0.,-1.));
#5349=DIRECTION('ref_axis',(-1.,0.,0.));
#5350=DIRECTION('',(0.983113096950964,0.182999012575161,0.));
#5351=DIRECTION('center_axis',(0.,0.,1.));
#5352=DIRECTION('ref_axis',(1.,0.,0.));
#5353=DIRECTION('',(0.,-1.,0.));
#5354=DIRECTION('center_axis',(0.,0.,1.));
#5355=DIRECTION('ref_axis',(1.,0.,0.));
#5356=DIRECTION('',(1.,0.,0.));
#5357=DIRECTION('',(1.,0.,0.));
#5358=DIRECTION('center_axis',(0.,0.,1.));
#5359=DIRECTION('ref_axis',(1.,0.,0.));
#5360=DIRECTION('',(0.,-1.,0.));
#5361=DIRECTION('center_axis',(0.182999012575161,0.983113096950964,0.));
#5362=DIRECTION('ref_axis',(0.983113096950964,-0.182999012575161,0.));
#5363=DIRECTION('',(0.,0.,-1.));
#5364=DIRECTION('center_axis',(-0.030602780453339,0.999531625226798,0.));
#5365=DIRECTION('ref_axis',(0.999531625226798,0.030602780453339,0.));
#5366=DIRECTION('',(0.,0.,-1.));
#5367=DIRECTION('center_axis',(0.,0.,-1.));
#5368=DIRECTION('ref_axis',(-1.,0.,0.));
#5369=DIRECTION('center_axis',(0.,0.,-1.));
#5370=DIRECTION('ref_axis',(-1.,0.,0.));
#5371=DIRECTION('center_axis',(0.,0.,-1.));
#5372=DIRECTION('ref_axis',(0.661647573864195,0.749814969175479,0.));
#5373=DIRECTION('center_axis',(0.,0.,-1.));
#5374=DIRECTION('ref_axis',(-1.,0.,0.));
#5375=DIRECTION('center_axis',(0.,0.,-1.));
#5376=DIRECTION('ref_axis',(1.,0.,0.));
#5377=DIRECTION('center_axis',(0.,0.,-1.));
#5378=DIRECTION('ref_axis',(-1.,0.,0.));
#5379=DIRECTION('',(-0.0894625002363588,0.995990191242594,0.));
#5380=DIRECTION('center_axis',(0.,0.,-1.));
#5381=DIRECTION('ref_axis',(1.,0.,0.));
#5382=DIRECTION('',(0.99158303869862,0.129472303467621,0.));
#5383=DIRECTION('',(0.999531625226798,0.0306027804533389,0.));
#5384=DIRECTION('center_axis',(0.,0.,-1.));
#5385=DIRECTION('ref_axis',(1.,0.,0.));
#5386=DIRECTION('',(0.983113096950964,0.182999012575161,0.));
#5387=DIRECTION('center_axis',(0.,0.,-1.));
#5388=DIRECTION('ref_axis',(-1.,0.,0.));
#5389=DIRECTION('center_axis',(0.,0.,-1.));
#5390=DIRECTION('ref_axis',(-1.,0.,0.));
#5391=DIRECTION('center_axis',(0.,0.,-1.));
#5392=DIRECTION('ref_axis',(-1.,0.,0.));
#5393=DIRECTION('',(0.999531625226799,0.0306027804533328,0.));
#5394=DIRECTION('',(0.507473446346104,-0.861667395956008,0.));
#5395=DIRECTION('center_axis',(0.,0.,-1.));
#5396=DIRECTION('ref_axis',(-1.,0.,0.));
#5397=DIRECTION('',(0.99158303869862,0.129472303467622,0.));
#5398=DIRECTION('center_axis',(0.,0.,-1.));
#5399=DIRECTION('ref_axis',(1.,0.,0.));
#5400=DIRECTION('center_axis',(0.,0.,-1.));
#5401=DIRECTION('ref_axis',(1.,0.,0.));
#5402=DIRECTION('',(-0.0894625002363588,0.995990191242594,0.));
#5403=DIRECTION('center_axis',(0.,0.,-1.));
#5404=DIRECTION('ref_axis',(-1.,0.,0.));
#5405=DIRECTION('',(-0.12764382034366,-0.991820071952607,0.));
#5406=DIRECTION('',(0.186090403267094,0.982532626334561,0.));
#5407=DIRECTION('center_axis',(0.,0.,-1.));
#5408=DIRECTION('ref_axis',(-1.,0.,0.));
#5409=DIRECTION('center_axis',(0.,0.,-1.));
#5410=DIRECTION('ref_axis',(1.,0.,0.));
#5411=DIRECTION('center_axis',(0.,0.,-1.));
#5412=DIRECTION('ref_axis',(-1.,0.,0.));
#5413=DIRECTION('',(-0.089462500236424,-0.995990191242588,0.));
#5414=DIRECTION('center_axis',(0.,0.,1.));
#5415=DIRECTION('ref_axis',(1.,0.,0.));
#5416=DIRECTION('center_axis',(0.,0.,-1.));
#5417=DIRECTION('ref_axis',(-1.,0.,0.));
#5418=DIRECTION('',(0.184011271507525,-0.982924133368483,0.));
#5419=DIRECTION('',(0.127643843901035,-0.991820068920854,0.));
#5420=DIRECTION('center_axis',(0.,0.,-1.));
#5421=DIRECTION('ref_axis',(1.,0.,0.));
#5422=DIRECTION('',(0.983113096950964,-0.182999012575161,0.));
#5423=DIRECTION('center_axis',(0.,0.,-1.));
#5424=DIRECTION('ref_axis',(1.,0.,0.));
#5425=DIRECTION('',(0.999531621499318,-0.0306029021980737,0.));
#5426=DIRECTION('',(0.9915831586926,-0.12947138447242,0.));
#5427=DIRECTION('center_axis',(0.,0.,1.));
#5428=DIRECTION('ref_axis',(1.,0.,0.));
#5429=DIRECTION('',(-0.089462500236424,-0.995990191242588,0.));
#5430=DIRECTION('center_axis',(0.,0.,1.));
#5431=DIRECTION('ref_axis',(-1.,0.,0.));
#5432=DIRECTION('',(0.9915831586926,-0.12947138447242,0.));
#5433=DIRECTION('center_axis',(0.,0.,-1.));
#5434=DIRECTION('ref_axis',(-1.,0.,0.));
#5435=DIRECTION('',(-0.507472858175766,-0.861667742354859,0.));
#5436=DIRECTION('',(0.999531621499318,-0.0306029021980748,0.));
#5437=DIRECTION('center_axis',(0.,0.,-1.));
#5438=DIRECTION('ref_axis',(-1.,0.,0.));
#5439=DIRECTION('center_axis',(0.,0.,-1.));
#5440=DIRECTION('ref_axis',(-1.,0.,0.));
#5441=DIRECTION('center_axis',(0.,0.,-1.));
#5442=DIRECTION('ref_axis',(-1.,0.,0.));
#5443=DIRECTION('center_axis',(0.,0.,-1.));
#5444=DIRECTION('ref_axis',(1.,0.,0.));
#5445=DIRECTION('',(0.0876229523120962,0.996153712148939,0.));
#5446=DIRECTION('center_axis',(0.,0.,1.));
#5447=DIRECTION('ref_axis',(1.,0.,0.));
#5448=DIRECTION('',(-0.992191044353494,0.124727428838738,0.));
#5449=DIRECTION('center_axis',(0.,0.,-1.));
#5450=DIRECTION('ref_axis',(-1.,0.,0.));
#5451=DIRECTION('',(0.0437574446548181,-0.999042184313195,0.));
#5452=DIRECTION('',(0.109873192656767,0.993945612966529,0.));
#5453=DIRECTION('center_axis',(0.,0.,-1.));
#5454=DIRECTION('ref_axis',(-1.,0.,0.));
#5455=DIRECTION('',(-0.980734093731645,-0.195347478592302,0.));
#5456=DIRECTION('center_axis',(0.,0.,-1.));
#5457=DIRECTION('ref_axis',(1.,0.,0.));
#5458=DIRECTION('center_axis',(0.,0.,1.));
#5459=DIRECTION('ref_axis',(-1.,0.,0.));
#5460=DIRECTION('',(0.999995575933405,0.00297457788897298,0.));
#5461=DIRECTION('',(-0.992318615078123,-0.123708391669422,0.));
#5462=DIRECTION('center_axis',(0.,0.,-1.));
#5463=DIRECTION('ref_axis',(-1.,0.,0.));
#5464=DIRECTION('',(0.999938885400156,-0.0110555626131406,0.));
#5465=DIRECTION('',(1.,1.53603195194358E-12,0.));
#5466=DIRECTION('center_axis',(0.,0.,-1.));
#5467=DIRECTION('ref_axis',(1.,0.,0.));
#5468=DIRECTION('',(-0.992191044353494,0.124727428838738,0.));
#5469=DIRECTION('',(0.999999999410451,-3.43379866128665E-5,0.));
#5470=DIRECTION('center_axis',(0.,0.,-1.));
#5471=DIRECTION('ref_axis',(-1.,0.,0.));
#5472=DIRECTION('',(0.999999999410451,-3.43379866137884E-5,0.));
#5473=DIRECTION('',(0.999917147828847,0.0128723532357047,0.));
#5474=DIRECTION('center_axis',(0.,0.,-1.));
#5475=DIRECTION('ref_axis',(-1.,0.,0.));
#5476=DIRECTION('center_axis',(-1.53603195194358E-12,1.,0.));
#5477=DIRECTION('ref_axis',(1.,1.53603195194358E-12,0.));
#5478=DIRECTION('',(0.,0.,-1.));
#5479=DIRECTION('',(0.,0.,-1.));
#5480=DIRECTION('center_axis',(0.0110555626131406,0.999938885400156,0.));
#5481=DIRECTION('ref_axis',(0.999938885400156,-0.0110555626131406,0.));
#5482=DIRECTION('',(0.,0.,-1.));
#5483=DIRECTION('center_axis',(0.,0.,-1.));
#5484=DIRECTION('ref_axis',(-1.,0.,0.));
#5485=DIRECTION('',(0.,0.,-1.));
#5486=DIRECTION('center_axis',(0.123708391669422,-0.992318615078124,0.));
#5487=DIRECTION('ref_axis',(-0.992318615078123,-0.123708391669422,0.));
#5488=DIRECTION('',(0.,0.,1.));
#5489=DIRECTION('',(0.,0.,1.));
#5490=DIRECTION('',(-0.992318615078123,-0.123708391669422,0.));
#5491=DIRECTION('',(0.,0.,-1.));
#5492=DIRECTION('center_axis',(0.,0.,-1.));
#5493=DIRECTION('ref_axis',(-1.,0.,0.));
#5494=DIRECTION('center_axis',(0.,0.,-1.));
#5495=DIRECTION('ref_axis',(-1.,0.,0.));
#5496=DIRECTION('',(0.,0.,-1.));
#5497=DIRECTION('center_axis',(-0.999077422492877,0.0429453590623055,0.));
#5498=DIRECTION('ref_axis',(0.0429453590623055,0.999077422492876,0.));
#5499=DIRECTION('',(0.0429453590623055,0.999077422492876,0.));
#5500=DIRECTION('',(0.,0.,-1.));
#5501=DIRECTION('center_axis',(0.993934498581095,0.109973690173363,0.));
#5502=DIRECTION('ref_axis',(0.109973690173363,-0.993934498581095,0.));
#5503=DIRECTION('',(0.109973690173363,-0.993934498581095,0.));
#5504=DIRECTION('',(0.,0.,-1.));
#5505=DIRECTION('center_axis',(0.,0.,-1.));
#5506=DIRECTION('ref_axis',(-1.,0.,0.));
#5507=DIRECTION('center_axis',(0.,0.,-1.));
#5508=DIRECTION('ref_axis',(-1.,0.,0.));
#5509=DIRECTION('',(0.,0.,-1.));
#5510=DIRECTION('center_axis',(-0.196525375526655,-0.980498738792716,0.));
#5511=DIRECTION('ref_axis',(-0.980498738792716,0.196525375526655,0.));
#5512=DIRECTION('',(-0.980498738792716,0.196525375526655,0.));
#5513=DIRECTION('center_axis',(0.,0.,-1.));
#5514=DIRECTION('ref_axis',(-1.,0.,0.));
#5515=DIRECTION('',(0.,0.,-1.));
#5516=DIRECTION('center_axis',(-0.982532626334561,0.186090403267094,0.));
#5517=DIRECTION('ref_axis',(0.186090403267094,0.982532626334561,0.));
#5518=DIRECTION('',(0.,0.,-1.));
#5519=DIRECTION('center_axis',(0.991820071952607,-0.12764382034366,0.));
#5520=DIRECTION('ref_axis',(-0.12764382034366,-0.991820071952607,0.));
#5521=DIRECTION('',(0.,0.,-1.));
#5522=DIRECTION('center_axis',(0.,0.,-1.));
#5523=DIRECTION('ref_axis',(0.999815582607609,-0.0192041863927425,0.));
#5524=DIRECTION('',(0.,0.,-1.));
#5525=DIRECTION('center_axis',(-0.995990191242594,-0.0894625002363588,0.));
#5526=DIRECTION('ref_axis',(-0.0894625002363588,0.995990191242594,0.));
#5527=DIRECTION('',(0.,0.,1.));
#5528=DIRECTION('',(0.,0.,1.));
#5529=DIRECTION('',(0.,0.,-1.));
#5530=DIRECTION('center_axis',(0.,0.,-1.));
#5531=DIRECTION('ref_axis',(-1.,0.,0.));
#5532=DIRECTION('',(0.,0.,-1.));
#5533=DIRECTION('center_axis',(-0.129472303467622,0.99158303869862,0.));
#5534=DIRECTION('ref_axis',(0.99158303869862,0.129472303467622,0.));
#5535=DIRECTION('',(0.,0.,-1.));
#5536=DIRECTION('center_axis',(0.,0.,-1.));
#5537=DIRECTION('ref_axis',(-1.,0.,0.));
#5538=DIRECTION('',(0.,0.,-1.));
#5539=DIRECTION('center_axis',(0.861667395956008,0.507473446346104,0.));
#5540=DIRECTION('ref_axis',(0.507473446346104,-0.861667395956008,0.));
#5541=DIRECTION('',(0.,0.,-1.));
#5542=DIRECTION('center_axis',(-0.0306027804533328,0.999531625226799,0.));
#5543=DIRECTION('ref_axis',(0.999531625226798,0.0306027804533328,0.));
#5544=DIRECTION('',(0.,0.,-1.));
#5545=DIRECTION('center_axis',(0.,0.,-1.));
#5546=DIRECTION('ref_axis',(-1.,0.,0.));
#5547=DIRECTION('',(0.,0.,-1.));
#5548=DIRECTION('center_axis',(0.,0.,-1.));
#5549=DIRECTION('ref_axis',(-1.,0.,0.));
#5550=DIRECTION('',(0.,0.,-1.));
#5551=DIRECTION('center_axis',(0.,0.,-1.));
#5552=DIRECTION('ref_axis',(-1.,0.,0.));
#5553=DIRECTION('',(0.,0.,-1.));
#5554=DIRECTION('center_axis',(-0.182999012575161,0.983113096950964,0.));
#5555=DIRECTION('ref_axis',(0.983113096950964,0.182999012575161,0.));
#5556=DIRECTION('',(0.,0.,1.));
#5557=DIRECTION('',(0.,0.,-1.));
#5558=DIRECTION('center_axis',(0.,0.,-1.));
#5559=DIRECTION('ref_axis',(-1.,0.,0.));
#5560=DIRECTION('',(0.,0.,-1.));
#5561=DIRECTION('center_axis',(1.,0.,0.));
#5562=DIRECTION('ref_axis',(0.,-1.,0.));
#5563=DIRECTION('',(0.,0.,-1.));
#5564=DIRECTION('center_axis',(0.,0.,-1.));
#5565=DIRECTION('ref_axis',(-1.,0.,0.));
#5566=DIRECTION('',(0.,0.,-1.));
#5567=DIRECTION('center_axis',(0.,-1.,0.));
#5568=DIRECTION('ref_axis',(-1.,0.,0.));
#5569=DIRECTION('center_axis',(0.,-1.,0.));
#5570=DIRECTION('ref_axis',(-1.,0.,0.));
#5571=DIRECTION('',(0.,0.,-1.));
#5572=DIRECTION('center_axis',(0.,0.,-1.));
#5573=DIRECTION('ref_axis',(-1.,0.,0.));
#5574=DIRECTION('',(0.,0.,-1.));
#5575=DIRECTION('center_axis',(-1.,0.,0.));
#5576=DIRECTION('ref_axis',(0.,1.,0.));
#5577=DIRECTION('',(0.,0.,-1.));
#5578=DIRECTION('center_axis',(0.,0.,-1.));
#5579=DIRECTION('ref_axis',(-1.,0.,0.));
#5580=DIRECTION('',(0.,0.,-1.));
#5581=DIRECTION('center_axis',(0.182999012575161,0.983113096950964,0.));
#5582=DIRECTION('ref_axis',(0.983113096950964,-0.182999012575161,0.));
#5583=DIRECTION('',(0.,0.,1.));
#5584=DIRECTION('',(0.,0.,-1.));
#5585=DIRECTION('center_axis',(0.,0.,-1.));
#5586=DIRECTION('ref_axis',(-1.,0.,0.));
#5587=DIRECTION('',(0.,0.,-1.));
#5588=DIRECTION('center_axis',(0.,0.,-1.));
#5589=DIRECTION('ref_axis',(-1.,0.,0.));
#5590=DIRECTION('',(0.,0.,-1.));
#5591=DIRECTION('center_axis',(0.,0.,-1.));
#5592=DIRECTION('ref_axis',(-1.,0.,0.));
#5593=DIRECTION('',(0.,0.,-1.));
#5594=DIRECTION('center_axis',(0.0306029021980748,0.999531621499318,0.));
#5595=DIRECTION('ref_axis',(0.999531621499318,-0.0306029021980748,0.));
#5596=DIRECTION('',(0.,0.,-1.));
#5597=DIRECTION('center_axis',(0.861667742354859,-0.507472858175766,0.));
#5598=DIRECTION('ref_axis',(-0.507472858175766,-0.861667742354859,0.));
#5599=DIRECTION('',(0.,0.,-1.));
#5600=DIRECTION('center_axis',(0.,0.,-1.));
#5601=DIRECTION('ref_axis',(-1.,0.,0.));
#5602=DIRECTION('',(0.,0.,-1.));
#5603=DIRECTION('center_axis',(0.12947138447242,0.9915831586926,0.));
#5604=DIRECTION('ref_axis',(0.9915831586926,-0.12947138447242,0.));
#5605=DIRECTION('',(0.,0.,-1.));
#5606=DIRECTION('center_axis',(0.,0.,-1.));
#5607=DIRECTION('ref_axis',(-1.,0.,0.));
#5608=DIRECTION('',(0.,0.,-1.));
#5609=DIRECTION('center_axis',(0.995990191242588,-0.089462500236424,0.));
#5610=DIRECTION('ref_axis',(-0.089462500236424,-0.995990191242588,0.));
#5611=DIRECTION('',(0.,0.,1.));
#5612=DIRECTION('',(0.,0.,1.));
#5613=DIRECTION('',(0.,0.,-1.));
#5614=DIRECTION('center_axis',(0.,0.,-1.));
#5615=DIRECTION('ref_axis',(-1.,0.,0.));
#5616=DIRECTION('',(0.,0.,-1.));
#5617=DIRECTION('center_axis',(0.991820068920854,0.127643843901035,0.));
#5618=DIRECTION('ref_axis',(0.127643843901035,-0.991820068920854,0.));
#5619=DIRECTION('',(0.,0.,-1.));
#5620=DIRECTION('center_axis',(0.982924133368483,0.184011271507525,0.));
#5621=DIRECTION('ref_axis',(0.184011271507525,-0.982924133368483,0.));
#5622=DIRECTION('',(0.,0.,-1.));
#5623=DIRECTION('center_axis',(0.,0.,-1.));
#5624=DIRECTION('ref_axis',(-1.,0.,0.));
#5625=DIRECTION('center_axis',(0.195347478592302,-0.980734093731645,0.));
#5626=DIRECTION('ref_axis',(-0.980734093731645,-0.195347478592302,0.));
#5627=DIRECTION('',(0.,0.,-1.));
#5628=DIRECTION('center_axis',(0.,0.,-1.));
#5629=DIRECTION('ref_axis',(0.675866709002137,0.737023874554021,0.));
#5630=DIRECTION('',(0.,0.,-1.));
#5631=DIRECTION('center_axis',(-0.993945612966529,0.109873192656767,0.));
#5632=DIRECTION('ref_axis',(0.109873192656767,0.993945612966529,0.));
#5633=DIRECTION('',(0.,0.,-1.));
#5634=DIRECTION('center_axis',(0.999042184313195,0.0437574446548181,0.));
#5635=DIRECTION('ref_axis',(0.0437574446548181,-0.999042184313195,0.));
#5636=DIRECTION('',(0.,0.,-1.));
#5637=DIRECTION('center_axis',(0.,0.,-1.));
#5638=DIRECTION('ref_axis',(-1.,0.,0.));
#5639=DIRECTION('',(0.,0.,-1.));
#5640=DIRECTION('center_axis',(-0.124727428838738,-0.992191044353494,0.));
#5641=DIRECTION('ref_axis',(-0.992191044353494,0.124727428838738,0.));
#5642=DIRECTION('',(0.,0.,1.));
#5643=DIRECTION('',(0.,0.,1.));
#5644=DIRECTION('',(0.,0.,-1.));
#5645=DIRECTION('center_axis',(0.,0.,-1.));
#5646=DIRECTION('ref_axis',(-1.,0.,0.));
#5647=DIRECTION('',(0.,0.,-1.));
#5648=DIRECTION('center_axis',(-0.0128723532357047,0.999917147828846,0.));
#5649=DIRECTION('ref_axis',(0.999917147828847,0.0128723532357047,0.));
#5650=DIRECTION('',(0.,0.,-1.));
#5651=DIRECTION('center_axis',(3.43379866137884E-5,0.999999999410451,0.));
#5652=DIRECTION('ref_axis',(0.999999999410451,-3.43379866137884E-5,0.));
#5653=DIRECTION('',(0.,0.,-1.));
#5654=DIRECTION('center_axis',(0.,0.,-1.));
#5655=DIRECTION('ref_axis',(-1.,0.,0.));
#5656=DIRECTION('',(0.,0.,-1.));
#5657=DIRECTION('center_axis',(0.,1.,0.));
#5658=DIRECTION('ref_axis',(1.,0.,0.));
#5659=DIRECTION('',(0.,0.,-1.));
#5660=DIRECTION('',(1.,0.,0.));
#5661=DIRECTION('',(0.999995575933405,0.00297457788897298,0.));
#5662=DIRECTION('',(1.,0.,0.));
#5663=DIRECTION('center_axis',(0.,0.,-1.));
#5664=DIRECTION('ref_axis',(-1.,0.,0.));
#5665=DIRECTION('center_axis',(0.,0.,1.));
#5666=DIRECTION('ref_axis',(-1.,0.,0.));
#5667=DIRECTION('center_axis',(0.,0.,-1.));
#5668=DIRECTION('ref_axis',(1.,0.,0.));
#5669=DIRECTION('center_axis',(0.,0.,-1.));
#5670=DIRECTION('ref_axis',(1.,0.,0.));
#5671=DIRECTION('',(0.0877714817689819,-0.996140636149373,0.));
#5672=DIRECTION('center_axis',(0.00297457788897298,-0.999995575933405,0.));
#5673=DIRECTION('ref_axis',(0.999995575933405,0.00297457788897298,0.));
#5674=DIRECTION('',(0.999995575933405,0.00297457788897298,0.));
#5675=DIRECTION('',(0.,0.,1.));
#5676=DIRECTION('center_axis',(-3.43379866128665E-5,-0.999999999410451,
0.));
#5677=DIRECTION('ref_axis',(0.999999999410451,-3.43379866128665E-5,0.));
#5678=DIRECTION('center_axis',(0.,0.,1.));
#5679=DIRECTION('ref_axis',(-0.776899535781403,-0.629624579652543,0.));
#5680=DIRECTION('',(0.,0.,1.));
#5681=DIRECTION('center_axis',(0.996153712148939,-0.0876229523120962,0.));
#5682=DIRECTION('ref_axis',(0.0876229523120962,0.996153712148939,0.));
#5683=DIRECTION('center_axis',(0.,0.,1.));
#5684=DIRECTION('ref_axis',(-0.729925235630877,-0.683526993167943,0.));
#5685=DIRECTION('center_axis',(0.,0.,1.));
#5686=DIRECTION('ref_axis',(1.,0.,0.));
#5687=DIRECTION('',(0.,0.,1.));
#5688=DIRECTION('center_axis',(-0.12947138447242,-0.9915831586926,0.));
#5689=DIRECTION('ref_axis',(0.9915831586926,-0.12947138447242,0.));
#5690=DIRECTION('center_axis',(-0.0306029021980737,-0.999531621499318,0.));
#5691=DIRECTION('ref_axis',(0.999531621499318,-0.0306029021980737,0.));
#5692=DIRECTION('',(0.,0.,1.));
#5693=DIRECTION('center_axis',(0.,0.,1.));
#5694=DIRECTION('ref_axis',(1.,0.,0.));
#5695=DIRECTION('center_axis',(0.,0.,1.));
#5696=DIRECTION('ref_axis',(1.,0.,0.));
#5697=DIRECTION('',(0.,0.,1.));
#5698=DIRECTION('center_axis',(0.0306027804533389,-0.999531625226798,0.));
#5699=DIRECTION('ref_axis',(0.999531625226798,0.0306027804533389,0.));
#5700=DIRECTION('center_axis',(0.129472303467621,-0.99158303869862,0.));
#5701=DIRECTION('ref_axis',(0.99158303869862,0.129472303467621,0.));
#5702=DIRECTION('',(0.,0.,1.));
#5703=DIRECTION('center_axis',(0.,0.,1.));
#5704=DIRECTION('ref_axis',(1.,0.,0.));
#5705=DIRECTION('center_axis',(0.,0.,1.));
#5706=DIRECTION('ref_axis',(1.,0.,0.));
#5707=DIRECTION('center_axis',(-0.996140636149373,-0.0877714817689819,0.));
#5708=DIRECTION('ref_axis',(0.0877714817689819,-0.996140636149373,0.));
#5709=DIRECTION('',(0.,0.,1.));
#5710=DIRECTION('center_axis',(0.,0.,1.));
#5711=DIRECTION('ref_axis',(1.,0.,0.));
#5712=DIRECTION('center_axis',(0.,0.,1.));
#5713=DIRECTION('ref_axis',(1.,0.,0.));
#5714=DIRECTION('center_axis',(0.,0.,1.));
#5715=DIRECTION('ref_axis',(1.,0.,0.));
#5716=DIRECTION('center_axis',(0.,0.,1.));
#5717=DIRECTION('ref_axis',(1.,0.,0.));
#5718=DIRECTION('',(0.,0.,-1.));
#5719=DIRECTION('center_axis',(0.,0.,1.));
#5720=DIRECTION('ref_axis',(1.,0.,0.));
#5721=DIRECTION('center_axis',(0.,0.,1.));
#5722=DIRECTION('ref_axis',(1.,0.,0.));
#5723=DIRECTION('center_axis',(0.,0.,1.));
#5724=DIRECTION('ref_axis',(1.,0.,0.));
#5725=DIRECTION('',(0.,0.,-1.));
#5726=DIRECTION('center_axis',(0.,0.,1.));
#5727=DIRECTION('ref_axis',(1.,0.,0.));
#5728=DIRECTION('center_axis',(0.,0.,1.));
#5729=DIRECTION('ref_axis',(1.,0.,0.));
#5730=DIRECTION('center_axis',(0.,0.,1.));
#5731=DIRECTION('ref_axis',(1.,0.,0.));
#5732=DIRECTION('',(0.,0.,-1.));
#5733=DIRECTION('center_axis',(0.,0.,1.));
#5734=DIRECTION('ref_axis',(1.,0.,0.));
#5735=DIRECTION('center_axis',(0.,0.,1.));
#5736=DIRECTION('ref_axis',(1.,0.,0.));
#5737=DIRECTION('center_axis',(0.,0.,1.));
#5738=DIRECTION('ref_axis',(1.,0.,0.));
#5739=DIRECTION('',(0.,0.,-1.));
#5740=DIRECTION('center_axis',(0.,0.,1.));
#5741=DIRECTION('ref_axis',(1.,0.,0.));
#5742=DIRECTION('center_axis',(0.,0.,1.));
#5743=DIRECTION('ref_axis',(1.,0.,0.));
#5744=DIRECTION('center_axis',(0.,0.,1.));
#5745=DIRECTION('ref_axis',(1.,0.,0.));
#5746=DIRECTION('',(0.,0.,-1.));
#5747=DIRECTION('center_axis',(0.,0.,1.));
#5748=DIRECTION('ref_axis',(1.,0.,0.));
#5749=DIRECTION('center_axis',(0.,0.,1.));
#5750=DIRECTION('ref_axis',(1.,0.,0.));
#5751=DIRECTION('center_axis',(0.,0.,1.));
#5752=DIRECTION('ref_axis',(1.,0.,0.));
#5753=DIRECTION('',(0.,0.,-1.));
#5754=DIRECTION('center_axis',(0.,0.,1.));
#5755=DIRECTION('ref_axis',(1.,0.,0.));
#5756=DIRECTION('center_axis',(0.,0.,1.));
#5757=DIRECTION('ref_axis',(1.,0.,0.));
#5758=DIRECTION('center_axis',(0.,0.,1.));
#5759=DIRECTION('ref_axis',(1.,0.,0.));
#5760=DIRECTION('',(0.,0.,-1.));
#5761=DIRECTION('center_axis',(0.,0.,1.));
#5762=DIRECTION('ref_axis',(1.,0.,0.));
#5763=DIRECTION('center_axis',(0.,0.,1.));
#5764=DIRECTION('ref_axis',(1.,0.,0.));
#5765=DIRECTION('center_axis',(0.,0.,1.));
#5766=DIRECTION('ref_axis',(1.,0.,0.));
#5767=DIRECTION('',(0.,0.,-1.));
#5768=DIRECTION('center_axis',(0.,0.,1.));
#5769=DIRECTION('ref_axis',(1.,0.,0.));
#5770=DIRECTION('center_axis',(0.,0.,1.));
#5771=DIRECTION('ref_axis',(1.,0.,0.));
#5772=DIRECTION('center_axis',(0.,0.,1.));
#5773=DIRECTION('ref_axis',(1.,0.,0.));
#5774=DIRECTION('',(0.,0.,-1.));
#5775=DIRECTION('center_axis',(0.,0.,1.));
#5776=DIRECTION('ref_axis',(1.,0.,0.));
#5777=DIRECTION('center_axis',(0.,0.,1.));
#5778=DIRECTION('ref_axis',(1.,0.,0.));
#5779=DIRECTION('center_axis',(0.,0.,1.));
#5780=DIRECTION('ref_axis',(1.,0.,0.));
#5781=DIRECTION('',(0.,0.,-1.));
#5782=DIRECTION('center_axis',(0.,0.,1.));
#5783=DIRECTION('ref_axis',(1.,0.,0.));
#5784=DIRECTION('center_axis',(0.,0.,1.));
#5785=DIRECTION('ref_axis',(1.,0.,0.));
#5786=DIRECTION('center_axis',(0.,0.,1.));
#5787=DIRECTION('ref_axis',(1.,0.,0.));
#5788=DIRECTION('',(0.,0.,-1.));
#5789=DIRECTION('center_axis',(0.,0.,1.));
#5790=DIRECTION('ref_axis',(1.,0.,0.));
#5791=CARTESIAN_POINT('',(0.,0.,0.));
#5792=CARTESIAN_POINT('Origin',(108.688219922563,19.1895989276743,-9.15601690524921));
#5793=CARTESIAN_POINT('',(110.07474764297,37.2854582100237,-11.0579683565958));
#5794=CARTESIAN_POINT('',(104.098545189513,36.7545248600412,-11.0021650128689));
#5795=CARTESIAN_POINT('Origin',(107.08664641823,37.0199915128913,-11.0300666824052));
#5796=CARTESIAN_POINT('',(113.277894655613,1.62467299530748,-7.30986879762953));
#5797=CARTESIAN_POINT('',(110.074747646947,37.2854581657414,-11.0579683519416));
#5798=CARTESIAN_POINT('',(107.301692198179,1.09373968960725,-7.25406545855682));
#5799=CARTESIAN_POINT('Origin',(110.289793426896,1.35920634245737,-7.28196712809318));
#5800=CARTESIAN_POINT('',(107.301692198179,1.09373968960726,-7.25406545855683));
#5801=CARTESIAN_POINT('Origin',(-108.482743030153,18.9982635637938,-9.13590674814926));
#5802=CARTESIAN_POINT('',(-113.072417759227,1.43333767570942,-7.28975864518386));
#5803=CARTESIAN_POINT('',(-107.09621530577,0.902404325726595,-7.23395530145687));
#5804=CARTESIAN_POINT('Origin',(-110.084316534487,1.16787097857688,-7.26185697099324));
#5805=CARTESIAN_POINT('',(-109.869270754537,37.0941228018609,-11.0378581948417));
#5806=CARTESIAN_POINT('',(-113.072417763204,1.43333763142717,-7.28975864052961));
#5807=CARTESIAN_POINT('',(-103.893068297102,36.5631894961604,-10.9820548557689));
#5808=CARTESIAN_POINT('Origin',(-106.88116952582,36.8286561490106,-11.0099565253053));
#5809=CARTESIAN_POINT('',(-103.893068297102,36.5631894961604,-10.9820548557689));
#5810=CARTESIAN_POINT('Origin',(-0.0730816107257182,-41.7226517417534,-2.7538813803278));
#5811=CARTESIAN_POINT('',(-18.0729780633106,-38.7384679736663,-3.06753173316484));
#5812=CARTESIAN_POINT('',(-18.0731851813861,-44.7055993423207,-2.44036095393258));
#5813=CARTESIAN_POINT('Origin',(-18.0730815999966,-41.7220336579943,-2.75394634354863));
#5814=CARTESIAN_POINT('',(17.9270219599347,-38.739704141186,-3.06740180672302));
#5815=CARTESIAN_POINT('',(-18.0729780186071,-38.7384679736679,-3.06753173316468));
#5816=CARTESIAN_POINT('',(17.9268147971556,-44.7068355098389,-2.44023102749093));
#5817=CARTESIAN_POINT('Origin',(17.9269183785452,-41.7232698255124,-2.75381641710698));
#5818=CARTESIAN_POINT('',(17.9268147971556,-44.7068355098389,-2.44023102749093));
#5819=CARTESIAN_POINT('Origin',(8.13201945781827E-7,31.6308265835375,-10.4636426237849));
#5820=CARTESIAN_POINT('',(18.000000813202,28.6472608974327,-10.1500572339819));
#5821=CARTESIAN_POINT('',(18.0000008132019,34.6143922696423,-10.7772280135879));
#5822=CARTESIAN_POINT('Origin',(18.0000008132019,31.6308265835375,-10.4636426237849));
#5823=CARTESIAN_POINT('',(-17.9999991867981,28.6472608974327,-10.1500572339819));
#5824=CARTESIAN_POINT('',(18.000000813202,28.6472608974327,-10.1500572339819));
#5825=CARTESIAN_POINT('',(-17.9999991867981,34.6143922696423,-10.7772280135879));
#5826=CARTESIAN_POINT('Origin',(-17.9999991867981,31.6308265835375,-10.4636426237849));
#5827=CARTESIAN_POINT('',(-17.9999991867981,34.6143922696423,-10.7772280135879));
#5828=CARTESIAN_POINT('Origin',(9.00000739980321,34.5752691706332,-11.6277980478143));
#5829=CARTESIAN_POINT('',(-17.9999991867981,34.5307694990282,-11.5728455298825));
#5830=CARTESIAN_POINT('',(-17.9999991867981,34.6197688422383,-11.6827505657461));
#5831=CARTESIAN_POINT('',(-17.9999991867981,34.5307694990282,-11.5728455298825));
#5832=CARTESIAN_POINT('',(18.0000008132019,34.6197688422383,-11.6827505657461));
#5833=CARTESIAN_POINT('',(9.00000739980321,34.6197688422383,-11.6827505657461));
#5834=CARTESIAN_POINT('',(18.0000008132019,34.5307694990282,-11.5728455298825));
#5835=CARTESIAN_POINT('',(18.0000008132019,34.6197688422383,-11.6827505657461));
#5836=CARTESIAN_POINT('',(9.00000739980321,34.5307694990282,-11.5728455298825));
#5837=CARTESIAN_POINT('Origin',(-17.9999991867981,31.54197738976,-11.3089862348478));
#5838=CARTESIAN_POINT('',(-17.9999991867981,28.5636381268186,-10.9456747502763));
#5839=CARTESIAN_POINT('',(-17.9999991867981,28.453733090955,-11.0346740934866));
#5840=CARTESIAN_POINT('',(-17.9999991867981,28.5636381268186,-10.9456747502763));
#5841=CARTESIAN_POINT('Origin',(-17.9999991867981,31.5367509665966,-11.3587123296164));
#5842=CARTESIAN_POINT('Origin',(-17.9999991867981,31.5472038129234,-11.2592601400793));
#5843=CARTESIAN_POINT('Origin',(-8.99999260019678,28.5086856088868,-10.9901744218816));
#5844=CARTESIAN_POINT('',(18.000000813202,28.5636381268186,-10.9456747502766));
#5845=CARTESIAN_POINT('',(18.000000813202,28.453733090955,-11.0346740934866));
#5846=CARTESIAN_POINT('',(18.000000813202,28.5636381268186,-10.9456747502766));
#5847=CARTESIAN_POINT('',(-8.99999260019678,28.453733090955,-11.0346740934866));
#5848=CARTESIAN_POINT('',(-8.99999260019678,28.5636381268186,-10.9456747502766));
#5849=CARTESIAN_POINT('Origin',(18.0000008132019,31.54197738976,-11.3089862348478));
#5850=CARTESIAN_POINT('Origin',(18.0000008132019,31.5367509665966,-11.3587123296164));
#5851=CARTESIAN_POINT('Origin',(18.0000008132019,31.5472038129234,-11.2592601400793));
#5852=CARTESIAN_POINT('Origin',(-17.9999991867981,31.5367509665966,-11.3587123296163));
#5853=CARTESIAN_POINT('',(-17.9999991867981,34.5203166527014,-11.6722977194193));
#5854=CARTESIAN_POINT('',(-17.9999991867981,28.5531852804918,-11.0451269398134));
#5855=CARTESIAN_POINT('Origin',(18.0000008132019,34.5203166527014,-11.6722977194193));
#5856=CARTESIAN_POINT('',(18.0000008132019,34.5203166527014,-11.6722977194193));
#5857=CARTESIAN_POINT('Origin',(1.39864044967908E-5,-1.36732126244535,-7.90035498085631));
#5858=CARTESIAN_POINT('',(107.818269576148,-22.6170460316861,-5.66691890937916));
#5859=CARTESIAN_POINT('',(117.13991634791,-11.2088293920922,-6.86597079502885));
#5860=CARTESIAN_POINT('Origin',(106.651182301404,-12.1509555097641,-6.76694934990712));
#5861=CARTESIAN_POINT('',(84.2652871034945,-22.0649528543743,-5.72494624057591));
#5862=CARTESIAN_POINT('',(48.4050149561873,-21.2243709190692,-5.8132949620643));
#5863=CARTESIAN_POINT('',(85.2062478054994,-30.5692896830961,-4.83110442175139));
#5864=CARTESIAN_POINT('',(82.9353211144913,-10.044813525359,-6.98831379253895));
#5865=CARTESIAN_POINT('',(77.3143532418558,-40.2592001979635,-3.81265378729341));
#5866=CARTESIAN_POINT('Origin',(76.2379043865374,-31.3237819057735,-4.75180409367297));
#5867=CARTESIAN_POINT('',(30.05496654557,-47.9462543787435,-3.0047118361767));
#5868=CARTESIAN_POINT('',(30.9198366712212,-47.8055789361828,-3.01949742098771));
#5869=CARTESIAN_POINT('',(8.43586788686072E-5,-47.9462543787435,-3.0047118361767));
#5870=CARTESIAN_POINT('',(1.39864044046423E-5,-47.9462543787435,-3.0047118361767));
#5871=CARTESIAN_POINT('',(-29.7479693266119,-47.9452328904736,-3.00481919892014));
#5872=CARTESIAN_POINT('',(-7.47788967130043,-47.9459976001712,-3.00473882469218));
#5873=CARTESIAN_POINT('',(-77.3172748429156,-40.2594509857291,-3.81262742843709));
#5874=CARTESIAN_POINT('',(-30.8111608087725,-47.7734528367988,-3.02287401009554));
#5875=CARTESIAN_POINT('',(-85.2061485056429,-30.5692516782384,-4.83110841622289));
#5876=CARTESIAN_POINT('Origin',(-76.237845664519,-31.32437928994,-4.75174130606699));
#5877=CARTESIAN_POINT('',(-84.2690577444822,-22.092049655751,-5.72209825198907));
#5878=CARTESIAN_POINT('',(-82.9383862018709,-10.0543987047167,-6.98730634959267));
#5879=CARTESIAN_POINT('',(-107.833798472246,-22.608616699174,-5.66780486792665));
#5880=CARTESIAN_POINT('',(-48.4212693542345,-21.3062236508766,-5.80469189328328));
#5881=CARTESIAN_POINT('',(-117.139915669349,-11.2088381757079,-6.86596987183364));
#5882=CARTESIAN_POINT('Origin',(-106.657961198823,-12.150355333751,-6.767012430948));
#5883=CARTESIAN_POINT('',(-113.084316534487,33.9423363081169,-11.6115495373032));
#5884=CARTESIAN_POINT('',(-115.250348563406,9.82780061977025,-9.07700970499263));
#5885=CARTESIAN_POINT('',(-102.964100153866,42.9623841288456,-12.5595947655607));
#5886=CARTESIAN_POINT('Origin',(-104.124296885967,34.076779444769,-11.6256800803677));
#5887=CARTESIAN_POINT('',(-92.2124205178362,41.5585332912456,-12.4120440968477));
#5888=CARTESIAN_POINT('',(-46.978618069903,35.6523387612703,-11.7912780374443));
#5889=CARTESIAN_POINT('',(-83.8020398418257,45.1353037486691,-12.787977820496));
#5890=CARTESIAN_POINT('Origin',(-84.135530771304,34.2430449903538,-11.6431552933874));
#5891=CARTESIAN_POINT('',(-58.6887398418257,44.3664037486686,-12.7071631740002));
#5892=CARTESIAN_POINT('',(-34.9292100232375,43.6389524588141,-12.630704962487));
#5893=CARTESIAN_POINT('',(-42.9055443159346,42.665987756738,-12.5284422515348));
#5894=CARTESIAN_POINT('Origin',(-61.8581881161728,-59.1520061201851,-1.82693986881546));
#5895=CARTESIAN_POINT('',(-9.83071588064255,36.509360443438,-11.8813546459546));
#5896=CARTESIAN_POINT('',(-11.1003514369733,36.7456934287877,-11.9061942436479));
#5897=CARTESIAN_POINT('',(9.83071750704645,36.509360443438,-11.8813546459546));
#5898=CARTESIAN_POINT('',(1.39864044046423E-5,36.509360443438,-11.8813546459546));
#5899=CARTESIAN_POINT('',(42.9348542692595,42.6714432784912,-12.5290156499766));
#5900=CARTESIAN_POINT('',(11.1076901628292,36.7470591739487,-11.9063377892486));
#5901=CARTESIAN_POINT('',(58.6590705585279,44.3655041234759,-12.7070686195823));
#5902=CARTESIAN_POINT('Origin',(61.8166600356525,-58.7659922672384,-1.86751155963138));
#5903=CARTESIAN_POINT('',(83.8021409464235,45.1353125453246,-12.7879787450618));
#5904=CARTESIAN_POINT('',(34.9218345369948,43.6387383021631,-12.630682453716));
#5905=CARTESIAN_POINT('',(92.2125197810889,41.5585448127012,-12.4120453078014));
#5906=CARTESIAN_POINT('Origin',(84.1356306775552,34.2430495542921,-11.6431557730767));
#5907=CARTESIAN_POINT('',(102.964097615873,42.9623924924759,-12.5595956446137));
#5908=CARTESIAN_POINT('',(46.978647445347,35.6522985201515,-11.7912738079323));
#5909=CARTESIAN_POINT('',(113.084316753328,33.9423502098456,-11.6115509984337));
#5910=CARTESIAN_POINT('Origin',(104.124301955784,34.0767936881894,-11.6256815774115));
#5911=CARTESIAN_POINT('',(115.250349632879,9.82780505135871,-9.07701017077134));
#5912=CARTESIAN_POINT('',(103.998941815222,36.651600354672,-11.8963046630491));
#5913=CARTESIAN_POINT('',(110.174351017128,37.2002314829872,-11.9539681182336));
#5914=CARTESIAN_POINT('Origin',(107.08664641823,36.9259158959504,-11.9251363882367));
#5915=CARTESIAN_POINT('',(107.202088823888,0.990815184238034,-8.14820510873709));
#5916=CARTESIAN_POINT('',(105.281236153165,22.3757576328381,-10.3958531309977));
#5917=CARTESIAN_POINT('',(113.377498029904,1.53944626679494,-8.20586855911222));
#5918=CARTESIAN_POINT('Origin',(110.289793426896,1.26513072551648,-8.17703683392465));
#5919=CARTESIAN_POINT('',(113.058218863513,5.09399613017807,-8.57946680421681));
#5920=CARTESIAN_POINT('',(-18.0729746105976,-38.7330914011297,-3.97305428531685));
#5921=CARTESIAN_POINT('',(17.9270254126477,-38.7343275686493,-3.97292435887504));
#5922=CARTESIAN_POINT('',(8.96287106914915,-38.7340197576373,-3.97295671111606));
#5923=CARTESIAN_POINT('',(-18.0731886340991,-44.8991271487392,-3.32497781344353));
#5924=CARTESIAN_POINT('Origin',(-18.0730815999966,-41.8161092749352,-3.64901604938011));
#5925=CARTESIAN_POINT('',(17.9268113444427,-44.9003633162573,-3.32484788700188));
#5926=CARTESIAN_POINT('',(-9.03734298832678,-44.8994374214862,-3.32494520246373));
#5927=CARTESIAN_POINT('Origin',(17.9269183785452,-41.8173454424533,-3.64888612293846));
#5928=CARTESIAN_POINT('',(-103.793464922812,36.4602649907911,-11.8761945059492));
#5929=CARTESIAN_POINT('',(-106.996611931479,0.799479820357363,-8.12809495163713));
#5930=CARTESIAN_POINT('',(-106.669620915452,4.43988606573942,-8.51071706611441));
#5931=CARTESIAN_POINT('',(-109.968874128827,37.0088960733484,-11.9338579563243));
#5932=CARTESIAN_POINT('Origin',(-106.88116952582,36.7345805320698,-11.9050262311367));
#5933=CARTESIAN_POINT('',(-113.172021133517,1.34811094719687,-8.18575840666655));
#5934=CARTESIAN_POINT('',(-111.243456617133,22.8189097335136,-10.4424302936456));
#5935=CARTESIAN_POINT('Origin',(-110.084316534487,1.07379536163599,-8.15692667682471));
#5936=CARTESIAN_POINT('Origin',(-17.9999991867981,28.5531852804918,-11.0451269398134));
#5937=CARTESIAN_POINT('',(18.000000813202,28.5531852804918,-11.0451269398134));
#5938=CARTESIAN_POINT('Origin',(18.0000008132019,31.5367509665966,-11.3587123296163));
#5939=CARTESIAN_POINT('Origin',(107.08664641823,36.9311423191138,-11.8754102934681));
#5940=CARTESIAN_POINT('',(104.098545189513,36.6709020894271,-11.7977825291633));
#5941=CARTESIAN_POINT('',(104.098545189513,36.6709020894271,-11.7977825291633));
#5942=CARTESIAN_POINT('',(110.07474764297,37.2018354394096,-11.8535858728902));
#5943=CARTESIAN_POINT('',(110.174351017128,37.2002314829872,-11.9539681182336));
#5944=CARTESIAN_POINT('Origin',(107.08664641823,36.9363687422772,-11.8256841986996));
#5945=CARTESIAN_POINT('Origin',(105.33103784031,22.3854085002157,-10.3465920640549));
#5946=CARTESIAN_POINT('',(107.301692198179,1.01011691899314,-8.04968297485148));
#5947=CARTESIAN_POINT('',(107.301692198179,1.01011691899314,-8.04968297485148));
#5948=CARTESIAN_POINT('',(105.380839527455,22.3950593675932,-10.2973309971121));
#5949=CARTESIAN_POINT('Origin',(110.289793426896,1.27035714867987,-8.12731073915623));
#5950=CARTESIAN_POINT('',(113.277894655613,1.54105022469337,-8.10548631392416));
#5951=CARTESIAN_POINT('',(113.277894655613,1.54105022469337,-8.10548631392416));
#5952=CARTESIAN_POINT('Origin',(110.289793426896,1.27558357184325,-8.07758464438781));
#5953=CARTESIAN_POINT('Origin',(113.008417176368,5.09479810912728,-8.52927568162279));
#5954=CARTESIAN_POINT('',(112.958615489223,5.09560008807649,-8.47908455902877));
#5955=CARTESIAN_POINT('Origin',(104.098545189513,36.6604492431003,-11.8972347187003));
#5956=CARTESIAN_POINT('',(104.098545189513,36.6604492431003,-11.8972347187003));
#5957=CARTESIAN_POINT('',(107.301692198179,0.999664072666375,-8.14913516438827));
#5958=CARTESIAN_POINT('Origin',(107.08664641823,36.9259158959504,-11.9251363882367));
#5959=CARTESIAN_POINT('',(110.07474764297,37.1913825930828,-11.9530380624273));
#5960=CARTESIAN_POINT('Origin',(113.277894655613,1.5305973783666,-8.20493850346097));
#5961=CARTESIAN_POINT('',(113.277894655613,1.53059737836661,-8.20493850346097));
#5962=CARTESIAN_POINT('Origin',(110.289793426896,1.26513072551649,-8.17703683392462));
#5963=CARTESIAN_POINT('Origin',(-106.719422602597,4.44953693311697,-8.4614559991716));
#5964=CARTESIAN_POINT('',(-103.893068297102,36.4795667255462,-11.7776723720635));
#5965=CARTESIAN_POINT('',(-103.893068297102,36.4795667255462,-11.7776723720635));
#5966=CARTESIAN_POINT('',(-107.09621530577,0.818781555112468,-8.02957281775152));
#5967=CARTESIAN_POINT('',(-106.996611931479,0.799479820357363,-8.12809495163713));
#5968=CARTESIAN_POINT('',(-106.769224289742,4.45918780049452,-8.41219493222879));
#5969=CARTESIAN_POINT('Origin',(-106.88116952582,36.7398069552331,-11.8553001363683));
#5970=CARTESIAN_POINT('',(-109.869270754537,37.0105000312468,-11.8334757111363));
#5971=CARTESIAN_POINT('',(-109.869270754537,37.0105000312468,-11.8334757111363));
#5972=CARTESIAN_POINT('Origin',(-106.88116952582,36.7450333783965,-11.8055740416));
#5973=CARTESIAN_POINT('Origin',(-111.193654929988,22.8197117124628,-10.3922391710516));
#5974=CARTESIAN_POINT('',(-113.072417759227,1.3497149050953,-8.08537616147851));
#5975=CARTESIAN_POINT('',(-113.072417759227,1.3497149050953,-8.08537616147851));
#5976=CARTESIAN_POINT('',(-111.143853242843,22.820513691412,-10.3420480484575));
#5977=CARTESIAN_POINT('Origin',(-110.084316534487,1.07902178479937,-8.1072005820563));
#5978=CARTESIAN_POINT('Origin',(-110.084316534487,1.08424820796275,-8.05747448728789));
#5979=CARTESIAN_POINT('Origin',(-106.88116952582,36.7345805320698,-11.9050262311367));
#5980=CARTESIAN_POINT('',(-103.893068297102,36.4691138792195,-11.8771245616004));
#5981=CARTESIAN_POINT('',(-109.869270754537,37.00004718492,-11.9329279006731));
#5982=CARTESIAN_POINT('Origin',(-107.09621530577,0.808328708785702,-8.12902500728832));
#5983=CARTESIAN_POINT('',(-107.09621530577,0.808328708785706,-8.12902500728832));
#5984=CARTESIAN_POINT('Origin',(-109.869270754537,37.00004718492,-11.9329279006731));
#5985=CARTESIAN_POINT('',(-113.072417759227,1.33926205876853,-8.18482835101531));
#5986=CARTESIAN_POINT('Origin',(-110.084316534487,1.07379536163599,-8.15692667682469));
#5987=CARTESIAN_POINT('Origin',(8.96286934279266,-38.7785194292127,-3.91800419318738));
#5988=CARTESIAN_POINT('',(-18.0729780633106,-38.8220907442804,-3.86314924945949));
#5989=CARTESIAN_POINT('',(-18.0729780633106,-38.8220907442804,-3.86314924945949));
#5990=CARTESIAN_POINT('',(17.9270219599347,-38.8233269118001,-3.86301932301767));
#5991=CARTESIAN_POINT('',(17.9270254126477,-38.7343275686493,-3.97292435887504));
#5992=CARTESIAN_POINT('',(8.96286761643617,-38.8230191007881,-3.8630516752587));
#5993=CARTESIAN_POINT('Origin',(-18.0730815999966,-41.8108828517718,-3.59928995461147));
#5994=CARTESIAN_POINT('',(-18.0731851813861,-44.7892221129348,-3.23597847022679));
#5995=CARTESIAN_POINT('',(-18.0731851813861,-44.7892221129348,-3.23597847022679));
#5996=CARTESIAN_POINT('Origin',(-18.0730815999966,-41.8056564286084,-3.54956385984283));
#5997=CARTESIAN_POINT('Origin',(-9.03734126197029,-44.844484903584,-3.28044553085558));
#5998=CARTESIAN_POINT('',(17.9268147971556,-44.790458280453,-3.23584854378558));
#5999=CARTESIAN_POINT('',(17.9268147971556,-44.790458280453,-3.23584854378558));
#6000=CARTESIAN_POINT('',(-9.0373395356138,-44.7895323856819,-3.23594585924744));
#6001=CARTESIAN_POINT('Origin',(17.9269183785452,-41.8121190192899,-3.59916002816982));
#6002=CARTESIAN_POINT('Origin',(17.9269183785452,-41.8068925961265,-3.54943393340118));
#6003=CARTESIAN_POINT('Origin',(-18.0730815999966,-41.8161092749352,-3.64901604938007));
#6004=CARTESIAN_POINT('',(-18.0729780633106,-38.8325435906072,-3.96260143899628));
#6005=CARTESIAN_POINT('',(-18.0731851813861,-44.7996749592616,-3.33543065976403));
#6006=CARTESIAN_POINT('Origin',(17.9270219599347,-38.8337797581269,-3.96247151255447));
#6007=CARTESIAN_POINT('',(17.9270219599347,-38.8337797581269,-3.96247151255447));
#6008=CARTESIAN_POINT('Origin',(17.9269183785452,-41.8173454424533,-3.64888612293842));
#6009=CARTESIAN_POINT('',(17.9268147971556,-44.8009111267797,-3.33530073332237));
#6010=CARTESIAN_POINT('Origin',(-18.0731851813861,-44.7996749592616,-3.33543065976403));
#6011=CARTESIAN_POINT('Origin',(102.873003618757,21.6552271542748,-2.));
#6012=CARTESIAN_POINT('',(103.373003618757,21.6552271542748,-6.));
#6013=CARTESIAN_POINT('',(102.873003618757,22.1552271542748,-6.));
#6014=CARTESIAN_POINT('Origin',(102.873003618757,21.6552271542748,-6.));
#6015=CARTESIAN_POINT('',(103.373003618757,21.6552271542748,-2.));
#6016=CARTESIAN_POINT('',(103.373003618757,21.6552271542748,-2.));
#6017=CARTESIAN_POINT('',(102.873003618757,22.1552271542748,-2.));
#6018=CARTESIAN_POINT('Origin',(102.873003618757,21.6552271542748,-2.));
#6019=CARTESIAN_POINT('',(102.873003618757,22.1552271542748,-2.));
#6020=CARTESIAN_POINT('Origin',(14.3730036187568,22.1552271542748,-2.));
#6021=CARTESIAN_POINT('',(14.8730036187568,22.1552271542748,-2.));
#6022=CARTESIAN_POINT('',(7.18650880258057,22.1552271542748,-2.));
#6023=CARTESIAN_POINT('',(14.8730036187568,22.1552271542748,-6.));
#6024=CARTESIAN_POINT('',(14.8730036187568,22.1552271542748,-2.));
#6025=CARTESIAN_POINT('',(14.3730036187568,22.1552271542748,-6.));
#6026=CARTESIAN_POINT('Origin',(-15.7520812885462,21.6552271542748,-2.));
#6027=CARTESIAN_POINT('',(-15.2520812885462,21.6552271542748,-6.));
#6028=CARTESIAN_POINT('',(-15.7520812885462,22.1552271542748,-6.));
#6029=CARTESIAN_POINT('Origin',(-15.7520812885462,21.6552271542748,-6.));
#6030=CARTESIAN_POINT('',(-15.2520812885462,21.6552271542748,-2.));
#6031=CARTESIAN_POINT('',(-15.2520812885462,21.6552271542748,-2.));
#6032=CARTESIAN_POINT('',(-15.7520812885462,22.1552271542748,-2.));
#6033=CARTESIAN_POINT('Origin',(-15.7520812885462,21.6552271542748,-2.));
#6034=CARTESIAN_POINT('',(-15.7520812885462,22.1552271542748,-2.));
#6035=CARTESIAN_POINT('Origin',(-15.2520812885462,22.1552271542748,-2.));
#6036=CARTESIAN_POINT('',(-15.2520812885462,3.65522715427483,-6.));
#6037=CARTESIAN_POINT('',(-15.2520812885462,22.1552271542748,-6.));
#6038=CARTESIAN_POINT('',(-15.2520812885462,3.65522715427483,-2.));
#6039=CARTESIAN_POINT('',(-15.2520812885462,3.65522715427483,-2.));
#6040=CARTESIAN_POINT('',(-15.2520812885462,10.4806825950046,-2.));
#6041=CARTESIAN_POINT('Origin',(-103.752081288546,21.6552271542748,-2.));
#6042=CARTESIAN_POINT('',(-103.752081288546,22.1552271542748,-6.));
#6043=CARTESIAN_POINT('',(-104.252081288546,21.6552271542748,-6.));
#6044=CARTESIAN_POINT('Origin',(-103.752081288546,21.6552271542748,-6.));
#6045=CARTESIAN_POINT('',(-103.752081288546,22.1552271542748,-2.));
#6046=CARTESIAN_POINT('',(-103.752081288546,22.1552271542748,-2.));
#6047=CARTESIAN_POINT('',(-104.252081288546,21.6552271542748,-2.));
#6048=CARTESIAN_POINT('Origin',(-103.752081288546,21.6552271542748,-2.));
#6049=CARTESIAN_POINT('',(-104.252081288546,21.6552271542748,-2.));
#6050=CARTESIAN_POINT('Origin',(-59.7520812885462,12.6552271542748,-6.));
#6051=CARTESIAN_POINT('',(-104.252081288546,22.1552271542748,-6.));
#6052=CARTESIAN_POINT('',(-104.252081288546,3.65522715427483,-6.));
#6053=CARTESIAN_POINT('',(-104.252081288546,3.15522715427483,-6.));
#6054=CARTESIAN_POINT('',(-103.752081288546,3.15522715427483,-6.));
#6055=CARTESIAN_POINT('Origin',(-103.752081288546,3.65522715427483,-6.));
#6056=CARTESIAN_POINT('',(-15.7520812885462,3.15522715427483,-6.));
#6057=CARTESIAN_POINT('',(-15.2520812885462,3.15522715427483,-6.));
#6058=CARTESIAN_POINT('Origin',(-15.7520812885462,3.65522715427483,-6.));
#6059=CARTESIAN_POINT('Origin',(-104.252081288546,3.15522715427483,-2.));
#6060=CARTESIAN_POINT('',(-104.252081288546,3.65522715427483,-2.));
#6061=CARTESIAN_POINT('',(-104.252081288546,0.980682595004617,-2.));
#6062=CARTESIAN_POINT('',(-104.252081288546,3.65522715427483,-2.));
#6063=CARTESIAN_POINT('Origin',(-103.752081288546,3.65522715427483,-2.));
#6064=CARTESIAN_POINT('',(-103.752081288546,3.15522715427483,-2.));
#6065=CARTESIAN_POINT('Origin',(-103.752081288546,3.65522715427483,-2.));
#6066=CARTESIAN_POINT('',(-103.752081288546,3.15522715427483,-2.));
#6067=CARTESIAN_POINT('Origin',(-15.7520812885462,3.65522715427483,-2.));
#6068=CARTESIAN_POINT('',(-15.7520812885462,3.15522715427483,-2.));
#6069=CARTESIAN_POINT('',(-15.7520812885462,3.15522715427483,-2.));
#6070=CARTESIAN_POINT('Origin',(-15.7520812885462,3.65522715427483,-2.));
#6071=CARTESIAN_POINT('Origin',(102.873003618757,3.65522715427483,-2.));
#6072=CARTESIAN_POINT('',(102.873003618757,3.15522715427483,-6.));
#6073=CARTESIAN_POINT('',(103.373003618757,3.65522715427483,-6.));
#6074=CARTESIAN_POINT('Origin',(102.873003618757,3.65522715427483,-6.));
#6075=CARTESIAN_POINT('',(102.873003618757,3.15522715427483,-2.));
#6076=CARTESIAN_POINT('',(102.873003618757,3.15522715427483,-2.));
#6077=CARTESIAN_POINT('',(103.373003618757,3.65522715427483,-2.));
#6078=CARTESIAN_POINT('Origin',(102.873003618757,3.65522715427483,-2.));
#6079=CARTESIAN_POINT('',(103.373003618757,3.65522715427483,-2.));
#6080=CARTESIAN_POINT('Origin',(103.373003618757,22.1552271542748,-2.));
#6081=CARTESIAN_POINT('',(103.373003618757,22.1552271542748,-6.));
#6082=CARTESIAN_POINT('',(103.373003618757,10.4806825950046,-2.));
#6083=CARTESIAN_POINT('Origin',(14.8730036187568,3.65522715427483,-2.));
#6084=CARTESIAN_POINT('',(14.3730036187568,3.65522715427483,-6.));
#6085=CARTESIAN_POINT('',(14.8730036187568,3.15522715427483,-6.));
#6086=CARTESIAN_POINT('Origin',(14.8730036187568,3.65522715427483,-6.));
#6087=CARTESIAN_POINT('',(14.3730036187568,3.65522715427483,-2.));
#6088=CARTESIAN_POINT('',(14.3730036187568,3.65522715427483,-2.));
#6089=CARTESIAN_POINT('',(14.8730036187568,3.15522715427483,-2.));
#6090=CARTESIAN_POINT('Origin',(14.8730036187568,3.65522715427483,-2.));
#6091=CARTESIAN_POINT('',(14.8730036187568,3.15522715427483,-2.));
#6092=CARTESIAN_POINT('Origin',(103.373003618757,3.15522715427483,-2.));
#6093=CARTESIAN_POINT('',(103.373003618757,3.15522715427483,-6.));
#6094=CARTESIAN_POINT('',(51.6865088025806,3.15522715427483,-2.));
#6095=CARTESIAN_POINT('Origin',(14.8730036187568,21.6552271542748,-2.));
#6096=CARTESIAN_POINT('',(14.3730036187568,21.6552271542748,-6.));
#6097=CARTESIAN_POINT('Origin',(14.8730036187568,21.6552271542748,-6.));
#6098=CARTESIAN_POINT('',(14.3730036187568,21.6552271542748,-2.));
#6099=CARTESIAN_POINT('Origin',(14.8730036187568,21.6552271542748,-2.));
#6100=CARTESIAN_POINT('',(14.3730036187568,21.6552271542748,-2.));
#6101=CARTESIAN_POINT('Origin',(14.3730036187568,3.15522715427483,-2.));
#6102=CARTESIAN_POINT('',(14.3730036187568,3.15522715427483,-6.));
#6103=CARTESIAN_POINT('',(14.3730036187568,0.980682595004617,-2.));
#6104=CARTESIAN_POINT('Origin',(58.8730036187568,12.6552271542748,-6.));
#6105=CARTESIAN_POINT('Origin',(-104.252081288546,22.1552271542748,-2.));
#6106=CARTESIAN_POINT('',(-52.126033651071,22.1552271542748,-2.));
#6107=CARTESIAN_POINT('Origin',(-15.2520812885462,3.15522715427483,-2.));
#6108=CARTESIAN_POINT('',(-7.62603365107095,3.15522715427483,-2.));
#6109=CARTESIAN_POINT('Origin',(91.9469595139913,40.7329271853679,0.));
#6110=CARTESIAN_POINT('',(92.3353764243941,37.758178069272,4.5));
#6111=CARTESIAN_POINT('',(89.3284712069474,39.2688510309706,4.5));
#6112=CARTESIAN_POINT('Origin',(91.9469595139913,40.7329271853679,4.5));
#6113=CARTESIAN_POINT('',(89.3284712069474,39.2688510309706,0.));
#6114=CARTESIAN_POINT('',(89.3284712069474,39.2688510309706,0.));
#6115=CARTESIAN_POINT('',(92.3353764243941,37.758178069272,0.));
#6116=CARTESIAN_POINT('Origin',(91.9469595139913,40.7329271853679,0.));
#6117=CARTESIAN_POINT('',(92.3353764243941,37.758178069272,0.));
#6118=CARTESIAN_POINT('Origin',(84.0780377873863,36.3331746144856,0.));
#6119=CARTESIAN_POINT('',(83.8939492877835,42.3457745961794,4.5));
#6120=CARTESIAN_POINT('Origin',(84.0780377873863,36.3331746144856,4.5));
#6121=CARTESIAN_POINT('',(83.8939492877835,42.3457745961794,0.));
#6122=CARTESIAN_POINT('',(83.8939492877835,42.3457745961794,0.));
#6123=CARTESIAN_POINT('Origin',(84.0780377873863,36.3331746144856,0.));
#6124=CARTESIAN_POINT('Origin',(1.39864043124938E-5,-1.1938619642656,4.5));
#6125=CARTESIAN_POINT('',(103.352514526276,39.1967003029153,4.5));
#6126=CARTESIAN_POINT('',(96.6705273898495,38.3242244410555,4.5));
#6127=CARTESIAN_POINT('',(110.105238797194,33.7840177088715,4.5));
#6128=CARTESIAN_POINT('Origin',(104.1293425149,33.247246737362,4.5));
#6129=CARTESIAN_POINT('',(114.151945774179,-11.2681599662663,4.5));
#6130=CARTESIAN_POINT('',(112.128592285686,11.2579288713026,4.5));
#6131=CARTESIAN_POINT('',(108.017352311046,-17.8118316288409,4.5));
#6132=CARTESIAN_POINT('Origin',(108.176855039705,-11.8139827880081,4.5));
#6133=CARTESIAN_POINT('',(84.3864053149776,-17.2579109258006,4.5));
#6134=CARTESIAN_POINT('',(94.5253260532334,-17.4955720785398,4.5));
#6135=CARTESIAN_POINT('',(81.3276812825884,-20.5204015265492,4.5));
#6136=CARTESIAN_POINT('Origin',(84.3161031910365,-20.2570870812422,4.5));
#6137=CARTESIAN_POINT('',(82.2157924538605,-30.59979872131,4.5));
#6138=CARTESIAN_POINT('',(81.6245425987078,-23.8895553146288,4.5));
#6139=CARTESIAN_POINT('',(76.9801577756182,-37.0686610473318,4.5));
#6140=CARTESIAN_POINT('Origin',(76.2379043865373,-31.1147249792382,4.5));
#6141=CARTESIAN_POINT('',(29.9060892854857,-42.9371968318712,4.5));
#6142=CARTESIAN_POINT('',(53.4431235305519,-40.0029289396015,4.5));
#6143=CARTESIAN_POINT('',(-0.0016311688163656,-43.0261600694234,4.5));
#6144=CARTESIAN_POINT('',(14.9522290583347,-42.9816784506473,4.5));
#6145=CARTESIAN_POINT('',(-29.6018252617866,-43.0251436583543,4.5));
#6146=CARTESIAN_POINT('',(-14.8017282153015,-43.0256518638889,4.5));
#6147=CARTESIAN_POINT('',(-76.9751789280674,-37.0698826913361,4.5));
#6148=CARTESIAN_POINT('',(-53.288502094927,-40.0475131748452,4.5));
#6149=CARTESIAN_POINT('',(-82.215987570831,-30.6032009046608,4.5));
#6150=CARTESIAN_POINT('Origin',(-76.237845664519,-31.1153223634047,4.5));
#6151=CARTESIAN_POINT('',(-81.3323709429971,-20.557682456502,4.5));
#6152=CARTESIAN_POINT('',(-81.6275470823164,-23.9134334231368,4.5));
#6153=CARTESIAN_POINT('',(-84.3852251339465,-17.2955047567601,4.5));
#6154=CARTESIAN_POINT('Origin',(-84.3208320794439,-20.2948135995657,4.5));
#6155=CARTESIAN_POINT('',(-108.032326032599,-17.8031914061855,4.5));
#6156=CARTESIAN_POINT('',(-94.5357163132004,-17.5134286738992,4.5));
#6157=CARTESIAN_POINT('',(-114.151945095621,-11.2681687498818,4.5));
#6158=CARTESIAN_POINT('Origin',(-108.176032407187,-11.804941195035,4.5));
#6159=CARTESIAN_POINT('',(-110.105238574647,33.7840038484243,4.5));
#6160=CARTESIAN_POINT('',(-112.128591835134,11.2579175492713,4.5));
#6161=CARTESIAN_POINT('',(-103.352514307283,39.1966915793031,4.5));
#6162=CARTESIAN_POINT('Origin',(-104.129337415882,33.2472324388969,4.5));
#6163=CARTESIAN_POINT('',(-92.3352746029286,37.7581664641045,4.5));
#6164=CARTESIAN_POINT('',(-96.6704770107867,38.324215466443,4.5));
#6165=CARTESIAN_POINT('',(-89.3283716120093,39.2688407345056,4.5));
#6166=CARTESIAN_POINT('Origin',(-91.9468604495113,40.7329159401824,4.5));
#6167=CARTESIAN_POINT('',(-83.8938485484199,42.3457658107064,4.5));
#6168=CARTESIAN_POINT('Origin',(-84.077937758297,36.3331665723047,4.5));
#6169=CARTESIAN_POINT('',(-58.7805485484199,41.5768658107065,4.5));
#6170=CARTESIAN_POINT('',(-71.3371985484199,41.9613158107065,4.5));
#6171=CARTESIAN_POINT('',(-43.4545413536601,39.9257053924204,4.5));
#6172=CARTESIAN_POINT('Origin',(-61.8581881161728,-58.9429491936496,4.5));
#6173=CARTESIAN_POINT('',(-15.4660496805817,34.7158609141743,4.5));
#6174=CARTESIAN_POINT('',(-29.4602955171209,37.3207831532973,4.5));
#6175=CARTESIAN_POINT('',(-14.2405491867984,33.2411924568499,4.5));
#6176=CARTESIAN_POINT('Origin',(-15.7405479782883,33.2411924568499,4.5));
#6177=CARTESIAN_POINT('',(-14.2405491867984,32.5922043656987,4.5));
#6178=CARTESIAN_POINT('',(-14.2405491867984,-1.1938619642656,4.5));
#6179=CARTESIAN_POINT('',(-13.7405491867984,32.0922043656988,4.5));
#6180=CARTESIAN_POINT('Origin',(-13.7405491867984,32.5922043656987,4.5));
#6181=CARTESIAN_POINT('',(-7.7405491867984,32.0922043656988,4.5));
#6182=CARTESIAN_POINT('',(1.39864043124938E-5,32.0922043656988,4.5));
#6183=CARTESIAN_POINT('',(-7.7405491867984,38.7184173699733,4.5));
#6184=CARTESIAN_POINT('',(-7.7405491867984,-1.1938619642656,4.5));
#6185=CARTESIAN_POINT('',(-12.2405491867984,38.7184173699733,4.5));
#6186=CARTESIAN_POINT('',(1.39864043124938E-5,38.7184173699733,4.5));
#6187=CARTESIAN_POINT('',(-14.5510546177059,39.6314263989291,4.5));
#6188=CARTESIAN_POINT('Origin',(-15.7405479782882,33.2411924568501,4.5));
#6189=CARTESIAN_POINT('',(-42.5395462907843,44.8412708771752,4.5));
#6190=CARTESIAN_POINT('',(-28.5453004542451,42.2363486380522,4.5));
#6191=CARTESIAN_POINT('',(-58.6275340374295,46.574523918203,4.5));
#6192=CARTESIAN_POINT('Origin',(-61.8581881161728,-58.9429491936498,4.5));
#6193=CARTESIAN_POINT('',(-83.7408340374295,47.343423918203,4.5));
#6194=CARTESIAN_POINT('',(-71.1841840374295,46.958973918203,4.5));
#6195=CARTESIAN_POINT('',(-92.9373186305561,43.8792170076268,4.5));
#6196=CARTESIAN_POINT('Origin',(-84.135530771304,34.4521019168891,4.5));
#6197=CARTESIAN_POINT('',(-102.705157384921,45.1546073727661,4.5));
#6198=CARTESIAN_POINT('',(-97.8212380077383,44.5169121901964,4.5));
#6199=CARTESIAN_POINT('',(-115.08518953086,34.2313163496064,4.5));
#6200=CARTESIAN_POINT('Origin',(-104.124296885967,34.2858363713043,4.5));
#6201=CARTESIAN_POINT('',(-119.131896051834,-10.8208562486997,4.5));
#6202=CARTESIAN_POINT('',(-117.108542791347,11.7052300504534,4.5));
#6203=CARTESIAN_POINT('',(-107.918162772887,-24.4018896187301,4.5));
#6204=CARTESIAN_POINT('Origin',(-106.657961198823,-11.9412984072157,4.5));
#6205=CARTESIAN_POINT('',(-86.5078032856166,-23.9325491652648,4.5));
#6206=CARTESIAN_POINT('',(-97.2129830292521,-24.1672193919975,4.5));
#6207=CARTESIAN_POINT('',(-87.1967631834414,-30.1650855228093,4.5));
#6208=CARTESIAN_POINT('',(-86.852283234529,-27.048817344037,4.5));
#6209=CARTESIAN_POINT('',(-77.5988096137473,-42.0308433102907,4.5));
#6210=CARTESIAN_POINT('Origin',(-76.237845664519,-31.1153223634047,4.5));
#6211=CARTESIAN_POINT('',(-29.9085327350198,-49.7361704516933,4.5));
#6212=CARTESIAN_POINT('',(-53.7536711698902,-45.8835068168197,4.5));
#6213=CARTESIAN_POINT('',(5.00206922551824E-5,-49.7371974522082,4.5));
#6214=CARTESIAN_POINT('',(-14.9542413571637,-49.7366839519507,4.5));
#6215=CARTESIAN_POINT('',(30.2165597108667,-49.7371974521618,4.5));
#6216=CARTESIAN_POINT('',(1.39864043124938E-5,-49.7371974522082,4.5));
#6217=CARTESIAN_POINT('',(77.5986999435555,-42.0302549737825,4.5));
#6218=CARTESIAN_POINT('',(53.9076332483472,-45.8837260975879,4.5));
#6219=CARTESIAN_POINT('',(87.1968606984541,-30.1650845139381,4.5));
#6220=CARTESIAN_POINT('Origin',(76.2379043865374,-31.1147249792382,4.5));
#6221=CARTESIAN_POINT('',(86.504650474268,-23.9089370571737,4.5));
#6222=CARTESIAN_POINT('',(86.850755586361,-27.0370107855558,4.5));
#6223=CARTESIAN_POINT('',(107.900182104589,-24.4104585545794,4.5));
#6224=CARTESIAN_POINT('',(97.2024162894286,-24.1596978058766,4.5));
#6225=CARTESIAN_POINT('',(119.131896730395,-10.8208474650842,4.5));
#6226=CARTESIAN_POINT('Origin',(106.651182301404,-11.9418985832288,4.5));
#6227=CARTESIAN_POINT('',(115.08518975341,34.2313302100542,4.5));
#6228=CARTESIAN_POINT('',(117.108543241902,11.7052413724851,4.5));
#6229=CARTESIAN_POINT('',(102.705153008938,45.1546154964084,4.5));
#6230=CARTESIAN_POINT('Origin',(104.124301955784,34.2858506147247,4.5));
#6231=CARTESIAN_POINT('',(92.9374164405755,43.8792292666978,4.5));
#6232=CARTESIAN_POINT('',(97.8212847247569,44.5169223815531,4.5));
#6233=CARTESIAN_POINT('',(83.7409353855168,47.3434327223134,4.5));
#6234=CARTESIAN_POINT('Origin',(84.1356306775552,34.4521064808274,4.5));
#6235=CARTESIAN_POINT('',(58.5978649976212,46.5736243004648,4.5));
#6236=CARTESIAN_POINT('',(71.169400191569,46.9585285113891,4.5));
#6237=CARTESIAN_POINT('',(42.5688562441091,44.8467263989291,4.5));
#6238=CARTESIAN_POINT('Origin',(61.8166600356525,-58.5569353407031,4.5));
#6239=CARTESIAN_POINT('',(14.5510562441091,39.6314263989291,4.5));
#6240=CARTESIAN_POINT('',(28.5599562441092,42.239076398929,4.5));
#6241=CARTESIAN_POINT('',(12.2405508132016,38.7184173699733,4.5));
#6242=CARTESIAN_POINT('Origin',(15.7405496046915,33.2411924568499,4.5));
#6243=CARTESIAN_POINT('',(7.74055081320162,38.7184173699733,4.5));
#6244=CARTESIAN_POINT('',(1.39864043124938E-5,38.7184173699733,4.5));
#6245=CARTESIAN_POINT('',(7.74055081320162,32.0922043656988,4.5));
#6246=CARTESIAN_POINT('',(7.74055081320162,-1.1938619642656,4.5));
#6247=CARTESIAN_POINT('',(13.7405508132016,32.0922043656988,4.5));
#6248=CARTESIAN_POINT('',(1.39864043124938E-5,32.0922043656988,4.5));
#6249=CARTESIAN_POINT('',(14.2405508132016,32.5922043656987,4.5));
#6250=CARTESIAN_POINT('Origin',(13.7405508132016,32.5922043656987,4.5));
#6251=CARTESIAN_POINT('',(14.2405508132016,33.2411924568499,4.5));
#6252=CARTESIAN_POINT('',(14.2405508132016,-1.1938619642656,4.5));
#6253=CARTESIAN_POINT('',(15.466051306985,34.7158609141743,4.5));
#6254=CARTESIAN_POINT('Origin',(15.7405496046915,33.2411924568499,4.5));
#6255=CARTESIAN_POINT('',(43.4838513069849,39.9311609141743,4.5));
#6256=CARTESIAN_POINT('',(29.474951306985,37.3235109141743,4.5));
#6257=CARTESIAN_POINT('',(58.7508788998879,41.5759661743308,4.5));
#6258=CARTESIAN_POINT('Origin',(61.8166600356524,-58.5569353407018,4.5));
#6259=CARTESIAN_POINT('',(71.3224140938357,41.9608703852551,4.5));
#6260=CARTESIAN_POINT('',(-73.2871985484199,44.4613158107064,4.5));
#6261=CARTESIAN_POINT('Origin',(-71.3371985484199,44.4613158107064,4.5));
#6262=CARTESIAN_POINT('',(69.3724140938357,44.4608703852551,4.5));
#6263=CARTESIAN_POINT('Origin',(71.3224140938357,44.4608703852551,4.5));
#6264=CARTESIAN_POINT('',(-111.326250757765,40.5049181355258,4.5));
#6265=CARTESIAN_POINT('Origin',(-109.376250757765,40.5049181355258,4.5));
#6266=CARTESIAN_POINT('',(107.426248965787,40.5049319715899,4.5));
#6267=CARTESIAN_POINT('Origin',(109.376248965787,40.5049319715899,4.5));
#6268=CARTESIAN_POINT('',(-116.265483795165,-17.9154252339532,4.5));
#6269=CARTESIAN_POINT('Origin',(-114.315483795165,-17.9154252339532,4.5));
#6270=CARTESIAN_POINT('',(-12.6905491867984,35.5922043656988,4.5));
#6271=CARTESIAN_POINT('Origin',(-10.7405491867984,35.5922043656988,4.5));
#6272=CARTESIAN_POINT('',(8.7905508132016,35.5922043656988,4.5));
#6273=CARTESIAN_POINT('Origin',(10.7405508132016,35.5922043656988,4.5));
#6274=CARTESIAN_POINT('',(-84.740267701985,-36.0331905706513,4.5));
#6275=CARTESIAN_POINT('Origin',(-82.790267701985,-36.0331905706513,4.5));
#6276=CARTESIAN_POINT('',(80.8400756136743,-36.0328828092943,4.5));
#6277=CARTESIAN_POINT('Origin',(82.7900756136743,-36.0328828092943,4.5));
#6278=CARTESIAN_POINT('',(-1.94994997930774,-46.7371974522082,4.5));
#6279=CARTESIAN_POINT('Origin',(5.0020692254904E-5,-46.7371974522082,4.5));
#6280=CARTESIAN_POINT('',(112.360149410533,-17.92496457646,4.5));
#6281=CARTESIAN_POINT('Origin',(114.310149410533,-17.92496457646,4.5));
#6282=CARTESIAN_POINT('Origin',(84.3161031910365,-20.2570870812422,0.));
#6283=CARTESIAN_POINT('',(84.3864053149776,-17.2579109258006,0.));
#6284=CARTESIAN_POINT('',(84.3864053149776,-17.2579109258006,0.));
#6285=CARTESIAN_POINT('',(81.3276812825884,-20.5204015265492,0.));
#6286=CARTESIAN_POINT('Origin',(84.3161031910365,-20.2570870812422,0.));
#6287=CARTESIAN_POINT('',(81.3276812825884,-20.5204015265492,0.));
#6288=CARTESIAN_POINT('Origin',(94.5253260532334,-17.4955720785398,0.));
#6289=CARTESIAN_POINT('',(108.017352311046,-17.8118316288409,0.));
#6290=CARTESIAN_POINT('',(108.017352311046,-17.8118316288409,0.));
#6291=CARTESIAN_POINT('',(103.776852125074,-17.7124322757533,0.));
#6292=CARTESIAN_POINT('',(94.5253260532334,-17.4955720785398,0.));
#6293=CARTESIAN_POINT('',(103.776852125074,-17.7124322757533,-2.));
#6294=CARTESIAN_POINT('',(103.776852125074,-17.7124322757533,0.));
#6295=CARTESIAN_POINT('',(94.5253260532334,-17.4955720785398,-2.));
#6296=CARTESIAN_POINT('',(94.5253260532334,-17.4955720785398,-2.));
#6297=CARTESIAN_POINT('',(94.5253260532334,-17.4955720785398,0.));
#6298=CARTESIAN_POINT('',(94.5253260532334,-17.4955720785398,0.));
#6299=CARTESIAN_POINT('',(94.5253260532334,-17.4955720785398,0.));
#6300=CARTESIAN_POINT('Origin',(-84.3208320794439,-20.2948135995657,0.));
#6301=CARTESIAN_POINT('',(-81.3323709429971,-20.557682456502,0.));
#6302=CARTESIAN_POINT('',(-81.3323709429971,-20.557682456502,0.));
#6303=CARTESIAN_POINT('',(-84.3852251339465,-17.2955047567601,0.));
#6304=CARTESIAN_POINT('Origin',(-84.3208320794439,-20.2948135995657,0.));
#6305=CARTESIAN_POINT('',(-84.3852251339465,-17.2955047567601,0.));
#6306=CARTESIAN_POINT('Origin',(-94.5357163132004,-17.5134286738992,0.));
#6307=CARTESIAN_POINT('',(-94.5357163132005,-17.5134286738992,0.));
#6308=CARTESIAN_POINT('',(-94.5357163132004,-17.5134286738992,0.));
#6309=CARTESIAN_POINT('',(-94.5357163132004,-17.5134286738992,-2.));
#6310=CARTESIAN_POINT('',(-94.5357163132004,-17.5134286738992,0.));
#6311=CARTESIAN_POINT('',(-103.791012880143,-17.7121333913886,-2.));
#6312=CARTESIAN_POINT('',(-94.5357163132004,-17.5134286738992,-2.));
#6313=CARTESIAN_POINT('',(-103.791012880143,-17.7121333913886,0.));
#6314=CARTESIAN_POINT('',(-103.791012880143,-17.7121333913886,0.));
#6315=CARTESIAN_POINT('',(-108.032326032599,-17.8031914061855,0.));
#6316=CARTESIAN_POINT('',(-94.5357163132004,-17.5134286738992,0.));
#6317=CARTESIAN_POINT('',(-108.032326032599,-17.8031914061855,0.));
#6318=CARTESIAN_POINT('Origin',(-91.9468604495113,40.7329159401824,0.));
#6319=CARTESIAN_POINT('',(-92.3352746029286,37.7581664641045,0.));
#6320=CARTESIAN_POINT('',(-92.3352746029286,37.7581664641045,0.));
#6321=CARTESIAN_POINT('',(-89.3283716120093,39.2688407345056,0.));
#6322=CARTESIAN_POINT('Origin',(-91.9468604495113,40.7329159401824,0.));
#6323=CARTESIAN_POINT('',(-89.3283716120093,39.2688407345056,0.));
#6324=CARTESIAN_POINT('Origin',(-84.077937758297,36.3331665723047,0.));
#6325=CARTESIAN_POINT('',(-83.8938485484199,42.3457658107064,0.));
#6326=CARTESIAN_POINT('Origin',(-84.077937758297,36.3331665723047,0.));
#6327=CARTESIAN_POINT('',(-83.8938485484199,42.3457658107064,0.));
#6328=CARTESIAN_POINT('Origin',(-30.8111608087725,-47.5643959102634,-1.03383021935899));
#6329=CARTESIAN_POINT('',(-29.908521382679,-49.7361704520831,-1.015775987379));
#6330=CARTESIAN_POINT('Origin',(-29.7479693266119,-47.7361759639383,-1.01577540818359));
#6331=CARTESIAN_POINT('',(-29.9085327350198,-49.7361704516933,-1.01308482539976));
#6332=CARTESIAN_POINT('Origin',(-17.3668172115658,-49.7366011089533,-0.80552225311057));
#6333=CARTESIAN_POINT('',(-77.5988096047606,-42.030843181946,-1.82294735555831));
#6334=CARTESIAN_POINT('',(-31.1301642401762,-49.5387912128188,-1.03383021935899));
#6335=CARTESIAN_POINT('',(-77.5987946373254,-42.0308453070472,-1.82402323994876));
#6336=CARTESIAN_POINT('Ctrl Pts',(-77.5988025850858,-42.0308443161163,-1.82294735554679));
#6337=CARTESIAN_POINT('Ctrl Pts',(-77.5988025844977,-42.0308443161896,-1.82330682043981));
#6338=CARTESIAN_POINT('Ctrl Pts',(-77.5987999246968,-42.0308446478169,-1.82366536696059));
#6339=CARTESIAN_POINT('Ctrl Pts',(-77.5987946373257,-42.0308453070471,-1.82402323994877));
#6340=CARTESIAN_POINT('Ctrl Pts',(-77.3172748429156,-40.2594509857291,-3.81262742843709));
#6341=CARTESIAN_POINT('Ctrl Pts',(-77.3176814046611,-40.2623002493021,-3.81232795876818));
#6342=CARTESIAN_POINT('Ctrl Pts',(-77.3180879654014,-40.2651486919517,-3.81202188452763));
#6343=CARTESIAN_POINT('Ctrl Pts',(-77.3184945225737,-40.2679962975402,-3.81170921894139));
#6344=CARTESIAN_POINT('Ctrl Pts',(-77.3288080726246,-40.3402344100759,-3.80377751242442));
#6345=CARTESIAN_POINT('Ctrl Pts',(-77.3390950641256,-40.4117674258256,-3.79162684711819));
#6346=CARTESIAN_POINT('Ctrl Pts',(-77.3493145573891,-40.4823382424878,-3.77550332611667));
#6347=CARTESIAN_POINT('Ctrl Pts',(-77.3597880730542,-40.5546632134778,-3.7589790283425));
#6348=CARTESIAN_POINT('Ctrl Pts',(-77.37019079745,-40.6259784001529,-3.73828162890955));
#6349=CARTESIAN_POINT('Ctrl Pts',(-77.3804775242754,-40.6959989072079,-3.71362137361142));
#6350=CARTESIAN_POINT('Ctrl Pts',(-77.390626660018,-40.7650828483808,-3.68929096387896));
#6351=CARTESIAN_POINT('Ctrl Pts',(-77.4006629749808,-40.8329072769618,-3.66110241985649));
#6352=CARTESIAN_POINT('Ctrl Pts',(-77.4105404814525,-40.8991787857709,-3.62921213253149));
#6353=CARTESIAN_POINT('Ctrl Pts',(-77.4205452397502,-40.9663040698259,-3.59691100292462));
#6354=CARTESIAN_POINT('Ctrl Pts',(-77.4303405572957,-41.0315221320855,-3.5609634909863));
#6355=CARTESIAN_POINT('Ctrl Pts',(-77.4398823727707,-41.0945550507486,-3.52158963253432));
#6356=CARTESIAN_POINT('Ctrl Pts',(-77.4493971686919,-41.1574094791292,-3.48232726901644));
#6357=CARTESIAN_POINT('Ctrl Pts',(-77.4586599974644,-41.2180919368712,-3.439657396917));
#6358=CARTESIAN_POINT('Ctrl Pts',(-77.467624686324,-41.2763036313702,-3.39375267881088));
#6359=CARTESIAN_POINT('Ctrl Pts',(-77.4763190416943,-41.3327599308145,-3.34923223436047));
#6360=CARTESIAN_POINT('Ctrl Pts',(-77.4847330421132,-41.386892821417,-3.30166847751146));
#6361=CARTESIAN_POINT('Ctrl Pts',(-77.4928209606173,-41.438397814122,-3.25118482549319));
#6362=CARTESIAN_POINT('Ctrl Pts',(-77.5011860222455,-41.491667692883,-3.19897128499566));
#6363=CARTESIAN_POINT('Ctrl Pts',(-77.5091601879612,-41.5418562963124,-3.14389907364772));
#6364=CARTESIAN_POINT('Ctrl Pts',(-77.5166996876509,-41.5886800546814,-3.08615822775182));
#6365=CARTESIAN_POINT('Ctrl Pts',(-77.520352196698,-41.6113638146263,-3.05818568703857));
#6366=CARTESIAN_POINT('Ctrl Pts',(-77.5239026519388,-41.6332574345625,-3.02958620403917));
#6367=CARTESIAN_POINT('Ctrl Pts',(-77.5273457880625,-41.6543257533336,-3.00037808423774));
#6368=CARTESIAN_POINT('Ctrl Pts',(-77.5344345453411,-41.6977013831876,-2.94024416434592));
#6369=CARTESIAN_POINT('Ctrl Pts',(-77.5410687111682,-41.737581786173,-2.87753213840477));
#6370=CARTESIAN_POINT('Ctrl Pts',(-77.5472273636386,-41.7738810517908,-2.81260544836793));
#6371=CARTESIAN_POINT('Ctrl Pts',(-77.5532867062331,-41.8095949822914,-2.74872571812704));
#6372=CARTESIAN_POINT('Ctrl Pts',(-77.5588857822037,-41.8418425111559,-2.68270120136652));
#6373=CARTESIAN_POINT('Ctrl Pts',(-77.5639999215836,-41.8704967014248,-2.61485891611975));
#6374=CARTESIAN_POINT('Ctrl Pts',(-77.5691851649443,-41.8995492826731,-2.54607339170919));
#6375=CARTESIAN_POINT('Ctrl Pts',(-77.57384395032,-41.9247502385838,-2.47579320252523));
#6376=CARTESIAN_POINT('Ctrl Pts',(-77.5779604777213,-41.9460431933046,-2.40439299881921));
#6377=CARTESIAN_POINT('Ctrl Pts',(-77.5820937597321,-41.9674228121248,-2.33270219033629));
#6378=CARTESIAN_POINT('Ctrl Pts',(-77.5856804101897,-41.9848628630626,-2.25988125604051));
#6379=CARTESIAN_POINT('Ctrl Pts',(-77.5886996941228,-41.9982587055754,-2.18628768642908));
#6380=CARTESIAN_POINT('Ctrl Pts',(-77.5916657205591,-42.0114182572808,-2.11399224225994));
#6381=CARTESIAN_POINT('Ctrl Pts',(-77.594084249261,-42.0206751545767,-2.04095023355956));
#6382=CARTESIAN_POINT('Ctrl Pts',(-77.5959304987687,-42.0258813224736,-1.96749394114035));
#6383=CARTESIAN_POINT('Ctrl Pts',(-77.5968475041484,-42.0284671506347,-1.93100926501957));
#6384=CARTESIAN_POINT('Ctrl Pts',(-77.59762324746,-42.0300529016927,-1.89442237039293));
#6385=CARTESIAN_POINT('Ctrl Pts',(-77.5982541742762,-42.0306156503691,-1.85777443195739));
#6386=CARTESIAN_POINT('Ctrl Pts',(-77.5984478494406,-42.0307883969375,-1.84652463987636));
#6387=CARTESIAN_POINT('Ctrl Pts',(-77.5986277772973,-42.0308646508435,-1.83527388219807));
#6388=CARTESIAN_POINT('Ctrl Pts',(-77.5987938789003,-42.0308439339332,-1.82402335802893));
#6389=CARTESIAN_POINT('Origin',(1.39864044046423E-5,-47.7371974522082,-1.01566804544016));
#6390=CARTESIAN_POINT('',(30.2165481345028,-49.7371974522082,-1.01566804544016));
#6391=CARTESIAN_POINT('',(5.00206922551824E-5,-49.7371974522082,-1.01566804544016));
#6392=CARTESIAN_POINT('',(1.39864044046423E-5,-49.7371974522082,-1.01566804544016));
#6393=CARTESIAN_POINT('Ctrl Pts',(5.00206922551824E-5,-49.7371974522082,
-1.01566804544016));
#6394=CARTESIAN_POINT('Ctrl Pts',(5.0893939050696E-5,-49.7371974522082,
-1.09023541496044));
#6395=CARTESIAN_POINT('Ctrl Pts',(5.17671858462095E-5,-49.733022890515,
-1.16480259007943));
#6396=CARTESIAN_POINT('Ctrl Pts',(5.26404326417231E-5,-49.7246998314742,
-1.23890400224802));
#6397=CARTESIAN_POINT('Ctrl Pts',(5.35136525304011E-5,-49.7163770288869,
-1.31300313117374));
#6398=CARTESIAN_POINT('Ctrl Pts',(5.43868724190792E-5,-49.7039060282568,
-1.38663613954963));
#6399=CARTESIAN_POINT('Ctrl Pts',(5.52600923077572E-5,-49.6873646888904,
-1.4593433196794));
#6400=CARTESIAN_POINT('Ctrl Pts',(5.61332874261107E-5,-49.6708238187464,
-1.53204843734991));
#6401=CARTESIAN_POINT('Ctrl Pts',(5.70064825444643E-5,-49.6502129272556,
-1.60382740033441));
#6402=CARTESIAN_POINT('Ctrl Pts',(5.78796776628179E-5,-49.6256606856367,
-1.6742321015417));
#6403=CARTESIAN_POINT('Ctrl Pts',(5.87528501467183E-5,-49.6011090804465,
-1.7446349777595));
#6404=CARTESIAN_POINT('Ctrl Pts',(5.96260226306186E-5,-49.5726164576447,
-1.81366329654098));
#6405=CARTESIAN_POINT('Ctrl Pts',(6.0499195114519E-5,-49.5403606839087,
-1.88088614502155));
#6406=CARTESIAN_POINT('Ctrl Pts',(6.13723470992526E-5,-49.5081056674303,
-1.94810741533469));
#6407=CARTESIAN_POINT('Ctrl Pts',(6.22454990839862E-5,-49.4720878450057,
-2.01352294984739));
#6408=CARTESIAN_POINT('Ctrl Pts',(6.31186510687198E-5,-49.4325320492244,
-2.07672440782619));
#6409=CARTESIAN_POINT('Ctrl Pts',(6.40036522270484E-5,-49.3924394585906,
-2.14078354586544));
#6410=CARTESIAN_POINT('Ctrl Pts',(6.48886533853771E-5,-49.3487123313982,
-2.20256769711219));
#6411=CARTESIAN_POINT('Ctrl Pts',(6.57736545437057E-5,-49.3016310679775,
-2.26168067051708));
#6412=CARTESIAN_POINT('Ctrl Pts',(6.66469328297003E-5,-49.2551734507918,
-2.32001062365811));
#6413=CARTESIAN_POINT('Ctrl Pts',(6.75202111156949E-5,-49.2054503066597,
-2.37573945864725));
#6414=CARTESIAN_POINT('Ctrl Pts',(6.83934894016895E-5,-49.1527721099762,
-2.42851920118343));
#6415=CARTESIAN_POINT('Ctrl Pts',(6.92667113896651E-5,-49.1000973093214,
-2.48129554114451));
#6416=CARTESIAN_POINT('Ctrl Pts',(7.01399333776408E-5,-49.0444681121557,
-2.5311228940992));
#6417=CARTESIAN_POINT('Ctrl Pts',(7.10131553656164E-5,-48.9862318259349,
-2.57769017500462));
#6418=CARTESIAN_POINT('Ctrl Pts',(7.18863296022803E-5,-48.92799872431,-2.62425490942269));
#6419=CARTESIAN_POINT('Ctrl Pts',(7.27595038389441E-5,-48.8671591226085,
-2.66755968596698));
#6420=CARTESIAN_POINT('Ctrl Pts',(7.3632678075608E-5,-48.8040928167256,
-2.70733417123786));
#6421=CARTESIAN_POINT('Ctrl Pts',(7.45265114750246E-5,-48.7395343721345,
-2.74804971446729));
#6422=CARTESIAN_POINT('Ctrl Pts',(7.54203448744412E-5,-48.6726428509007,
-2.78506552884901));
#6423=CARTESIAN_POINT('Ctrl Pts',(7.63141782738578E-5,-48.6038557825524,
-2.81813949831953));
#6424=CARTESIAN_POINT('Ctrl Pts',(7.71874027300676E-5,-48.5366547242881,
-2.85045088769526));
#6425=CARTESIAN_POINT('Ctrl Pts',(7.80606271862774E-5,-48.4676449745176,
-2.87900012139101));
#6426=CARTESIAN_POINT('Ctrl Pts',(7.89338516424872E-5,-48.3972573813758,
-2.90360895815623));
#6427=CARTESIAN_POINT('Ctrl Pts',(7.98379895135072E-5,-48.3243779651423,
-2.92908898350705));
#6428=CARTESIAN_POINT('Ctrl Pts',(8.07421273845272E-5,-48.2500217279236,
-2.95034422073135));
#6429=CARTESIAN_POINT('Ctrl Pts',(8.16462652555472E-5,-48.1746862808687,
-2.96723242429043));
#6430=CARTESIAN_POINT('Ctrl Pts',(8.25504031265672E-5,-48.0993508338138,
-2.9841206278495));
#6431=CARTESIAN_POINT('Ctrl Pts',(8.34545409975872E-5,-48.0230366283125,
-2.99664169655377));
#6432=CARTESIAN_POINT('Ctrl Pts',(8.43586788686072E-5,-47.9462543787435,
-3.0047118361767));
#6433=CARTESIAN_POINT('Origin',(30.05496654557,-47.7371974522082,-1.01566804544016));
#6434=CARTESIAN_POINT('Origin',(-7.47788967130043,-47.7369406736359,-1.01569503395564));
#6435=CARTESIAN_POINT('',(-7.47795834727366,-49.7369406724568,-1.01569503395564));
#6436=CARTESIAN_POINT('Ctrl Pts',(77.3143532418558,-40.2592001979635,-3.81265378729341));
#6437=CARTESIAN_POINT('Ctrl Pts',(79.2767264118958,-40.0227933187866,-3.83750115154084));
#6438=CARTESIAN_POINT('Ctrl Pts',(82.4014725682446,-38.5097672690173,-3.99652659743889));
#6439=CARTESIAN_POINT('Ctrl Pts',(84.9578958659639,-34.5319639946891,-4.41461056862446));
#6440=CARTESIAN_POINT('Ctrl Pts',(85.3180751624136,-31.859780927648,-4.6954683263757));
#6441=CARTESIAN_POINT('Ctrl Pts',(85.2043438679618,-30.5469902860494,-4.83344818282486));
#6442=CARTESIAN_POINT('Ctrl Pts',(77.38155054189,-40.8108989596373,-3.75466791085066));
#6443=CARTESIAN_POINT('Ctrl Pts',(79.4669500042671,-40.5607463248082,-3.78099659209295));
#6444=CARTESIAN_POINT('Ctrl Pts',(82.7883432319877,-38.9612573098901,-3.94850857650326));
#6445=CARTESIAN_POINT('Ctrl Pts',(85.5237407303471,-34.7404770463252,-4.39266289394129));
#6446=CARTESIAN_POINT('Ctrl Pts',(85.9193275727026,-31.8961182666266,-4.69140084378945));
#6447=CARTESIAN_POINT('Ctrl Pts',(85.8039579626561,-30.495611357778,-4.8388483257896));
#6448=CARTESIAN_POINT('Ctrl Pts',(77.49819135698,-41.7231255530651,-3.22196899446228));
#6449=CARTESIAN_POINT('Ctrl Pts',(79.7958317574969,-41.4489641273532,-3.24904265538576));
#6450=CARTESIAN_POINT('Ctrl Pts',(83.4608666021794,-39.695486067282,-3.42244967851419));
#6451=CARTESIAN_POINT('Ctrl Pts',(86.5031563923571,-35.051258513918,-3.88038705931335));
#6452=CARTESIAN_POINT('Ctrl Pts',(86.960781199448,-31.9057539467788,-4.19014396615345));
#6453=CARTESIAN_POINT('Ctrl Pts',(86.8418350741674,-30.353555945849,-4.34276208714352));
#6454=CARTESIAN_POINT('Ctrl Pts',(77.5483332390325,-42.0364164432216,-2.24267146509687));
#6455=CARTESIAN_POINT('Ctrl Pts',(79.9376385492483,-41.7497506343502,-2.2681801686551));
#6456=CARTESIAN_POINT('Ctrl Pts',(83.7440594203915,-39.9164106260935,-2.43155773287752));
#6457=CARTESIAN_POINT('Ctrl Pts',(86.8789674535802,-35.0786089689667,-2.86149152786729));
#6458=CARTESIAN_POINT('Ctrl Pts',(87.3330563945137,-31.817635882534,-3.15099948046156));
#6459=CARTESIAN_POINT('Ctrl Pts',(87.2009377555818,-30.2121456091709,-3.29332662935806));
#6460=CARTESIAN_POINT('Ctrl Pts',(77.5535634456469,-42.0357863608081,-1.82360999655686));
#6461=CARTESIAN_POINT('Ctrl Pts',(79.9520183520372,-41.7468447629902,-1.8484573608043));
#6462=CARTESIAN_POINT('Ctrl Pts',(83.7711506477393,-39.8975916199239,-2.00748280670234));
#6463=CARTESIAN_POINT('Ctrl Pts',(86.8956664609576,-35.0358344752452,-2.42556677788791));
#6464=CARTESIAN_POINT('Ctrl Pts',(87.3358853825873,-31.7698345697394,-2.70642453563916));
#6465=CARTESIAN_POINT('Ctrl Pts',(87.1968805361327,-30.1653134707573,-2.84440439208832));
#6466=CARTESIAN_POINT('',(77.598699733962,-42.0302541227228,-1.82408573814564));
#6467=CARTESIAN_POINT('Ctrl Pts',(77.598698355215,-42.0302505634787,-1.82408604422076));
#6468=CARTESIAN_POINT('Ctrl Pts',(77.5907679358897,-42.031240127802,-2.10453944515182));
#6469=CARTESIAN_POINT('Ctrl Pts',(77.5753362032186,-41.9718094998311,-2.38527602342301));
#6470=CARTESIAN_POINT('Ctrl Pts',(77.5538539910262,-41.859396912518,-2.64150619051961));
#6471=CARTESIAN_POINT('Ctrl Pts',(77.543241198317,-41.8038620599444,-2.76809080968665));
#6472=CARTESIAN_POINT('Ctrl Pts',(77.5311509164286,-41.7353963934832,-2.88869437298296));
#6473=CARTESIAN_POINT('Ctrl Pts',(77.5177534283421,-41.6548973757721,-3.00032816824627));
#6474=CARTESIAN_POINT('Ctrl Pts',(77.4949007733404,-41.5175868390614,-3.1907465954333));
#6475=CARTESIAN_POINT('Ctrl Pts',(77.4682483052992,-41.3452642550681,-3.35506699853227));
#6476=CARTESIAN_POINT('Ctrl Pts',(77.4394994284532,-41.1504216843996,-3.48567682080937));
#6477=CARTESIAN_POINT('Ctrl Pts',(77.4107458620976,-40.9555473310602,-3.61630794812765));
#6478=CARTESIAN_POINT('Ctrl Pts',(77.379895203102,-40.738145651555,-3.71321749575205));
#6479=CARTESIAN_POINT('Ctrl Pts',(77.3485998149849,-40.5107201160609,-3.76878956163607));
#6480=CARTESIAN_POINT('Ctrl Pts',(77.3372176834997,-40.4280054573258,-3.78900111991521));
#6481=CARTESIAN_POINT('Ctrl Pts',(77.3257762281586,-40.3439649163989,-3.80374465638474));
#6482=CARTESIAN_POINT('Ctrl Pts',(77.3143532418558,-40.2592001979635,-3.81265378729341));
#6483=CARTESIAN_POINT('',(87.1968829261175,-30.1653410585519,-2.844402019692));
#6484=CARTESIAN_POINT('Ctrl Pts',(85.2062472811042,-30.5692895225358,-4.83110443862695));
#6485=CARTESIAN_POINT('Ctrl Pts',(85.2096847397726,-30.5689585116209,-4.83113920527277));
#6486=CARTESIAN_POINT('Ctrl Pts',(85.2131219762819,-30.5686265064705,-4.83116446314912));
#6487=CARTESIAN_POINT('Ctrl Pts',(85.2165589615642,-30.5682935121753,-4.83118023270721));
#6488=CARTESIAN_POINT('Ctrl Pts',(85.2903426236613,-30.5611449396511,-4.83151876652389));
#6489=CARTESIAN_POINT('Ctrl Pts',(85.3639039519913,-30.5535514061795,-4.82748861063591));
#6490=CARTESIAN_POINT('Ctrl Pts',(85.4369567805848,-30.5455640247955,-4.81930101834186));
#6491=CARTESIAN_POINT('Ctrl Pts',(85.4975176858665,-30.5389424735599,-4.81251349195921));
#6492=CARTESIAN_POINT('Ctrl Pts',(85.5577294478564,-30.5320501176595,-4.80286765629854));
#6493=CARTESIAN_POINT('Ctrl Pts',(85.6174257226769,-30.5249138344249,-4.79045709675128));
#6494=CARTESIAN_POINT('Ctrl Pts',(85.6903795932534,-30.5161926958772,-4.77529034878058));
#6495=CARTESIAN_POINT('Ctrl Pts',(85.7623554468445,-30.5071322590658,-4.75603937535542));
#6496=CARTESIAN_POINT('Ctrl Pts',(85.8330545741186,-30.4977832213113,-4.73289812752861));
#6497=CARTESIAN_POINT('Ctrl Pts',(85.8899983181224,-30.4902531536415,-4.7142592935997));
#6498=CARTESIAN_POINT('Ctrl Pts',(85.9461139220614,-30.4825357399985,-4.69309557552261));
#6499=CARTESIAN_POINT('Ctrl Pts',(86.0012376120405,-30.4746558420643,-4.66948506973731));
#6500=CARTESIAN_POINT('Ctrl Pts',(86.0699692296333,-30.4648306991596,-4.6400460344437));
#6501=CARTESIAN_POINT('Ctrl Pts',(86.136872590501,-30.4547939925422,-4.60692736294111));
#6502=CARTESIAN_POINT('Ctrl Pts',(86.2016546434729,-30.4445964906528,-4.57033009553681));
#6503=CARTESIAN_POINT('Ctrl Pts',(86.2664943390672,-30.4343899150968,-4.53370026413728));
#6504=CARTESIAN_POINT('Ctrl Pts',(86.329209834849,-30.4240221376799,-4.49358518537176));
#6505=CARTESIAN_POINT('Ctrl Pts',(86.3894869682498,-30.4135408143303,-4.45013862354926));
#6506=CARTESIAN_POINT('Ctrl Pts',(86.4485257209168,-30.4032748275132,-4.40758466198958));
#6507=CARTESIAN_POINT('Ctrl Pts',(86.505225995826,-30.392899796338,-4.36183415645262));
#6508=CARTESIAN_POINT('Ctrl Pts',(86.5592613869927,-30.3824591429646,-4.31299338120272));
#6509=CARTESIAN_POINT('Ctrl Pts',(86.5852418991227,-30.3774392196188,-4.28951046886647));
#6510=CARTESIAN_POINT('Ctrl Pts',(86.6106058257609,-30.3724041164941,-4.26531264462881));
#6511=CARTESIAN_POINT('Ctrl Pts',(86.635313489159,-30.3673586629225,-4.24040902062733));
#6512=CARTESIAN_POINT('Ctrl Pts',(86.6825308161922,-30.3577166005598,-4.19281720509034));
#6513=CARTESIAN_POINT('Ctrl Pts',(86.7271202960533,-30.3480840745315,-4.14288349004913));
#6514=CARTESIAN_POINT('Ctrl Pts',(86.768860707594,-30.3384950804442,-4.09072405915009));
#6515=CARTESIAN_POINT('Ctrl Pts',(86.81443318598,-30.328025748455,-4.03377602127676));
#6516=CARTESIAN_POINT('Ctrl Pts',(86.8566106954237,-30.3176082370539,-3.97417501240418));
#6517=CARTESIAN_POINT('Ctrl Pts',(86.895322975944,-30.3072901170249,-3.91228605224253));
#6518=CARTESIAN_POINT('Ctrl Pts',(86.9345334015558,-30.2968392246358,-3.84960071219028));
#6519=CARTESIAN_POINT('Ctrl Pts',(86.9701892568556,-30.2864901688713,-3.7845672597893));
#6520=CARTESIAN_POINT('Ctrl Pts',(87.0021722937561,-30.2762928839026,-3.7175373323499));
#6521=CARTESIAN_POINT('Ctrl Pts',(87.020540835736,-30.2704363650983,-3.67904061173164));
#6522=CARTESIAN_POINT('Ctrl Pts',(87.0376970536755,-30.2646299267214,-3.63988492818631));
#6523=CARTESIAN_POINT('Ctrl Pts',(87.0536111091182,-30.2588833578096,-3.60013463810452));
#6524=CARTESIAN_POINT('Ctrl Pts',(87.0812650026133,-30.2488975308015,-3.53106046073462));
#6525=CARTESIAN_POINT('Ctrl Pts',(87.1050203438998,-30.2391466233245,-3.46056773642328));
#6526=CARTESIAN_POINT('Ctrl Pts',(87.1248079468785,-30.2296776044892,-3.38902881192531));
#6527=CARTESIAN_POINT('Ctrl Pts',(87.144628270088,-30.2201929279472,-3.3173715926487));
#6528=CARTESIAN_POINT('Ctrl Pts',(87.1604680353466,-30.2109909440998,-3.24466373099954));
#6529=CARTESIAN_POINT('Ctrl Pts',(87.1722098203395,-30.2021202032885,-3.17125879632454));
#6530=CARTESIAN_POINT('Ctrl Pts',(87.1837056496096,-30.1934352783023,-3.09939147827028));
#6531=CARTESIAN_POINT('Ctrl Pts',(87.1912735100102,-30.1850677557906,-3.02685505682163));
#6532=CARTESIAN_POINT('Ctrl Pts',(87.1947543669849,-30.1770662314602,-2.95397574741272));
#6533=CARTESIAN_POINT('Ctrl Pts',(87.1964954127078,-30.1730640504418,-2.91752316954011));
#6534=CARTESIAN_POINT('Ctrl Pts',(87.1972131997684,-30.169153491783,-2.88098480579989));
#6535=CARTESIAN_POINT('Ctrl Pts',(87.1968829261168,-30.1653410585517,-2.84440201969202));
#6536=CARTESIAN_POINT('Origin',(76.2379043865374,-31.1147249792382,-2.76276030293643));
#6537=CARTESIAN_POINT('Origin',(82.9353211144913,-9.83575659882372,-4.9992700018024));
#6538=CARTESIAN_POINT('',(86.4910487805296,-23.9086182269652,-3.73030338654007));
#6539=CARTESIAN_POINT('Origin',(84.2652871034945,-21.8558959278391,-3.73590244983936));
#6540=CARTESIAN_POINT('',(86.504650474268,-23.9089370571737,-3.49700173076163));
#6541=CARTESIAN_POINT('Origin',(84.4872130823477,-23.8616473595302,-3.52508947947842));
#6542=CARTESIAN_POINT('',(87.1968606984541,-30.1650845139381,-2.8394541366091));
#6543=CARTESIAN_POINT('',(84.9231901116535,-9.615809218477,-4.9992700018024));
#6544=CARTESIAN_POINT('Ctrl Pts',(87.1968606984544,-30.1650845139411,-2.8394541366091));
#6545=CARTESIAN_POINT('Ctrl Pts',(87.1968606984544,-30.1650845139411,-2.84108999148507));
#6546=CARTESIAN_POINT('Ctrl Pts',(87.1968679499771,-30.1651681851779,-2.84274318665073));
#6547=CARTESIAN_POINT('Ctrl Pts',(87.1968829261175,-30.1653410585519,-2.844402019692));
#6548=CARTESIAN_POINT('Ctrl Pts',(92.2125197810889,41.5585448127012,-12.4120453078014));
#6549=CARTESIAN_POINT('Ctrl Pts',(91.3080830958247,42.5571149094625,-12.5169992541807));
#6550=CARTESIAN_POINT('Ctrl Pts',(88.7609394108229,44.4923994004492,-12.7204058506274));
#6551=CARTESIAN_POINT('Ctrl Pts',(85.5976652659946,45.1902863302091,-12.7937567226817));
#6552=CARTESIAN_POINT('Ctrl Pts',(83.8021409464235,45.1353125453246,-12.7879787450618));
#6553=CARTESIAN_POINT('Ctrl Pts',(92.4447668641529,41.766600014848,-12.4339127907161));
#6554=CARTESIAN_POINT('Ctrl Pts',(91.5158297050887,42.7949423387028,-12.542003161536));
#6555=CARTESIAN_POINT('Ctrl Pts',(88.8971799129288,44.7893331580383,-12.7516254211742));
#6556=CARTESIAN_POINT('Ctrl Pts',(85.6407398694378,45.5092444263274,-12.8272809854649));
#6557=CARTESIAN_POINT('Ctrl Pts',(83.7923207352211,45.4525505278484,-12.8213218006122));
#6558=CARTESIAN_POINT('Ctrl Pts',(92.908383704219,42.1975638038679,-12.328766916541));
#6559=CARTESIAN_POINT('Ctrl Pts',(91.9305078505146,43.2855347429423,-12.4413290431256));
#6560=CARTESIAN_POINT('Ctrl Pts',(89.1691080270084,45.3982458254844,-12.6598723842542));
#6561=CARTESIAN_POINT('Ctrl Pts',(85.7267543922112,46.1621922124737,-12.7388764434705));
#6562=CARTESIAN_POINT('Ctrl Pts',(83.7727201268849,46.1020541840203,-12.7326566371674));
#6563=CARTESIAN_POINT('Ctrl Pts',(93.5468370780625,42.8454886285872,-11.6660219300129));
#6564=CARTESIAN_POINT('Ctrl Pts',(92.4996806295863,44.0142447211821,-11.7790152128589));
#6565=CARTESIAN_POINT('Ctrl Pts',(89.5393585885259,46.2856585612112,-11.9984599474952));
#6566=CARTESIAN_POINT('Ctrl Pts',(85.8436451842391,47.1079846659616,-12.0778246740651));
#6567=CARTESIAN_POINT('Ctrl Pts',(83.7460296951658,47.0432849883823,-12.0715774905579));
#6568=CARTESIAN_POINT('Ctrl Pts',(93.7193213151584,43.0832290281643,-10.8904495484241));
#6569=CARTESIAN_POINT('Ctrl Pts',(92.6494779992341,44.2712300770064,-10.9984743277777));
#6570=CARTESIAN_POINT('Ctrl Pts',(89.6312446579065,46.5764867067231,-11.2079826187736));
#6571=CARTESIAN_POINT('Ctrl Pts',(85.8732235353789,47.4089752415093,-11.2835946423863));
#6572=CARTESIAN_POINT('Ctrl Pts',(83.739396369312,47.3433856020685,-11.2776372934543));
#6573=CARTESIAN_POINT('Ctrl Pts',(93.6948758532987,43.1102187639992,-10.4230015170649));
#6574=CARTESIAN_POINT('Ctrl Pts',(92.6244473864036,44.2920570011902,-10.5279554634442));
#6575=CARTESIAN_POINT('Ctrl Pts',(89.6098249654859,46.5825253606061,-10.7313620598908));
#6576=CARTESIAN_POINT('Ctrl Pts',(85.8659933094,47.4084958773492,-10.8047129319452));
#6577=CARTESIAN_POINT('Ctrl Pts',(83.7409353855168,47.3434327223135,-10.7989349543252));
#6578=CARTESIAN_POINT('',(83.7409353855168,47.3434327223134,-10.7989349543252));
#6579=CARTESIAN_POINT('Origin',(83.8021409464235,45.3443694718599,-10.7989349543252));
#6580=CARTESIAN_POINT('',(92.9381258404027,43.8785668741051,-10.4912351922084));
#6581=CARTESIAN_POINT('Origin',(84.1356306775552,34.4521064808274,-9.65411198234012));
#6582=CARTESIAN_POINT('Ctrl Pts',(92.9381258404027,43.8785668741051,-10.4912351922084));
#6583=CARTESIAN_POINT('Ctrl Pts',(92.9442583049133,43.8728403355169,-10.7278097828904));
#6584=CARTESIAN_POINT('Ctrl Pts',(92.9361634368435,43.8230101601426,-10.9602575047834));
#6585=CARTESIAN_POINT('Ctrl Pts',(92.8918053620924,43.638699370383,-11.4025293232217));
#6586=CARTESIAN_POINT('Ctrl Pts',(92.8552640872548,43.50418942858,-11.6052444004777));
#6587=CARTESIAN_POINT('Ctrl Pts',(92.7537775309799,43.1569604283096,-11.967962909203));
#6588=CARTESIAN_POINT('Ctrl Pts',(92.6876534661569,42.9421962335873,-12.1180658884851));
#6589=CARTESIAN_POINT('Ctrl Pts',(92.5542225817467,42.5303543399301,-12.307555606039));
#6590=CARTESIAN_POINT('Ctrl Pts',(92.4914111032328,42.3427090682385,-12.3640505841053));
#6591=CARTESIAN_POINT('Ctrl Pts',(92.3577844092866,41.9570703759205,-12.4270881907511));
#6592=CARTESIAN_POINT('Ctrl Pts',(92.287105042001,41.7597165019902,-12.4325925708001));
#6593=CARTESIAN_POINT('Ctrl Pts',(92.2141690528852,41.5629906863972,-12.4125092349385));
#6594=CARTESIAN_POINT('Ctrl Pts',(92.2133445019963,41.5607675442189,-12.4122789262978));
#6595=CARTESIAN_POINT('Ctrl Pts',(92.2125197810889,41.5585448127012,-12.4120453078014));
#6596=CARTESIAN_POINT('Ctrl Pts',(107.700835895698,-22.6294750069031,-5.66561257144385));
#6597=CARTESIAN_POINT('Ctrl Pts',(109.258183113386,-22.4734725196188,-5.6820090935694));
#6598=CARTESIAN_POINT('Ctrl Pts',(112.296685570854,-21.4545123700262,-5.78910612085853));
#6599=CARTESIAN_POINT('Ctrl Pts',(116.342190174235,-17.5523694683305,-6.19923786643865));
#6600=CARTESIAN_POINT('Ctrl Pts',(117.349948522083,-13.5471273914702,-6.62020577198096));
#6601=CARTESIAN_POINT('Ctrl Pts',(117.13991634791,-11.2088293920922,-6.86597079502884));
#6602=CARTESIAN_POINT('Ctrl Pts',(107.756827403721,-23.1823217953382,-5.60750603252628));
#6603=CARTESIAN_POINT('Ctrl Pts',(109.397581176529,-23.018569342241,-5.62473772981382));
#6604=CARTESIAN_POINT('Ctrl Pts',(112.598647747142,-21.9496422780954,-5.73667889323661));
#6605=CARTESIAN_POINT('Ctrl Pts',(116.873270911953,-17.8486473356595,-6.16818747179674));
#6606=CARTESIAN_POINT('Ctrl Pts',(117.952444430246,-13.6274424028435,-6.61138617516824));
#6607=CARTESIAN_POINT('Ctrl Pts',(117.739489897693,-11.1555625275467,-6.8715693680919));
#6608=CARTESIAN_POINT('Ctrl Pts',(107.854016361165,-24.0965455397968,-5.07472387733374));
#6609=CARTESIAN_POINT('Ctrl Pts',(109.638664278654,-23.9192565011831,-5.09237552796908));
#6610=CARTESIAN_POINT('Ctrl Pts',(113.12319163637,-22.7611623680005,-5.20782180179879));
#6611=CARTESIAN_POINT('Ctrl Pts',(117.792172467045,-18.3133062299926,-5.6503650470973));
#6612=CARTESIAN_POINT('Ctrl Pts',(118.996402805042,-13.7130964022525,-6.10752008873336));
#6613=CARTESIAN_POINT('Ctrl Pts',(118.777267841306,-11.010215904445,-6.37557950469732));
#6614=CARTESIAN_POINT('Ctrl Pts',(107.895814433689,-24.4108960726334,-4.09557434640202));
#6615=CARTESIAN_POINT('Ctrl Pts',(109.742680645655,-24.2265521807603,-4.11234371484219));
#6616=CARTESIAN_POINT('Ctrl Pts',(113.34647537234,-23.0229573378634,-4.22197360793322));
#6617=CARTESIAN_POINT('Ctrl Pts',(118.159062250296,-18.405753847887,-4.6417384540135));
#6618=CARTESIAN_POINT('Ctrl Pts',(119.375545614205,-13.6515843868211,-5.07355820359076));
#6619=CARTESIAN_POINT('Ctrl Pts',(119.136101859424,-10.8676633628554,-5.3259442449131));
#6620=CARTESIAN_POINT('Ctrl Pts',(107.900182104589,-24.4104585545795,-3.6765687807073));
#6621=CARTESIAN_POINT('Ctrl Pts',(109.753294768574,-24.2248286696597,-3.69296530283286));
#6622=CARTESIAN_POINT('Ctrl Pts',(113.368858028668,-23.0123514931768,-3.80006233012199));
#6623=CARTESIAN_POINT('Ctrl Pts',(118.182669443096,-18.3691284882611,-4.2101940757021));
#6624=CARTESIAN_POINT('Ctrl Pts',(119.381817414353,-13.6032261058926,-4.63116198124441));
#6625=CARTESIAN_POINT('Ctrl Pts',(119.131896730395,-10.8208474650842,-4.8769270042923));
#6626=CARTESIAN_POINT('',(119.131896730395,-10.8208474650842,-4.87692700429229));
#6627=CARTESIAN_POINT('Origin',(117.13991634791,-10.9997724655569,-4.8769270042923));
#6628=CARTESIAN_POINT('',(107.900182104589,-24.4104585545794,-3.67656878070731));
#6629=CARTESIAN_POINT('Origin',(106.651182301404,-11.9418985832288,-4.77790555917057));
#6630=CARTESIAN_POINT('',(107.900182104589,-24.4104585545794,-3.67755784268069));
#6631=CARTESIAN_POINT('',(107.900182104589,-24.4104585545794,-2.));
#6632=CARTESIAN_POINT('Ctrl Pts',(107.900180115553,-24.4104585003231,-3.67755784874904));
#6633=CARTESIAN_POINT('Ctrl Pts',(107.899883024023,-24.4104503972487,-3.75142249613465));
#6634=CARTESIAN_POINT('Ctrl Pts',(107.899415562159,-24.4062227265791,-3.82510547845699));
#6635=CARTESIAN_POINT('Ctrl Pts',(107.898794361435,-24.3979541460495,-3.89827124233563));
#6636=CARTESIAN_POINT('Ctrl Pts',(107.898164439226,-24.3895694769468,-3.97246423320809));
#6637=CARTESIAN_POINT('Ctrl Pts',(107.897376395377,-24.3770294498743,-4.04612633084694));
#6638=CARTESIAN_POINT('Ctrl Pts',(107.896439353767,-24.3604669216058,-4.11890890421653));
#6639=CARTESIAN_POINT('Ctrl Pts',(107.895504406584,-24.3439414130697,-4.19152879762943));
#6640=CARTESIAN_POINT('Ctrl Pts',(107.894421077263,-24.3234110614383,-4.26327405429782));
#6641=CARTESIAN_POINT('Ctrl Pts',(107.893190978589,-24.2989589050994,-4.33378523820455));
#6642=CARTESIAN_POINT('Ctrl Pts',(107.892590382354,-24.2870201286827,-4.36821235570969));
#6643=CARTESIAN_POINT('Ctrl Pts',(107.891954689826,-24.2741457264614,-4.4023449957536));
#6644=CARTESIAN_POINT('Ctrl Pts',(107.891283492705,-24.2603414338577,-4.43613912050185));
#6645=CARTESIAN_POINT('Ctrl Pts',(107.889903914689,-24.2319681020901,-4.50559953696894));
#6646=CARTESIAN_POINT('Ctrl Pts',(107.888382993723,-24.199824681684,-4.57325039223663));
#6647=CARTESIAN_POINT('Ctrl Pts',(107.88672262897,-24.1640504073278,-4.63874979114646));
#6648=CARTESIAN_POINT('Ctrl Pts',(107.885071065115,-24.1284657574156,-4.70390200517778));
#6649=CARTESIAN_POINT('Ctrl Pts',(107.883281478744,-24.0892882909958,-4.76692644591472));
#6650=CARTESIAN_POINT('Ctrl Pts',(107.88134935522,-24.0466079363778,-4.82746802409592));
#6651=CARTESIAN_POINT('Ctrl Pts',(107.881074406738,-24.0405343605677,-4.83608331954112));
#6652=CARTESIAN_POINT('Ctrl Pts',(107.880796561971,-24.0343897767505,-4.8446482915609));
#6653=CARTESIAN_POINT('Ctrl Pts',(107.880515798258,-24.0281743722512,-4.85316186898192));
#6654=CARTESIAN_POINT('Ctrl Pts',(107.878527008998,-23.9841475655561,-4.91346777947301));
#6655=CARTESIAN_POINT('Ctrl Pts',(107.87639211194,-23.9365702584842,-4.97119799293129));
#6656=CARTESIAN_POINT('Ctrl Pts',(107.874124041455,-23.8857418560856,-5.02617946662053));
#6657=CARTESIAN_POINT('Ctrl Pts',(107.87337242197,-23.8688977509762,-5.04439986463008));
#6658=CARTESIAN_POINT('Ctrl Pts',(107.872606143625,-23.8516963229915,-5.06231808005614));
#6659=CARTESIAN_POINT('Ctrl Pts',(107.871825587279,-23.834147695866,-5.07992682735092));
#6660=CARTESIAN_POINT('Ctrl Pts',(107.869489724894,-23.7816323608986,-5.13262207558476));
#6661=CARTESIAN_POINT('Ctrl Pts',(107.867039163232,-23.7262774492352,-5.18228080333325));
#6662=CARTESIAN_POINT('Ctrl Pts',(107.864486657067,-23.6684179395566,-5.2287736239383));
#6663=CARTESIAN_POINT('Ctrl Pts',(107.861839258851,-23.6084074428973,-5.27699486312773));
#6664=CARTESIAN_POINT('Ctrl Pts',(107.859082094171,-23.5457019842331,-5.3218112169793));
#6665=CARTESIAN_POINT('Ctrl Pts',(107.856226164989,-23.4806344574875,-5.36303710617936));
#6666=CARTESIAN_POINT('Ctrl Pts',(107.853370235807,-23.4155669307418,-5.40426299537942));
#6667=CARTESIAN_POINT('Ctrl Pts',(107.850415414901,-23.3481363802509,-5.44189901774847));
#6668=CARTESIAN_POINT('Ctrl Pts',(107.847371300272,-23.2786484148283,-5.47570894764979));
#6669=CARTESIAN_POINT('Ctrl Pts',(107.844400923908,-23.2108436718564,-5.50869989209481));
#6670=CARTESIAN_POINT('Ctrl Pts',(107.841360604788,-23.1414037868831,-5.53788988931417));
#6671=CARTESIAN_POINT('Ctrl Pts',(107.838257537081,-23.0706413605113,-5.56311806201619));
#6672=CARTESIAN_POINT('Ctrl Pts',(107.835093247402,-22.9984828269259,-5.58884397392392));
#6673=CARTESIAN_POINT('Ctrl Pts',(107.831863587402,-22.9249482114712,-5.61045089231605));
#6674=CARTESIAN_POINT('Ctrl Pts',(107.828576861749,-22.8503455261621,-5.62771730531591));
#6675=CARTESIAN_POINT('Ctrl Pts',(107.825460359815,-22.7796066092226,-5.64408946873039));
#6676=CARTESIAN_POINT('Ctrl Pts',(107.822292464928,-22.7079065412936,-5.65655911805708));
#6677=CARTESIAN_POINT('Ctrl Pts',(107.819082332472,-22.6354996492423,-5.66488777578328));
#6678=CARTESIAN_POINT('Ctrl Pts',(107.818906994641,-22.6315447758662,-5.66534268809572));
#6679=CARTESIAN_POINT('Ctrl Pts',(107.818731531523,-22.6275877934216,-5.66578523333527));
#6680=CARTESIAN_POINT('Ctrl Pts',(107.818555944875,-22.6236287433354,-5.66621536805971));
#6681=CARTESIAN_POINT('Ctrl Pts',(107.818458481917,-22.6214311916658,-5.66645412313005));
#6682=CARTESIAN_POINT('Ctrl Pts',(107.818360986226,-22.6192331571269,-5.66668903772181));
#6683=CARTESIAN_POINT('Ctrl Pts',(107.818263458018,-22.6170346470127,-5.66692010595655));
#6684=CARTESIAN_POINT('Origin',(115.250349632879,10.036861977894,-7.0879663800348));
#6685=CARTESIAN_POINT('',(115.08518975341,34.2313302100542,-9.61210168589109));
#6686=CARTESIAN_POINT('',(117.242330015364,10.2157869783667,-7.0879663800348));
#6687=CARTESIAN_POINT('',(115.085184563368,34.2302965922949,-9.63186422835425));
#6688=CARTESIAN_POINT('Ctrl Pts',(113.084316753328,33.9423502098456,-11.6115509984337));
#6689=CARTESIAN_POINT('Ctrl Pts',(113.086655349837,33.9424365041941,-11.6115600683352));
#6690=CARTESIAN_POINT('Ctrl Pts',(113.088993913952,33.9425232588886,-11.6115649875717));
#6691=CARTESIAN_POINT('Ctrl Pts',(113.091332435501,33.9426104731182,-11.611565759427));
#6692=CARTESIAN_POINT('Ctrl Pts',(113.16563196294,33.9453814443964,-11.6115902828219));
#6693=CARTESIAN_POINT('Ctrl Pts',(113.239683062759,33.9486066095271,-11.6074324173926));
#6694=CARTESIAN_POINT('Ctrl Pts',(113.31316579294,33.9522580092138,-11.5992391995162));
#6695=CARTESIAN_POINT('Ctrl Pts',(113.387360944491,33.9559448095334,-11.5909665476901));
#6696=CARTESIAN_POINT('Ctrl Pts',(113.460977573383,33.9600661413345,-11.5785797533917));
#6697=CARTESIAN_POINT('Ctrl Pts',(113.53368663726,33.9645965172718,-11.5621767781331));
#6698=CARTESIAN_POINT('Ctrl Pts',(113.605860923254,33.9690935721247,-11.5458944473707));
#6699=CARTESIAN_POINT('Ctrl Pts',(113.677141840329,33.9739936782963,-11.5256545164005));
#6700=CARTESIAN_POINT('Ctrl Pts',(113.74719426274,33.9792751637836,-11.501503999852));
#6701=CARTESIAN_POINT('Ctrl Pts',(113.78804205199,33.9823548146892,-11.4874217572068));
#6702=CARTESIAN_POINT('Ctrl Pts',(113.828471825254,33.9855641989096,-11.4720089876445));
#6703=CARTESIAN_POINT('Ctrl Pts',(113.868413188385,33.9888995330444,-11.4552678120099));
#6704=CARTESIAN_POINT('Ctrl Pts',(113.896467571981,33.9912422358443,-11.44350899042));
#6705=CARTESIAN_POINT('Ctrl Pts',(113.924218490638,33.9936420846516,-11.4311208732203));
#6706=CARTESIAN_POINT('Ctrl Pts',(113.951644452544,33.9960972705208,-11.4181111740328));
#6707=CARTESIAN_POINT('Ctrl Pts',(114.018761571495,34.0021056286813,-11.3862736935144));
#6708=CARTESIAN_POINT('Ctrl Pts',(114.083933934591,34.0084450155485,-11.3507171390298));
#6709=CARTESIAN_POINT('Ctrl Pts',(114.146895180208,34.015073502488,-11.3116952775916));
#6710=CARTESIAN_POINT('Ctrl Pts',(114.21238098583,34.0219677721777,-11.2711087547542));
#6711=CARTESIAN_POINT('Ctrl Pts',(114.27547589234,34.0291748047861,-11.2267731025555));
#6712=CARTESIAN_POINT('Ctrl Pts',(114.335851338927,34.0366530708241,-11.1789225676097));
#6713=CARTESIAN_POINT('Ctrl Pts',(114.396226785514,34.044131336862,-11.1310720326638));
#6714=CARTESIAN_POINT('Ctrl Pts',(114.45388375658,34.051880887534,-11.079705913598));
#6715=CARTESIAN_POINT('Ctrl Pts',(114.508449866308,34.059865177555,-11.0250167159673));
#6716=CARTESIAN_POINT('Ctrl Pts',(114.557768536148,34.0670816451649,-10.9755867951762));
#6717=CARTESIAN_POINT('Ctrl Pts',(114.604309839193,34.0744538683349,-10.9236938908887));
#6718=CARTESIAN_POINT('Ctrl Pts',(114.647848720914,34.0819513680548,-10.8695294644285));
#6719=CARTESIAN_POINT('Ctrl Pts',(114.694141601817,34.0899231130304,-10.8119389328354));
#6720=CARTESIAN_POINT('Ctrl Pts',(114.737041306596,34.0980364381743,-10.7517802406403));
#6721=CARTESIAN_POINT('Ctrl Pts',(114.776460751864,34.1062434633655,-10.6893907116911));
#6722=CARTESIAN_POINT('Ctrl Pts',(114.816156180756,34.1145079476236,-10.6265643808506));
#6723=CARTESIAN_POINT('Ctrl Pts',(114.852322853702,34.1228675344063,-10.5614749945073));
#6724=CARTESIAN_POINT('Ctrl Pts',(114.884826587065,34.131278242905,-10.4944412027221));
#6725=CARTESIAN_POINT('Ctrl Pts',(114.902234611067,34.1357827659325,-10.4585399158368));
#6726=CARTESIAN_POINT('Ctrl Pts',(114.918591169436,34.1403020281165,-10.4220805451602));
#6727=CARTESIAN_POINT('Ctrl Pts',(114.933869732978,34.1448297165527,-10.3851103695626));
#6728=CARTESIAN_POINT('Ctrl Pts',(114.962381092015,34.1532788453112,-10.3161202483903));
#6729=CARTESIAN_POINT('Ctrl Pts',(114.986985233291,34.1617111812246,-10.2457304220202));
#6730=CARTESIAN_POINT('Ctrl Pts',(115.007598991582,34.1700834317168,-10.1742829212585));
#6731=CARTESIAN_POINT('Ctrl Pts',(115.028191447424,34.1784470302475,-10.1029092550087));
#6732=CARTESIAN_POINT('Ctrl Pts',(115.04480208707,34.1867507590075,-10.0304791770471));
#6733=CARTESIAN_POINT('Ctrl Pts',(115.057300354661,34.1949562674731,-9.95731394398539));
#6734=CARTESIAN_POINT('Ctrl Pts',(115.069522495931,34.2029804902647,-9.88576516268101));
#6735=CARTESIAN_POINT('Ctrl Pts',(115.077812113937,34.2109108752322,-9.81351248970578));
#6736=CARTESIAN_POINT('Ctrl Pts',(115.081998342977,34.2187147961735,-9.74085069926776));
#6737=CARTESIAN_POINT('Ctrl Pts',(115.084086191292,34.2226069394444,-9.70461121134412));
#6738=CARTESIAN_POINT('Ctrl Pts',(115.08515256679,34.2264676682186,-9.6682699482252));
#6739=CARTESIAN_POINT('Ctrl Pts',(115.085171395896,34.2302931443853,-9.63186393208772));
#6740=CARTESIAN_POINT('Ctrl Pts',(115.085184563368,34.2302965922948,-9.63186422835422));
#6741=CARTESIAN_POINT('Ctrl Pts',(115.085188075941,34.2309896274367,-9.62527185253318));
#6742=CARTESIAN_POINT('Ctrl Pts',(115.085189753409,34.2313302100542,-9.61867387416995));
#6743=CARTESIAN_POINT('Ctrl Pts',(115.085189753409,34.2313302100542,-9.6121016858911));
#6744=CARTESIAN_POINT('Ctrl Pts',(113.084316753328,33.9423502098456,-11.6115509984337));
#6745=CARTESIAN_POINT('Ctrl Pts',(113.106284008646,35.4063627088912,-11.7654249125653));
#6746=CARTESIAN_POINT('Ctrl Pts',(112.587428992719,37.6069430430777,-11.9967152257307));
#6747=CARTESIAN_POINT('Ctrl Pts',(110.512457172779,40.6573608477419,-12.3173270563307));
#6748=CARTESIAN_POINT('Ctrl Pts',(107.414042342225,42.8046719083798,-12.5430185432366));
#6749=CARTESIAN_POINT('Ctrl Pts',(104.415950989435,43.1519628998308,-12.5795202973077));
#6750=CARTESIAN_POINT('Ctrl Pts',(102.964097615873,42.9623924924759,-12.5595956446137));
#6751=CARTESIAN_POINT('Ctrl Pts',(113.383184063538,33.9379147553701,-11.611084813383));
#6752=CARTESIAN_POINT('Ctrl Pts',(113.409134024356,35.4501971288545,-11.7700438738675));
#6753=CARTESIAN_POINT('Ctrl Pts',(112.878052327668,37.7258618548218,-12.0092137051584));
#6754=CARTESIAN_POINT('Ctrl Pts',(110.737401384304,40.8853577359812,-12.3413089817276));
#6755=CARTESIAN_POINT('Ctrl Pts',(107.532360984763,43.1130039012613,-12.5754419752522));
#6756=CARTESIAN_POINT('Ctrl Pts',(104.426349438673,43.4736984310853,-12.6133378070003));
#6757=CARTESIAN_POINT('Ctrl Pts',(102.92257523368,43.2769232886681,-12.5926541634149));
#6758=CARTESIAN_POINT('Ctrl Pts',(113.979946290917,33.9433391052726,-11.4742809607727));
#6759=CARTESIAN_POINT('Ctrl Pts',(114.013822523168,35.5523515989718,-11.6403622428305));
#6760=CARTESIAN_POINT('Ctrl Pts',(113.458313415612,37.9783506758835,-11.8906942909937));
#6761=CARTESIAN_POINT('Ctrl Pts',(111.186473305689,41.3563008515227,-12.2391340702057));
#6762=CARTESIAN_POINT('Ctrl Pts',(107.768542090685,43.7447402121706,-12.48541019414));
#6763=CARTESIAN_POINT('Ctrl Pts',(104.447144722275,44.1322045809931,-12.5253491338112));
#6764=CARTESIAN_POINT('Ctrl Pts',(102.839699328077,43.9210035229931,-12.5035741036027));
#6765=CARTESIAN_POINT('Ctrl Pts',(114.820353503305,34.0006790020645,-10.8087505751916));
#6766=CARTESIAN_POINT('Ctrl Pts',(114.861003946994,35.7467933890154,-10.9753931822105));
#6767=CARTESIAN_POINT('Ctrl Pts',(114.264015309698,38.3829130966321,-11.2266823561957));
#6768=CARTESIAN_POINT('Ctrl Pts',(111.802606111935,42.0589070284592,-11.5766582527129));
#6769=CARTESIAN_POINT('Ctrl Pts',(108.089349365424,44.6623671164879,-11.8241777278563));
#6770=CARTESIAN_POINT('Ctrl Pts',(104.475316791704,45.0853568367756,-11.8643405163514));
#6771=CARTESIAN_POINT('Ctrl Pts',(102.726814146688,44.8550384323461,-11.8424510703727));
#6772=CARTESIAN_POINT('Ctrl Pts',(115.083388596231,34.0745459219357,-10.0684025204596));
#6773=CARTESIAN_POINT('Ctrl Pts',(115.118016767756,35.8649320688267,-10.2271457799946));
#6774=CARTESIAN_POINT('Ctrl Pts',(114.49576180735,38.5611680371558,-10.4659984153131));
#6775=CARTESIAN_POINT('Ctrl Pts',(111.965897056277,42.3114926946043,-10.797805904259));
#6776=CARTESIAN_POINT('Ctrl Pts',(108.168215604443,44.9591976346041,-11.0317899089173));
#6777=CARTESIAN_POINT('Ctrl Pts',(104.482998825355,45.3878410908783,-11.0696494442342));
#6778=CARTESIAN_POINT('Ctrl Pts',(102.698697400572,45.1537725791208,-11.0489736915943));
#6779=CARTESIAN_POINT('Ctrl Pts',(115.084091646484,34.1214008586442,-9.62250720769718));
#6780=CARTESIAN_POINT('Ctrl Pts',(115.110961747015,35.9121645411431,-9.77638112182876));
#6781=CARTESIAN_POINT('Ctrl Pts',(114.476304106037,38.6038897453007,-10.0076714349941));
#6782=CARTESIAN_POINT('Ctrl Pts',(111.938221828885,42.3351266197141,-10.3282832655942));
#6783=CARTESIAN_POINT('Ctrl Pts',(108.148275530278,44.9616934454247,-10.5539747525));
#6784=CARTESIAN_POINT('Ctrl Pts',(104.481043785406,45.38649589428,-10.5904765065711));
#6785=CARTESIAN_POINT('Ctrl Pts',(102.705153008938,45.1546154964084,-10.5705518538771));
#6786=CARTESIAN_POINT('',(102.705153008938,45.1546154964084,-10.5705518538771));
#6787=CARTESIAN_POINT('Origin',(102.964097615873,43.1714494190112,-10.5705518538771));
#6788=CARTESIAN_POINT('Origin',(104.124301955784,34.2858506147247,-9.63663778667496));
#6789=CARTESIAN_POINT('Origin',(46.978647445347,35.8613554466868,-9.80223001719572));
#6790=CARTESIAN_POINT('',(92.9374164405755,43.8792292666978,-10.436503359535));
#6791=CARTESIAN_POINT('',(46.7197028384117,37.8445215240841,-9.80223001719572));
#6792=CARTESIAN_POINT('Ctrl Pts',(92.9381258404027,43.8785668741051,-10.4912351922084));
#6793=CARTESIAN_POINT('Ctrl Pts',(92.9376518052539,43.8790095314685,-10.4729481444673));
#6794=CARTESIAN_POINT('Ctrl Pts',(92.9374164405756,43.8792292666978,-10.4546996001317));
#6795=CARTESIAN_POINT('Ctrl Pts',(92.9374164405756,43.8792292666978,-10.436503359535));
#6796=CARTESIAN_POINT('Origin',(34.9218345369948,43.8477952286984,-10.6416386629794));
#6797=CARTESIAN_POINT('',(58.5978649976212,46.5736243004648,-10.7180248288457));
#6798=CARTESIAN_POINT('Origin',(58.6590705585279,44.5745610500112,-10.7180248288457));
#6799=CARTESIAN_POINT('',(34.8606289760882,45.846858479152,-10.6416386629794));
#6800=CARTESIAN_POINT('Ctrl Pts',(58.6590705585279,44.3655041234753,-12.7070686195822));
#6801=CARTESIAN_POINT('Ctrl Pts',(53.3846316441594,44.2040159903966,-12.6900955328505));
#6802=CARTESIAN_POINT('Ctrl Pts',(48.1226540796026,43.6371126868988,-12.6305115946668));
#6803=CARTESIAN_POINT('Ctrl Pts',(42.9348542692595,42.6714432784912,-12.5290156499766));
#6804=CARTESIAN_POINT('Ctrl Pts',(58.6492503473255,44.6827421059991,-12.7404116751326));
#6805=CARTESIAN_POINT('Ctrl Pts',(53.3584008173005,44.5207203076968,-12.7233823688589));
#6806=CARTESIAN_POINT('Ctrl Pts',(48.0800841740049,43.9519456475613,-12.663602642367));
#6807=CARTESIAN_POINT('Ctrl Pts',(42.8762022289055,42.9830928671938,-12.5617713416681));
#6808=CARTESIAN_POINT('Ctrl Pts',(58.629649266292,45.3322600039637,-12.6517579022475));
#6809=CARTESIAN_POINT('Ctrl Pts',(53.3060326430127,45.1691696643751,-12.6346477381718));
#6810=CARTESIAN_POINT('Ctrl Pts',(47.9951259787342,44.5966534173234,-12.5745839089729));
#6811=CARTESIAN_POINT('Ctrl Pts',(42.7591322978562,43.6214265803293,-12.4722704944791));
#6812=CARTESIAN_POINT('Ctrl Pts',(58.6029585487563,46.273499960532,-11.9906804965638));
#6813=CARTESIAN_POINT('Ctrl Pts',(53.2347958524036,46.1089943693528,-11.9735618387108));
#6814=CARTESIAN_POINT('Ctrl Pts',(47.8793525244501,45.5314936380365,-11.9134678460298));
#6815=CARTESIAN_POINT('Ctrl Pts',(42.5996274767225,44.5478148362664,-11.8111039971859));
#6816=CARTESIAN_POINT('Ctrl Pts',(58.5963259814164,46.5735771802193,-11.1967271679747));
#6817=CARTESIAN_POINT('Ctrl Pts',(53.2169286126786,46.4087954783824,-11.1796984312954));
#6818=CARTESIAN_POINT('Ctrl Pts',(47.8507131654694,45.8303898527838,-11.1199229646432));
#6819=CARTESIAN_POINT('Ctrl Pts',(42.5598153281721,44.8450435013103,-11.0180952451478));
#6820=CARTESIAN_POINT('Ctrl Pts',(58.5978649976212,46.5736243004642,-10.7180248288457));
#6821=CARTESIAN_POINT('Ctrl Pts',(53.2211882861735,46.4090059404082,-10.701051742114));
#6822=CARTESIAN_POINT('Ctrl Pts',(47.8572144707898,45.8311139903742,-10.6414678039302));
#6823=CARTESIAN_POINT('Ctrl Pts',(42.5688562441092,44.8467263989285,-10.5399718592401));
#6824=CARTESIAN_POINT('',(42.5688562441091,44.8467263989291,-10.5399718592402));
#6825=CARTESIAN_POINT('Origin',(42.9348542692595,42.8805002050266,-10.5399718592401));
#6826=CARTESIAN_POINT('Origin',(61.8166600356525,-58.5569353407031,0.121532231105164));
#6827=CARTESIAN_POINT('Origin',(11.1076901628292,36.956116100484,-9.91729399851203));
#6828=CARTESIAN_POINT('',(9.64614327319097,38.7184142203415,-9.89586029424038));
#6829=CARTESIAN_POINT('',(10.7416921376789,38.922342294386,-9.91729399851203));
#6830=CARTESIAN_POINT('Origin',(9.83071750704645,36.7184173699733,-9.89231085521808));
#6831=CARTESIAN_POINT('Origin',(48.4050149561873,-21.0153139925339,-3.82425117132776));
#6832=CARTESIAN_POINT('',(48.3581468735599,-23.0147647628283,-3.82425117132776));
#6833=CARTESIAN_POINT('Origin',(1.39864044046423E-5,36.7184173699733,-9.89231085521807));
#6834=CARTESIAN_POINT('',(-9.64615856733901,38.7184173699733,-9.89231085521807));
#6835=CARTESIAN_POINT('',(9.64616019374293,38.7184173699733,-9.89231085521807));
#6836=CARTESIAN_POINT('',(1.39864044046423E-5,38.7184173699733,-9.89231085521807));
#6837=CARTESIAN_POINT('Origin',(-1.09830321200561,36.7184173699733,-9.89231085521807));
#6838=CARTESIAN_POINT('',(-9.64614164678709,38.7184142203415,-9.89586029424038));
#6839=CARTESIAN_POINT('Origin',(-9.83071588064255,36.7184173699733,-9.89231085521807));
#6840=CARTESIAN_POINT('Origin',(1.0983048384095,36.7184173699733,-9.89231085521807));
#6841=CARTESIAN_POINT('Origin',(-11.1003514369733,36.954750355323,-9.91715045291131));
#6842=CARTESIAN_POINT('',(-42.5395462907844,44.8412708771747,-10.5393984607983));
#6843=CARTESIAN_POINT('Origin',(-42.9055443159346,42.8750446832733,-10.5393984607983));
#6844=CARTESIAN_POINT('',(-10.734353411823,38.920976549225,-9.91715045291131));
#6845=CARTESIAN_POINT('Ctrl Pts',(-42.9055443159347,42.6659877567375,-12.5284422515347));
#6846=CARTESIAN_POINT('Ctrl Pts',(-48.11280283103,43.6352792547772,-12.6303188931857));
#6847=CARTESIAN_POINT('Ctrl Pts',(-53.3945172713995,44.2043092515535,-12.6901263558401));
#6848=CARTESIAN_POINT('Ctrl Pts',(-58.6887398418257,44.3664037486686,-12.7071631740002));
#6849=CARTESIAN_POINT('Ctrl Pts',(-42.8468922755806,42.97763734544,-12.5611979432262));
#6850=CARTESIAN_POINT('Ctrl Pts',(-48.0702329126652,43.9501122129125,-12.6634099406197));
#6851=CARTESIAN_POINT('Ctrl Pts',(-53.3682864185789,44.5210135658843,-12.723413191536));
#6852=CARTESIAN_POINT('Ctrl Pts',(-58.678919591559,44.6836417299221,-12.7405062294171));
#6853=CARTESIAN_POINT('Ctrl Pts',(-42.7298223479294,43.6159710417654,-12.47169708229));
#6854=CARTESIAN_POINT('Ctrl Pts',(-47.9852746953001,44.5948199608043,-12.5743911930957));
#6855=CARTESIAN_POINT('Ctrl Pts',(-53.3159181930516,45.1694628994255,-12.6346785465887));
#6856=CARTESIAN_POINT('Ctrl Pts',(-58.6593184331241,45.3331596081516,-12.6518524425292));
#6857=CARTESIAN_POINT('Ctrl Pts',(-42.5703175288951,44.5423592866468,-11.8105305828776));
#6858=CARTESIAN_POINT('Ctrl Pts',(-47.8695012083985,45.529660163752,-11.9132751279933));
#6859=CARTESIAN_POINT('Ctrl Pts',(-53.2446813321663,46.1092875852273,-11.9735926449483));
#6860=CARTESIAN_POINT('Ctrl Pts',(-58.6326276097633,46.2743995500503,-11.9907750346931));
#6861=CARTESIAN_POINT('Ctrl Pts',(-42.5305053748473,44.8395879795565,-11.0175218467059));
#6862=CARTESIAN_POINT('Ctrl Pts',(-47.8408618350508,45.8285564050413,-11.1197302628988));
#6863=CARTESIAN_POINT('Ctrl Pts',(-53.2268140740586,46.4090887212222,-11.1797292539762));
#6864=CARTESIAN_POINT('Ctrl Pts',(-58.6259950151084,46.5744767975827,-11.196821722261));
#6865=CARTESIAN_POINT('Ctrl Pts',(-42.5395462907844,44.8412708771747,-10.5393984607982));
#6866=CARTESIAN_POINT('Ctrl Pts',(-47.8473631423872,45.8292805433928,-10.6412751024492));
#6867=CARTESIAN_POINT('Ctrl Pts',(-53.2310737514685,46.4092991841423,-10.7010825651036));
#6868=CARTESIAN_POINT('Ctrl Pts',(-58.6275340374295,46.5745239182025,-10.7181193832636));
#6869=CARTESIAN_POINT('',(-58.6275340374295,46.574523918203,-10.7181193832637));
#6870=CARTESIAN_POINT('Origin',(-58.6887398418257,44.5754606752039,-10.7181193832636));
#6871=CARTESIAN_POINT('Origin',(-61.8581881161728,-58.9429491936498,0.162103921921084));
#6872=CARTESIAN_POINT('Origin',(-34.9292100232375,43.8480093853494,-10.6416611717505));
#6873=CARTESIAN_POINT('',(-83.7408340374295,47.343423918203,-10.7989340297595));
#6874=CARTESIAN_POINT('Origin',(-83.8020398418257,45.3443606752044,-10.7989340297595));
#6875=CARTESIAN_POINT('',(-34.8680042188413,45.847072628348,-10.6416611717505));
#6876=CARTESIAN_POINT('Ctrl Pts',(-83.8020398418256,45.1353037486691,-12.787977820496));
#6877=CARTESIAN_POINT('Ctrl Pts',(-85.1486835456988,45.1765342657221,-12.7923113224605));
#6878=CARTESIAN_POINT('Ctrl Pts',(-88.3095378887467,44.6843203924964,-12.7405775597279));
#6879=CARTESIAN_POINT('Ctrl Pts',(-91.0065052000878,42.889961169263,-12.5519828057781));
#6880=CARTESIAN_POINT('Ctrl Pts',(-92.2124205178369,41.5585332912461,-12.4120440968477));
#6881=CARTESIAN_POINT('Ctrl Pts',(-83.792219591559,45.4525417299226,-12.8213208759129));
#6882=CARTESIAN_POINT('Ctrl Pts',(-85.1785344353266,45.4950623382491,-12.8257902839422));
#6883=CARTESIAN_POINT('Ctrl Pts',(-88.4325938770696,44.9873579241059,-12.7724327550551));
#6884=CARTESIAN_POINT('Ctrl Pts',(-91.2060850847107,43.137712596141,-12.5780321797535));
#6885=CARTESIAN_POINT('Ctrl Pts',(-92.4446677024874,41.7665883699603,-12.4339115667891));
#6886=CARTESIAN_POINT('Ctrl Pts',(-83.7726189052511,46.1020453835935,-12.7326557123084));
#6887=CARTESIAN_POINT('Ctrl Pts',(-85.2381451550764,46.1471491015698,-12.7373205873463));
#6888=CARTESIAN_POINT('Ctrl Pts',(-88.6782424027133,45.6084617341756,-12.6816101736707));
#6889=CARTESIAN_POINT('Ctrl Pts',(-91.6044505315289,43.6481810492711,-12.4788486348331));
#6890=CARTESIAN_POINT('Ctrl Pts',(-92.9082847454457,42.197551911899,-12.3287656740938));
#6891=CARTESIAN_POINT('Ctrl Pts',(-83.7459283673545,47.0432761846075,-12.0715765656836));
#6892=CARTESIAN_POINT('Ctrl Pts',(-85.3191406135088,47.0918011555464,-12.0762619737212));
#6893=CARTESIAN_POINT('Ctrl Pts',(-89.0123735003624,46.5120384861622,-12.0202998696525));
#6894=CARTESIAN_POINT('Ctrl Pts',(-92.1505300566144,44.4038192025816,-11.8166785221228));
#6895=CARTESIAN_POINT('Ctrl Pts',(-93.5467384068488,42.8454764012518,-11.6660206857761));
#6896=CARTESIAN_POINT('Ctrl Pts',(-83.7392950151083,47.3433767975832,-11.2776363687569));
#6897=CARTESIAN_POINT('Ctrl Pts',(-85.3396660388904,47.3925692430645,-11.2821043998392));
#6898=CARTESIAN_POINT('Ctrl Pts',(-89.095577381782,46.8054158269183,-11.2287740446617));
#6899=CARTESIAN_POINT('Ctrl Pts',(-92.2927652174749,44.6672195004429,-11.0344814823402));
#6900=CARTESIAN_POINT('Ctrl Pts',(-93.7192227372817,43.0832167221824,-10.8904483248154));
#6901=CARTESIAN_POINT('Ctrl Pts',(-83.7408340374295,47.343423918203,-10.7989340297595));
#6902=CARTESIAN_POINT('Ctrl Pts',(-85.3346281248512,47.3922214985218,-10.8032675317239));
#6903=CARTESIAN_POINT('Ctrl Pts',(-89.0755960948213,46.8096712971302,-10.7515337689914));
#6904=CARTESIAN_POINT('Ctrl Pts',(-92.2675395483289,44.6859921736361,-10.5629390150415));
#6905=CARTESIAN_POINT('Ctrl Pts',(-93.6947772785703,43.1102064823589,-10.4230003061112));
#6906=CARTESIAN_POINT('',(-92.9380280328755,43.8785546120082,-10.4912339789179));
#6907=CARTESIAN_POINT('Origin',(-84.135530771304,34.4521019168891,-9.65411150265087));
#6908=CARTESIAN_POINT('Ctrl Pts',(-92.212420517836,41.5585332912471,-12.4120440968478));
#6909=CARTESIAN_POINT('Ctrl Pts',(-92.2132452402704,41.5607560219381,-12.4122777152573));
#6910=CARTESIAN_POINT('Ctrl Pts',(-92.2140697926787,41.5629791632659,-12.4125080238086));
#6911=CARTESIAN_POINT('Ctrl Pts',(-92.2736481216151,41.7236758155508,-12.4289132159484));
#6912=CARTESIAN_POINT('Ctrl Pts',(-92.3314697789725,41.884077482452,-12.4282593542256));
#6913=CARTESIAN_POINT('Ctrl Pts',(-92.4425191365478,42.2005895035672,-12.3924586772381));
#6914=CARTESIAN_POINT('Ctrl Pts',(-92.4956759632995,42.3563797325485,-12.3577960185749));
#6915=CARTESIAN_POINT('Ctrl Pts',(-92.6286938180674,42.7567281012368,-12.2205670898511));
#6916=CARTESIAN_POINT('Ctrl Pts',(-92.702751938126,42.9910621630267,-12.0893296875865));
#6917=CARTESIAN_POINT('Ctrl Pts',(-92.8196903030338,43.3794752875106,-11.7558476787611));
#6918=CARTESIAN_POINT('Ctrl Pts',(-92.8638554731257,43.5356037288928,-11.5643616603981));
#6919=CARTESIAN_POINT('Ctrl Pts',(-92.9230077947689,43.7634445818198,-11.1387857389358));
#6920=CARTESIAN_POINT('Ctrl Pts',(-92.9385710330846,43.835986076718,-10.9123655475563));
#6921=CARTESIAN_POINT('Ctrl Pts',(-92.940268781736,43.872500984159,-10.6153778618391));
#6922=CARTESIAN_POINT('Ctrl Pts',(-92.9396384904996,43.8770507537399,-10.5533611567681));
#6923=CARTESIAN_POINT('Ctrl Pts',(-92.9380280328755,43.8785546120082,-10.4912339789179));
#6924=CARTESIAN_POINT('Origin',(-46.978618069903,35.8613956878056,-9.80223424670774));
#6925=CARTESIAN_POINT('',(-102.705157384921,45.1546073727661,-10.5705509748241));
#6926=CARTESIAN_POINT('Origin',(-102.964100153866,43.1714410553809,-10.5705509748241));
#6927=CARTESIAN_POINT('',(-92.9373186305561,43.8792170076268,-10.436502045831));
#6928=CARTESIAN_POINT('',(-46.7196753009582,37.8445620051908,-9.80223424670774));
#6929=CARTESIAN_POINT('Ctrl Pts',(-92.9373186305561,43.8792170076268,-10.436502045831));
#6930=CARTESIAN_POINT('Ctrl Pts',(-92.9373186305561,43.8792170076268,-10.4546981595107));
#6931=CARTESIAN_POINT('Ctrl Pts',(-92.9375539920834,43.8789972751084,-10.472946744187));
#6932=CARTESIAN_POINT('Ctrl Pts',(-92.9380280328755,43.8785546120082,-10.4912339789179));
#6933=CARTESIAN_POINT('Ctrl Pts',(-102.964100153866,42.9623841288455,-12.5595947655607));
#6934=CARTESIAN_POINT('Ctrl Pts',(-104.415953664713,43.1519531856136,-12.5795192763023));
#6935=CARTESIAN_POINT('Ctrl Pts',(-106.661491331426,42.8886580552132,-12.5518458429724));
#6936=CARTESIAN_POINT('Ctrl Pts',(-109.929569824061,41.1768698587106,-12.3719296536422));
#6937=CARTESIAN_POINT('Ctrl Pts',(-112.417756406117,38.3449014436859,-12.0742777790845));
#6938=CARTESIAN_POINT('Ctrl Pts',(-113.106283721516,35.4063487694497,-11.765423447471));
#6939=CARTESIAN_POINT('Ctrl Pts',(-113.084316534487,33.9423363081169,-11.6115495373032));
#6940=CARTESIAN_POINT('Ctrl Pts',(-102.922578066031,43.2769149658818,-12.5926532886548));
#6941=CARTESIAN_POINT('Ctrl Pts',(-104.426352386533,43.4736887026164,-12.6133367844837));
#6942=CARTESIAN_POINT('Ctrl Pts',(-106.752620273908,43.2002696079921,-12.5846148567375));
#6943=CARTESIAN_POINT('Ctrl Pts',(-110.134905078918,41.4242310000177,-12.3979398140449));
#6944=CARTESIAN_POINT('Ctrl Pts',(-112.704527649583,38.4890205628617,-12.0894302450587));
#6945=CARTESIAN_POINT('Ctrl Pts',(-113.409133733864,35.4501831760241,-11.7700424073593));
#6946=CARTESIAN_POINT('Ctrl Pts',(-113.383183845822,33.9379008672989,-11.6110833536879));
#6947=CARTESIAN_POINT('Ctrl Pts',(-102.839702747953,43.9209952819499,-12.5035732350364));
#6948=CARTESIAN_POINT('Ctrl Pts',(-104.447148214165,44.1321948239484,-12.525348109146));
#6949=CARTESIAN_POINT('Ctrl Pts',(-106.934516576374,43.8385713440118,-12.4950823264816));
#6950=CARTESIAN_POINT('Ctrl Pts',(-110.544843621265,41.9339098478007,-12.2986923569789));
#6951=CARTESIAN_POINT('Ctrl Pts',(-113.277077509883,38.791996420204,-11.9746539279701));
#6952=CARTESIAN_POINT('Ctrl Pts',(-114.013822225971,35.5523376192981,-11.6403607743588));
#6953=CARTESIAN_POINT('Ctrl Pts',(-113.979946075442,33.9433252445611,-11.4742795030964));
#6954=CARTESIAN_POINT('Ctrl Pts',(-102.726818367303,44.8550302998485,-11.842450202458));
#6955=CARTESIAN_POINT('Ctrl Pts',(-104.475321023353,45.0853470419204,-11.8643394914665));
#6956=CARTESIAN_POINT('Ctrl Pts',(-107.181807628587,44.7647880040658,-11.8339047042112));
#6957=CARTESIAN_POINT('Ctrl Pts',(-111.105965313479,42.688519470939,-11.6365155644593));
#6958=CARTESIAN_POINT('Ctrl Pts',(-114.069478718314,39.2669511468894,-11.3109613461747));
#6959=CARTESIAN_POINT('Ctrl Pts',(-114.861003641575,35.7467793709427,-10.9753917135929));
#6960=CARTESIAN_POINT('Ctrl Pts',(-114.820353289757,34.0006651801835,-10.8087491176748));
#6961=CARTESIAN_POINT('Ctrl Pts',(-102.698701821539,45.153764467437,-11.0489728167728));
#6962=CARTESIAN_POINT('Ctrl Pts',(-104.483003238496,45.3878312878197,-11.0696484217195));
#6963=CARTESIAN_POINT('Ctrl Pts',(-107.24273288477,45.0630947040218,-11.0409614002443));
#6964=CARTESIAN_POINT('Ctrl Pts',(-111.252747681284,42.951682573844,-10.8543894005233));
#6965=CARTESIAN_POINT('Ctrl Pts',(-114.292457513137,39.4657054290235,-10.5461219461362));
#6966=CARTESIAN_POINT('Ctrl Pts',(-115.118016461938,35.8649180374949,-10.2271443135491));
#6967=CARTESIAN_POINT('Ctrl Pts',(-115.083388380942,34.0745321124843,-10.0684010606991));
#6968=CARTESIAN_POINT('Ctrl Pts',(-102.705157384921,45.1546073727661,-10.5705509748241));
#6969=CARTESIAN_POINT('Ctrl Pts',(-104.481048154105,45.3864860957378,-10.5904754855658));
#6970=CARTESIAN_POINT('Ctrl Pts',(-107.227764392607,45.0644264746014,-10.5628020522359));
#6971=CARTESIAN_POINT('Ctrl Pts',(-111.225240986958,42.9705865422292,-10.3828858629056));
#6972=CARTESIAN_POINT('Ctrl Pts',(-114.268762630199,39.5065548549503,-10.0852339883479));
#6973=CARTESIAN_POINT('Ctrl Pts',(-115.11096144338,35.9121505090939,-9.77637965673442));
#6974=CARTESIAN_POINT('Ctrl Pts',(-115.084091429031,34.1213870494019,-9.62250574656662));
#6975=CARTESIAN_POINT('',(-115.08518434086,34.2302827322519,-9.63186276378173));
#6976=CARTESIAN_POINT('Origin',(-104.124296885967,34.2858363713043,-9.63663628963115));
#6977=CARTESIAN_POINT('Ctrl Pts',(-113.084316534487,33.9423363081169,-11.6115495373032));
#6978=CARTESIAN_POINT('Ctrl Pts',(-113.086655130958,33.9424226025176,-11.6115586072102));
#6979=CARTESIAN_POINT('Ctrl Pts',(-113.088993695045,33.942509357279,-11.6115635264537));
#6980=CARTESIAN_POINT('Ctrl Pts',(-113.091332216578,33.9425965715911,-11.611564298318));
#6981=CARTESIAN_POINT('Ctrl Pts',(-113.165599498245,33.945366342915,-11.611588811353));
#6982=CARTESIAN_POINT('Ctrl Pts',(-113.239642453706,33.9485911646007,-11.6074345808518));
#6983=CARTESIAN_POINT('Ctrl Pts',(-113.313140942348,33.9522436434381,-11.5992405698404));
#6984=CARTESIAN_POINT('Ctrl Pts',(-113.38732116414,33.9559300007395,-11.5909705555119));
#6985=CARTESIAN_POINT('Ctrl Pts',(-113.460947695695,33.9600519781562,-11.5785853081739));
#6986=CARTESIAN_POINT('Ctrl Pts',(-113.533689941559,33.9645846210319,-11.5621747470279));
#6987=CARTESIAN_POINT('Ctrl Pts',(-113.605984849794,33.9690893898478,-11.5458651047004));
#6988=CARTESIAN_POINT('Ctrl Pts',(-113.677407217394,33.9739997902141,-11.5255792384846));
#6989=CARTESIAN_POINT('Ctrl Pts',(-113.747617410554,33.9792945091392,-11.5013567812724));
#6990=CARTESIAN_POINT('Ctrl Pts',(-113.758577782212,33.9801210570324,-11.4975754623277));
#6991=CARTESIAN_POINT('Ctrl Pts',(-113.769508567698,33.9809569769767,-11.4936981174325));
#6992=CARTESIAN_POINT('Ctrl Pts',(-113.780408419236,33.9818021949189,-11.4897247958425));
#6993=CARTESIAN_POINT('Ctrl Pts',(-113.838680587082,33.9863208511248,-11.4684828494007));
#6994=CARTESIAN_POINT('Ctrl Pts',(-113.895820501599,33.9910864265473,-11.4445903604282));
#6995=CARTESIAN_POINT('Ctrl Pts',(-113.951644759412,33.9960838728297,-11.4181097641029));
#6996=CARTESIAN_POINT('Ctrl Pts',(-114.018810262577,34.0020965993261,-11.3862493749823));
#6997=CARTESIAN_POINT('Ctrl Pts',(-114.08407236303,34.0084448318449,-11.3506435777872));
#6998=CARTESIAN_POINT('Ctrl Pts',(-114.147155906785,34.0150877245012,-11.3115326241595));
#6999=CARTESIAN_POINT('Ctrl Pts',(-114.210124444875,34.0217185067044,-11.2724929725065));
#7000=CARTESIAN_POINT('Ctrl Pts',(-114.270923152011,34.0286429200843,-11.2299603316762));
#7001=CARTESIAN_POINT('Ctrl Pts',(-114.329250286113,34.035824957878,-11.1841310144192));
#7002=CARTESIAN_POINT('Ctrl Pts',(-114.367369709926,34.0405187448559,-11.1541794799486));
#7003=CARTESIAN_POINT('Ctrl Pts',(-114.404432875969,34.0453226612261,-11.1228190164368));
#7004=CARTESIAN_POINT('Ctrl Pts',(-114.440346579147,34.0502275890792,-11.0900963937168));
#7005=CARTESIAN_POINT('Ctrl Pts',(-114.495474846334,34.0577567534174,-11.0398665001463));
#7006=CARTESIAN_POINT('Ctrl Pts',(-114.547596389547,34.0654836471976,-10.9867020506736));
#7007=CARTESIAN_POINT('Ctrl Pts',(-114.596438649837,34.0733703147038,-10.9308396713557));
#7008=CARTESIAN_POINT('Ctrl Pts',(-114.614004858711,34.0762067691988,-10.9107486637421));
#7009=CARTESIAN_POINT('Ctrl Pts',(-114.63114661585,34.0790639450357,-10.8903082808736));
#7010=CARTESIAN_POINT('Ctrl Pts',(-114.647850194879,34.0819402543061,-10.8695282693579));
#7011=CARTESIAN_POINT('Ctrl Pts',(-114.69422348132,34.0899256036407,-10.8118377932885));
#7012=CARTESIAN_POINT('Ctrl Pts',(-114.737222643777,34.0980580461085,-10.7515317264325));
#7013=CARTESIAN_POINT('Ctrl Pts',(-114.776746256442,34.1062903757515,-10.6889401095822));
#7014=CARTESIAN_POINT('Ctrl Pts',(-114.816426229948,34.1145552736216,-10.6261008716973));
#7015=CARTESIAN_POINT('Ctrl Pts',(-114.852603495539,34.122920938,-10.5609570782279));
#7016=CARTESIAN_POINT('Ctrl Pts',(-114.885128787118,34.1313440844294,-10.4938203672832));
#7017=CARTESIAN_POINT('Ctrl Pts',(-114.888781631867,34.1322900696831,-10.4862803893109));
#7018=CARTESIAN_POINT('Ctrl Pts',(-114.892388362155,34.1332367837915,-10.4787152597153));
#7019=CARTESIAN_POINT('Ctrl Pts',(-114.895948726473,34.1341841682029,-10.4711254101612));
#7020=CARTESIAN_POINT('Ctrl Pts',(-114.927615108778,34.1426103387517,-10.4036202179581));
#7021=CARTESIAN_POINT('Ctrl Pts',(-114.955444526668,34.1510435562538,-10.3345303538719));
#7022=CARTESIAN_POINT('Ctrl Pts',(-114.979358294645,34.1594392947119,-10.2642005740999));
#7023=CARTESIAN_POINT('Ctrl Pts',(-115.003306893482,34.1678472617239,-10.1937683576573));
#7024=CARTESIAN_POINT('Ctrl Pts',(-115.023328772604,34.17621773122,-10.1220916937341));
#7025=CARTESIAN_POINT('Ctrl Pts',(-115.039297930497,34.1845109860788,-10.0494947484372));
#7026=CARTESIAN_POINT('Ctrl Pts',(-115.054960040758,34.1926447820426,-9.97829366385857));
#7027=CARTESIAN_POINT('Ctrl Pts',(-115.066723954955,34.2007043959611,-9.90620646695041));
#7028=CARTESIAN_POINT('Ctrl Pts',(-115.074422063603,34.2086557946998,-9.83353110929682));
#7029=CARTESIAN_POINT('Ctrl Pts',(-115.078208661267,34.2125669824038,-9.79778306362843));
#7030=CARTESIAN_POINT('Ctrl Pts',(-115.081010758394,34.2164520317062,-9.7618926706209));
#7031=CARTESIAN_POINT('Ctrl Pts',(-115.082803740708,34.2203071073771,-9.72589564353916));
#7032=CARTESIAN_POINT('Ctrl Pts',(-115.08436336218,34.2236604359328,-9.69458371372519));
#7033=CARTESIAN_POINT('Ctrl Pts',(-115.085157380672,34.2269864251767,-9.66323146695254));
#7034=CARTESIAN_POINT('Ctrl Pts',(-115.085173600024,34.2302825754919,-9.6318627503119));
#7035=CARTESIAN_POINT('Origin',(30.9198366712212,-47.5965220096475,-1.03045363025116));
#7036=CARTESIAN_POINT('',(30.2165597108667,-49.7371974521618,-1.01294132702156));
#7037=CARTESIAN_POINT('',(31.240926896083,-49.5705790168026,-1.03045363025116));
#7038=CARTESIAN_POINT('Origin',(17.7590020203063,-49.7371974522082,-0.805459574908804));
#7039=CARTESIAN_POINT('Origin',(-115.250348563406,10.0368575463056,-7.08796591425608));
#7040=CARTESIAN_POINT('',(-119.131896051834,-10.8208562486997,-4.87692608109709));
#7041=CARTESIAN_POINT('Origin',(-117.139915669349,-10.9997812491726,-4.87692608109709));
#7042=CARTESIAN_POINT('',(-115.08518953086,34.2313163496064,-9.61210022909932));
#7043=CARTESIAN_POINT('',(-117.242328945891,10.2157825467784,-7.08796591425608));
#7044=CARTESIAN_POINT('Ctrl Pts',(-115.08518953086,34.2313163496026,-9.61210022909894));
#7045=CARTESIAN_POINT('Ctrl Pts',(-115.08518953086,34.2313163496026,-9.61862365825802));
#7046=CARTESIAN_POINT('Ctrl Pts',(-115.085187875642,34.2309801545773,-9.62522865563522));
#7047=CARTESIAN_POINT('Ctrl Pts',(-115.08518434086,34.230282732252,-9.63186276378175));
#7048=CARTESIAN_POINT('Ctrl Pts',(-117.139915669349,-11.2088381757078,-6.86596987183364));
#7049=CARTESIAN_POINT('Ctrl Pts',(-117.3496838538,-13.544197165182,-6.62051375117413));
#7050=CARTESIAN_POINT('Ctrl Pts',(-116.34408336884,-17.544357634857,-6.20007994406895));
#7051=CARTESIAN_POINT('Ctrl Pts',(-112.305926972787,-21.4436783238888,-5.79024482499263));
#7052=CARTESIAN_POINT('Ctrl Pts',(-109.272159929264,-22.4638078158961,-5.68302489486325));
#7053=CARTESIAN_POINT('Ctrl Pts',(-107.716919392743,-22.6210970278525,-5.66649313252502));
#7054=CARTESIAN_POINT('Ctrl Pts',(-117.739489219132,-11.1555713111623,-6.8715684448967));
#7055=CARTESIAN_POINT('Ctrl Pts',(-117.952177976609,-13.6244305675389,-6.61170296283678));
#7056=CARTESIAN_POINT('Ctrl Pts',(-116.875255612119,-17.8404273131119,-6.16905164345799));
#7057=CARTESIAN_POINT('Ctrl Pts',(-112.608225749016,-21.9385969348196,-5.73784006302995));
#7058=CARTESIAN_POINT('Ctrl Pts',(-109.41203371157,-23.0087857245744,-5.62576621337391));
#7059=CARTESIAN_POINT('Ctrl Pts',(-107.773444097523,-23.1738939693991,-5.60839183272656));
#7060=CARTESIAN_POINT('Ctrl Pts',(-118.777267166392,-11.0102246881923,-6.37557858587158));
#7061=CARTESIAN_POINT('Ctrl Pts',(-118.996132579249,-13.7099434421442,-6.10784169258292));
#7062=CARTESIAN_POINT('Ctrl Pts',(-117.794315349907,-18.3047228051622,-5.65124153547688));
#7063=CARTESIAN_POINT('Ctrl Pts',(-113.133352431643,-22.7497471320638,-5.2089949402125));
#7064=CARTESIAN_POINT('Ctrl Pts',(-109.653942975013,-23.9092648677718,-5.09341064915562));
#7065=CARTESIAN_POINT('Ctrl Pts',(-107.871558545739,-24.0880303245673,-5.07561256941266));
#7066=CARTESIAN_POINT('Ctrl Pts',(-119.136101180863,-10.8676721464709,-5.32594332171789));
#7067=CARTESIAN_POINT('Ctrl Pts',(-119.37526297754,-13.6483819165889,-5.07387022775475));
#7068=CARTESIAN_POINT('Ctrl Pts',(-118.161233234144,-18.3970128655559,-4.64259078612016));
#7069=CARTESIAN_POINT('Ctrl Pts',(-113.356865226066,-23.0113540387942,-4.22312256962604));
#7070=CARTESIAN_POINT('Ctrl Pts',(-109.758310596234,-24.2164525339167,-4.11336526708143));
#7071=CARTESIAN_POINT('Ctrl Pts',(-107.913753932563,-24.4023355066838,-4.09645733468825));
#7072=CARTESIAN_POINT('Ctrl Pts',(-119.131896051834,-10.8208562486997,-4.87692608109709));
#7073=CARTESIAN_POINT('Ctrl Pts',(-119.38152837703,-13.6000245779467,-4.63146996043759));
#7074=CARTESIAN_POINT('Ctrl Pts',(-118.184824558785,-18.36037163351,-4.21103615333241));
#7075=CARTESIAN_POINT('Ctrl Pts',(-113.379260868133,-23.0007154150777,-3.80120103425609));
#7076=CARTESIAN_POINT('Ctrl Pts',(-109.768959700871,-24.2147093186684,-3.6939811041267));
#7077=CARTESIAN_POINT('Ctrl Pts',(-107.918162772887,-24.4018896187301,-3.67744934178848));
#7078=CARTESIAN_POINT('',(-107.918162772887,-24.4018896187301,-3.67744934178848));
#7079=CARTESIAN_POINT('Origin',(-106.657961198823,-11.9412984072157,-4.77796864021145));
#7080=CARTESIAN_POINT('',(-107.918160663628,-24.4018895724927,-3.67846571693715));
#7081=CARTESIAN_POINT('Ctrl Pts',(-107.833792402963,-22.6086054263065,-5.66780605275276));
#7082=CARTESIAN_POINT('Ctrl Pts',(-107.833892668897,-22.6108047100241,-5.66757490325484));
#7083=CARTESIAN_POINT('Ctrl Pts',(-107.833992902317,-22.6130035177867,-5.66733990410592));
#7084=CARTESIAN_POINT('Ctrl Pts',(-107.834093102997,-22.615201842298,-5.6671010611914));
#7085=CARTESIAN_POINT('Ctrl Pts',(-107.837422248246,-22.6882406840402,-5.65916555861002));
#7086=CARTESIAN_POINT('Ctrl Pts',(-107.840708894476,-22.7605757982452,-5.64701002491978));
#7087=CARTESIAN_POINT('Ctrl Pts',(-107.84394316641,-22.8319470389243,-5.63088123155496));
#7088=CARTESIAN_POINT('Ctrl Pts',(-107.847370276237,-22.9075736668746,-5.61379078667155));
#7089=CARTESIAN_POINT('Ctrl Pts',(-107.850738678989,-22.9821190559504,-5.59223916417407));
#7090=CARTESIAN_POINT('Ctrl Pts',(-107.854039245777,-23.0552641471028,-5.5664585276093));
#7091=CARTESIAN_POINT('Ctrl Pts',(-107.857339812565,-23.1284092382551,-5.54067789104453));
#7092=CARTESIAN_POINT('Ctrl Pts',(-107.860572674871,-23.2001550335453,-5.5106676496472));
#7093=CARTESIAN_POINT('Ctrl Pts',(-107.863729443125,-23.2701579674397,-5.47660569152397));
#7094=CARTESIAN_POINT('Ctrl Pts',(-107.86678032977,-23.33781292307,-5.44368621033508));
#7095=CARTESIAN_POINT('Ctrl Pts',(-107.869744713929,-23.4035173180142,-5.40713908554908));
#7096=CARTESIAN_POINT('Ctrl Pts',(-107.872613356214,-23.4669893212715,-5.36718306450539));
#7097=CARTESIAN_POINT('Ctrl Pts',(-107.875545374696,-23.5318635956146,-5.32634430508674));
#7098=CARTESIAN_POINT('Ctrl Pts',(-107.878377500101,-23.5944067463708,-5.28194397400155));
#7099=CARTESIAN_POINT('Ctrl Pts',(-107.881098517923,-23.6542916552018,-5.23416632085045));
#7100=CARTESIAN_POINT('Ctrl Pts',(-107.883819535745,-23.7141765640327,-5.18638866769936));
#7101=CARTESIAN_POINT('Ctrl Pts',(-107.886429571079,-23.7714041830651,-5.13523313272861));
#7102=CARTESIAN_POINT('Ctrl Pts',(-107.88891418585,-23.8256068916059,-5.0808426191492));
#7103=CARTESIAN_POINT('Ctrl Pts',(-107.891341453984,-23.8785585639389,-5.02770747644834));
#7104=CARTESIAN_POINT('Ctrl Pts',(-107.89363551588,-23.9283511483062,-4.97175740939625));
#7105=CARTESIAN_POINT('Ctrl Pts',(-107.895784360713,-23.9746963786968,-4.91317864440946));
#7106=CARTESIAN_POINT('Ctrl Pts',(-107.896496830124,-23.9900625691554,-4.89375631222927));
#7107=CARTESIAN_POINT('Ctrl Pts',(-107.897193305136,-24.0050495264751,-4.87404467094099));
#7108=CARTESIAN_POINT('Ctrl Pts',(-107.897873246866,-24.0196458902306,-4.85404957025465));
#7109=CARTESIAN_POINT('Ctrl Pts',(-107.899906516033,-24.0632942428296,-4.79425706168021));
#7110=CARTESIAN_POINT('Ctrl Pts',(-107.901792387385,-24.1034530801589,-4.73193189137502));
#7111=CARTESIAN_POINT('Ctrl Pts',(-107.903536025625,-24.140038962963,-4.66743234880306));
#7112=CARTESIAN_POINT('Ctrl Pts',(-107.905290382307,-24.1768497454565,-4.60253631649288));
#7113=CARTESIAN_POINT('Ctrl Pts',(-107.906900805711,-24.2100438686943,-4.53543815632914));
#7114=CARTESIAN_POINT('Ctrl Pts',(-107.908366132304,-24.2394891315234,-4.46648182936761));
#7115=CARTESIAN_POINT('Ctrl Pts',(-107.908573770396,-24.2436615516806,-4.45671065597888));
#7116=CARTESIAN_POINT('Ctrl Pts',(-107.908778483791,-24.24775861567,-4.4469021517582));
#7117=CARTESIAN_POINT('Ctrl Pts',(-107.908980257809,-24.2517798646332,-4.43705727872081));
#7118=CARTESIAN_POINT('Ctrl Pts',(-107.910401176435,-24.2800980177607,-4.3677284147926));
#7119=CARTESIAN_POINT('Ctrl Pts',(-107.911668471393,-24.3045056065921,-4.29697658321209));
#7120=CARTESIAN_POINT('Ctrl Pts',(-107.912783778484,-24.3249416235457,-4.22517473345055));
#7121=CARTESIAN_POINT('Ctrl Pts',(-107.913902027165,-24.3454315399162,-4.15318350834075));
#7122=CARTESIAN_POINT('Ctrl Pts',(-107.914867532866,-24.3619292060103,-4.08013574174821));
#7123=CARTESIAN_POINT('Ctrl Pts',(-107.915674685453,-24.374325550553,-4.00638684753672));
#7124=CARTESIAN_POINT('Ctrl Pts',(-107.91646626292,-24.3864826905761,-3.93406103968316));
#7125=CARTESIAN_POINT('Ctrl Pts',(-107.917105563898,-24.3946953877825,-3.86105996777065));
#7126=CARTESIAN_POINT('Ctrl Pts',(-107.917579834752,-24.3988122079395,-3.78771339128402));
#7127=CARTESIAN_POINT('Ctrl Pts',(-107.917814844913,-24.4008521700342,-3.75136877818618));
#7128=CARTESIAN_POINT('Ctrl Pts',(-107.91800921525,-24.4018856665041,-3.71493933102378));
#7129=CARTESIAN_POINT('Ctrl Pts',(-107.9181606628,-24.4018895644147,-3.67846571817255));
#7130=CARTESIAN_POINT('',(-107.918162772887,-24.4018896187301,-2.));
#7131=CARTESIAN_POINT('Origin',(-48.4212693542345,-21.0971667243413,-3.81564810254673));
#7132=CARTESIAN_POINT('',(-86.494205676801,-23.932251089565,-3.7278267105366));
#7133=CARTESIAN_POINT('',(-48.3774375142016,-23.0966863591034,-3.81564810254673));
#7134=CARTESIAN_POINT('Origin',(-84.2690577444822,-21.8829927292157,-3.73305446125252));
#7135=CARTESIAN_POINT('Origin',(-82.9383862018709,-9.84534177818142,-4.99826255885613));
#7136=CARTESIAN_POINT('',(-87.1967631834414,-30.1650855228093,-2.83947515600172));
#7137=CARTESIAN_POINT('',(-86.5078032856166,-23.9325491652648,-3.49454112362696));
#7138=CARTESIAN_POINT('',(-84.926277427804,-9.62559539286789,-4.99826255885613));
#7139=CARTESIAN_POINT('Origin',(-84.4907329451345,-23.8883325929632,-3.52228474842557));
#7140=CARTESIAN_POINT('',(-87.1967852796396,-30.1653403888877,-2.84439068258954));
#7141=CARTESIAN_POINT('Ctrl Pts',(-85.2061474003414,-30.5692514965731,-4.83110843531668));
#7142=CARTESIAN_POINT('Ctrl Pts',(-85.209593591296,-30.5689196970347,-4.83114328490923));
#7143=CARTESIAN_POINT('Ctrl Pts',(-85.2130395589259,-30.5685868983078,-4.83116857736115));
#7144=CARTESIAN_POINT('Ctrl Pts',(-85.2164852739825,-30.5682531055235,-4.83118433327967));
#7145=CARTESIAN_POINT('Ctrl Pts',(-85.2902689520038,-30.5611055443019,-4.83152171742204));
#7146=CARTESIAN_POINT('Ctrl Pts',(-85.3638302494619,-30.5535130740556,-4.82749043270384));
#7147=CARTESIAN_POINT('Ctrl Pts',(-85.436883000945,-30.5455267967053,-4.81930173293719));
#7148=CARTESIAN_POINT('Ctrl Pts',(-85.4974412515448,-30.5389064439422,-4.81251357886378));
#7149=CARTESIAN_POINT('Ctrl Pts',(-85.5576503568883,-30.5320153376184,-4.80286737458782));
#7150=CARTESIAN_POINT('Ctrl Pts',(-85.6173439944819,-30.5248803436549,-4.79045669450124));
#7151=CARTESIAN_POINT('Ctrl Pts',(-85.6902977730639,-30.5161604064761,-4.77528914828377));
#7152=CARTESIAN_POINT('Ctrl Pts',(-85.7622735007737,-30.5071011955817,-4.75603739459664));
#7153=CARTESIAN_POINT('Ctrl Pts',(-85.8329724683462,-30.4977533958056,-4.73289538591134));
#7154=CARTESIAN_POINT('Ctrl Pts',(-85.8899135510995,-30.4902246601127,-4.71425676816525));
#7155=CARTESIAN_POINT('Ctrl Pts',(-85.9460265454268,-30.4825086028681,-4.69309350331144));
#7156=CARTESIAN_POINT('Ctrl Pts',(-86.0011476993387,-30.4746300754053,-4.66948367866223));
#7157=CARTESIAN_POINT('Ctrl Pts',(-86.0698792310135,-30.4648062016031,-4.64004417503152));
#7158=CARTESIAN_POINT('Ctrl Pts',(-86.136782484262,-30.4547707581501,-4.6069250505217));
#7159=CARTESIAN_POINT('Ctrl Pts',(-86.2015644084616,-30.4445745019389,-4.57032734790286));
#7160=CARTESIAN_POINT('Ctrl Pts',(-86.2664039940782,-30.4343691701933,-4.53369707021904));
#7161=CARTESIAN_POINT('Ctrl Pts',(-86.3291193574423,-30.4240026188985,-4.49358156096776));
#7162=CARTESIAN_POINT('Ctrl Pts',(-86.3893963363593,-30.4135224934451,-4.45013458695409));
#7163=CARTESIAN_POINT('Ctrl Pts',(-86.4484349632431,-30.4032576754756,-4.4075802032722));
#7164=CARTESIAN_POINT('Ctrl Pts',(-86.5051350891715,-30.3928837859129,-4.36182929040555));
#7165=CARTESIAN_POINT('Ctrl Pts',(-86.559170308299,-30.3824442390507,-4.31298812488685));
#7166=CARTESIAN_POINT('Ctrl Pts',(-86.5851508006239,-30.3774248355671,-4.28950496804229));
#7167=CARTESIAN_POINT('Ctrl Pts',(-86.6105146991445,-30.3723902441518,-4.26530689977433));
#7168=CARTESIAN_POINT('Ctrl Pts',(-86.6352223258587,-30.3673452935305,-4.2404030325108));
#7169=CARTESIAN_POINT('Ctrl Pts',(-86.6824386710143,-30.357704378497,-4.19281167110562));
#7170=CARTESIAN_POINT('Ctrl Pts',(-86.7270272393427,-30.348072963755,-4.14287850578032));
#7171=CARTESIAN_POINT('Ctrl Pts',(-86.7687668215744,-30.3384850383084,-4.09071971573098));
#7172=CARTESIAN_POINT('Ctrl Pts',(-86.8143391001219,-30.3280167109849,-4.03377149579821));
#7173=CARTESIAN_POINT('Ctrl Pts',(-86.8565164026416,-30.3176001548442,-3.97417033147468));
#7174=CARTESIAN_POINT('Ctrl Pts',(-86.895228471721,-30.3072829241419,-3.91228124453619));
#7175=CARTESIAN_POINT('Ctrl Pts',(-86.9344387256772,-30.296832921195,-3.84959570812133));
#7176=CARTESIAN_POINT('Ctrl Pts',(-86.9700943969735,-30.286484687424,-3.784562083694));
#7177=CARTESIAN_POINT('Ctrl Pts',(-87.0020772403759,-30.2762881456717,-3.71753201105702));
#7178=CARTESIAN_POINT('Ctrl Pts',(-87.0204463017913,-30.27043185268,-3.67903388550103));
#7179=CARTESIAN_POINT('Ctrl Pts',(-87.0376029528386,-30.2646256176727,-3.63987676061278));
#7180=CARTESIAN_POINT('Ctrl Pts',(-87.0535173525171,-30.2588792294468,-3.60012499972966));
#7181=CARTESIAN_POINT('Ctrl Pts',(-87.0811709069069,-30.2488940548528,-3.53105060773986));
#7182=CARTESIAN_POINT('Ctrl Pts',(-87.104925897504,-30.2391437155539,-3.46055770085171));
#7183=CARTESIAN_POINT('Ctrl Pts',(-87.12471313964,-30.2296751724435,-3.38901862706741));
#7184=CARTESIAN_POINT('Ctrl Pts',(-87.1445331077855,-30.2201909693624,-3.31736123520778));
#7185=CARTESIAN_POINT('Ctrl Pts',(-87.1603725052237,-30.2109893663751,-3.24465323370091));
#7186=CARTESIAN_POINT('Ctrl Pts',(-87.1721139113933,-30.202118912266,-3.17124819293438));
#7187=CARTESIAN_POINT('Ctrl Pts',(-87.1836093735215,-30.1934342651462,-3.09938074759007));
#7188=CARTESIAN_POINT('Ctrl Pts',(-87.191176853668,-30.1850669304472,-3.02684423077939));
#7189=CARTESIAN_POINT('Ctrl Pts',(-87.1946573192546,-30.1770655090144,-2.95396485870926));
#7190=CARTESIAN_POINT('Ctrl Pts',(-87.1963981752249,-30.1730633656444,-2.91751212363059));
#7191=CARTESIAN_POINT('Ctrl Pts',(-87.1971157626906,-30.1691528241266,-2.88097361026448));
#7192=CARTESIAN_POINT('Ctrl Pts',(-87.1967852796382,-30.1653403888874,-2.84439068258956));
#7193=CARTESIAN_POINT('Ctrl Pts',(-87.1967852796396,-30.1653403888877,-2.84439068258954));
#7194=CARTESIAN_POINT('Ctrl Pts',(-87.1967703969098,-30.1651687025379,-2.84274323431559));
#7195=CARTESIAN_POINT('Ctrl Pts',(-87.1967631834412,-30.1650855228075,-2.84110094694535));
#7196=CARTESIAN_POINT('Ctrl Pts',(-87.1967631834412,-30.1650855228075,-2.83947515600192));
#7197=CARTESIAN_POINT('Ctrl Pts',(-85.2042556372722,-30.5470982850409,-4.83343683167345));
#7198=CARTESIAN_POINT('Ctrl Pts',(-85.3749290852789,-32.5159204956003,-4.62650527885852));
#7199=CARTESIAN_POINT('Ctrl Pts',(-84.5346445987372,-35.883772212959,-4.27252979961735));
#7200=CARTESIAN_POINT('Ctrl Pts',(-81.1662268014061,-39.2009267853003,-3.92388280503338));
#7201=CARTESIAN_POINT('Ctrl Pts',(-78.6252355288585,-40.1014387193845,-3.82923518685383));
#7202=CARTESIAN_POINT('Ctrl Pts',(-77.3172748429156,-40.2594509857291,-3.81262742843709));
#7203=CARTESIAN_POINT('Ctrl Pts',(-85.8038690854327,-30.4956868738564,-4.83884038872993));
#7204=CARTESIAN_POINT('Ctrl Pts',(-85.97700680859,-32.5960599690491,-4.61770993486645));
#7205=CARTESIAN_POINT('Ctrl Pts',(-85.0669515371269,-36.1764949135726,-4.24185664862269));
#7206=CARTESIAN_POINT('Ctrl Pts',(-81.474877359649,-39.6916875588129,-3.87192114305094));
#7207=CARTESIAN_POINT('Ctrl Pts',(-78.7746189006815,-40.6439290571105,-3.7722416045721));
#7208=CARTESIAN_POINT('Ctrl Pts',(-77.3846582565954,-40.8111288963334,-3.75464374353006));
#7209=CARTESIAN_POINT('Ctrl Pts',(-86.8417449136383,-30.3535748464851,-4.34275620882985));
#7210=CARTESIAN_POINT('Ctrl Pts',(-87.0202588834697,-32.6814437831875,-4.11387115000843));
#7211=CARTESIAN_POINT('Ctrl Pts',(-85.9879860252685,-36.6349613709773,-3.72426467555736));
#7212=CARTESIAN_POINT('Ctrl Pts',(-82.011008518828,-40.4955754121065,-3.34332888878466));
#7213=CARTESIAN_POINT('Ctrl Pts',(-79.0330463382148,-41.5400717806575,-3.24004183762875));
#7214=CARTESIAN_POINT('Ctrl Pts',(-77.5016221160755,-41.7233189330092,-3.22194603550417));
#7215=CARTESIAN_POINT('Ctrl Pts',(-87.2008426676593,-30.2121448313785,-3.29331691270895));
#7216=CARTESIAN_POINT('Ctrl Pts',(-87.3991160922071,-32.6199358975182,-3.07986557675336));
#7217=CARTESIAN_POINT('Ctrl Pts',(-86.3550710304347,-36.7247696260615,-2.71520581797874));
#7218=CARTESIAN_POINT('Ctrl Pts',(-82.23879871913,-40.753481958332,-2.35696217498844));
#7219=CARTESIAN_POINT('Ctrl Pts',(-79.1444222739655,-41.8449859705434,-2.25969591535769));
#7220=CARTESIAN_POINT('Ctrl Pts',(-77.5519025147577,-42.0365908675719,-2.24264612161118));
#7221=CARTESIAN_POINT('Ctrl Pts',(-87.1967829023037,-30.1653129644707,-2.8443930409369));
#7222=CARTESIAN_POINT('Ctrl Pts',(-87.4053836255079,-32.5716494027377,-2.63746148812198));
#7223=CARTESIAN_POINT('Ctrl Pts',(-86.3783700294447,-36.6879095011332,-2.2834860088808));
#7224=CARTESIAN_POINT('Ctrl Pts',(-82.2614180560504,-40.7422064691265,-1.93483901429683));
#7225=CARTESIAN_POINT('Ctrl Pts',(-79.155764404006,-41.8428313343172,-1.84019139611728));
#7226=CARTESIAN_POINT('Ctrl Pts',(-77.5571469963373,-42.0359572916325,-1.82358363770055));
#7227=CARTESIAN_POINT('Origin',(-76.237845664519,-31.1153223634047,-2.76269751533045));
#7228=CARTESIAN_POINT('Origin',(-106.657961198823,-11.9412984072157,-2.));
#7229=CARTESIAN_POINT('',(-107.918162772887,-24.4018896187301,-2.));
#7230=CARTESIAN_POINT('',(-119.131896051834,-10.8208562486997,-4.));
#7231=CARTESIAN_POINT('Origin',(-97.2129830292521,-24.1672193919975,-2.));
#7232=CARTESIAN_POINT('',(-86.5078032856166,-23.9325491652648,-2.));
#7233=CARTESIAN_POINT('Origin',(-86.852283234529,-27.048817344037,-2.));
#7234=CARTESIAN_POINT('',(-87.1967631834414,-30.1650855228093,-2.));
#7235=CARTESIAN_POINT('Origin',(-76.237845664519,-31.1153223634047,-2.));
#7236=CARTESIAN_POINT('',(-77.5988096047606,-42.030843181946,-2.));
#7237=CARTESIAN_POINT('Origin',(-53.7536711698902,-45.8835068168197,-2.));
#7238=CARTESIAN_POINT('',(-29.9085327350198,-49.7361704516933,-2.));
#7239=CARTESIAN_POINT('Origin',(-14.9542413571637,-49.7366839519507,-2.));
#7240=CARTESIAN_POINT('',(5.00206922551824E-5,-49.7371974522082,-4.));
#7241=CARTESIAN_POINT('Origin',(1.39864043124938E-5,-49.7371974522082,-2.));
#7242=CARTESIAN_POINT('',(30.2165597108667,-49.7371974521618,-2.));
#7243=CARTESIAN_POINT('Origin',(53.9076332483472,-45.8837260975879,-2.));
#7244=CARTESIAN_POINT('',(77.598699733962,-42.0302541227228,-2.));
#7245=CARTESIAN_POINT('Origin',(76.2379043865374,-31.1147249792382,-2.));
#7246=CARTESIAN_POINT('',(87.1968606984541,-30.1650845139381,-2.));
#7247=CARTESIAN_POINT('Origin',(86.850755586361,-27.0370107855558,-2.));
#7248=CARTESIAN_POINT('',(86.504650474268,-23.9089370571737,-2.));
#7249=CARTESIAN_POINT('Origin',(97.2024162894286,-24.1596978058766,-2.));
#7250=CARTESIAN_POINT('',(107.900182104589,-24.4104585545794,-2.));
#7251=CARTESIAN_POINT('Origin',(106.651182301404,-11.9418985832288,-2.));
#7252=CARTESIAN_POINT('',(119.131896730395,-10.8208474650842,-4.));
#7253=CARTESIAN_POINT('Origin',(-61.8581881161728,-58.9429491936498,-2.));
#7254=CARTESIAN_POINT('',(-58.6275340374295,46.574523918203,-2.));
#7255=CARTESIAN_POINT('',(-42.5395462907844,44.8412708771747,-2.));
#7256=CARTESIAN_POINT('Origin',(-71.1841840374295,46.958973918203,-2.));
#7257=CARTESIAN_POINT('',(-83.7408340374295,47.343423918203,-2.));
#7258=CARTESIAN_POINT('Origin',(-84.135530771304,34.4521019168891,-2.));
#7259=CARTESIAN_POINT('',(-92.9373186305561,43.8792170076268,-2.));
#7260=CARTESIAN_POINT('Origin',(-97.8212380077383,44.5169121901964,-2.));
#7261=CARTESIAN_POINT('',(-102.705157384921,45.1546073727661,-4.));
#7262=CARTESIAN_POINT('Origin',(-104.124296885967,34.2858363713043,-2.));
#7263=CARTESIAN_POINT('',(-115.08518953086,34.2313163496064,-2.));
#7264=CARTESIAN_POINT('Origin',(-117.108542791347,11.7052300504534,-2.));
#7265=CARTESIAN_POINT('Origin',(84.1356306775552,34.4521064808274,-2.));
#7266=CARTESIAN_POINT('',(83.7409353855168,47.3434327223134,-2.));
#7267=CARTESIAN_POINT('',(92.9374164405755,43.8792292666978,-2.));
#7268=CARTESIAN_POINT('Origin',(117.108543241902,11.7052413724851,-2.));
#7269=CARTESIAN_POINT('',(115.08518975341,34.2313302100542,-2.));
#7270=CARTESIAN_POINT('Origin',(97.8212847247569,44.5169223815531,-2.));
#7271=CARTESIAN_POINT('',(102.705153008938,45.1546154964084,-2.));
#7272=CARTESIAN_POINT('Origin',(7.74055081320162,35.405310867836,0.));
#7273=CARTESIAN_POINT('',(7.74055081320162,38.7184173699733,-2.));
#7274=CARTESIAN_POINT('',(7.74055081320162,38.7184173699733,0.));
#7275=CARTESIAN_POINT('',(7.74055081320162,32.0922043656988,-2.));
#7276=CARTESIAN_POINT('',(7.74055081320162,-1.1938619642656,-2.));
#7277=CARTESIAN_POINT('',(7.74055081320162,32.0922043656988,0.));
#7278=CARTESIAN_POINT('Origin',(28.5599562441092,42.239076398929,-2.));
#7279=CARTESIAN_POINT('',(9.6461601937429,38.7184173699733,-2.));
#7280=CARTESIAN_POINT('',(9.64616019374293,38.7184173699733,-2.));
#7281=CARTESIAN_POINT('',(14.5510562441091,39.6314263989291,-2.));
#7282=CARTESIAN_POINT('',(10.8512196041591,38.9427299977722,-2.));
#7283=CARTESIAN_POINT('',(14.5510562441091,39.6314263989291,-2.));
#7284=CARTESIAN_POINT('',(42.5688562441091,44.8467263989291,-2.));
#7285=CARTESIAN_POINT('Origin',(1.39864043124938E-5,38.7184173699733,-2.));
#7286=CARTESIAN_POINT('',(-9.64615856733903,38.7184173699733,-2.));
#7287=CARTESIAN_POINT('',(-9.64615856733901,38.7184173699733,-2.));
#7288=CARTESIAN_POINT('',(-12.2405491867984,38.7184173699733,-2.));
#7289=CARTESIAN_POINT('',(1.39864043124938E-5,38.7184173699733,-2.));
#7290=CARTESIAN_POINT('',(-12.2405491867984,38.7184173699733,-2.));
#7291=CARTESIAN_POINT('',(-7.7405491867984,38.7184173699733,-2.));
#7292=CARTESIAN_POINT('',(-7.7405491867984,38.7184173699733,0.));
#7293=CARTESIAN_POINT('',(1.39864043124938E-5,38.7184173699733,-2.));
#7294=CARTESIAN_POINT('',(12.2405508132016,38.7184173699733,-2.));
#7295=CARTESIAN_POINT('',(12.2405508132016,38.7184173699733,-2.));
#7296=CARTESIAN_POINT('',(1.39864043124938E-5,38.7184173699733,-2.));
#7297=CARTESIAN_POINT('Origin',(1.39864043124938E-5,-1.1938619642656,-2.));
#7298=CARTESIAN_POINT('',(-14.5510546177059,39.6314263989291,-2.));
#7299=CARTESIAN_POINT('',(-10.8438781639754,38.9413637473597,-2.));
#7300=CARTESIAN_POINT('Origin',(-15.7405479782882,33.2411924568501,-2.));
#7301=CARTESIAN_POINT('Origin',(1.39864043124938E-5,-1.1938619642656,-2.));
#7302=CARTESIAN_POINT('Origin',(15.7405496046915,33.2411924568499,-2.));
#7303=CARTESIAN_POINT('Origin',(-7.7405491867984,35.405310867836,0.));
#7304=CARTESIAN_POINT('',(-7.7405491867984,32.0922043656988,-2.));
#7305=CARTESIAN_POINT('',(-7.7405491867984,32.0922043656988,0.));
#7306=CARTESIAN_POINT('',(-7.7405491867984,-1.1938619642656,-2.));
#7307=CARTESIAN_POINT('Origin',(1.39864043124938E-5,-1.1938619642656,-2.));
#7308=CARTESIAN_POINT('',(-15.4660496805817,34.7158609141743,-2.));
#7309=CARTESIAN_POINT('',(-14.2405491867984,33.2411924568499,-2.));
#7310=CARTESIAN_POINT('Origin',(-15.7405479782883,33.2411924568499,-2.));
#7311=CARTESIAN_POINT('',(-39.7866650100013,39.24295815691,-2.));
#7312=CARTESIAN_POINT('',(-29.4602955171209,37.3207831532973,-2.));
#7313=CARTESIAN_POINT('',(-44.5472634554021,37.522910568258,-2.));
#7314=CARTESIAN_POINT('Origin',(-40.7016600728772,34.3273926721551,-2.));
#7315=CARTESIAN_POINT('',(-49.0623375492824,35.7634502639407,-2.));
#7316=CARTESIAN_POINT('Origin',(-48.392866837927,40.7184284643609,-2.));
#7317=CARTESIAN_POINT('',(-58.9335630594102,36.5792077032098,-2.));
#7318=CARTESIAN_POINT('Origin',(-61.8581881161728,-58.9429491936502,-2.));
#7319=CARTESIAN_POINT('',(-84.0468630594102,37.3481077032098,-2.));
#7320=CARTESIAN_POINT('',(-71.4902130594102,36.9636577032098,-2.));
#7321=CARTESIAN_POINT('',(-84.9475791213283,35.8187294062785,-2.));
#7322=CARTESIAN_POINT('',(-84.4972210903693,36.5834185547442,-2.));
#7323=CARTESIAN_POINT('',(-89.9032747554649,33.3981779036943,-2.));
#7324=CARTESIAN_POINT('Origin',(-89.2559178331028,38.3560936971575,-2.));
#7325=CARTESIAN_POINT('',(-103.088070432722,35.11972161423,-2.));
#7326=CARTESIAN_POINT('',(-96.4956725940936,34.2589497589621,-2.));
#7327=CARTESIAN_POINT('',(-110.427049709248,30.2012654647653,-2.));
#7328=CARTESIAN_POINT('Origin',(-103.955159108502,28.4789451098309,-2.));
#7329=CARTESIAN_POINT('',(-111.151492724974,22.1360075536801,-2.));
#7330=CARTESIAN_POINT('',(-112.128591835134,11.2579175492713,-2.));
#7331=CARTESIAN_POINT('',(-110.734480492801,0.425373139933939,-2.));
#7332=CARTESIAN_POINT('Origin',(-11.5524736007138,13.1897575300375,-2.));
#7333=CARTESIAN_POINT('',(-109.171994139408,-11.7154812510639,-2.));
#7334=CARTESIAN_POINT('',(-109.953237316105,-5.645054055565,-2.));
#7335=CARTESIAN_POINT('',(-108.81295530449,-13.6333416775836,-2.));
#7336=CARTESIAN_POINT('',(-108.992474721949,-12.6744114643237,-2.));
#7337=CARTESIAN_POINT('Origin',(-103.898334637647,-12.713285320046,-2.));
#7338=CARTESIAN_POINT('',(-82.0107838653413,-15.018650538963,-2.));
#7339=CARTESIAN_POINT('',(-88.2732500892709,-16.2660396064311,-2.));
#7340=CARTESIAN_POINT('',(-76.0643184075471,-20.4716869709051,-2.));
#7341=CARTESIAN_POINT('Origin',(-81.0340464723798,-19.9223210076212,-2.));
#7342=CARTESIAN_POINT('',(-77.237377583352,-31.0835295263841,-2.));
#7343=CARTESIAN_POINT('',(-76.6508479954496,-25.7776082486446,-2.));
#7344=CARTESIAN_POINT('',(-77.1598299021722,-32.8540489295503,-2.));
#7345=CARTESIAN_POINT('',(-77.1986037427621,-31.9687892279672,-2.));
#7346=CARTESIAN_POINT('',(-72.7882561247999,-37.5962169280436,-2.));
#7347=CARTESIAN_POINT('Origin',(-72.1646189806062,-32.6352617062761,-2.));
#7348=CARTESIAN_POINT('',(-60.1418081560646,-39.1859903371667,-2.));
#7349=CARTESIAN_POINT('',(-53.288502094927,-40.0475131748452,-2.));
#7350=CARTESIAN_POINT('',(-46.3818299486205,-39.9586006847052,-2.));
#7351=CARTESIAN_POINT('Origin',(-47.6690652721911,60.0331140981798,-2.));
#7352=CARTESIAN_POINT('',(-29.1057156929791,-39.7361980129187,-2.));
#7353=CARTESIAN_POINT('',(-37.7437728207998,-39.8473993488103,-2.));
#7354=CARTESIAN_POINT('',(-14.55274699076,-39.7366977325634,-2.));
#7355=CARTESIAN_POINT('',(-21.8292313418696,-39.736447872741,-2.));
#7356=CARTESIAN_POINT('',(-4.97525203322105,-43.0259892852967,-2.));
#7357=CARTESIAN_POINT('Origin',(-14.5532823094905,-55.3263924983299,-2.));
#7358=CARTESIAN_POINT('',(5.05135589053105,-43.0259892852968,-2.));
#7359=CARTESIAN_POINT('',(1.39864043124938E-5,-43.0259892852967,-2.));
#7360=CARTESIAN_POINT('',(14.7044077986296,-39.7371974521856,-2.));
#7361=CARTESIAN_POINT('Origin',(14.7044077986539,-55.5481043352876,-2.));
#7362=CARTESIAN_POINT('',(29.4085938858,-39.737197452163,-2.));
#7363=CARTESIAN_POINT('',(1.39864043124938E-5,-39.7371974521856,-2.));
#7364=CARTESIAN_POINT('',(46.679152597825,-39.9281448650425,-2.));
#7365=CARTESIAN_POINT('',(38.0438732418125,-39.8326711586027,-2.));
#7366=CARTESIAN_POINT('',(60.1555480260814,-39.1661178328392,-2.));
#7367=CARTESIAN_POINT('Origin',(47.7847088591391,60.0657436749738,-2.));
#7368=CARTESIAN_POINT('',(72.7848751904677,-37.5916701427188,-2.));
#7369=CARTESIAN_POINT('',(53.4431235305519,-40.0029289396015,-2.));
#7370=CARTESIAN_POINT('',(77.161720344585,-32.8448038626397,-2.));
#7371=CARTESIAN_POINT('Origin',(72.1663332321205,-32.6300770673281,-2.));
#7372=CARTESIAN_POINT('',(77.2374365723292,-31.0833475538019,-2.));
#7373=CARTESIAN_POINT('',(77.1995784584571,-31.9640757082208,-2.));
#7374=CARTESIAN_POINT('',(76.059789382998,-20.4398548530643,-2.));
#7375=CARTESIAN_POINT('',(76.6486129776636,-25.7616012034331,-2.));
#7376=CARTESIAN_POINT('',(82.0120887535367,-14.9874927082339,-2.));
#7377=CARTESIAN_POINT('Origin',(81.0294618759034,-19.8899864021975,-2.));
#7378=CARTESIAN_POINT('',(88.2687074033851,-16.2415323933869,-2.));
#7379=CARTESIAN_POINT('',(108.806685463315,-13.6442573663528,-2.));
#7380=CARTESIAN_POINT('Origin',(103.894022331642,-12.7138053500174,-2.));
#7381=CARTESIAN_POINT('',(109.171994817969,-11.7154724674478,-2.));
#7382=CARTESIAN_POINT('',(108.989340140642,-12.6798649169003,-2.));
#7383=CARTESIAN_POINT('',(110.734481354037,0.425385620775752,-2.));
#7384=CARTESIAN_POINT('',(109.953238086005,-5.64504342333624,-2.));
#7385=CARTESIAN_POINT('',(111.151493283039,22.1360176787775,-2.));
#7386=CARTESIAN_POINT('Origin',(11.5524741587777,13.1897676551414,-2.));
#7387=CARTESIAN_POINT('',(110.42705011291,30.2012773088477,-2.));
#7388=CARTESIAN_POINT('',(112.128592285686,11.2579288713026,-2.));
#7389=CARTESIAN_POINT('',(103.088074349366,35.1197299611867,-2.));
#7390=CARTESIAN_POINT('Origin',(103.955167892706,28.4789641177332,-2.));
#7391=CARTESIAN_POINT('',(89.9033809426042,33.3981871762999,-2.));
#7392=CARTESIAN_POINT('',(96.4957276459849,34.2589585687433,-2.));
#7393=CARTESIAN_POINT('',(84.9476824454859,35.8187351380626,-2.));
#7394=CARTESIAN_POINT('Origin',(89.2560194252661,38.3561023697932,-2.));
#7395=CARTESIAN_POINT('',(84.0469631900502,37.3481164700454,-2.));
#7396=CARTESIAN_POINT('',(84.497322817768,36.583425804054,-2.));
#7397=CARTESIAN_POINT('',(58.9038928021546,36.578308048197,-2.));
#7398=CARTESIAN_POINT('',(71.4754279961024,36.9632122591212,-2.));
#7399=CARTESIAN_POINT('',(49.0907824551314,35.7683040569648,-2.));
#7400=CARTESIAN_POINT('Origin',(61.8166600356525,-58.5569353407016,-2.));
#7401=CARTESIAN_POINT('',(44.5764853611979,37.5281049814221,-2.));
#7402=CARTESIAN_POINT('Origin',(48.4222648454955,40.7234109383154,-2.));
#7403=CARTESIAN_POINT('',(39.8157108140246,39.2483645092839,-2.));
#7404=CARTESIAN_POINT('Origin',(40.7307058769004,34.3327990245291,-2.));
#7405=CARTESIAN_POINT('',(15.466051306985,34.7158609141743,-2.));
#7406=CARTESIAN_POINT('',(29.474951306985,37.3235109141743,-2.));
#7407=CARTESIAN_POINT('',(14.2405508132016,33.2411924568499,-2.));
#7408=CARTESIAN_POINT('Origin',(15.7405496046915,33.2411924568499,-2.));
#7409=CARTESIAN_POINT('',(14.2405508132016,32.5922043656987,-2.));
#7410=CARTESIAN_POINT('',(14.2405508132016,-1.1938619642656,-2.));
#7411=CARTESIAN_POINT('',(13.7405508132016,32.0922043656988,-2.));
#7412=CARTESIAN_POINT('Origin',(13.7405508132016,32.5922043656987,-2.));
#7413=CARTESIAN_POINT('',(1.39864043124938E-5,32.0922043656988,-2.));
#7414=CARTESIAN_POINT('',(-13.7405491867984,32.0922043656988,-2.));
#7415=CARTESIAN_POINT('',(1.39864043124938E-5,32.0922043656988,-2.));
#7416=CARTESIAN_POINT('',(-14.2405491867984,32.5922043656987,-2.));
#7417=CARTESIAN_POINT('Origin',(-13.7405491867984,32.5922043656987,-2.));
#7418=CARTESIAN_POINT('',(-14.2405491867984,-1.1938619642656,-2.));
#7419=CARTESIAN_POINT('Origin',(-28.5453004542451,42.2363486380522,-2.));
#7420=CARTESIAN_POINT('',(-14.5510546177059,39.6314263989291,-2.));
#7421=CARTESIAN_POINT('Origin',(71.169400191569,46.9585285113891,-2.));
#7422=CARTESIAN_POINT('',(58.5978649976212,46.5736243004648,-2.));
#7423=CARTESIAN_POINT('Origin',(61.8166600356525,-58.5569353407031,-2.));
#7424=CARTESIAN_POINT('Origin',(15.7405496046915,33.2411924568499,-2.));
#7425=CARTESIAN_POINT('Origin',(104.124301955784,34.2858506147247,-2.));
#7426=CARTESIAN_POINT('Origin',(-15.7405479782882,33.2411924568501,-2.));
#7427=CARTESIAN_POINT('Origin',(1.39864043124938E-5,-1.1938619642656,0.));
#7428=CARTESIAN_POINT('',(103.088074349366,35.1197299611867,0.));
#7429=CARTESIAN_POINT('',(110.42705011291,30.2012773088477,0.));
#7430=CARTESIAN_POINT('Origin',(103.955167892706,28.4789641177332,0.));
#7431=CARTESIAN_POINT('',(110.105238797194,33.7840177088715,0.));
#7432=CARTESIAN_POINT('',(112.128592285686,11.2579288713026,0.));
#7433=CARTESIAN_POINT('',(103.352514526276,39.1967003029153,0.));
#7434=CARTESIAN_POINT('Origin',(104.1293425149,33.247246737362,0.));
#7435=CARTESIAN_POINT('',(96.6705273898495,38.3242244410555,0.));
#7436=CARTESIAN_POINT('',(58.7508788998879,41.5759661743308,0.));
#7437=CARTESIAN_POINT('',(71.3224140938357,41.9608703852551,0.));
#7438=CARTESIAN_POINT('',(43.4838513069849,39.9311609141743,0.));
#7439=CARTESIAN_POINT('Origin',(61.8166600356524,-58.5569353407018,0.));
#7440=CARTESIAN_POINT('',(39.8157108140246,39.2483645092839,0.));
#7441=CARTESIAN_POINT('',(29.474951306985,37.3235109141743,0.));
#7442=CARTESIAN_POINT('',(44.5764853611979,37.5281049814221,0.));
#7443=CARTESIAN_POINT('Origin',(40.7307058769004,34.3327990245291,0.));
#7444=CARTESIAN_POINT('',(49.0907824551314,35.7683040569648,0.));
#7445=CARTESIAN_POINT('Origin',(48.4222648454955,40.7234109383154,0.));
#7446=CARTESIAN_POINT('',(58.9038928021546,36.578308048197,0.));
#7447=CARTESIAN_POINT('Origin',(61.8166600356525,-58.5569353407016,0.));
#7448=CARTESIAN_POINT('',(84.0469631900502,37.3481164700454,0.));
#7449=CARTESIAN_POINT('',(71.4754279961024,36.9632122591212,0.));
#7450=CARTESIAN_POINT('',(84.9476824454859,35.8187351380626,0.));
#7451=CARTESIAN_POINT('',(84.497322817768,36.583425804054,0.));
#7452=CARTESIAN_POINT('',(89.9033809426042,33.3981871762999,0.));
#7453=CARTESIAN_POINT('Origin',(89.2560194252661,38.3561023697932,0.));
#7454=CARTESIAN_POINT('',(96.4957276459849,34.2589585687433,0.));
#7455=CARTESIAN_POINT('Origin',(1.39864043124938E-5,-1.1938619642656,0.));
#7456=CARTESIAN_POINT('',(114.151945774179,-11.2681599662663,0.));
#7457=CARTESIAN_POINT('Origin',(108.176855039705,-11.8139827880081,0.));
#7458=CARTESIAN_POINT('',(111.151493283039,22.1360176787775,0.));
#7459=CARTESIAN_POINT('',(112.128592285686,11.2579288713026,0.));
#7460=CARTESIAN_POINT('',(110.734481354037,0.425385620775752,0.));
#7461=CARTESIAN_POINT('Origin',(11.5524741587777,13.1897676551414,0.));
#7462=CARTESIAN_POINT('',(109.171994817969,-11.7154724674478,0.));
#7463=CARTESIAN_POINT('',(109.953238086005,-5.64504342333624,0.));
#7464=CARTESIAN_POINT('',(108.806685463315,-13.6442573663528,0.));
#7465=CARTESIAN_POINT('',(108.989340140642,-12.6798649169003,0.));
#7466=CARTESIAN_POINT('Origin',(103.894022331642,-12.7138053500174,0.));
#7467=CARTESIAN_POINT('Origin',(1.39864043124938E-5,-1.1938619642656,0.));
#7468=CARTESIAN_POINT('',(-110.734480492801,0.425373139933939,0.));
#7469=CARTESIAN_POINT('',(-111.151492724974,22.1360075536801,0.));
#7470=CARTESIAN_POINT('Origin',(-11.5524736007138,13.1897575300375,0.));
#7471=CARTESIAN_POINT('',(-114.151945095621,-11.2681687498818,0.));
#7472=CARTESIAN_POINT('',(-112.128591835134,11.2579175492713,0.));
#7473=CARTESIAN_POINT('Origin',(-108.176032407187,-11.804941195035,0.));
#7474=CARTESIAN_POINT('',(-108.81295530449,-13.6333416775836,0.));
#7475=CARTESIAN_POINT('Origin',(-103.898334637647,-12.713285320046,0.));
#7476=CARTESIAN_POINT('',(-109.171994139408,-11.7154812510639,0.));
#7477=CARTESIAN_POINT('',(-108.992474721949,-12.6744114643237,0.));
#7478=CARTESIAN_POINT('',(-109.953237316105,-5.645054055565,0.));
#7479=CARTESIAN_POINT('Origin',(1.39864043124938E-5,-1.1938619642656,0.));
#7480=CARTESIAN_POINT('',(-43.4545413536601,39.9257053924204,0.));
#7481=CARTESIAN_POINT('',(-39.7866650100013,39.24295815691,0.));
#7482=CARTESIAN_POINT('',(-29.4602955171209,37.3207831532973,0.));
#7483=CARTESIAN_POINT('',(-58.7805485484199,41.5768658107065,0.));
#7484=CARTESIAN_POINT('Origin',(-61.8581881161728,-58.9429491936496,0.));
#7485=CARTESIAN_POINT('',(-71.3371985484199,41.9613158107065,0.));
#7486=CARTESIAN_POINT('',(-103.352514307283,39.1966915793031,0.));
#7487=CARTESIAN_POINT('',(-96.6704770107867,38.324215466443,0.));
#7488=CARTESIAN_POINT('',(-110.105238574647,33.7840038484243,0.));
#7489=CARTESIAN_POINT('Origin',(-104.129337415882,33.2472324388969,0.));
#7490=CARTESIAN_POINT('',(-110.427049709248,30.2012654647653,0.));
#7491=CARTESIAN_POINT('',(-112.128591835134,11.2579175492713,0.));
#7492=CARTESIAN_POINT('',(-103.088070432722,35.11972161423,0.));
#7493=CARTESIAN_POINT('Origin',(-103.955159108502,28.4789451098309,0.));
#7494=CARTESIAN_POINT('',(-89.9032747554649,33.3981779036943,0.));
#7495=CARTESIAN_POINT('',(-96.4956725940936,34.2589497589621,0.));
#7496=CARTESIAN_POINT('',(-84.9475791213283,35.8187294062785,0.));
#7497=CARTESIAN_POINT('Origin',(-89.2559178331028,38.3560936971575,0.));
#7498=CARTESIAN_POINT('',(-84.0468630594102,37.3481077032098,0.));
#7499=CARTESIAN_POINT('',(-84.4972210903693,36.5834185547442,0.));
#7500=CARTESIAN_POINT('',(-58.9335630594102,36.5792077032098,0.));
#7501=CARTESIAN_POINT('',(-71.4902130594102,36.9636577032098,0.));
#7502=CARTESIAN_POINT('',(-49.0623375492824,35.7634502639407,0.));
#7503=CARTESIAN_POINT('Origin',(-61.8581881161728,-58.9429491936502,0.));
#7504=CARTESIAN_POINT('',(-44.5472634554021,37.522910568258,0.));
#7505=CARTESIAN_POINT('Origin',(-48.392866837927,40.7184284643609,0.));
#7506=CARTESIAN_POINT('Origin',(-40.7016600728772,34.3273926721551,0.));
#7507=CARTESIAN_POINT('Origin',(1.39864043124938E-5,-1.1938619642656,0.));
#7508=CARTESIAN_POINT('',(-82.215987570831,-30.6032009046608,0.));
#7509=CARTESIAN_POINT('',(-81.6275470823164,-23.9134334231368,0.));
#7510=CARTESIAN_POINT('',(-76.9751789280674,-37.0698826913361,0.));
#7511=CARTESIAN_POINT('Origin',(-76.237845664519,-31.1153223634047,0.));
#7512=CARTESIAN_POINT('',(-72.7882561247999,-37.5962169280436,0.));
#7513=CARTESIAN_POINT('',(-53.288502094927,-40.0475131748452,0.));
#7514=CARTESIAN_POINT('',(-77.1598299021722,-32.8540489295503,0.));
#7515=CARTESIAN_POINT('Origin',(-72.1646189806062,-32.6352617062761,0.));
#7516=CARTESIAN_POINT('',(-77.237377583352,-31.0835295263841,0.));
#7517=CARTESIAN_POINT('',(-77.1986037427621,-31.9687892279672,0.));
#7518=CARTESIAN_POINT('',(-76.0643184075471,-20.4716869709051,0.));
#7519=CARTESIAN_POINT('',(-76.6508479954496,-25.7776082486446,0.));
#7520=CARTESIAN_POINT('',(-82.0107838653413,-15.018650538963,0.));
#7521=CARTESIAN_POINT('Origin',(-81.0340464723798,-19.9223210076212,0.));
#7522=CARTESIAN_POINT('',(-88.2732500892709,-16.2660396064311,0.));
#7523=CARTESIAN_POINT('Origin',(1.39864043124938E-5,-1.1938619642656,0.));
#7524=CARTESIAN_POINT('',(14.7044077986296,-39.7371974521856,0.));
#7525=CARTESIAN_POINT('',(5.07073805071804,-43.011071845347,0.));
#7526=CARTESIAN_POINT('Origin',(14.7044077986539,-55.5481043352876,0.));
#7527=CARTESIAN_POINT('',(29.9060892854857,-42.9371968318712,0.));
#7528=CARTESIAN_POINT('',(14.9522290583347,-42.9816784506473,0.));
#7529=CARTESIAN_POINT('',(60.1555480260814,-39.1661178328392,0.));
#7530=CARTESIAN_POINT('',(53.4431235305519,-40.0029289396015,0.));
#7531=CARTESIAN_POINT('',(46.679152597825,-39.9281448650425,0.));
#7532=CARTESIAN_POINT('Origin',(47.7847088591391,60.0657436749738,0.));
#7533=CARTESIAN_POINT('',(29.4085938858,-39.737197452163,0.));
#7534=CARTESIAN_POINT('',(38.0438732418125,-39.8326711586027,0.));
#7535=CARTESIAN_POINT('',(22.0565008422148,-39.7371974521743,0.));
#7536=CARTESIAN_POINT('Origin',(1.39864043124938E-5,-1.1938619642656,0.));
#7537=CARTESIAN_POINT('',(-29.6018252617866,-43.0251436583543,0.));
#7538=CARTESIAN_POINT('',(-60.1418081560646,-39.1859903371667,0.));
#7539=CARTESIAN_POINT('',(-53.288502094927,-40.0475131748452,0.));
#7540=CARTESIAN_POINT('',(-4.97525203322106,-43.0259892852967,0.));
#7541=CARTESIAN_POINT('',(-14.8017282153015,-43.0256518638889,0.));
#7542=CARTESIAN_POINT('',(-14.55274699076,-39.7366977325634,0.));
#7543=CARTESIAN_POINT('Origin',(-14.5532823094905,-55.3263924983299,0.));
#7544=CARTESIAN_POINT('',(-29.1057156929791,-39.7361980129187,0.));
#7545=CARTESIAN_POINT('',(-21.8292313418696,-39.736447872741,0.));
#7546=CARTESIAN_POINT('',(-46.3818299486205,-39.9586006847052,0.));
#7547=CARTESIAN_POINT('',(-37.7437728207998,-39.8473993488103,0.));
#7548=CARTESIAN_POINT('Origin',(-47.6690652721911,60.0331140981798,0.));
#7549=CARTESIAN_POINT('Origin',(22.0565008422148,-39.7371974521743,0.));
#7550=CARTESIAN_POINT('',(14.7044077986296,-39.7371974521856,0.));
#7551=CARTESIAN_POINT('',(29.4085938858,-39.737197452163,0.));
#7552=CARTESIAN_POINT('Origin',(38.0438732418125,-39.8326711586027,0.));
#7553=CARTESIAN_POINT('',(46.679152597825,-39.9281448650425,0.));
#7554=CARTESIAN_POINT('Origin',(47.7847088591391,60.0657436749738,0.));
#7555=CARTESIAN_POINT('',(60.1555480260814,-39.1661178328392,0.));
#7556=CARTESIAN_POINT('Origin',(53.4431235305519,-40.0029289396015,0.));
#7557=CARTESIAN_POINT('',(29.9060892854857,-42.9371968318712,0.));
#7558=CARTESIAN_POINT('',(76.9801577756182,-37.0686610473318,0.));
#7559=CARTESIAN_POINT('',(76.9801577756182,-37.0686610473318,0.));
#7560=CARTESIAN_POINT('',(72.7848751904677,-37.5916701427188,0.));
#7561=CARTESIAN_POINT('',(53.4431235305519,-40.0029289396015,0.));
#7562=CARTESIAN_POINT('',(72.7848751904677,-37.5916701427188,0.));
#7563=CARTESIAN_POINT('Origin',(72.1663332321205,-32.6300770673281,0.));
#7564=CARTESIAN_POINT('',(77.161720344585,-32.8448038626397,0.));
#7565=CARTESIAN_POINT('Origin',(72.1663332321205,-32.6300770673281,0.));
#7566=CARTESIAN_POINT('',(77.161720344585,-32.8448038626397,0.));
#7567=CARTESIAN_POINT('Origin',(77.1995784584571,-31.9640757082208,0.));
#7568=CARTESIAN_POINT('',(77.2374365723292,-31.0833475538019,0.));
#7569=CARTESIAN_POINT('',(77.1995784584571,-31.9640757082208,0.));
#7570=CARTESIAN_POINT('',(77.2374365723292,-31.0833475538019,0.));
#7571=CARTESIAN_POINT('Origin',(76.6486129776636,-25.7616012034331,0.));
#7572=CARTESIAN_POINT('',(76.059789382998,-20.4398548530643,0.));
#7573=CARTESIAN_POINT('',(76.6486129776636,-25.7616012034331,0.));
#7574=CARTESIAN_POINT('',(76.059789382998,-20.4398548530643,0.));
#7575=CARTESIAN_POINT('Origin',(81.0294618759034,-19.8899864021975,0.));
#7576=CARTESIAN_POINT('',(82.0120887535367,-14.9874927082339,0.));
#7577=CARTESIAN_POINT('Origin',(81.0294618759034,-19.8899864021975,0.));
#7578=CARTESIAN_POINT('',(82.0120887535367,-14.9874927082339,0.));
#7579=CARTESIAN_POINT('Origin',(88.2687074033851,-16.2415323933869,0.));
#7580=CARTESIAN_POINT('',(88.2687074033851,-16.2415323933869,0.));
#7581=CARTESIAN_POINT('Origin',(103.894022331642,-12.7138053500174,0.));
#7582=CARTESIAN_POINT('',(108.806685463315,-13.6442573663528,0.));
#7583=CARTESIAN_POINT('Origin',(108.989340140642,-12.6798649169003,0.));
#7584=CARTESIAN_POINT('',(109.171994817969,-11.7154724674478,0.));
#7585=CARTESIAN_POINT('Origin',(109.953238086005,-5.64504342333624,0.));
#7586=CARTESIAN_POINT('',(110.734481354037,0.425385620775752,0.));
#7587=CARTESIAN_POINT('Origin',(11.5524741587777,13.1897676551414,0.));
#7588=CARTESIAN_POINT('',(111.151493283039,22.1360176787775,0.));
#7589=CARTESIAN_POINT('Origin',(112.128592285686,11.2579288713026,0.));
#7590=CARTESIAN_POINT('',(114.151945774179,-11.2681599662663,0.));
#7591=CARTESIAN_POINT('',(110.105238797194,33.7840177088715,0.));
#7592=CARTESIAN_POINT('',(110.42705011291,30.2012773088477,0.));
#7593=CARTESIAN_POINT('Origin',(103.955167892706,28.4789641177332,0.));
#7594=CARTESIAN_POINT('',(103.088074349366,35.1197299611867,0.));
#7595=CARTESIAN_POINT('Origin',(96.4957276459849,34.2589585687433,0.));
#7596=CARTESIAN_POINT('',(89.9033809426042,33.3981871762999,0.));
#7597=CARTESIAN_POINT('Origin',(89.2560194252661,38.3561023697932,0.));
#7598=CARTESIAN_POINT('',(84.9476824454859,35.8187351380626,0.));
#7599=CARTESIAN_POINT('Origin',(84.497322817768,36.583425804054,0.));
#7600=CARTESIAN_POINT('',(84.0469631900502,37.3481164700454,0.));
#7601=CARTESIAN_POINT('Origin',(71.4754279961024,36.9632122591212,0.));
#7602=CARTESIAN_POINT('',(58.9038928021546,36.578308048197,0.));
#7603=CARTESIAN_POINT('Origin',(61.8166600356525,-58.5569353407016,0.));
#7604=CARTESIAN_POINT('',(49.0907824551314,35.7683040569648,0.));
#7605=CARTESIAN_POINT('Origin',(48.4222648454955,40.7234109383154,0.));
#7606=CARTESIAN_POINT('',(44.5764853611979,37.5281049814221,0.));
#7607=CARTESIAN_POINT('Origin',(40.7307058769004,34.3327990245291,0.));
#7608=CARTESIAN_POINT('',(39.8157108140246,39.2483645092839,0.));
#7609=CARTESIAN_POINT('Origin',(29.474951306985,37.3235109141743,0.));
#7610=CARTESIAN_POINT('',(43.4838513069849,39.9311609141743,0.));
#7611=CARTESIAN_POINT('',(15.466051306985,34.7158609141743,0.));
#7612=CARTESIAN_POINT('Origin',(15.7405496046915,33.2411924568499,0.));
#7613=CARTESIAN_POINT('',(14.2405508132016,33.2411924568499,0.));
#7614=CARTESIAN_POINT('Origin',(14.2405508132016,32.9166984112743,0.));
#7615=CARTESIAN_POINT('',(14.2405508132016,32.5922043656987,0.));
#7616=CARTESIAN_POINT('Origin',(13.7405508132016,32.5922043656987,0.));
#7617=CARTESIAN_POINT('',(13.7405508132016,32.0922043656988,0.));
#7618=CARTESIAN_POINT('Origin',(10.7405508132016,32.0922043656988,0.));
#7619=CARTESIAN_POINT('Origin',(-10.7405491867984,32.0922043656988,0.));
#7620=CARTESIAN_POINT('',(-13.7405491867984,32.0922043656988,0.));
#7621=CARTESIAN_POINT('Origin',(-13.7405491867984,32.5922043656987,0.));
#7622=CARTESIAN_POINT('',(-14.2405491867984,32.5922043656987,0.));
#7623=CARTESIAN_POINT('Origin',(-14.2405491867984,32.9166984112743,0.));
#7624=CARTESIAN_POINT('',(-14.2405491867984,33.2411924568499,0.));
#7625=CARTESIAN_POINT('Origin',(-15.7405479782883,33.2411924568499,0.));
#7626=CARTESIAN_POINT('',(-15.4660496805817,34.7158609141743,0.));
#7627=CARTESIAN_POINT('Origin',(-29.4602955171209,37.3207831532973,0.));
#7628=CARTESIAN_POINT('',(-43.4545413536601,39.9257053924204,0.));
#7629=CARTESIAN_POINT('',(-39.7866650100013,39.24295815691,0.));
#7630=CARTESIAN_POINT('Origin',(-40.7016600728772,34.3273926721551,0.));
#7631=CARTESIAN_POINT('',(-44.5472634554021,37.522910568258,0.));
#7632=CARTESIAN_POINT('Origin',(-48.392866837927,40.7184284643609,0.));
#7633=CARTESIAN_POINT('',(-49.0623375492824,35.7634502639407,0.));
#7634=CARTESIAN_POINT('Origin',(-61.8581881161728,-58.9429491936502,0.));
#7635=CARTESIAN_POINT('',(-58.9335630594102,36.5792077032098,0.));
#7636=CARTESIAN_POINT('Origin',(-71.4902130594102,36.9636577032098,0.));
#7637=CARTESIAN_POINT('',(-84.0468630594102,37.3481077032098,0.));
#7638=CARTESIAN_POINT('Origin',(-84.4972210903693,36.5834185547442,0.));
#7639=CARTESIAN_POINT('',(-84.9475791213283,35.8187294062785,0.));
#7640=CARTESIAN_POINT('Origin',(-89.2559178331028,38.3560936971575,0.));
#7641=CARTESIAN_POINT('',(-89.9032747554649,33.3981779036943,0.));
#7642=CARTESIAN_POINT('Origin',(-96.4956725940936,34.2589497589621,0.));
#7643=CARTESIAN_POINT('',(-103.088070432722,35.11972161423,0.));
#7644=CARTESIAN_POINT('Origin',(-103.955159108502,28.4789451098309,0.));
#7645=CARTESIAN_POINT('',(-110.427049709248,30.2012654647653,0.));
#7646=CARTESIAN_POINT('Origin',(-112.128591835134,11.2579175492713,0.));
#7647=CARTESIAN_POINT('',(-110.105238574647,33.7840038484243,0.));
#7648=CARTESIAN_POINT('',(-114.151945095621,-11.2681687498818,0.));
#7649=CARTESIAN_POINT('',(-111.151492724974,22.1360075536801,0.));
#7650=CARTESIAN_POINT('Origin',(-11.5524736007138,13.1897575300375,0.));
#7651=CARTESIAN_POINT('',(-110.734480492801,0.425373139933939,0.));
#7652=CARTESIAN_POINT('Origin',(-109.953237316105,-5.645054055565,0.));
#7653=CARTESIAN_POINT('',(-109.171994139408,-11.7154812510639,0.));
#7654=CARTESIAN_POINT('Origin',(-108.992474721949,-12.6744114643237,0.));
#7655=CARTESIAN_POINT('',(-108.81295530449,-13.6333416775836,0.));
#7656=CARTESIAN_POINT('Origin',(-103.898334637647,-12.713285320046,0.));
#7657=CARTESIAN_POINT('Origin',(-88.2732500892709,-16.2660396064311,0.));
#7658=CARTESIAN_POINT('',(-82.0107838653413,-15.018650538963,0.));
#7659=CARTESIAN_POINT('Origin',(-81.0340464723798,-19.9223210076212,0.));
#7660=CARTESIAN_POINT('',(-76.0643184075471,-20.4716869709051,0.));
#7661=CARTESIAN_POINT('Origin',(-76.6508479954496,-25.7776082486446,0.));
#7662=CARTESIAN_POINT('',(-77.237377583352,-31.0835295263841,0.));
#7663=CARTESIAN_POINT('Origin',(-77.1986037427621,-31.9687892279672,0.));
#7664=CARTESIAN_POINT('',(-77.1598299021722,-32.8540489295503,0.));
#7665=CARTESIAN_POINT('Origin',(-72.1646189806062,-32.6352617062761,0.));
#7666=CARTESIAN_POINT('',(-72.7882561247999,-37.5962169280436,0.));
#7667=CARTESIAN_POINT('Origin',(-53.288502094927,-40.0475131748452,0.));
#7668=CARTESIAN_POINT('',(-76.9751789280674,-37.0698826913361,0.));
#7669=CARTESIAN_POINT('',(-29.6018252617866,-43.0251436583543,0.));
#7670=CARTESIAN_POINT('',(-60.1418081560646,-39.1859903371667,0.));
#7671=CARTESIAN_POINT('Origin',(-47.6690652721911,60.0331140981798,0.));
#7672=CARTESIAN_POINT('',(-46.3818299486205,-39.9586006847052,0.));
#7673=CARTESIAN_POINT('Origin',(-37.7437728207998,-39.8473993488103,0.));
#7674=CARTESIAN_POINT('',(-29.1057156929791,-39.7361980129187,0.));
#7675=CARTESIAN_POINT('Origin',(-21.8292313418696,-39.736447872741,0.));
#7676=CARTESIAN_POINT('',(-14.55274699076,-39.7366977325634,0.));
#7677=CARTESIAN_POINT('Origin',(-14.5532823094905,-55.3263924983299,0.));
#7678=CARTESIAN_POINT('',(-4.97525203322105,-43.0259892852967,0.));
#7679=CARTESIAN_POINT('Origin',(0.0380519286550711,-43.0259892852967,0.));
#7680=CARTESIAN_POINT('',(5.05135589053118,-43.0259892852967,0.));
#7681=CARTESIAN_POINT('',(5.05135589053118,-43.0259892852967,0.));
#7682=CARTESIAN_POINT('',(-0.00163091481439195,-43.026074675849,0.));
#7683=CARTESIAN_POINT('',(0.0380519286550711,-43.0259892852967,0.));
#7684=CARTESIAN_POINT('',(0.0557831526677172,-43.0259892852967,0.));
#7685=CARTESIAN_POINT('',(14.9522290583347,-42.9816784506473,0.));
#7686=CARTESIAN_POINT('',(0.0380519286550711,-43.0259892852967,0.));
#7687=CARTESIAN_POINT('Origin',(14.7044077986539,-55.5481043352876,0.));
#7688=CARTESIAN_POINT('Origin',(14.7044077986539,-55.5481043352876,0.));
#7689=CARTESIAN_POINT('Origin',(1.39864043124938E-5,-1.1938619642656,0.));
#7690=CARTESIAN_POINT('',(82.2157924538604,-30.59979872131,0.));
#7691=CARTESIAN_POINT('Origin',(76.2379043865373,-31.1147249792382,0.));
#7692=CARTESIAN_POINT('',(81.6245425987078,-23.8895553146288,0.));
#7693=CARTESIAN_POINT('Origin',(14.9522290583347,-42.9816784506473,0.));
#7694=CARTESIAN_POINT('',(14.9522290583347,-42.9816784506473,0.));
#7695=CARTESIAN_POINT('',(-0.0016311688163656,-43.0261600694234,0.));
#7696=CARTESIAN_POINT('Origin',(-14.8017282153015,-43.0256518638889,0.));
#7697=CARTESIAN_POINT('Origin',(-76.237845664519,-31.1153223634047,0.));
#7698=CARTESIAN_POINT('',(-82.215987570831,-30.6032009046608,0.));
#7699=CARTESIAN_POINT('Origin',(-81.6275470823164,-23.9134334231368,0.));
#7700=CARTESIAN_POINT('Origin',(-108.176032407187,-11.804941195035,0.));
#7701=CARTESIAN_POINT('Origin',(-104.129337415882,33.2472324388969,0.));
#7702=CARTESIAN_POINT('',(-103.352514307283,39.1966915793031,0.));
#7703=CARTESIAN_POINT('Origin',(-96.6704770107867,38.324215466443,0.));
#7704=CARTESIAN_POINT('Origin',(-71.3371985484199,41.9613158107065,0.));
#7705=CARTESIAN_POINT('',(-58.7805485484199,41.5768658107065,0.));
#7706=CARTESIAN_POINT('Origin',(-61.8581881161728,-58.9429491936496,0.));
#7707=CARTESIAN_POINT('Origin',(61.8166600356524,-58.5569353407018,0.));
#7708=CARTESIAN_POINT('',(58.7508788998879,41.5759661743308,0.));
#7709=CARTESIAN_POINT('Origin',(71.3224140938357,41.9608703852551,0.));
#7710=CARTESIAN_POINT('Origin',(96.6705273898495,38.3242244410555,0.));
#7711=CARTESIAN_POINT('',(103.352514526276,39.1967003029153,0.));
#7712=CARTESIAN_POINT('Origin',(104.1293425149,33.247246737362,0.));
#7713=CARTESIAN_POINT('Origin',(108.176855039705,-11.8139827880081,0.));
#7714=CARTESIAN_POINT('Origin',(81.6245425987078,-23.8895553146288,0.));
#7715=CARTESIAN_POINT('',(82.2157924538605,-30.59979872131,0.));
#7716=CARTESIAN_POINT('Origin',(76.2379043865373,-31.1147249792382,0.));
#7717=CARTESIAN_POINT('Origin',(1.39864043124938E-5,-1.1938619642656,0.));
#7718=CARTESIAN_POINT('Origin',(-71.3371985484199,44.4613158107064,4.5));
#7719=CARTESIAN_POINT('',(-73.2871985484199,44.4613158107064,6.5));
#7720=CARTESIAN_POINT('Origin',(-71.3371985484199,44.4613158107064,6.5));
#7721=CARTESIAN_POINT('',(-73.2871985484199,44.4613158107064,4.5));
#7722=CARTESIAN_POINT('Origin',(1.39864043124938E-5,-1.1938619642656,6.5));
#7723=CARTESIAN_POINT('Origin',(71.3224140938357,44.4608703852551,4.5));
#7724=CARTESIAN_POINT('',(69.3724140938357,44.4608703852551,6.5));
#7725=CARTESIAN_POINT('Origin',(71.3224140938357,44.4608703852551,6.5));
#7726=CARTESIAN_POINT('',(69.3724140938357,44.4608703852551,4.5));
#7727=CARTESIAN_POINT('Origin',(1.39864043124938E-5,-1.1938619642656,6.5));
#7728=CARTESIAN_POINT('Origin',(-109.376250757765,40.5049181355258,4.5));
#7729=CARTESIAN_POINT('',(-111.326250757765,40.5049181355258,6.5));
#7730=CARTESIAN_POINT('Origin',(-109.376250757765,40.5049181355258,6.5));
#7731=CARTESIAN_POINT('',(-111.326250757765,40.5049181355258,4.5));
#7732=CARTESIAN_POINT('Origin',(1.39864043124938E-5,-1.1938619642656,6.5));
#7733=CARTESIAN_POINT('Origin',(109.376248965787,40.5049319715899,4.5));
#7734=CARTESIAN_POINT('',(107.426248965787,40.5049319715899,6.5));
#7735=CARTESIAN_POINT('Origin',(109.376248965787,40.5049319715899,6.5));
#7736=CARTESIAN_POINT('',(107.426248965787,40.5049319715899,4.5));
#7737=CARTESIAN_POINT('Origin',(1.39864043124938E-5,-1.1938619642656,6.5));
#7738=CARTESIAN_POINT('Origin',(-114.315483795165,-17.9154252339532,4.5));
#7739=CARTESIAN_POINT('',(-116.265483795165,-17.9154252339532,6.5));
#7740=CARTESIAN_POINT('Origin',(-114.315483795165,-17.9154252339532,6.5));
#7741=CARTESIAN_POINT('',(-116.265483795165,-17.9154252339532,4.5));
#7742=CARTESIAN_POINT('Origin',(1.39864043124938E-5,-1.1938619642656,6.5));
#7743=CARTESIAN_POINT('Origin',(-10.7405491867984,35.5922043656988,4.5));
#7744=CARTESIAN_POINT('',(-12.6905491867984,35.5922043656988,6.5));
#7745=CARTESIAN_POINT('Origin',(-10.7405491867984,35.5922043656988,6.5));
#7746=CARTESIAN_POINT('',(-12.6905491867984,35.5922043656988,4.5));
#7747=CARTESIAN_POINT('Origin',(1.39864043124938E-5,-1.1938619642656,6.5));
#7748=CARTESIAN_POINT('Origin',(10.7405508132016,35.5922043656988,4.5));
#7749=CARTESIAN_POINT('',(8.7905508132016,35.5922043656988,6.5));
#7750=CARTESIAN_POINT('Origin',(10.7405508132016,35.5922043656988,6.5));
#7751=CARTESIAN_POINT('',(8.7905508132016,35.5922043656988,4.5));
#7752=CARTESIAN_POINT('Origin',(1.39864043124938E-5,-1.1938619642656,6.5));
#7753=CARTESIAN_POINT('Origin',(-82.790267701985,-36.0331905706513,4.5));
#7754=CARTESIAN_POINT('',(-84.740267701985,-36.0331905706513,6.5));
#7755=CARTESIAN_POINT('Origin',(-82.790267701985,-36.0331905706513,6.5));
#7756=CARTESIAN_POINT('',(-84.740267701985,-36.0331905706513,4.5));
#7757=CARTESIAN_POINT('Origin',(1.39864043124938E-5,-1.1938619642656,6.5));
#7758=CARTESIAN_POINT('Origin',(82.7900756136743,-36.0328828092943,4.5));
#7759=CARTESIAN_POINT('',(80.8400756136743,-36.0328828092943,6.5));
#7760=CARTESIAN_POINT('Origin',(82.7900756136743,-36.0328828092943,6.5));
#7761=CARTESIAN_POINT('',(80.8400756136743,-36.0328828092943,4.5));
#7762=CARTESIAN_POINT('Origin',(1.39864043124938E-5,-1.1938619642656,6.5));
#7763=CARTESIAN_POINT('Origin',(5.0020692254904E-5,-46.7371974522082,4.5));
#7764=CARTESIAN_POINT('',(-1.94994997930774,-46.7371974522082,6.5));
#7765=CARTESIAN_POINT('Origin',(5.0020692254904E-5,-46.7371974522082,6.5));
#7766=CARTESIAN_POINT('',(-1.94994997930774,-46.7371974522082,4.5));
#7767=CARTESIAN_POINT('Origin',(1.39864043124938E-5,-1.1938619642656,6.5));
#7768=CARTESIAN_POINT('Origin',(114.310149410533,-17.92496457646,4.5));
#7769=CARTESIAN_POINT('',(112.360149410533,-17.92496457646,6.5));
#7770=CARTESIAN_POINT('Origin',(114.310149410533,-17.92496457646,6.5));
#7771=CARTESIAN_POINT('',(112.360149410533,-17.92496457646,4.5));
#7772=CARTESIAN_POINT('Origin',(1.39864043124938E-5,-1.1938619642656,6.5));
#7773=UNCERTAINTY_MEASURE_WITH_UNIT(LENGTH_MEASURE(0.01),#7777,
'DISTANCE_ACCURACY_VALUE',
'Maximum model space distance between geometric entities at asserted c
onnectivities');
#7774=UNCERTAINTY_MEASURE_WITH_UNIT(LENGTH_MEASURE(0.01),#7777,
'DISTANCE_ACCURACY_VALUE',
'Maximum model space distance between geometric entities at asserted c
onnectivities');
#7775=(
GEOMETRIC_REPRESENTATION_CONTEXT(3)
GLOBAL_UNCERTAINTY_ASSIGNED_CONTEXT((#7773))
GLOBAL_UNIT_ASSIGNED_CONTEXT((#7777,#7779,#7780))
REPRESENTATION_CONTEXT('','3D')
);
#7776=(
GEOMETRIC_REPRESENTATION_CONTEXT(3)
GLOBAL_UNCERTAINTY_ASSIGNED_CONTEXT((#7774))
GLOBAL_UNIT_ASSIGNED_CONTEXT((#7777,#7779,#7780))
REPRESENTATION_CONTEXT('','3D')
);
#7777=(
LENGTH_UNIT()
NAMED_UNIT(*)
SI_UNIT(.MILLI.,.METRE.)
);
#7778=(
LENGTH_UNIT()
NAMED_UNIT(*)
SI_UNIT($,.METRE.)
);
#7779=(
NAMED_UNIT(*)
PLANE_ANGLE_UNIT()
SI_UNIT($,.RADIAN.)
);
#7780=(
NAMED_UNIT(*)
SI_UNIT($,.STERADIAN.)
SOLID_ANGLE_UNIT()
);
#7781=SHAPE_DEFINITION_REPRESENTATION(#7782,#7783);
#7782=PRODUCT_DEFINITION_SHAPE('',$,#7785);
#7783=SHAPE_REPRESENTATION('',(#4151),#7775);
#7784=PRODUCT_DEFINITION_CONTEXT('part definition',#7789,'design');
#7785=PRODUCT_DEFINITION('Part 1','toki_case_bottom',#7786,#7784);
#7786=PRODUCT_DEFINITION_FORMATION('',$,#7791);
#7787=PRODUCT_RELATED_PRODUCT_CATEGORY('toki_case_bottom',
'toki_case_bottom',(#7791));
#7788=APPLICATION_PROTOCOL_DEFINITION('international standard',
'automotive_design',2009,#7789);
#7789=APPLICATION_CONTEXT(
'Core Data for Automotive Mechanical Design Process');
#7790=PRODUCT_CONTEXT('part definition',#7789,'mechanical');
#7791=PRODUCT('Part 1','toki_case_bottom','STEP AP242',(#7790));
#7792=PRESENTATION_STYLE_ASSIGNMENT((#7795));
#7793=PRESENTATION_STYLE_ASSIGNMENT((#7796));
#7794=PRESENTATION_STYLE_ASSIGNMENT((#7797));
#7795=SURFACE_STYLE_USAGE(.BOTH.,#7798);
#7796=SURFACE_STYLE_USAGE(.BOTH.,#7799);
#7797=SURFACE_STYLE_USAGE(.BOTH.,#7800);
#7798=SURFACE_SIDE_STYLE('',(#7801));
#7799=SURFACE_SIDE_STYLE('',(#7802));
#7800=SURFACE_SIDE_STYLE('',(#7803));
#7801=SURFACE_STYLE_FILL_AREA(#7804);
#7802=SURFACE_STYLE_FILL_AREA(#7805);
#7803=SURFACE_STYLE_FILL_AREA(#7806);
#7804=FILL_AREA_STYLE('Steel - Satin',(#7807));
#7805=FILL_AREA_STYLE('Opaque(250,182,1)',(#7808));
#7806=FILL_AREA_STYLE('Polymide (Kapton)',(#7809));
#7807=FILL_AREA_STYLE_COLOUR('Steel - Satin',#7810);
#7808=FILL_AREA_STYLE_COLOUR('Opaque(250,182,1)',#7811);
#7809=FILL_AREA_STYLE_COLOUR('Polymide (Kapton)',#7812);
#7810=COLOUR_RGB('Steel - Satin',0.627450980392157,0.627450980392157,0.627450980392157);
#7811=COLOUR_RGB('Opaque(250,182,1)',0.980392156862745,0.713725490196078,
0.00392156862745098);
#7812=COLOUR_RGB('Polymide (Kapton)',0.784313725490196,0.556862745098039,
0.0274509803921569);
ENDSEC;
END-ISO-10303-21;
